family,market,strategy,part,seed,cycles,push_len,gain_1,block_1,gain_5,block_5,gain_15,block_15,gain_30,block_30,gain_60,block_60,gain_120,block_120,gain_240,block_240,gain_480,block_480
index level,1,0,sel,20010000,12,83.0,32700.0,103500.0,30599.999999999345,101399.99999999935,26600.000000000437,97400.00000000044,14350.000000000146,85150.00000000015,-19499.99999999976,51300.00000000024,-38562.49999999982,32237.500000000182,-28775.000000000022,42024.99999999998,-44953.12500000028,25846.874999999724
index level,1,0,sel,20010001,11,83.0,39133.0,67500.0,38533.00000000003,66900.00000000003,23332.999999999876,51699.999999999876,15533.00000000032,43900.00000000032,-5342.000000000138,23024.99999999986,-12116.999999999944,16250.000000000056,16201.750000000306,44568.750000000306,66415.27645985407,94782.27645985407
index level,1,0,sel,20010002,12,83.0,-138956.5,45000.0,-141056.49999999945,42900.00000000055,-146356.49999999977,37600.00000000023,-153656.50000000012,30299.999999999884,-177206.49999999965,6750.000000000349,-181019.00000000012,2937.4999999998836,-148218.99999999977,35737.50000000023,-112412.75000000001,71543.74999999999
index level,1,0,sel,20010003,10,83.0,99135.5,70500.0,101235.49999999997,72599.99999999997,93535.49999999997,64899.99999999997,84385.50000000029,55750.00000000029,62135.50000000006,33500.00000000006,46635.499999999825,17999.999999999825,55229.25000000012,26593.750000000116,56841.750000000015,28206.250000000015
index level,1,0,sel,20010004,9,83.0,5753.0,70500.0,2153.000000000029,66900.00000000003,-2847.0000000001965,61899.9999999998,-10997.000000000116,53749.99999999988,-30272.000000000487,34474.99999999951,-40497.00000000006,24249.99999999994,-33922.00000000007,30824.999999999927,-32446.596088435326,32300.403911564674
index level,1,0,sel,20010005,11,83.0,281582.5,96000.0,277982.5,92400.0,270082.50000000023,84500.00000000023,255032.5000000003,69450.00000000029,225882.50000000017,40300.000000000175,207620.0000000001,22037.500000000087,203251.2500000002,17668.750000000204,197766.87500000006,12184.375000000058
index level,1,0,sel,20010006,11,83.0,221735.0,111000.0,217834.99999999997,107099.99999999997,206635.0000000001,95900.00000000009,193034.99999999983,82299.99999999983,168610.00000000023,57875.00000000023,140922.49999999983,30187.499999999825,110884.9999999997,149.9999999996944,36715.438769751636,-74019.56123024836
index level,1,0,sel,20010007,11,83.0,165266.5,94500.0,157466.5000000003,86700.00000000029,151166.50000000003,80400.00000000003,140466.50000000023,69700.00000000023,117316.49999999996,46549.999999999956,93616.49999999968,22849.99999999968,79185.24999999977,8418.749999999767,39400.87499999958,-31365.625000000422
index level,1,0,sel,20010008,11,83.0,91879.0,87000.0,75078.99999999993,70199.99999999993,60878.99999999988,55999.99999999988,50478.999999999796,45599.999999999796,22354.00000000014,17475.00000000014,11566.499999999887,6687.499999999887,39110.24999999982,34231.24999999982,77610.2500000001,72731.2500000001
index level,1,0,sel,20010009,11,83.0,134864.0,100500.0,133663.99999999988,99299.99999999988,124964.00000000048,90600.00000000048,113164.00000000013,78800.00000000013,86063.99999999971,51699.99999999971,60976.49999999984,26612.49999999984,45413.99999999967,11049.999999999673,1892.124999999818,-32471.875000000182
index level,1,0,sel,20010010,10,83.0,87864.0,81000.0,76463.9999999998,69599.9999999998,67363.99999999971,60499.99999999971,62314.00000000022,55450.00000000022,43414.000000000015,36550.000000000015,28313.99999999976,21449.99999999976,20457.75000000017,13593.750000000171,-5329.75000000008,-12193.75000000008
index level,1,0,sel,20010011,11,83.0,117413.5,84000.0,116513.49999999997,83099.99999999997,110613.49999999987,77199.99999999987,104513.50000000013,71100.00000000013,84563.49999999985,51149.999999999854,63163.500000000226,29750.000000000226,55982.25000000019,22568.75000000019,31375.999999999978,-2037.5000000000218
index level,1,0,rep,20010500,10,83.0,83271.0,88500.0,77870.9999999998,83099.9999999998,69971.00000000016,75200.00000000016,57270.99999999943,62499.99999999943,32146.00000000045,37375.00000000045,13595.999999999593,18824.999999999593,452.25000000020464,5681.250000000205,-49610.25000000014,-44381.25000000014
index level,1,0,rep,20010501,10,83.0,-81485.0,49500.0,-84484.99999999965,46500.00000000035,-87085.0000000002,43899.999999999796,-95584.99999999997,35400.00000000003,-116484.99999999988,14500.000000000116,-119472.50000000007,11512.499999999927,-87860.0,43125.0,-38956.875000000015,92028.12499999999
index level,1,0,rep,20010502,11,83.0,115746.0,96000.0,113346.00000000048,93600.00000000048,104945.99999999977,85199.99999999977,91695.99999999987,71949.99999999987,63396.00000000038,43650.00000000038,38771.00000000009,19025.000000000087,24671.000000000295,4925.000000000295,-22019.625000000342,-41765.62500000034
index level,1,0,rep,20010503,10,83.0,-23915.0,51000.0,-23915.0,51000.0,-29414.99999999994,45500.00000000006,-37015.00000000002,37899.99999999998,-58340.00000000007,16574.999999999927,-61577.50000000002,13337.499999999978,-30902.499999999956,44012.500000000044,11831.875000000102,86746.8750000001
index level,1,0,rep,20010504,10,83.0,-90991.5,39000.0,-96091.4999999998,33900.000000000204,-105591.50000000003,24399.99999999997,-114541.49999999972,15450.000000000276,-134341.50000000015,-4350.0000000001455,-134129.0,-4137.5,-97291.4999999999,32700.000000000102,-40366.65923566866,89624.84076433134
index level,1,0,rep,20010505,11,83.0,-29286.0,64500.0,-33786.00000000017,59999.99999999983,-36386.0000000002,57399.9999999998,-46136.00000000002,47649.99999999998,-68561.00000000009,25224.999999999913,-84586.00000000001,9199.999999999985,-72167.25000000015,21618.749999999854,-66070.37500000001,27715.624999999985
index level,1,0,rep,20010506,12,83.0,126304.0,84000.0,124203.99999999968,81899.99999999968,120103.99999999983,77799.99999999983,105153.99999999996,62849.99999999996,79878.99999999975,37574.99999999976,61916.5000000004,19612.500000000407,53710.25000000028,11406.250000000284,32962.38579136709,-9341.614208632906
index level,1,0,rep,20010507,9,83.0,217072.0,114000.0,210471.99999999988,107399.99999999988,200272.00000000044,97200.00000000044,183621.9999999997,80549.99999999971,157421.99999999968,54349.99999999968,130496.99999999996,27424.999999999956,101490.75000000016,-1581.24999999984,24075.125000000015,-78996.87499999999
index level,1,0,rep,20010508,11,83.0,-26539.0,55500.0,-25339.000000000065,56699.999999999935,-30938.999999999753,51100.00000000025,-37789.00000000017,44249.99999999983,-59463.9999999999,22575.000000000102,-72113.99999999999,9925.000000000015,-60082.7500000001,21956.249999999898,-57457.93382352913,24581.06617647087
index level,1,0,rep,20010509,12,83.0,13565.500000000007,73500.0,17165.499999999804,77099.9999999998,7665.499999999745,67599.99999999974,115.49999999911233,60049.999999999105,-21909.49999999979,38025.000000000204,-42259.500000000204,17674.99999999979,-36459.5000000002,23474.999999999796,-46525.12500000021,13409.374999999782
index level,1,0,rep,20010510,11,83.0,-180530.0,22500.0,-173329.99999999974,29700.000000000262,-175830.00000000017,27199.999999999825,-180080.00000000023,22949.999999999767,-200579.99999999985,2450.0000000001455,-200180.0000000002,2849.9999999997963,-153355.00000000017,49674.999999999825,-78489.37500000025,124540.62499999975
index level,1,0,rep,20010511,10,83.0,121134.5,147000.0,113934.49999999974,139799.99999999974,105134.50000000023,131000.00000000023,83134.50000000012,109000.00000000012,50134.49999999977,75999.99999999977,20834.50000000016,46700.00000000016,2759.4999999995453,28624.999999999545,-62687.375000000146,-36821.875000000146
index level,1,1,sel,20011000,10,85.0,-66870.5,-36000.0,-65070.5000000001,-34200.0000000001,-63370.49999999994,-32499.99999999994,-63470.499999999854,-32599.999999999854,-62795.500000000124,-31925.000000000124,-47120.49999999988,-16249.999999999884,-4120.500000000113,26749.999999999887,78563.87500000028,109434.37500000028
index level,1,1,sel,20011001,11,85.0,-1504.0000000000018,13500.0,-5404.000000000036,9599.999999999965,-7204.000000000104,7799.999999999898,-11953.999999999876,3050.0000000001255,-15253.999999999774,-249.99999999977263,-16516.50000000033,-1512.5000000003292,-7216.499999999752,7787.50000000025,9914.7500000001,24918.750000000102
index level,1,1,sel,20011002,12,85.0,15025.0,16500.0,17124.999999999967,18599.999999999967,9525.000000000056,11000.000000000056,3674.99999999992,5149.99999999992,224.99999999998863,1699.9999999999886,4450.000000000068,5925.000000000068,28281.25000000014,29756.25000000014,77337.50000000012,78812.50000000012
index level,1,1,sel,20011003,10,85.0,11607.0,16500.0,12806.99999999993,17699.99999999993,9307.000000000386,14200.000000000386,1306.999999999989,6199.999999999989,-1018.0000000002842,3874.999999999716,1306.999999999989,6199.999999999989,12750.749999999898,17643.749999999898,23013.412246049626,27906.412246049626
index level,1,1,sel,20011004,11,85.0,-58954.5,-30000.0,-55354.49999999986,-26399.99999999986,-56654.499999999876,-27699.999999999876,-62854.50000000004,-33900.00000000004,-61729.49999999986,-32774.99999999986,-42879.500000000124,-13925.000000000124,4139.250000000342,33093.75000000034,85492.37499999997,114446.87499999997
index level,1,1,sel,20011005,11,85.0,166.0,4500.0,-3434.0000000001364,899.9999999998636,-1334.0,3000.0,115.99999999987449,4449.9999999998745,-2358.9999999999204,1975.0000000000796,-2483.9999999999773,1850.0000000000227,3747.249999999898,8081.249999999898,8650.375000000171,12984.375000000171
index level,1,1,sel,20011006,12,85.0,-11977.0,7500.0,-17076.999999999625,2400.0000000003747,-21677.000000000215,-2200.0000000002146,-29376.999999999694,-9899.999999999694,-30402.000000000124,-10925.000000000124,-24514.500000000364,-5037.500000000364,-15051.99999999993,4425.000000000069,-2320.749999999829,17156.25000000017
index level,1,1,sel,20011007,12,85.0,-66154.5,-24000.0,-67354.49999999993,-25199.999999999927,-68854.50000000044,-26700.000000000437,-72154.50000000017,-30000.000000000175,-72854.49999999971,-30699.99999999971,-57879.50000000019,-15725.00000000019,-19473.249999999567,22681.250000000433,37289.250000000306,79443.7500000003
index level,1,1,sel,20011008,9,85.0,23175.5,10500.0,27675.500000000342,15000.000000000342,27475.49999999984,14799.99999999984,23925.5,11250.0,21675.49999999983,8999.999999999829,12150.500000000136,-524.9999999998636,5700.499999999864,-6975.000000000136,-17015.12500000024,-29690.62500000024
index level,1,1,sel,20011009,10,85.0,46970.0,33000.0,53570.00000000014,39600.00000000014,41069.99999999974,27099.999999999738,36220.00000000006,22250.00000000006,28470.000000000113,14500.000000000113,20469.999999999887,6499.999999999887,4563.750000000113,-9406.249999999887,-23535.04484304895,-37505.04484304895
index level,1,1,sel,20011010,10,85.0,60588.0,37500.0,59387.9999999999,36299.9999999999,56887.99999999943,33799.99999999943,49638.00000000023,26550.000000000236,41363.00000000009,18275.00000000009,28525.499999999996,5437.5,5306.750000000222,-17781.249999999774,-30046.37500000015,-53134.375000000146
index level,1,1,sel,20011011,11,85.0,-41545.5,-28500.0,-41545.500000000175,-28500.000000000175,-36545.49999999994,-23499.99999999994,-36195.49999999992,-23149.99999999992,-36820.50000000003,-23775.00000000003,-22970.49999999984,-9924.99999999984,12723.249999999669,25768.74999999967,76948.25000000009,89993.75000000009
index level,1,1,rep,20011500,11,85.0,9425.0,12000.0,5524.999999999795,8099.999999999795,6224.99999999984,8799.99999999984,5925.000000000284,8500.000000000284,1924.999999999829,4499.999999999829,-1562.5000000000682,1012.4999999999318,-1243.7500000001023,1331.2499999998977,-17061.841707021937,-14486.841707021937
index level,1,1,rep,20011501,10,85.0,41449.0,40500.0,43548.999999999796,42599.999999999796,38049.00000000002,37100.00000000002,29248.999999999498,28299.999999999498,20898.99999999993,19949.99999999993,6936.500000000182,5987.500000000182,-19644.749999999774,-20593.749999999774,-76322.87500000036,-77271.87500000036
index level,1,1,rep,20011502,12,85.0,36742.5,40500.0,36142.499999999185,39899.999999999185,30742.50000000085,34500.00000000085,20892.49999999992,24649.99999999992,10367.499999999773,14124.999999999773,4617.500000000056,8375.000000000056,354.99999999950023,4112.4999999995,-21310.625000000193,-17553.125000000193
index level,1,1,rep,20011503,11,85.0,8008.0,12000.0,10407.999999999523,14399.999999999523,9408.000000000091,13400.000000000091,6808.000000000409,10800.00000000041,732.9999999999659,4724.999999999965,-5342.000000000136,-1350.0000000001369,-16954.500000000487,-12962.500000000487,-42618.330445544285,-38626.330445544285
index level,1,1,rep,20011504,12,85.0,12369.0,15000.0,16869.0,19500.0,12669.00000000007,15300.00000000007,6018.999999999978,8649.999999999978,2644.0000000001473,5275.000000000147,-1105.9999999998522,1525.0000000001478,6593.999999999965,9224.999999999965,18387.750000000407,21018.750000000407
index level,1,1,rep,20011505,10,85.0,-6874.5,-9000.0,-5674.499999999727,-7799.999999999727,-5274.49999999992,-7399.99999999992,-7774.500000000035,-9900.000000000035,-9249.499999999887,-11374.999999999887,-6187.000000000284,-8312.500000000284,12375.500000000056,10250.000000000056,58284.875000000124,56159.375000000124
index level,1,1,rep,20011506,10,85.0,32890.5,31500.0,28390.50000000017,27000.00000000017,24090.499999999818,22699.999999999818,20040.50000000009,18650.00000000009,16165.500000000204,14775.000000000204,13128.000000000238,11737.500000000238,11577.999999999602,10187.499999999602,11681.125000000147,10290.625000000147
index level,1,1,rep,20011507,11,85.0,-12034.0,12000.0,-15034.000000000171,8999.999999999829,-22933.999999999807,1100.0000000001928,-31733.99999999999,-7699.999999999989,-32384.00000000008,-8350.00000000008,-24171.499999999876,-137.4999999998763,-5596.499999999887,18437.500000000113,14490.99999999992,38524.99999999992
index level,1,1,rep,20011508,12,85.0,19137.0,19500.0,25437.00000000007,25800.00000000007,19536.999999999978,19899.999999999978,13337.00000000016,13700.00000000016,7486.999999999853,7849.999999999853,5836.999999999989,6199.999999999989,3680.7499999999886,4043.7499999999886,8912.000000000262,9275.000000000262
index level,1,1,rep,20011509,12,85.0,59247.0,36000.0,55646.99999999986,32399.99999999986,52446.99999999971,29199.99999999971,47397.00000000003,24150.00000000003,38297.000000000124,15050.000000000124,29059.5,5812.5,17615.75000000009,-5631.249999999909,-5462.771126760301,-28709.7711267603
index level,1,1,rep,20011510,12,85.0,13297.5,24000.0,13297.5,24000.0,11297.499999999774,21999.999999999774,6997.500000000102,17700.000000000102,1472.500000000182,12175.000000000182,-1840.0000000000455,8862.499999999955,6435.000000000102,17137.500000000102,4069.37500000008,14771.87500000008
index level,1,1,rep,20011511,12,85.0,-9867.0,-6000.0,-4167.000000000068,-300.0000000000682,-4266.999999999977,-399.99999999997726,-7216.999999999853,-3349.9999999998527,-11341.999999999682,-7474.999999999682,-1617.0,2250.0,31401.750000000065,35268.750000000065,96326.84868421048,100193.84868421048
index level,1,2,sel,20012000,14,72.0,124514.0,97500.0,128114.0000000003,101100.0000000003,119413.9999999997,92399.9999999997,107064.00000000001,80050.00000000001,77689.0000000003,50675.000000000306,54413.999999999985,27399.99999999998,49870.249999999935,22856.24999999993,39037.29842931949,12023.298429319486
index level,1,2,sel,20012001,12,72.0,-81109.0,51000.0,-74509.00000000003,57599.99999999997,-89708.99999999985,42400.000000000146,-100609.0,31500.0,-124434.00000000016,7674.99999999984,-124371.50000000004,7737.499999999956,-88165.2499999998,43943.750000000204,-27758.53022875823,104350.46977124177
index level,1,2,sel,20012002,13,72.0,77504.5,117000.0,64904.499999999694,104399.9999999997,53304.49999999984,92799.99999999984,35254.50000000023,74750.00000000023,2329.4999999999854,41824.999999999985,-19208.000000000033,20287.499999999967,-43145.49999999992,-3649.99999999992,-106551.75000000015,-67056.25000000015
index level,1,2,sel,20012003,15,72.0,-231426.0,75000.0,-236826.00000000003,69599.99999999997,-252825.99999999997,53600.00000000003,-267275.99999999965,39150.00000000035,-302875.99999999965,3550.0000000003492,-293813.4999999999,12612.500000000116,-233344.75000000023,73081.24999999977,-128082.25000000012,178343.74999999988
index level,1,2,sel,20012004,11,72.0,193062.0,100500.00000000001,190661.99999999977,98099.99999999978,181461.99999999994,88899.99999999996,167911.99999999965,75349.99999999967,143036.99999999994,50474.999999999956,122924.50000000017,30362.50000000019,111162.00000000012,18600.00000000013,95080.74999999983,2518.74999999984
index level,1,2,sel,20012005,13,72.0,232342.0,112499.99999999999,232941.99999999983,113099.99999999981,224142.00000000015,104300.00000000013,208191.99999999983,88349.99999999981,178242.0000000003,58400.00000000028,146417.00000000023,26575.00000000022,122760.75000000051,2918.7500000004948,67576.37500000017,-52265.62499999984
index level,1,2,sel,20012006,12,72.0,222166.5,115500.0,219466.49999999988,112799.99999999988,209566.4999999997,102899.99999999971,196366.50000000012,89700.00000000012,166516.49999999997,59849.99999999997,136016.4999999999,29349.999999999913,106372.74999999984,-293.75000000016007,41479.00000000012,-65187.49999999988
index level,1,2,sel,20012007,14,72.0,44552.0,75000.0,40052.0,70500.0,35152.000000000364,65600.00000000036,23352.00000000002,53800.000000000015,-2148.0000000001564,28299.99999999984,-16410.499999999975,14037.500000000022,-3835.5000000001564,26612.49999999984,13976.999999999676,44424.99999999967
index level,1,2,sel,20012008,14,72.0,-40059.0,96000.0,-52658.99999999997,83400.00000000003,-56258.99999999993,79800.00000000007,-68808.99999999994,67250.00000000006,-96459.00000000003,39599.99999999997,-110483.99999999972,25575.000000000276,-91609.00000000001,44449.999999999985,-70691.61443661968,65367.38556338032
index level,1,2,sel,20012009,14,72.0,215160.0,108000.0,206759.9999999998,99599.9999999998,200459.99999999988,93299.99999999988,185710.0,78550.0,154884.9999999999,47724.99999999991,129672.49999999965,22512.49999999965,114578.74999999999,7418.749999999985,78719.37500000016,-28440.62499999984
index level,1,2,sel,20012010,14,72.0,200535.0,114000.0,196034.99999999983,109499.99999999983,190234.99999999965,103699.99999999965,177735.00000000012,91200.00000000012,147834.99999999983,61299.999999999825,116860.00000000022,30325.00000000022,104241.25000000001,17706.250000000015,74253.74999999932,-12281.250000000684
index level,1,2,sel,20012011,13,72.0,-14049.0,103500.0,-25448.99999999987,92100.00000000013,-32948.999999999694,84600.0000000003,-47648.99999999997,69900.00000000003,-76773.99999999991,40775.00000000009,-88723.99999999996,28825.000000000044,-71561.50000000004,45987.499999999956,-56592.74999999976,60956.25000000024
index level,1,2,rep,20012500,14,72.0,356813.5,109500.0,354113.4999999999,106799.99999999988,343513.50000000035,96200.00000000035,329263.5000000002,81950.00000000017,296688.5000000003,49375.00000000029,266900.99999999994,19587.49999999994,238163.50000000032,-9149.99999999968,188371.1938720173,-58942.30612798271
index level,1,2,rep,20012501,14,72.0,275221.0,97500.0,275221.00000000035,97500.00000000035,271921.0000000003,94200.00000000029,252971.00000000012,75250.00000000012,217470.99999999965,39749.99999999965,196596.00000000023,18875.000000000233,175539.74999999985,-2181.2500000001455,124949.12499999985,-52771.875000000146
index level,1,2,rep,20012502,13,72.0,253755.0,193500.0,236655.0000000002,176400.0000000002,213455.00000000015,153200.00000000015,181805.0000000003,121550.00000000029,136404.99999999945,76149.99999999945,98742.50000000047,38487.50000000047,41567.49999999959,-18687.5000000004,-91344.99999999974,-151599.99999999974
index level,1,2,rep,20012503,14,72.0,23759.0,99000.0,27059.000000000073,102300.00000000007,12158.99999999981,87399.99999999981,559.0000000004657,75800.00000000047,-35340.99999999996,39900.00000000004,-49166.000000000015,26074.999999999985,-39078.500000000146,36162.499999999854,-38031.62500000004,37209.37499999996
index level,1,2,rep,20012504,14,72.0,473307.5,136500.0,457107.50000000006,120300.00000000006,442207.5000000001,105400.00000000012,421007.49999999965,84199.99999999965,383457.50000000006,46650.00000000006,352257.5000000003,15450.000000000291,313107.50000000023,-23699.999999999767,241007.5000000005,-95799.9999999995
index level,1,2,rep,20012505,12,72.0,52972.0,81000.0,51471.999999999665,79499.99999999967,44871.99999999987,72899.99999999987,34072.00000000013,62100.00000000013,10072.000000000477,38100.00000000048,-5440.500000000593,22587.49999999941,-6246.750000000458,21781.249999999545,-24040.3231132082,3987.6768867918036
index level,1,2,rep,20012506,12,72.0,129256.0,103500.0,125956.0000000001,100200.0000000001,114656.0000000005,88900.0000000005,100356.00000000003,74600.00000000003,71555.99999999945,45799.99999999945,48618.500000000015,22862.500000000015,30180.999999999556,4424.999999999556,-17240.875000000327,-42996.87500000033
index level,1,2,rep,20012507,14,72.0,13103.0,105000.0,5603.000000000175,97500.00000000017,-5596.999999999709,86300.00000000029,-21096.999999999927,70800.00000000007,-53196.9999999999,38700.0000000001,-64097.00000000022,27799.99999999978,-47515.74999999986,44381.25000000014,-29653.25000000008,62243.74999999992
index level,1,2,rep,20012508,13,72.0,284541.0,181500.0,280641.0,177600.0,264240.9999999997,161199.9999999997,230741.00000000035,127700.00000000035,183391.00000000006,80350.00000000006,138391.0000000001,35350.00000000009,90747.24999999967,-12293.750000000335,-8660.111401673246,-111701.11140167325
index level,1,2,rep,20012509,14,72.0,-31807.0,72000.0,-33307.0,70500.0,-39607.000000000065,64199.999999999935,-54256.999999999876,49550.000000000124,-85106.99999999996,18700.000000000044,-90382.0000000001,13424.999999999898,-61382.000000000044,42424.999999999956,-24410.125000000204,79396.8749999998
index level,1,2,rep,20012510,13,72.0,466247.0,181500.0,448547.00000000006,163800.00000000006,429246.9999999999,144499.99999999988,403047.0,118300.0,363096.9999999999,78349.99999999988,322184.4999999999,37437.49999999988,256571.9999999997,-28175.00000000029,118868.87500000015,-165878.12499999985
index level,1,2,rep,20012511,11,72.0,109612.5,123000.0,96412.50000000007,109800.00000000007,86012.49999999946,99399.99999999946,66962.49999999974,80349.99999999974,32887.50000000004,46275.00000000004,12575.000000000091,25962.50000000009,-13787.500000000147,-400.00000000014734,-77820.86148648695,-64433.361486486945
index level,1,3,sel,20013000,10,112.0,110392.0,73500.0,103491.99999999962,66599.99999999962,100091.99999999965,63199.99999999965,93091.99999999971,56199.99999999971,85991.99999999985,49099.999999999854,71204.50000000017,34312.500000000175,49573.24999999946,12681.249999999462,5001.374999999887,-31890.625000000113
index level,1,3,sel,20013001,9,112.0,-51909.5,-22500.0,-49809.49999999986,-20399.99999999986,-52509.49999999997,-23099.99999999997,-62359.500000000044,-32950.000000000044,-59809.49999999998,-30399.999999999978,-48184.49999999998,-18774.999999999978,-23671.99999999993,5737.500000000069,19599.874999999804,49009.3749999998
index level,1,3,sel,20013002,9,112.0,55603.5,51000.0,55603.5,51000.0,54203.49999999991,49599.99999999991,50003.50000000032,45400.00000000032,42953.50000000025,38350.00000000025,30428.499999999705,25824.999999999705,29947.250000000226,25343.750000000226,19309.74999999984,14706.24999999984
index level,1,3,sel,20013003,10,112.0,94302.0,82500.0,90701.99999999987,78899.99999999987,80802.00000000033,69000.00000000033,72302.00000000023,60500.00000000023,59251.99999999982,47449.99999999982,44539.50000000007,32737.500000000073,11914.50000000007,112.50000000006912,-64319.87499999987,-76121.87499999987
index level,1,3,sel,20013004,9,112.0,11276.0,9000.0,7676.000000000035,5400.000000000035,4775.999999999944,2499.9999999999436,1725.999999999818,-550.0000000001819,3625.9999999997954,1349.9999999997954,5838.500000000171,3562.500000000171,11444.750000000273,9168.750000000273,18732.249999999956,16456.249999999956
index level,1,3,sel,20013005,10,112.0,100015.0,75000.0,95515.0,70500.0,89014.99999999977,63999.99999999977,83215.00000000061,58200.00000000061,71115.0000000002,46100.000000000204,54027.500000000044,29012.500000000044,20664.99999999986,-4350.000000000138,-54169.374999999825,-79184.37499999983
index level,1,3,sel,20013006,8,112.0,33750.5,25500.0,33150.50000000003,24900.00000000003,30950.499999999818,22699.999999999818,27450.499999999593,19199.999999999593,27275.50000000009,19025.00000000009,19625.500000000226,11375.000000000226,9456.74999999984,1206.24999999984,-4158.87499999984,-12409.37499999984
index level,1,3,sel,20013007,8,112.0,158125.0,99000.0,159625.0,100500.0,154425.00000000012,95300.00000000012,146425.00000000006,87300.00000000006,132250.0,73125.0,106424.99999999996,47299.999999999956,67337.4999999997,8212.499999999694,3481.2499999998763,-55643.750000000124
index level,1,3,sel,20013008,8,112.0,19546.0,19500.0,17145.999999999967,17099.999999999967,15546.000000000227,15500.000000000227,12596.000000000011,12550.000000000011,10570.999999999807,10524.999999999807,6758.499999999864,6712.499999999864,-2247.749999999875,-2293.749999999875,-6413.374999999965,-6459.374999999965
index level,1,3,sel,20013009,8,112.0,97838.0,70500.0,93938.00000000013,66600.00000000013,86738.00000000003,59400.00000000003,80087.99999999977,52749.99999999977,68037.99999999983,40699.999999999825,51350.50000000016,24012.50000000016,35963.0,8625.0,-3955.750000000273,-31293.750000000273
index level,1,3,sel,20013010,8,112.0,10302.0,16500.0,9102.00000000007,15300.00000000007,7101.999999999841,13299.99999999984,3001.99999999999,9199.999999999989,376.999999999819,6574.999999999818,-1848.0000000000337,4349.999999999965,-791.7499999998854,5406.250000000114,-7299.712138084621,-1101.712138084622
index level,1,3,sel,20013011,9,112.0,69315.0,43500.0,74414.9999999998,48599.999999999796,71015.00000000016,45200.00000000016,64215.000000000204,38400.000000000204,57640.000000000044,31825.000000000044,47527.50000000038,21712.50000000038,28502.500000000284,2687.5000000002838,-8485.000000000182,-34300.00000000018
index level,1,3,rep,20013500,8,112.0,-51034.0,-15000.0,-53733.99999999976,-17699.99999999976,-58733.99999999982,-22699.999999999818,-63283.999999999774,-27249.999999999774,-63634.00000000014,-27600.00000000014,-55421.50000000028,-19387.500000000276,-35040.25000000014,993.7499999998618,-14180.874999999625,21853.125000000375
index level,1,3,rep,20013501,10,112.0,19815.5,28500.0,16215.499999999862,24899.99999999986,12715.499999999978,21399.999999999978,9915.499999999967,18599.999999999967,13065.500000000171,21750.00000000017,8553.000000000011,17237.50000000001,7352.999999999909,16037.499999999909,8946.75000000008,17631.25000000008
index level,1,3,rep,20013502,10,112.0,86874.5,45000.0,90474.4999999998,48599.999999999796,88674.49999999972,46799.99999999972,81774.49999999985,39899.999999999854,72124.50000000012,30250.000000000116,63086.99999999998,21212.499999999978,44193.25000000002,2318.750000000022,10740.124999999796,-31134.375000000204
index level,1,3,rep,20013503,10,112.0,144063.0,100500.0,141963.0000000002,98400.0000000002,133662.99999999956,90099.99999999956,125912.9999999998,82349.9999999998,110038.00000000025,66475.00000000025,84837.99999999997,41274.99999999997,49825.49999999976,6262.49999999976,-23627.624999999724,-67190.62499999972
index level,1,3,rep,20013504,8,112.0,46041.0,31500.0,35840.9999999999,21299.999999999898,36040.99999999988,21499.999999999884,32941.000000000146,18400.000000000146,28865.99999999976,14324.99999999976,24590.999999999898,10049.999999999898,11653.50000000007,-2887.499999999931,-9242.967391304428,-23783.967391304428
index level,1,3,rep,20013505,10,112.0,151815.0,93000.0,153615.0000000001,94800.00000000009,149214.99999999997,90399.99999999997,140115.0000000001,81300.00000000009,126140.00000000017,67325.00000000017,101902.5000000002,43087.5000000002,56321.24999999997,-2493.7500000000364,-44713.12500000027,-103528.12500000028
index level,1,3,rep,20013506,10,112.0,-24254.5,13500.0,-30554.50000000007,7199.999999999931,-32554.499999999956,5200.000000000044,-37054.499999999956,700.0000000000437,-39479.499999999796,-1724.9999999997963,-40942.0,-3187.5,-26117.00000000001,11637.499999999989,229.34604677039897,37983.8460467704
index level,1,3,rep,20013507,8,112.0,91252.0,72000.0,88852.00000000013,69600.00000000013,84351.99999999997,65099.99999999997,79052.00000000017,59800.000000000175,70827.0000000005,51575.000000000495,53052.000000000124,33800.000000000124,32664.50000000008,13412.50000000008,-9413.624999999807,-28665.624999999807
index level,1,3,rep,20013508,9,112.0,12973.0,24000.0,4873.000000000035,15900.000000000035,8472.999999999829,19499.99999999983,1923.00000000016,12950.00000000016,-2401.999999999829,8625.000000000171,-2327.0000000002383,8699.999999999762,-1020.7500000001473,10006.249999999853,4319.874999999898,15346.874999999898
index level,1,3,rep,20013509,9,112.0,1560.0000000000018,15000.0,5459.999999999864,18899.99999999986,-440.00000000005457,12999.999999999944,-5239.999999999953,8200.000000000045,-8315.000000000397,5124.999999999602,-9940.000000000113,3499.9999999998854,-9302.49999999984,4137.500000000158,-3049.374999999942,10390.625000000056
index level,1,3,rep,20013510,9,112.0,8865.0,16500.0,5865.000000000171,13500.000000000171,5865.0,13500.0,5165.000000000295,12800.000000000295,4439.999999999931,12074.99999999993,-1084.999999999989,6550.000000000011,2252.4999999998745,9887.499999999874,8852.500000000011,16487.50000000001
index level,1,3,rep,20013511,10,112.0,46824.0,49500.0,37824.0,40500.0,35723.99999999986,38399.99999999986,34074.00000000017,36750.00000000017,31198.999999999884,33874.99999999988,21623.999999999898,24299.999999999898,18555.250000000215,21231.250000000215,15545.875000000182,18221.875000000182
index level,5,0,sel,20050000,11,83.0,190471.5,166500.0,181771.49999999956,157799.99999999956,158871.49999999974,134899.99999999974,127871.49999999981,103899.99999999981,85971.50000000041,62000.00000000041,53709.00000000024,29737.50000000024,28377.75,4406.25,-49547.25000000007,-73518.75000000007
index level,5,0,sel,20050001,10,83.0,-36109.0,57000.0,-43009.000000000204,50099.999999999796,-40008.99999999986,53100.00000000014,-46759.00000000004,46349.99999999996,-68334.00000000019,24774.99999999981,-77608.99999999994,15500.000000000058,-41134.00000000004,51974.99999999996,19966.00000000016,113075.00000000016
index level,5,0,sel,20050002,12,83.0,762142.5,243000.00000000006,735142.4999999998,215999.99999999983,712142.4999999998,192999.99999999983,684242.5,165100.00000000006,632667.5,113525.00000000006,572917.4999999994,53774.999999999476,497992.4999999999,-21150.00000000006,361390.1987447698,-157752.30125523015
index level,5,0,sel,20050003,10,83.0,539971.0,159000.0,524370.9999999999,143399.99999999988,509571.0000000007,128600.0000000007,496271.0000000005,115300.00000000052,465570.99999999977,84599.99999999977,424071.0000000007,43100.0000000007,370089.74999999977,-10881.250000000233,274752.24999999965,-106218.75000000035
index level,5,0,sel,20050004,11,83.0,808082.0,279000.0,786481.9999999999,257399.99999999988,741582.0000000005,212500.00000000047,704381.9999999999,175299.99999999988,653332.0000000002,124250.00000000023,587119.4999999999,58037.49999999988,468144.49999999965,-60937.50000000035,233382.00000000035,-295699.99999999965
index level,5,0,sel,20050005,12,83.0,-32484.0,37500.0,-29183.999999999935,40800.000000000065,-26484.0,43500.0,-31383.999999999978,38600.00000000002,-52208.99999999997,17775.00000000003,-56596.49999999972,13387.500000000276,-43171.500000000175,26812.499999999825,-25052.749999999854,44931.250000000146
index level,5,0,sel,20050006,12,83.0,-26907.5,45000.0,-25407.499999999833,46500.00000000017,-30707.499999999956,41200.000000000044,-38157.5,33750.0,-57932.50000000009,13974.999999999913,-63020.00000000007,8887.499999999927,-24207.500000000065,47699.999999999935,43573.75000000028,115481.25000000028
index level,5,0,sel,20050007,12,83.0,-100139.5,49500.0,-92039.50000000003,57599.99999999997,-89739.49999999974,59900.00000000026,-99039.49999999997,50600.00000000003,-125464.49999999983,24175.000000000175,-133401.99999999977,16237.500000000233,-101726.99999999991,47912.50000000009,-60638.847014925544,89000.65298507446
index level,5,0,sel,20050008,10,83.0,363513.5,159000.0,349713.50000000023,145200.00000000023,330613.50000000006,126100.00000000006,306913.5000000001,102400.00000000012,268838.4999999998,64324.999999999825,235363.4999999999,30849.999999999913,193157.25,-11356.25,86116.62499999987,-118396.87500000013
index level,5,0,sel,20050009,10,83.0,202787.0,87000.0,205487.00000000012,89700.00000000012,197786.99999999977,81999.99999999977,187236.99999999983,71449.99999999983,162836.99999999983,47049.999999999825,139986.99999999965,24199.99999999965,115061.99999999981,-725.0000000001892,48621.37499999974,-67165.62500000026
index level,5,0,sel,20050010,11,83.0,478217.0,162000.0,477617.00000000023,161400.00000000023,460917.00000000006,144700.00000000006,435566.9999999999,119349.99999999988,400166.9999999997,83949.99999999971,358554.5000000005,42337.500000000524,297916.99999999994,-18300.00000000006,168970.12500000017,-147246.87499999983
index level,5,0,sel,20050011,12,83.0,206995.5,127500.0,197995.5,118500.0,188295.49999999977,108799.99999999977,173295.49999999994,93799.99999999994,142570.49999999994,63074.99999999994,116120.49999999994,36624.99999999994,98539.25000000016,19043.75000000016,53223.62499999981,-26271.87500000019
index level,5,0,rep,20050500,10,83.0,211288.5,94500.0,203188.50000000003,86400.00000000003,192488.5000000004,75700.00000000041,182338.4999999997,65549.99999999971,159238.5000000003,42450.00000000029,136751.0000000001,19962.500000000087,123132.25000000012,6343.750000000116,92001.62919463094,-24786.870805369064
index level,5,0,rep,20050501,11,83.0,-72484.5,34500.0,-67984.49999999983,39000.000000000175,-74384.49999999981,32600.00000000019,-81234.50000000006,25749.99999999994,-101284.50000000007,5699.999999999927,-108534.49999999996,-1549.9999999999563,-97697.00000000009,9287.499999999913,-76354.49999999972,30630.000000000276
index level,5,0,rep,20050502,11,83.0,151342.0,157500.0,151041.99999999994,157199.99999999994,126941.99999999968,133099.99999999968,105492.00000000009,111650.00000000009,67392.00000000029,73550.00000000029,29817.000000000022,35975.00000000002,-20464.24999999986,-14306.249999999862,-158801.75000000006,-152643.75000000006
index level,5,0,rep,20050503,10,83.0,-19073.5,36000.0,-11573.500000000167,43499.99999999983,-14273.499999999935,40800.000000000065,-18523.499999999818,36550.00000000018,-41848.50000000026,13224.999999999738,-49273.49999999982,5800.000000000182,-30829.749999999796,24243.750000000204,-7270.375000000036,47803.12499999996
index level,5,0,rep,20050504,10,83.0,163857.5,91500.0,172857.50000000035,100500.00000000035,160457.50000000017,88100.00000000017,146607.50000000017,74250.00000000017,121482.5,49125.0,98069.99999999997,25712.49999999997,71470.00000000013,-887.499999999869,13332.988945578094,-59024.511054421906
index level,5,0,rep,20050505,9,83.0,74007.0,54000.0,79406.9999999997,59399.999999999694,78507.0,58500.0,74556.99999999984,54549.99999999984,54556.99999999978,34549.99999999978,39231.99999999991,19224.999999999913,46344.50000000009,26337.500000000087,69706.99999999999,49699.999999999985
index level,5,0,rep,20050506,12,83.0,-94347.5,45000.0,-89847.5,49500.0,-89247.5000000002,50099.999999999796,-95297.49999999999,44050.000000000015,-120997.50000000015,18349.999999999854,-132934.99999999968,6412.50000000032,-113747.49999999975,25600.000000000247,-98795.60606060599,40551.89393939401
index level,5,0,rep,20050507,9,83.0,106174.0,96000.0,96273.9999999998,86099.9999999998,87773.99999999968,77599.99999999968,78973.99999999984,68799.99999999984,54048.99999999966,43874.99999999966,31261.50000000009,21087.50000000009,2455.2500000004547,-7718.749999999545,-78472.87499999956,-88646.87499999956
index level,5,0,rep,20050508,11,83.0,307841.5,120000.0,303941.50000000064,116100.00000000064,294441.50000000023,106600.00000000023,277041.50000000023,89200.00000000023,240416.49999999994,52574.99999999994,207291.49999999953,19449.999999999534,157785.25000000047,-30056.249999999534,43832.12499999962,-144009.37500000038
index level,5,0,rep,20050509,12,83.0,368633.5,172500.0,362333.49999999924,166199.99999999924,344633.4999999995,148499.99999999948,321283.5000000001,125150.00000000012,281658.5000000001,85525.00000000012,237933.5,41800.0,189714.74999999962,-6418.750000000378,69564.75000000009,-126568.74999999991
index level,5,0,rep,20050510,11,83.0,227762.5,142500.0,220262.50000000035,135000.00000000035,203762.50000000052,118500.00000000052,183162.49999999983,97899.99999999983,147462.49999999988,62199.99999999988,114112.49999999968,28849.99999999968,87024.99999999908,1762.4999999990832,4431.2500000002765,-80831.24999999972
index level,5,0,rep,20050511,12,83.0,532542.5,229500.0,527442.4999999997,224399.99999999965,500942.50000000023,197900.00000000023,467842.4999999999,164799.99999999988,415392.49999999965,112349.99999999965,360755.00000000035,57712.50000000035,293854.9999999995,-9187.500000000524,110014.37500000012,-193028.12499999988
index level,5,1,sel,20051000,10,85.0,-119262.5,-73500.0,-115062.50000000007,-69300.00000000007,-119462.50000000016,-73700.00000000016,-117412.49999999981,-71649.99999999981,-105287.50000000026,-59525.00000000026,-68862.50000000015,-23100.000000000146,6531.250000000102,52293.7500000001,154684.37500000003,200446.87500000003
index level,5,1,sel,20051001,12,85.0,261449.0,180000.0,261449.0,180000.0,251648.99999999988,170199.99999999988,234199.00000000023,152750.00000000023,200524.0000000005,119075.0000000005,134636.5000000004,53187.50000000041,35867.749999999935,-45581.250000000065,-153363.50000000012,-234812.50000000012
index level,5,1,sel,20051002,10,85.0,-224213.0,-141000.0,-218212.99999999983,-134999.99999999983,-206013.0,-122800.0,-205663.00000000035,-122450.00000000035,-187987.99999999988,-104774.99999999988,-136625.5000000002,-53412.500000000204,-25863.000000000146,57349.999999999854,164143.25000000006,247356.25000000006
index level,5,1,sel,20051003,10,85.0,-143465.5,-84000.0,-142865.5000000002,-83400.0000000002,-139665.5000000002,-80200.0000000002,-135015.5,-75550.0,-125040.49999999985,-65574.99999999985,-90765.50000000017,-31300.000000000182,-7090.499999999709,52375.000000000284,149971.99999999983,209437.49999999983
index level,5,1,sel,20051004,10,85.0,129689.5,100500.0,125489.4999999999,96299.9999999999,113589.49999999981,84399.99999999981,103339.49999999993,74149.99999999993,87589.50000000009,58400.00000000009,60339.49999999998,31149.999999999978,-10073.000000000102,-39262.5000000001,-157394.87500000003,-186584.37500000003
index level,5,1,sel,20051005,11,85.0,29552.0,13500.0,21151.999999999964,5099.999999999964,24151.999999999964,8099.999999999964,22052.0,6000.0,20377.00000000016,4325.00000000016,17701.99999999986,1649.9999999998618,16739.500000000397,687.5000000003965,20914.500000000182,4862.500000000182
index level,5,1,sel,20051006,11,85.0,-15035.5,6000.0,-11435.499999999864,9600.000000000136,-13935.499999999978,7100.000000000022,-16185.500000000318,4849.999999999682,-22010.499999999796,-974.9999999997963,-23097.999999999658,-2062.499999999658,-28441.74999999949,-7406.249999999491,-55533.902078085914,-34498.402078085914
index level,5,1,sel,20051007,12,85.0,288653.5,220500.0,278153.50000000035,210000.00000000035,253953.50000000017,185800.00000000017,234803.5000000002,166650.0000000002,200678.49999999968,132524.99999999968,132278.49999999983,64124.999999999825,23384.750000000386,-44768.749999999614,-214452.96186440717,-282606.4618644072
index level,5,1,sel,20051008,12,85.0,-117201.0,-58499.99999999999,-115401.00000000012,-56700.00000000011,-111600.99999999999,-52899.99999999998,-112851.0000000002,-54150.0000000002,-108075.99999999978,-49374.999999999774,-82838.49999999988,-24137.499999999876,-24557.24999999994,34143.750000000065,82855.24999999991,141556.2499999999
index level,5,1,sel,20051009,10,85.0,-64884.0,-37500.0,-72983.99999999997,-45599.99999999997,-64783.99999999975,-37399.99999999975,-63233.99999999996,-35849.99999999996,-62984.00000000002,-35600.00000000002,-42871.50000000007,-15487.500000000073,6215.999999999796,33599.999999999796,102500.37499999993,129884.37499999993
index level,5,1,sel,20051010,10,85.0,-136574.5,-61500.0,-129974.49999999985,-54899.999999999854,-130274.49999999942,-55199.99999999942,-132324.49999999942,-57249.99999999942,-122224.49999999975,-47149.99999999975,-94211.99999999983,-19137.499999999825,-33774.500000000044,41299.999999999956,68963.00000000015,144037.50000000015
index level,5,1,sel,20051011,12,85.0,-12127.0,10500.0,-8226.999999999965,14400.000000000035,-2027.0000000001492,20599.99999999985,-7726.999999999909,14900.000000000091,-12701.999999999989,9925.000000000011,-11639.49999999993,10987.50000000007,14660.500000000364,37287.500000000364,52916.55221518983,75543.55221518983
index level,5,1,rep,20051500,10,85.0,-105485.0,-66000.0,-107884.99999999987,-68399.99999999987,-108784.9999999999,-69299.9999999999,-103784.99999999984,-64299.99999999984,-93385.00000000009,-53900.00000000009,-63172.500000000284,-23687.500000000284,-4591.24999999976,34893.75000000024,107593.12500000006,147078.12500000006
index level,5,1,rep,20051501,12,85.0,11329.0,-1500.0,16128.999999999898,3299.999999999898,12628.99999999984,-200.00000000016007,9778.999999999874,-3050.0000000001255,10204.000000000511,-2624.999999999489,12278.999999999989,-550.0000000000109,24072.750000000262,11243.750000000262,59507.12500000014,46678.12500000014
index level,5,1,rep,20051502,10,85.0,16196.5,15000.0,14696.500000000171,13500.000000000171,17396.49999999993,16199.99999999993,14746.500000000126,13550.000000000126,13971.499999999807,12774.999999999807,10284.000000000091,9087.500000000091,17827.749999999967,16631.249999999967,36665.2500000004,35468.7500000004
index level,5,1,rep,20051503,10,85.0,-240972.0,-139500.0,-234372.0000000002,-132900.0000000002,-220671.99999999988,-119199.99999999988,-208522.00000000017,-107050.00000000017,-182521.9999999996,-81049.99999999959,-141309.4999999999,-39837.49999999991,-31628.250000000175,69843.74999999983,190843.6250000003,292315.6250000003
index level,5,1,rep,20051504,12,85.0,80790.0,66000.0,85290.00000000017,70500.00000000017,78690.00000000003,63900.00000000003,70340.00000000012,55550.00000000012,58114.99999999982,43324.99999999982,44802.499999999985,30012.499999999985,35364.99999999971,20574.99999999971,29661.875000000327,14871.875000000327
index level,5,1,rep,20051505,11,85.0,-142667.0,-87000.0,-136967.00000000023,-81300.00000000023,-132067.0000000001,-76400.00000000009,-131416.99999999983,-75749.99999999983,-123516.99999999985,-67849.99999999985,-86579.50000000003,-30912.50000000003,-19879.499999999978,35787.50000000002,118795.49999999991,174462.4999999999
index level,5,1,rep,20051506,11,85.0,-6763.5,4500.0,-1363.4999999999654,9900.000000000035,-9563.500000000524,1699.9999999994761,-12313.500000000238,-1050.0000000002383,-18038.499999999636,-6774.999999999636,-11288.499999999978,-24.999999999978172,13442.749999999785,24706.249999999785,48813.182692307426,60076.682692307426
index level,5,1,rep,20051507,9,85.0,-14907.0,-3000.0,-22706.999999999898,-10799.999999999898,-21607.000000000044,-9700.000000000044,-26806.99999999975,-14899.999999999749,-26181.999999999978,-14274.999999999978,-20744.50000000032,-8837.50000000032,-8682.000000000035,3224.9999999999654,4611.749999999898,16518.749999999898
index level,5,1,rep,20051508,10,85.0,-2260.5,7500.0,-2860.5000000003074,6899.999999999693,-6360.500000000023,3399.9999999999773,-11610.500000000022,-1850.0000000000218,-13810.499999999727,-4049.999999999727,-13172.999999999796,-3412.4999999997963,-2048.0000000000227,7712.499999999977,19457.144002375153,29217.644002375153
index level,5,1,rep,20051509,9,85.0,57619.0,40500.0,53418.99999999972,36299.99999999972,52319.000000000044,35200.000000000044,47819.00000000022,30700.00000000022,45368.99999999955,28249.99999999955,28444.000000000444,11325.000000000444,-7956.000000000215,-25075.000000000215,-71752.87499999953,-88871.87499999953
index level,5,1,rep,20051510,11,85.0,199345.5,138000.0,196945.50000000032,135600.00000000032,184945.49999999997,123599.99999999997,166245.49999999977,104899.99999999977,145845.50000000006,84500.00000000006,106495.50000000003,45150.00000000003,34845.49999999988,-26500.000000000116,-114138.87499999988,-175484.37499999988
index level,5,1,rep,20051511,10,85.0,6710.5,18000.0,6710.499999999829,17999.99999999983,2010.500000000182,13300.000000000182,-2789.5000000003984,8499.999999999602,-7364.499999999989,3925.000000000011,-8314.499999999807,2975.000000000193,-12339.499999999898,-1049.9999999998981,-32064.49999999986,-20774.99999999986
index level,5,2,sel,20052000,11,72.0,207261.0,103499.99999999999,205460.99999999994,101699.99999999993,195161.00000000012,91400.0000000001,179560.99999999997,75799.99999999996,153211.00000000023,49450.00000000022,134185.9999999998,30424.99999999978,109248.50000000015,5487.500000000131,69823.50000000001,-33937.5
index level,5,2,sel,20052001,14,72.0,92414.5,127500.0,76214.49999999939,111299.99999999939,60614.5000000001,95700.0000000001,35714.50000000007,70800.00000000007,6714.499999999673,41799.99999999967,-9985.499999999465,25100.000000000535,-25466.75000000014,9618.749999999862,-71463.62500000029,-36378.12500000029
index level,5,2,sel,20052002,14,72.0,295758.5,129000.0,283458.49999999994,116699.99999999994,274258.5000000001,107500.00000000012,252158.49999999994,85399.99999999994,218258.50000000006,51500.00000000006,186658.4999999998,19899.999999999796,155339.7500000004,-11418.749999999593,110905.19514388453,-55853.30485611547
index level,5,2,sel,20052003,14,72.0,415785.5,136500.0,406485.4999999996,127199.99999999959,389185.5000000001,109900.00000000012,371985.49999999994,92699.99999999994,335860.4999999999,56574.99999999988,303185.49999999994,23899.99999999994,259760.50000000003,-19524.99999999997,182698.00000000003,-96587.49999999997
index level,5,2,sel,20052004,13,72.0,-178027.49999999997,66000.0,-174427.5,69599.99999999997,-177227.49999999983,66800.00000000015,-188177.49999999977,55850.000000000204,-217977.49999999997,26050.0,-218777.5000000001,25249.999999999884,-163514.99999999988,80512.50000000009,-75168.12499999985,168859.37500000012
index level,5,2,sel,20052005,14,72.0,124063.0,82500.0,127663.00000000013,86100.00000000013,124062.99999999983,82499.99999999983,109813.0,68250.0,73337.99999999975,31774.999999999753,59038.00000000048,17475.00000000048,62844.25,21281.25,63162.99999999997,21599.99999999997
index level,5,2,sel,20052006,12,72.0,359877.0,102000.0,361077.0000000001,103200.00000000012,349076.99999999977,91199.99999999977,332227.00000000023,74350.00000000023,303202.00000000006,45325.00000000006,284689.5,26812.5,265689.50000000006,7812.500000000058,234639.50000000017,-23237.499999999825
index level,5,2,sel,20052007,14,72.0,-10896.5,94500.0,-18396.499999999665,87000.00000000033,-28096.49999999987,77300.00000000013,-41196.4999999999,64200.0000000001,-60796.4999999998,44600.0000000002,-76021.49999999943,29375.000000000568,-55915.250000000065,49481.249999999935,-19002.75000000022,86393.74999999978
index level,5,2,sel,20052008,15,72.0,-103855.0,88500.0,-95154.9999999999,97200.0000000001,-108055.00000000044,84299.99999999956,-126054.99999999977,66300.00000000023,-159729.99999999983,32625.000000000175,-173279.99999999994,19075.00000000006,-146123.74999999983,46231.250000000175,-103601.8750000001,88753.1249999999
index level,5,2,sel,20052009,15,72.0,48467.0,55500.0,62566.99999999997,69599.99999999997,62867.000000000204,69900.0000000002,49366.99999999986,56399.99999999986,13391.99999999984,20424.99999999984,-1895.5000000000682,5137.499999999932,17204.499999999785,24237.499999999785,61463.875000000335,68496.87500000033
index level,5,2,sel,20052010,13,72.0,102343.0,135000.0,98443.00000000047,131100.00000000047,78242.99999999958,110899.99999999958,58442.999999999854,91099.99999999985,19917.99999999959,52574.99999999959,-4094.49999999972,28562.500000000284,-35457.000000000015,-2800.000000000011,-112591.37499999983,-79934.37499999983
index level,5,2,sel,20052011,12,72.0,157786.5,96000.0,150886.50000000047,89100.00000000047,143486.50000000006,81700.00000000006,128586.49999999978,66799.99999999978,103886.49999999956,42099.99999999956,83174.00000000033,21387.500000000335,58924.000000000044,-2862.4999999999563,7098.999999999774,-54687.500000000226
index level,5,2,rep,20052500,15,72.0,140202.5,129000.0,138402.49999999977,127199.99999999977,122902.49999999987,111699.99999999987,104902.50000000073,93700.00000000073,68327.50000000006,57125.00000000006,33340.0000000005,22137.500000000502,14039.999999999807,2837.499999999807,-38140.095646437985,-49342.595646437985
index level,5,2,rep,20052501,13,72.0,136672.5,88500.0,137272.49999999997,89099.99999999997,127172.50000000012,79000.00000000012,115922.49999999994,67749.99999999994,87022.49999999997,38849.99999999997,71772.49999999985,23599.999999999854,88309.99999999999,40137.499999999985,125392.55145278451,77220.05145278451
index level,5,2,rep,20052502,12,72.0,26698.5,81000.0,20998.499999999898,75299.9999999999,14698.500000000175,69000.00000000017,5148.500000000327,59450.00000000033,-11926.500000000167,42374.99999999983,-29451.49999999975,24850.00000000025,-26020.249999999716,28281.250000000284,-27498.375000000033,26803.124999999967
index level,5,2,rep,20052503,13,72.0,-32141.0,103500.0,-28841.000000000102,106799.9999999999,-37541.00000000003,98099.99999999997,-53240.99999999991,82400.00000000009,-88190.99999999984,47450.00000000016,-103378.49999999967,32262.500000000335,-95216.0000000001,40424.9999999999,-96537.8750000003,39103.124999999694
index level,5,2,rep,20052504,13,72.0,511753.5,247500.0,484753.5000000002,220500.00000000017,466453.50000000023,202200.00000000023,437453.4999999992,173199.99999999919,383153.4999999998,118899.99999999983,320003.49999999994,55749.99999999994,248491.00000000052,-15762.499999999476,97287.87500000029,-166965.6249999997
index level,5,2,rep,20052505,13,72.0,-200681.0,75000.0,-193180.99999999983,82500.00000000017,-206380.99999999977,69300.00000000023,-225580.99999999985,50100.000000000146,-258255.99999999965,17425.00000000035,-259893.50000000003,15787.49999999997,-220649.75000000035,55031.24999999965,-174759.12500000035,100921.87499999965
index level,5,2,rep,20052506,12,72.0,83009.5,91500.0,88409.49999999987,96899.99999999987,78809.50000000007,87300.00000000007,64809.500000000175,73300.00000000017,30034.500000000262,38525.00000000026,15684.499999999669,24174.99999999967,35384.5,43875.0,68621.99999999996,77112.49999999996
index level,5,2,rep,20052507,11,72.0,-131346.0,43500.0,-131346.0,43500.0,-131045.99999999994,43800.00000000006,-143495.99999999985,31350.000000000146,-163720.99999999988,11125.000000000116,-162170.99999999994,12675.000000000058,-117302.2499999999,57543.7500000001,-37883.50000000009,136962.4999999999
index level,5,2,rep,20052508,14,72.0,77349.0,105000.0,72548.99999999993,100199.99999999993,62349.00000000102,90000.00000000102,41448.99999999956,69099.99999999956,7498.999999999756,35149.99999999975,-7051.0000000001455,20599.99999999985,-26419.749999999836,1231.25000000016,-81347.8749999998,-53696.874999999796
index level,5,2,rep,20052509,13,72.0,220476.5,199500.0,221076.49999999945,200099.99999999945,202876.50000000032,181900.00000000032,156876.50000000038,135900.00000000038,92926.49999999936,71949.99999999936,57851.49999999988,36874.99999999988,20057.749999999898,-918.7500000001019,-66185.99999999985,-87162.49999999985
index level,5,2,rep,20052510,12,72.0,-103298.5,64500.0,-113198.50000000003,54599.99999999997,-116598.50000000001,51199.999999999985,-129648.50000000025,38149.99999999975,-156873.49999999988,10925.000000000116,-153123.50000000006,14674.999999999942,-100536.00000000029,67262.49999999971,2867.125000000262,170665.62500000026
index level,5,2,rep,20052511,14,72.0,382238.5,150000.0,374738.5,142500.0,362438.5000000003,130200.00000000029,338188.50000000047,105950.00000000047,298288.5000000003,66050.00000000029,257126.00000000038,24887.50000000038,198319.7499999997,-33918.75000000029,74860.37499999994,-157378.12500000006
index level,5,3,sel,20053000,9,112.0,145452.0,100500.0,139152.0000000003,94200.00000000029,134152.00000000006,89200.00000000006,126302.0000000007,81350.0000000007,113427.00000000048,68475.00000000048,88576.99999999988,43624.99999999988,59695.74999999998,14743.749999999978,4617.62500000032,-40334.37499999968
index level,5,3,sel,20053001,10,112.0,-116691.0,-45000.0,-114891.00000000028,-43200.00000000028,-114290.99999999997,-42599.99999999997,-114991.00000000001,-43300.000000000015,-106816.00000000012,-35125.00000000012,-94653.49999999991,-22962.499999999913,-61497.25000000032,10193.74999999968,4330.874999999971,76021.87499999997
index level,5,3,sel,20053002,9,112.0,89808.5,90000.0,80808.5,81000.0,77908.49999999991,78099.99999999991,65508.49999999959,65699.99999999959,54083.50000000043,54275.00000000043,32783.500000000364,32975.000000000364,-13854.000000000022,-13662.500000000022,-113007.12499999984,-112815.62499999984
index level,5,3,sel,20053003,9,112.0,18870.0,18000.0,15569.99999999959,14699.99999999959,7170.000000000068,6300.000000000068,6919.9999999999545,6049.9999999999545,9795.00000000007,8925.00000000007,12419.999999999727,11549.999999999727,-2242.500000000068,-3112.500000000068,-7270.625000000568,-8140.625000000568
index level,5,3,sel,20053004,10,112.0,117029.5,87000.0,112529.5,82500.0,118129.50000000003,88100.00000000003,110929.50000000009,80900.00000000009,96679.50000000044,66650.00000000044,74342.00000000045,44312.50000000045,41423.25000000029,11393.750000000291,-2214.249999999749,-32243.74999999975
index level,5,3,sel,20053005,9,112.0,56315.5,45000.0,55715.50000000004,44400.00000000004,49015.49999999982,37699.99999999982,45015.500000000044,33700.000000000044,37090.50000000026,25775.000000000262,24828.00000000016,13512.50000000016,9959.250000000126,-1356.2499999998745,-16984.500000000182,-28300.000000000182
index level,5,3,sel,20053006,8,112.0,-99144.0,-49500.0,-109344.0000000001,-59700.0000000001,-111143.99999999983,-61499.999999999825,-114993.99999999991,-65349.99999999991,-109194.00000000006,-59550.00000000006,-92269.00000000012,-42625.00000000012,-57825.24999999998,-8181.249999999978,8674.749999999913,58318.74999999991
index level,5,3,sel,20053007,9,112.0,-75035.0,-48000.0,-76234.99999999994,-49199.99999999994,-79234.99999999977,-52199.99999999977,-82434.99999999991,-55399.99999999991,-75809.99999999997,-48774.99999999997,-60647.499999999956,-33612.499999999956,-15678.74999999984,11356.25000000016,77052.49999999981,104087.49999999981
index level,5,3,sel,20053008,9,112.0,19068.5,24000.0,19368.50000000007,24300.00000000007,14968.499999999978,19899.999999999978,11368.500000000524,16300.000000000524,15493.499999999669,20424.99999999967,7705.999999999762,12637.499999999762,8287.25,13218.75,9856.000000000022,14787.500000000022
index level,5,3,sel,20053009,8,112.0,95791.0,70500.0,90090.99999999972,64799.99999999972,85091.00000000001,59800.000000000015,77690.99999999991,52399.99999999991,70341.00000000029,45050.00000000029,54103.500000000226,28812.500000000226,22509.75000000006,-2781.249999999942,-32855.87500000002,-58146.87500000002
index level,5,3,sel,20053010,9,112.0,-12994.0,-1500.0,-9093.999999999796,2400.0000000002037,-12093.999999999796,-599.9999999997963,-13594.000000000136,-2100.0000000001364,-14168.999999999955,-2674.9999999999545,-12544.000000000238,-1050.0000000002383,-4231.4999999996135,7262.5000000003865,21839.431603773533,33333.43160377353
index level,5,3,sel,20053011,10,112.0,-62108.0,-21000.0,-69008.00000000003,-27900.00000000003,-68008.00000000009,-26900.000000000087,-71558.0000000001,-30450.000000000102,-68933.0000000001,-27825.000000000102,-58495.500000000044,-17387.500000000044,-37145.50000000002,3962.499999999978,9323.24999999992,50431.24999999992
index level,5,3,rep,20053500,10,112.0,-41939.0,3000.0,-49438.999999999825,-4499.999999999825,-51138.99999999982,-6199.999999999818,-58389.000000000044,-13450.000000000044,-63039.00000000008,-18100.00000000008,-56364.00000000018,-11425.000000000182,-48426.49999999972,-3487.4999999997235,-54182.750000000546,-9243.750000000546
index level,5,3,rep,20053501,8,112.0,-2182.0,-9000.0,5918.000000000136,-899.9999999998636,3618.000000000182,-3199.999999999818,1467.99999999992,-5350.00000000008,3243.000000000182,-3574.999999999818,5105.500000000023,-1712.4999999999773,20874.250000000262,14056.250000000262,69300.00431034478,62482.00431034478
index level,5,3,rep,20053502,10,112.0,-9017.0,7500.0,-7517.000000000171,8999.999999999829,-15217.00000000033,1299.9999999996708,-19716.999999999818,-3199.999999999818,-19292.000000000033,-2775.0000000000327,-15216.999999999989,1300.000000000011,-5116.999999999965,11400.000000000035,17132.999999999753,33649.99999999975
index level,5,3,rep,20053503,10,112.0,-202142.0,-94500.0,-188042.00000000003,-80400.00000000003,-183642.00000000012,-76000.00000000012,-182841.99999999983,-75199.99999999983,-172842.00000000006,-65200.00000000006,-148041.9999999999,-40399.99999999991,-71048.25000000029,36593.74999999971,70745.49999999977,178387.49999999977
index level,5,3,rep,20053504,8,112.0,69202.0,46500.0,61401.99999999993,38699.99999999993,54102.00000000026,31400.000000000266,47402.000000000044,24700.000000000047,43176.999999999796,20474.9999999998,35002.00000000023,12300.000000000236,18039.499999999975,-4662.500000000022,-12026.125000000091,-34728.12500000009
index level,5,3,rep,20053505,9,112.0,-36720.0,-31500.0,-28319.999999999967,-23099.999999999967,-28120.00000000015,-22900.00000000015,-30070.00000000008,-24850.00000000008,-27845.00000000006,-22625.00000000006,-21969.99999999994,-16749.99999999994,-9801.250000000011,-4581.250000000011,32945.624999999694,38165.624999999694
index level,5,3,rep,20053506,9,112.0,200325.5,177000.0,202125.5000000004,178800.0000000004,189525.50000000026,166200.00000000026,177825.5,154500.0,152550.4999999998,129224.9999999998,108775.50000000004,85450.00000000004,39550.49999999991,16224.999999999913,-119861.99999999971,-143187.4999999997
index level,5,3,rep,20053507,9,112.0,9472.999999999998,22500.0,7072.999999999965,20099.999999999967,15172.999999999929,28199.99999999993,12823.00000000002,25850.000000000022,7697.999999999907,20724.99999999991,1010.4999999996799,14037.499999999682,-1414.499999999991,11612.500000000011,966.7499999999764,13993.749999999978
index level,5,3,rep,20053508,8,112.0,-17299.5,3000.0,-21499.49999999993,-1199.9999999999309,-19199.50000000015,1099.9999999998508,-21599.49999999984,-1299.99999999984,-18699.49999999992,1600.00000000008,-18086.999999999967,2212.5000000000327,-9512.000000000091,10787.499999999909,13187.999999999898,33487.4999999999
index level,5,3,rep,20053509,8,112.0,-344.9999999999982,-13500.0,10455.00000000007,-2699.9999999999327,9254.999999999967,-3900.0000000000346,6204.999999999843,-6950.000000000159,8455.000000000184,-4699.999999999818,10880.000000000195,-2274.999999999807,17129.999999999967,3974.9999999999654,81807.31741573036,68652.31741573036
index level,5,3,rep,20053510,9,112.0,77624.0,22499.999999999993,75524.00000000038,20400.00000000037,68324.00000000012,13200.00000000011,63674.00000000007,8550.000000000065,56123.99999999995,999.9999999999418,48261.50000000028,-6862.499999999731,46567.750000000204,-8556.249999999804,47783.37499999974,-7340.625000000269
index level,5,3,rep,20053511,9,112.0,117879.0,67500.0,112778.99999999985,62399.999999999854,105379.00000000012,55000.00000000012,98278.99999999991,47899.99999999991,88104.0000000003,37725.000000000306,73191.50000000023,22812.500000000233,57610.25000000016,7231.25000000016,36975.874999999956,-13403.125000000044
index level,11,0,sel,20110000,10,83.0,21842.5,70500.0,24842.499999999665,73499.99999999967,20642.500000000073,69300.00000000007,9042.500000000044,57700.000000000044,-10057.500000000487,38599.99999999951,-32857.50000000022,15799.999999999782,-37501.24999999949,11156.25000000051,-65123.12499999982,-16465.624999999818
index level,11,0,sel,20110001,10,83.0,-90556.0,33000.0,-87555.99999999983,36000.000000000175,-95255.99999999999,28300.000000000015,-104806.0,18750.0,-120656.00000000025,2899.9999999997526,-122630.99999999999,925.0000000000146,-93874.74999999997,29681.25000000003,-55568.5000000001,67987.4999999999
index level,11,0,sel,20110002,11,83.0,109855.5,72000.0,103555.49999999993,65699.99999999993,99155.50000000001,61300.000000000015,89705.50000000009,51850.00000000009,64405.50000000007,26550.000000000073,56642.999999999796,18787.499999999796,80105.50000000012,42250.00000000012,120712.0087579616,82856.5087579616
index level,11,0,sel,20110003,10,83.0,220956.5,124500.0,219756.5000000004,123300.00000000041,206356.49999999997,109899.99999999997,185956.50000000012,89500.00000000012,156156.49999999994,59699.99999999994,125869.00000000003,29412.50000000003,107762.74999999987,11306.249999999869,48259.62500000048,-48196.87499999952
index level,11,0,sel,20110004,12,83.0,-3557.5,81000.0,-5357.500000000073,79199.99999999993,-15757.500000000335,68799.99999999967,-26557.5000000004,57999.9999999996,-51832.50000000026,32724.999999999738,-66095.00000000025,18462.499999999753,-54201.25000000024,30356.24999999976,-51041.875,33515.625
index level,11,0,sel,20110005,10,83.0,40163.5,73500.0,41363.49999999977,74699.99999999977,35563.49999999958,68899.99999999958,26363.49999999976,59699.99999999976,1888.5000000001965,35225.0000000002,-15411.49999999993,17925.00000000007,-13342.750000000535,19993.749999999465,-25027.12500000001,8309.374999999989
index level,11,0,sel,20110006,9,83.0,18807.5,46500.0,20607.499999999724,48299.99999999972,15807.5,43500.0,5507.499999999818,33199.99999999982,-15992.500000000238,11699.999999999762,-21455.00000000022,6237.499999999782,1876.2499999999673,29568.749999999967,34129.37499999992,61821.87499999992
index level,11,0,sel,20110007,9,83.0,57537.5,61500.0,60537.49999999966,64499.99999999966,57737.49999999982,61699.99999999982,48987.50000000028,52950.00000000028,25987.500000000044,29950.000000000044,9499.999999999864,13462.499999999864,7912.500000000113,11875.000000000113,-18600.00000000016,-14637.50000000016
index level,11,0,sel,20110008,10,83.0,177720.5,85500.0,181620.4999999997,89399.99999999971,178820.50000000003,86600.00000000003,167270.50000000012,75050.00000000012,142995.5000000002,50775.000000000204,119132.99999999991,26912.499999999913,105814.25,13593.75,74307.99999999991,-17912.500000000087
index level,11,0,sel,20110009,10,83.0,408362.5,198000.0,399062.50000000023,188700.00000000023,374362.50000000023,164000.00000000023,342212.4999999994,131849.99999999942,296562.4999999997,86199.99999999971,255000.00000000017,44637.500000000175,178343.7499999997,-32018.75000000029,-17225.000000000204,-227587.5000000002
index level,11,0,sel,20110010,11,83.0,202007.5,118500.0,195107.50000000012,111600.00000000012,186207.4999999997,102699.99999999971,167557.50000000047,84050.00000000047,130082.5000000001,46575.0000000001,98282.50000000003,14775.00000000003,80613.74999999999,-2893.7500000000146,31026.25000000024,-52481.24999999976
index level,11,0,sel,20110011,10,83.0,101998.0,87000.0,104098.00000000081,89100.00000000081,90798.00000000029,75800.00000000029,76397.99999999991,61399.99999999991,52348.00000000048,37350.00000000048,31722.999999999454,16724.999999999454,20760.499999999876,5762.499999999876,-31211.374999999964,-46209.37499999996
index level,11,0,rep,20110500,11,83.0,392095.0,162000.0,391195.0000000001,161100.00000000012,365594.9999999999,135499.99999999988,341544.9999999996,111449.99999999959,304594.99999999994,74499.99999999994,270482.5000000001,40387.50000000012,222026.2500000001,-8068.749999999913,85416.53518123663,-144678.46481876337
index level,11,0,rep,20110501,10,83.0,185065.5,94500.0,173365.49999999988,82799.99999999988,164865.49999999977,74299.99999999977,157415.4999999999,66849.99999999991,136915.49999999997,46349.99999999997,113352.99999999991,22787.499999999913,108059.25000000003,17493.75000000003,80216.37616822422,-10349.123831775782
index level,11,0,rep,20110502,10,83.0,-102195.5,60000.0,-109395.5000000001,52799.9999999999,-116295.50000000015,45899.999999999854,-124145.49999999999,38050.000000000015,-150045.49999999997,12150.00000000003,-154070.50000000006,8124.999999999942,-106270.50000000004,55924.999999999956,-35826.75000000007,126368.74999999993
index level,11,0,rep,20110503,11,83.0,-60610.5,73500.0,-64510.499999999694,69600.0000000003,-66210.50000000003,67899.99999999997,-72310.5000000001,61799.9999999999,-99885.49999999958,34225.00000000042,-109772.99999999997,24337.50000000003,-81829.24999999988,52281.25000000012,-43194.87500000003,90915.62499999997
index level,11,0,rep,20110504,11,83.0,184127.5,123000.0,182327.5000000003,121200.00000000029,168527.49999999988,107399.99999999988,150277.50000000044,89150.00000000044,116402.49999999985,55274.999999999854,81940.00000000017,20812.500000000175,27708.749999999956,-33418.750000000044,-77666.24999999988,-138793.74999999988
index level,11,0,rep,20110505,12,83.0,90250.5,132000.0,87550.49999999972,129299.99999999972,71750.49999999977,113499.99999999977,55550.500000000015,97300.00000000001,19025.499999999804,60774.9999999998,-7187.0000000004,34562.4999999996,-9268.249999999956,32481.250000000044,-47927.62499999996,-6178.124999999964
index level,11,0,rep,20110506,12,83.0,284057.5,112500.0,283757.5000000001,112200.00000000012,267257.5000000001,95700.00000000012,248357.49999999988,76799.99999999988,218807.49999999983,47249.999999999825,195620.00000000012,24062.500000000116,178238.7499999998,6681.249999999796,144963.74999999988,-26593.750000000116
index level,11,0,rep,20110507,9,83.0,14985.0,43500.0,17684.999999999935,46199.999999999935,20185.00000000022,48700.00000000022,14685.000000000102,43200.0000000001,-2414.9999999996944,26100.000000000306,-16077.499999999887,12437.500000000113,-16758.74999999986,11756.250000000138,-17021.249999999964,11493.750000000036
index level,11,0,rep,20110508,10,83.0,98500.5,66000.0,97900.50000000003,65400.00000000003,90600.50000000003,58100.00000000003,81850.5000000003,49350.000000000306,61450.49999999993,28949.999999999927,42438.0,9937.5,37775.49999999998,5274.999999999978,32725.499999999967,224.99999999996726
index level,11,0,rep,20110509,12,83.0,220074.5,112500.0,213774.49999999994,106199.99999999994,199374.49999999988,91799.99999999988,186374.49999999994,78799.99999999994,157299.50000000015,49725.000000000146,134574.49999999983,26999.999999999825,127680.75000000022,20106.25000000022,108118.24999999993,543.7499999999272
index level,11,0,rep,20110510,11,83.0,-121859.5,55500.0,-128759.5000000002,48599.999999999796,-132359.5,45000.0,-137759.49999999985,39600.000000000146,-164484.5000000003,12874.999999999709,-168721.99999999983,8637.500000000175,-123984.49999999994,53375.00000000006,-73972.00000000023,103387.49999999977
index level,11,0,rep,20110511,11,83.0,153471.5,99000.0,147171.5000000003,92700.00000000029,135771.49999999956,81299.99999999956,123421.50000000004,68950.00000000004,96846.5,42375.0,73646.49999999962,19174.99999999962,64777.74999999975,10306.249999999753,32261.730582524542,-22209.769417475458
index level,11,1,sel,20111000,11,85.0,8620.5,13500.0,2620.500000000341,7500.000000000341,1420.5000000002383,6300.000000000238,-4729.500000000307,149.9999999996926,-8879.500000000284,-4000.0000000002838,-7154.500000000489,-2275.0000000004893,-4116.999999999671,762.5000000003292,-8348.250000000171,-3468.750000000171
index level,11,1,sel,20111001,10,85.0,24235.5,13500.0,29635.500000000033,18900.000000000033,30235.5,19500.0,25535.49999999984,14799.99999999984,19010.499999999978,8274.999999999978,16660.50000000007,5925.000000000069,24748.000000000044,14012.500000000044,45924.989822547046,35189.489822547046
index level,11,1,sel,20111002,11,85.0,-15440.0,3000.0,-10940.000000000171,7499.999999999829,-15639.999999999476,2800.000000000524,-19340.000000000375,-900.0000000003747,-24839.999999999978,-6399.999999999978,-24115.000000000295,-5675.000000000295,-22796.250000000557,-4356.250000000557,-32230.62499999986,-13790.624999999862
index level,11,1,sel,20111003,12,85.0,165988.0,114000.0,156387.99999999988,104399.99999999988,146488.0,94500.0,133788.00000000012,81800.00000000012,116738.00000000012,64750.00000000012,85725.50000000017,33737.500000000175,37419.24999999986,-14568.750000000138,-62658.87499999997,-114646.87499999997
index level,11,1,sel,20111004,12,85.0,208248.5,144000.0,204348.50000000015,140100.00000000015,191548.49999999965,127299.99999999965,173548.49999999983,109299.99999999983,148573.50000000006,84325.00000000006,103486.00000000012,39237.50000000012,27442.249999999964,-36806.25000000004,-111829.62499999994,-176078.12499999994
index level,11,1,sel,20111005,10,85.0,24418.0,25500.0,21717.999999999898,22799.999999999898,17418.00000000006,18500.00000000006,14567.99999999992,15649.99999999992,12768.000000000193,13850.000000000193,8793.000000000056,9875.000000000056,13580.499999999965,14662.499999999965,20249.250000000124,21331.250000000124
index level,11,1,sel,20111006,11,85.0,82081.0,66000.0,78180.99999999996,62099.999999999956,80981.00000000065,64900.000000000655,73080.99999999983,56999.999999999825,56555.999999999854,40474.999999999854,37418.49999999986,21337.49999999986,2781.0000000003274,-13299.99999999967,-75237.74999999974,-91318.74999999974
index level,11,1,sel,20111007,10,85.0,114913.0,99000.0,116713.00000000023,100800.00000000023,106212.99999999972,90299.99999999972,96462.99999999956,80549.99999999956,79288.00000000017,63375.000000000175,46400.50000000007,30487.500000000073,2281.7499999996926,-13631.250000000307,-103124.49999999985,-119037.49999999985
index level,11,1,sel,20111008,11,85.0,23796.5,25500.0,20196.500000000033,21900.000000000033,13796.500000000056,15500.000000000056,8996.499999999989,10699.999999999989,2071.500000000489,3775.000000000489,3121.5000000002165,4825.0000000002165,10409.00000000007,12112.50000000007,29746.499999999705,31449.999999999705
index level,11,1,sel,20111009,11,85.0,-13106.5,7500.0,-11306.49999999993,9300.00000000007,-12106.499999999887,8500.000000000113,-16856.500000000342,3749.999999999658,-21781.499999999614,-1174.9999999996144,-23468.999999999956,-2862.4999999999563,-21125.249999999956,-518.7499999999563,-41193.99999999986,-20587.49999999986
index level,11,1,sel,20111010,11,85.0,11272.0,22500.0,5272.0,16500.0,2171.99999999992,13399.99999999992,-1978.0000000000564,9249.999999999944,-5978.0,5250.0,-2315.49999999992,8912.50000000008,20665.75000000024,31893.75000000024,58822.00000000007,70050.00000000007
index level,11,1,sel,20111011,11,85.0,14732.0,15000.0,22232.0,22500.0,22031.99999999984,22299.99999999984,15432.000000000045,15700.000000000045,14307.000000000045,14575.000000000045,11431.999999999762,11699.999999999762,29882.000000000033,30150.000000000033,73959.24654377885,74227.24654377885
index level,11,1,rep,20111500,12,85.0,-22900.5,-7500.0,-20800.49999999986,-5399.999999999862,-19900.49999999983,-4499.999999999829,-27900.50000000006,-12500.000000000058,-29250.500000000022,-13850.000000000022,-18175.499999999523,-2774.9999999995234,9468.25000000015,24868.75000000015,65312.00000000009,80712.50000000009
index level,11,1,rep,20111501,10,85.0,-40819.5,-18000.0,-47419.49999999997,-24599.99999999997,-46819.499999999825,-23999.999999999825,-47569.5,-24750.0,-43369.4999999999,-20549.999999999898,-30756.99999999994,-7937.499999999942,2243.0000000003965,25062.500000000397,64567.999999999985,87387.49999999999
index level,11,1,rep,20111502,11,85.0,53546.0,48000.0,55345.9999999999,49799.9999999999,51446.00000000004,45900.00000000004,38496.000000000044,32950.000000000044,26245.99999999976,20699.99999999976,21958.50000000025,16412.50000000025,29514.74999999994,23968.74999999994,37899.12500000003,32353.12500000003
index level,11,1,rep,20111503,11,85.0,85703.5,70500.0,79403.49999999994,64199.99999999994,74303.4999999998,59099.999999999796,65703.49999999994,50499.99999999994,54453.50000000012,39250.00000000012,36178.499999999854,20974.999999999854,17459.74999999991,2256.249999999909,-33378.15479274612,-48581.65479274612
index level,11,1,rep,20111504,10,85.0,26712.5,25500.0,23412.49999999993,22199.99999999993,20212.49999999994,18999.99999999994,16112.49999999992,14899.99999999992,9962.500000000227,8750.000000000227,7262.5000000001255,6050.0000000001255,11293.750000000126,10081.250000000126,24190.625000000033,22978.125000000033
index level,11,1,rep,20111505,9,85.0,28316.0,33000.0,30416.00000000014,35100.00000000014,26115.999999999785,30799.999999999785,19616.00000000007,24300.00000000007,8190.999999999887,12874.999999999887,-2108.9999999999545,2575.0000000000455,-10965.25,-6281.25,-38563.79166666662,-33879.79166666662
index level,11,1,rep,20111506,12,85.0,-18143.0,-1500.0,-14543.000000000204,2099.9999999997963,-17742.99999999985,-1099.9999999998508,-18942.999999999956,-2299.9999999999563,-18543.00000000015,-1900.0000000001492,-13467.999999999647,3175.000000000353,6532.00000000024,23175.00000000024,42850.749999999694,59493.749999999694
index level,11,1,rep,20111507,12,85.0,40496.5,52500.0,27596.50000000014,39600.00000000014,20696.500000000102,32700.000000000102,11496.500000000113,23500.000000000113,4671.500000000011,16675.00000000001,-5141.000000000273,6862.499999999727,-9578.50000000033,2424.9999999996708,-21175.374999999716,-9171.874999999716
index level,11,1,rep,20111508,11,85.0,148519.0,106500.0,142818.9999999997,100799.99999999971,129418.99999999997,87399.99999999997,114819.00000000064,72800.00000000064,94419.00000000044,52400.00000000044,66468.99999999993,24449.999999999927,8894.000000000116,-33124.99999999988,-119868.50000000026,-161887.50000000026
index level,11,1,rep,20111509,12,85.0,-122472.5,-61500.00000000001,-117972.50000000016,-57000.00000000017,-115472.50000000006,-54500.000000000065,-118172.49999999997,-57199.99999999998,-109897.50000000017,-48925.00000000018,-81834.99999999994,-20862.49999999995,-17853.749999999905,43118.75000000009,105521.25000000026,166493.75000000026
index level,11,1,rep,20111510,12,85.0,-7701.0,4500.0,-13700.999999999829,-1499.999999999829,-13000.999999999955,-799.9999999999545,-17751.00000000024,-5550.00000000024,-18825.99999999994,-6624.999999999942,-14150.99999999993,-1949.9999999999309,5167.749999999807,17368.749999999807,38095.87499999983,50296.87499999983
index level,11,1,rep,20111511,12,85.0,-78108.5,-49500.0,-73008.50000000003,-44400.00000000003,-74908.50000000001,-46300.000000000015,-74658.4999999999,-46049.9999999999,-67808.50000000016,-39200.00000000016,-51171.000000000284,-22562.500000000284,-558.5000000002728,28049.999999999727,98185.25000000004,126793.75000000004
index level,11,2,sel,20112000,15,72.0,275906.0,157500.0,270806.00000000023,152400.00000000023,250805.99999999965,132399.99999999965,231605.99999999936,113199.99999999936,188256.00000000023,69850.00000000023,151068.50000000015,32662.500000000146,117218.49999999988,-1187.5000000001164,28596.62500000013,-89809.37499999987
index level,11,2,sel,20112001,15,72.0,-64422.0,106500.0,-71921.99999999983,99000.00000000017,-77621.99999999977,93300.00000000023,-96271.99999999985,74650.00000000015,-135447.0000000002,35474.999999999796,-142296.99999999994,28625.00000000006,-105628.25000000012,65293.74999999988,-48675.12499999978,122246.87500000022
index level,11,2,sel,20112002,14,72.0,372506.0,157499.99999999997,368605.9999999998,153599.9999999998,352706.0000000001,137700.0000000001,325856.0,110849.99999999997,280355.99999999994,65349.99999999991,249118.50000000006,34112.50000000003,216530.99999999983,1524.9999999997963,161175.5833333332,-53830.41666666683
index level,11,2,sel,20112003,15,72.0,170850.5,141000.0,154650.50000000006,124800.00000000006,138350.50000000023,108500.00000000023,120750.5000000002,90900.0000000002,84150.50000000041,54300.00000000041,55675.49999999936,25824.999999999363,42631.74999999954,12781.249999999545,-4115.124999999596,-33965.62499999959
index level,11,2,sel,20112004,13,72.0,116795.0,124500.0,117695.00000000003,125400.00000000003,106694.99999999997,114399.99999999997,83095.00000000013,90800.00000000013,44819.99999999998,52524.99999999998,15182.499999999989,22887.49999999999,-7567.4999999996135,137.50000000038654,-63973.750000000065,-56268.750000000065
index level,11,2,sel,20112005,15,72.0,261034.0,117000.0,264934.0,120900.0,252734.00000000006,108700.00000000006,232784.00000000047,88750.00000000047,198534.00000000023,54500.00000000023,163933.9999999998,19899.999999999796,138009.0000000002,-6024.999999999796,76707.61111111182,-67326.38888888818
index level,11,2,sel,20112006,13,72.0,-134616.0,79500.0,-136115.99999999983,78000.00000000017,-146716.00000000006,67399.99999999994,-159916.0,54200.0,-192566.00000000017,21549.999999999825,-191478.49999999994,22637.50000000006,-142659.75000000012,71456.24999999988,-60356.62500000032,153759.37499999968
index level,11,2,sel,20112007,14,72.0,425546.0,195000.0,412945.9999999999,182399.99999999988,384646.00000000035,154100.00000000035,353246.0000000003,122700.00000000029,303221.0000000004,72675.00000000041,263020.9999999995,32474.999999999476,188527.24999999942,-42018.75000000058,30283.499999999854,-200262.50000000015
index level,11,2,sel,20112008,15,72.0,-20781.0,117000.0,-24381.00000000013,113399.99999999987,-35581.000000000015,102199.99999999999,-56231.000000000335,81549.99999999967,-93806.00000000026,43974.99999999974,-108768.50000000012,29012.499999999884,-83949.74999999959,53831.25000000041,-53315.37499999945,84465.62500000055
index level,11,2,sel,20112009,13,72.0,322552.0,169500.0,315351.99999999977,162299.99999999977,295852.0000000004,142800.0000000004,269502.0000000002,116450.00000000017,224851.99999999983,71799.99999999983,187189.5,34137.5,149908.25000000006,-3143.749999999942,75136.37500000013,-77915.62499999987
index level,11,2,sel,20112010,14,72.0,-54067.0,115500.0,-52866.9999999999,116700.0000000001,-70766.99999999983,98800.00000000017,-90567.00000000006,78999.99999999994,-128741.99999999996,40825.000000000044,-141954.5000000002,27612.499999999796,-117123.24999999985,52443.750000000146,-87426.37500000006,82140.62499999994
index level,11,2,sel,20112011,14,72.0,384300.0,214500.0,365700.00000000023,195900.00000000023,341399.99999999977,171599.99999999977,304899.9999999999,135099.99999999988,248900.00000000035,79100.00000000035,210650.00000000035,40850.00000000035,158237.5000000008,-11562.499999999214,33821.87500000026,-135978.12499999974
index level,11,2,rep,20112500,12,72.0,174524.0,139500.0,165824.00000000023,130800.00000000023,151723.99999999994,116699.99999999994,128223.99999999983,93199.99999999983,90998.99999999974,55974.99999999974,65086.500000000284,30062.500000000284,38280.249999999854,3256.2499999998545,-22332.249999999935,-57356.249999999935
index level,11,2,rep,20112501,12,72.0,10365.0,84000.0,12765.00000000003,86400.00000000003,-534.9999999998108,73100.00000000019,-15785.000000000087,57849.99999999991,-46735.00000000025,26899.999999999753,-59772.499999999985,13862.500000000015,-50241.25000000022,23393.74999999978,-49706.87499999981,23928.12500000019
index level,11,2,rep,20112502,14,72.0,290137.0,156000.0,285336.9999999996,151199.9999999996,267037.00000000035,132900.00000000035,242587.00000000044,108450.00000000044,200712.00000000017,66575.00000000017,167424.4999999999,33287.49999999991,127811.99999999996,-6325.000000000044,29355.7499999992,-104781.2500000008
index level,11,2,rep,20112503,12,72.0,184350.0,142500.0,179250.00000000055,137400.00000000055,166049.99999999994,124199.99999999994,142800.00000000044,100950.00000000044,104400.00000000006,62550.00000000006,71162.50000000012,29312.500000000116,34400.000000000124,-7449.999999999876,-42556.25000000023,-84406.25000000023
index level,11,2,rep,20112504,12,72.0,210766.5,148500.0,202066.49999999956,139799.99999999956,187166.49999999997,124899.99999999997,165316.49999999988,103049.99999999988,124516.5,62250.0,93153.99999999953,30887.499999999534,57491.50000000025,-4774.999999999753,-23411.62500000048,-85678.12500000048
index level,11,2,rep,20112505,12,72.0,176495.5,100500.0,172895.4999999997,96899.99999999971,161895.50000000015,85900.00000000015,148795.5000000003,72800.00000000029,119245.50000000023,43250.00000000023,99932.99999999988,23937.499999999884,97695.50000000004,21700.000000000044,93495.49999999977,17499.999999999767
index level,11,2,rep,20112506,12,72.0,-22039.0,90000.0,-22939.00000000003,89099.99999999997,-31039.0,81000.0,-45639.000000000364,66399.99999999964,-78014.00000000009,34024.99999999991,-83926.49999999999,28112.500000000015,-51207.75000000016,60831.24999999984,-167.12499999989814,111871.8750000001
index level,11,2,rep,20112507,12,72.0,289216.0,174000.0,283815.9999999994,168599.99999999942,263215.99999999977,147999.99999999977,235715.99999999988,120499.99999999988,194790.9999999996,79574.99999999959,157653.49999999994,42437.49999999994,117615.9999999997,2399.9999999996944,32825.37499999994,-82390.62500000006
index level,11,2,rep,20112508,11,72.0,115772.5,100500.0,115772.50000000033,100500.00000000033,103272.50000000012,88000.00000000012,84372.49999999956,69099.99999999956,51647.5,36375.0,30834.999999999658,15562.499999999658,24547.50000000009,9275.000000000091,-13164.999999999887,-28437.499999999887
index level,11,2,rep,20112509,12,72.0,237893.5,112500.0,242693.4999999997,117299.99999999971,233093.5000000003,107700.00000000029,217343.50000000012,91950.00000000012,182943.4999999995,57549.999999999505,149643.4999999996,24249.999999999593,124437.24999999993,-956.2500000000728,74315.37500000029,-51078.12499999971
index level,11,2,rep,20112510,13,72.0,376111.0,133500.0,362611.0,120000.0,343411.00000000006,100800.00000000006,326611.0,84000.0,293710.99999999977,51099.99999999977,270136.00000000006,27525.00000000006,248511.0000000001,5900.000000000087,222782.875,-19828.125
index level,11,2,rep,20112511,12,72.0,36904.99999999999,91500.0,41105.00000000027,95700.00000000028,30104.9999999997,84699.99999999971,17555.000000000546,72150.00000000055,-12270.000000000306,42324.9999999997,-33257.49999999997,21337.500000000036,-35313.750000000065,19281.24999999994,-48300.05617977518,6294.9438202248275
index level,11,3,sel,20113000,8,112.0,-110701.0,-60000.0,-111001.00000000006,-60300.00000000006,-115901.00000000004,-65200.000000000044,-121601.00000000015,-70900.00000000015,-116650.99999999971,-65949.99999999971,-98751.00000000012,-48050.00000000012,-25019.750000000422,25681.249999999578,111570.87500000015,162271.87500000015
index level,11,3,sel,20113001,8,112.0,69754.5,49500.0,67054.50000000023,46800.00000000023,60554.50000000018,40300.00000000018,51754.49999999966,31499.999999999658,41929.50000000007,21675.000000000073,33717.000000000204,13462.500000000204,17285.749999999545,-2968.7500000004547,-19308.0,-39562.5
index level,11,3,sel,20113002,8,112.0,-26587.0,3000.0,-27186.999999999967,2400.0000000000327,-29187.000000000022,399.9999999999782,-32537.000000000044,-2950.0000000000437,-33911.999999999985,-4324.999999999985,-31649.50000000017,-2062.500000000171,-21936.999999999964,7650.000000000036,-8465.124999999898,21121.875000000102
index level,11,3,sel,20113003,10,112.0,55711.0,37500.0,57510.9999999999,39299.9999999999,58211.000000000284,40000.000000000284,50311.00000000014,32100.00000000014,40411.0000000001,22200.000000000102,30223.499999999818,12012.499999999818,23267.24999999975,5056.249999999749,15020.375000000045,-3190.6249999999545
index level,11,3,sel,20113004,9,112.0,7180.0,24000.0,5680.000000000171,22500.00000000017,7780.000000000138,24600.00000000014,3479.9999999999563,20299.999999999956,1954.9999999999782,18774.999999999978,-3794.999999999909,13025.000000000091,-1744.9999999998981,15075.000000000102,8392.500000000091,25212.50000000009
index level,11,3,sel,20113005,10,112.0,87702.0,52500.0,87701.99999999983,52499.999999999825,81601.99999999991,46399.99999999991,73402.00000000004,38200.000000000044,64702.00000000012,29500.000000000116,52777.000000000044,17575.000000000044,39127.00000000018,3925.000000000182,15586.374999999636,-19615.625000000364
index level,11,3,sel,20113006,8,112.0,-51370.5,-30000.0,-48370.500000000175,-27000.000000000175,-47170.4999999999,-25799.999999999898,-47970.499999999854,-26599.999999999854,-45870.50000000006,-24500.00000000006,-38020.49999999986,-16649.99999999986,-13551.750000000204,7818.749999999796,46395.12500000006,67765.62500000006
index level,11,3,sel,20113007,9,112.0,136616.0,97500.0,126415.9999999999,87299.9999999999,121716.00000000007,82600.00000000007,113516.0000000002,74400.0000000002,100565.99999999971,61449.99999999971,78641.00000000038,39525.00000000038,42347.25000000022,3231.2500000002183,-42158.99999999975,-81274.99999999975
index level,11,3,sel,20113008,9,112.0,183242.5,109500.0,179342.4999999998,105599.9999999998,172442.49999999994,98699.99999999994,163742.49999999983,89999.99999999983,145892.50000000003,72150.00000000003,116967.50000000009,43225.00000000009,75505.0000000001,1762.5000000001019,14111.250000000087,-59631.24999999991
index level,11,3,sel,20113009,9,112.0,-4847.0,12000.0,-7247.000000000546,9599.999999999454,-10546.99999999993,6300.000000000069,-15497.000000000375,1349.9999999996253,-16296.999999999818,550.0000000001819,-15959.499999999955,887.5000000000455,-18997.00000000009,-2150.000000000091,-35956.37500000039,-19109.375000000393
index level,11,3,sel,20113010,9,112.0,-72201.5,-37500.0,-71001.50000000006,-36300.00000000006,-70401.49999999994,-35699.99999999994,-70501.50000000001,-35800.000000000015,-67151.49999999983,-32449.999999999825,-54251.500000000124,-19550.000000000124,-11463.999999999989,23237.50000000001,71026.62499999997,105728.12499999997
index level,11,3,sel,20113011,8,112.0,47746.5,28500.0,46546.50000000007,27300.000000000073,41146.50000000003,21900.00000000003,35246.50000000012,16000.000000000116,30896.499999999978,11649.999999999978,26308.999999999716,7062.499999999716,23796.500000000124,4550.000000000124,24758.99999999976,5512.49999999976
index level,11,3,rep,20113500,10,112.0,-143030.0,-67500.0,-143629.99999999997,-68099.99999999997,-139130.00000000015,-63600.000000000146,-136280.0,-60750.0,-131405.00000000017,-55875.000000000175,-113267.50000000012,-37737.50000000012,-67061.24999999994,8468.750000000058,26095.000000000175,101625.00000000017
index level,11,3,rep,20113501,10,112.0,-73568.5,-30000.0,-78968.50000000003,-35400.00000000003,-81868.49999999996,-38299.999999999956,-85818.50000000012,-42250.00000000012,-83393.49999999977,-39824.99999999977,-68205.99999999993,-24637.499999999927,-31043.499999999964,12525.000000000036,50113.40892484342,93681.90892484342
index level,11,3,rep,20113502,9,112.0,2819.5,16500.0,1319.499999999658,14999.999999999658,-2780.500000000022,10899.999999999978,-6480.500000000238,7199.999999999762,-10905.499999999965,2775.0000000000346,-13005.500000000273,674.9999999997272,-17711.75000000017,-4031.250000000171,-43092.999999999854,-29412.499999999854
index level,11,3,rep,20113503,9,112.0,-53550.0,-15000.0,-52649.99999999996,-14099.999999999964,-47749.99999999982,-9199.999999999818,-51149.99999999962,-12599.999999999622,-51874.999999999476,-13324.999999999476,-47449.99999999992,-8899.99999999992,-32581.250000000226,5968.749999999774,-12893.749999999374,25656.250000000626
index level,11,3,rep,20113504,9,112.0,3342.5,1500.0,3642.4999999998977,1799.9999999998977,3942.4999999997954,2099.9999999997954,542.5000000001592,-1299.9999999998408,1492.4999999999773,-350.00000000002274,217.49999999994316,-1625.0000000000568,1304.9999999999773,-537.5000000000227,22067.49999999968,20224.99999999968
index level,11,3,rep,20113505,8,112.0,145704.0,123000.0,132804.00000000047,110100.00000000047,117803.99999999945,95099.99999999945,103854.00000000003,81150.00000000003,85453.99999999988,62749.99999999988,59341.5000000001,36637.5000000001,16591.49999999993,-6112.500000000069,-107486.62499999956,-130190.62499999956
index level,11,3,rep,20113506,8,112.0,95467.5,69000.0,98167.50000000028,71700.00000000028,96767.50000000017,70300.00000000017,89117.49999999997,62649.99999999997,78717.49999999988,52249.99999999988,59217.499999999716,32749.999999999716,23717.49999999994,-2750.000000000058,-52623.12500000067,-79090.62500000067
index level,11,3,rep,20113507,10,112.0,102331.0,67500.0,102330.99999999983,67499.99999999983,97830.99999999965,62999.99999999965,88480.99999999997,53649.99999999997,77805.99999999962,42974.99999999962,59531.00000000022,24700.00000000022,27880.99999999984,-6950.00000000016,-25478.374999999935,-60309.374999999935
index level,11,3,rep,20113508,9,112.0,92708.5,69000.0,93608.50000000038,69900.00000000038,90808.50000000019,67100.00000000019,82208.49999999949,58499.99999999949,72858.49999999997,49149.99999999997,55446.00000000012,31737.50000000012,33783.500000000044,10075.000000000047,1302.2500000003383,-22406.249999999658
index level,11,3,rep,20113509,8,112.0,-8032.5,-1500.0,-7132.500000000136,-600.0000000001364,-9432.500000000262,-2900.000000000262,-14532.499999999887,-7999.999999999887,-14707.50000000007,-8175.000000000069,-12194.999999999796,-5662.499999999796,-6126.250000000114,406.2499999998863,6414.374999999864,12946.874999999864
index level,11,3,rep,20113510,9,112.0,32029.0,25500.0,31428.999999999694,24899.999999999694,25729.000000000273,19200.000000000273,23328.999999999898,16799.999999999898,22579.00000000007,16050.00000000007,20666.500000000102,14137.500000000102,20785.249999999738,14256.249999999738,18813.375000000124,12284.375000000124
index level,11,3,rep,20113511,9,112.0,-36316.0,-15000.0,-31215.99999999986,-9899.999999999862,-30115.99999999984,-8799.99999999984,-31465.999999999978,-10149.999999999978,-31716.00000000009,-10400.000000000091,-27453.500000000044,-6137.500000000044,-13778.500000000035,7537.499999999965,26371.500000000116,47687.50000000012
index level,19,0,sel,20190000,11,83.0,-42480.5,54000.0,-37080.50000000014,59399.99999999986,-38380.500000000146,58099.999999999854,-51830.50000000002,44649.99999999998,-72655.50000000035,23824.99999999965,-83355.5,13125.0,-57961.749999999985,38518.750000000015,-29333.62499999981,67146.87500000019
index level,19,0,sel,20190001,11,83.0,30676.0,72000.0,24975.999999999898,66299.9999999999,21276.000000000196,62600.0000000002,13976.000000000015,55300.000000000015,-7374.000000000015,33949.999999999985,-19261.500000000284,22062.499999999716,-2292.749999999942,39031.25000000006,22660.374999999658,63984.37499999966
index level,19,0,sel,20190002,10,83.0,63855.0,64500.0,62955.00000000014,63600.00000000014,60255.00000000004,60900.00000000004,53155.00000000018,53800.00000000018,32779.999999999956,33424.999999999956,16417.49999999983,17062.49999999983,15679.999999999989,16324.999999999989,6639.374999999898,7284.374999999898
index level,19,0,sel,20190003,11,83.0,402453.5,129000.0,400053.5000000001,126600.00000000012,391453.5000000001,118000.00000000012,370203.5000000007,96750.0000000007,333103.49999999965,59649.99999999965,301365.99999999965,27912.49999999965,270597.24999999994,-2856.250000000058,214140.99999999988,-59312.50000000012
index level,19,0,sel,20190004,11,83.0,169961.0,108000.0,166060.99999999997,104099.99999999997,155861.00000000038,93900.00000000038,144511.00000000064,82550.00000000064,115660.99999999959,53699.99999999959,88411.0000000005,26450.000000000495,77611.00000000009,15650.000000000087,37649.78168202769,-24311.218317972307
index level,19,0,sel,20190005,11,83.0,-56185.0,40500.0,-45084.99999999986,51600.00000000014,-55584.99999999986,41100.00000000014,-63884.999999999985,32800.000000000015,-88059.99999999983,8625.000000000175,-90497.49999999967,6187.500000000335,-54653.74999999994,42031.25000000006,-4365.833333333459,92319.16666666654
index level,19,0,sel,20190006,11,83.0,138675.5,153000.0,137175.5,151500.0,132675.50000000035,147000.00000000035,102925.49999999977,117249.99999999977,58350.49999999939,72674.99999999939,24013.000000000087,38337.50000000009,18025.49999999991,32349.99999999991,-36096.37500000002,-21771.875000000022
index level,19,0,sel,20190007,11,83.0,307839.5,153000.0,305739.5,150900.0,288839.50000000006,134000.00000000006,269489.50000000047,114650.00000000047,225964.5000000003,71125.00000000029,189714.50000000017,34875.000000000175,160833.2499999999,5993.749999999913,85973.87500000009,-68865.62499999991
index level,19,0,sel,20190008,11,83.0,73645.5,90000.0,72445.50000000041,88800.00000000041,68545.5000000002,84900.0000000002,56245.49999999997,72599.99999999997,26570.499999999673,42924.99999999967,4695.500000000295,21050.000000000295,2595.499999999818,18949.999999999818,-25776.375000000684,-9421.875000000684
index level,19,0,sel,20190009,9,83.0,58320.0,61500.0,62519.99999999977,65699.99999999977,57620.0000000003,60800.0000000003,48520.000000000044,51700.000000000044,27270.000000000273,30450.000000000273,8844.999999999978,12024.999999999978,14157.500000000091,17337.50000000009,28086.586538461524,31266.586538461524
index level,19,0,sel,20190010,12,83.0,-26437.5,102000.0,-33337.500000000204,95099.9999999998,-49537.49999999945,78900.00000000055,-67287.49999999985,61150.000000000146,-98737.4999999999,29700.000000000102,-110399.99999999985,18037.500000000146,-83031.25000000012,45406.24999999988,-46825.00000000022,81612.49999999978
index level,19,0,sel,20190011,12,83.0,-73634.0,70500.0,-73034.00000000038,71099.99999999962,-82634.00000000017,61499.999999999825,-87234.00000000025,56899.99999999975,-110358.99999999985,33775.000000000146,-124071.49999999983,20062.500000000175,-96077.75000000015,48056.249999999854,-49508.99999999977,94625.00000000023
index level,19,0,rep,20190500,12,83.0,-361028.0,51000.0,-366727.9999999996,45300.00000000041,-377027.99999999977,35000.00000000023,-389677.9999999999,22350.000000000116,-417578.00000000006,-5550.000000000058,-405002.99999999977,7025.000000000233,-323959.25,88068.75,-223224.8750000002,188803.1249999998
index level,19,0,rep,20190501,12,83.0,5849.0,78000.0,8849.000000000175,81000.00000000017,748.9999999996944,72899.9999999997,-9750.999999999964,62400.00000000004,-44651.00000000012,27499.999999999884,-63501.00000000002,8649.999999999978,-53275.999999999774,18875.000000000226,-57713.50000000034,14437.499999999658
index level,19,0,rep,20190502,10,83.0,240284.5,132000.0,236384.4999999998,128099.9999999998,222984.5000000004,114700.00000000041,206334.50000000017,98050.00000000017,174459.5,66175.0,144959.50000000006,36675.00000000006,128922.00000000016,20637.50000000016,71153.24999999991,-37131.25000000009
index level,19,0,rep,20190503,11,83.0,30717.5,87000.0,28317.49999999997,84599.99999999997,18017.499999999956,74299.99999999996,4117.499999999804,60399.9999999998,-20882.50000000014,35399.99999999986,-36607.50000000016,19674.99999999984,-34132.499999999854,22150.000000000146,-54998.6931818182,1283.8068181818016
index level,19,0,rep,20190504,11,83.0,13585.999999999985,91500.0,-4714.000000000087,73199.99999999993,-18914.00000000013,58999.99999999988,-26813.999999999935,51100.00000000008,-50239.00000000012,27674.999999999898,-60513.999999999985,17400.00000000003,-35257.75000000018,42656.24999999983,-3501.4999999999854,74412.50000000003
index level,19,0,rep,20190505,12,83.0,-10561.5,70500.0,-9661.499999999796,71400.0000000002,-14161.49999999997,66900.00000000003,-25611.500000000124,55449.999999999876,-55561.5,25500.0,-64736.49999999984,16325.00000000016,-42967.75000000012,38093.74999999988,-6051.484939759044,75010.01506024096
index level,19,0,rep,20190506,10,83.0,-16248.0,64500.0,-22847.999999999964,57900.00000000004,-28547.999999999898,52200.0000000001,-38647.99999999992,42100.00000000008,-62923.000000000015,17824.999999999985,-65485.50000000007,15262.499999999927,-22273.00000000032,58474.99999999968,39921.44742489279,120669.44742489279
index level,19,0,rep,20190507,12,83.0,-83274.5,45000.0,-80874.50000000048,47399.99999999952,-83374.50000000042,44899.99999999958,-95124.4999999998,33150.000000000204,-119674.49999999981,8600.00000000019,-125287.00000000033,2987.4999999996653,-106549.49999999981,21725.00000000019,-86849.49999999999,41425.000000000015
index level,19,0,rep,20190508,11,83.0,-51291.5,91500.0,-52191.50000000003,90599.99999999997,-57591.50000000023,85199.99999999977,-68191.49999999981,74600.00000000019,-97666.49999999994,45125.00000000006,-113029.00000000029,29762.49999999971,-62272.75000000016,80518.74999999984,7420.999999999971,150212.49999999997
index level,19,0,rep,20190509,10,83.0,33727.0,70500.0,34327.00000000013,71100.00000000013,26327.00000000008,63100.00000000008,15127.000000000204,51900.000000000204,-14448.000000000011,22324.99999999999,-21910.500000000044,14862.499999999956,6039.4999999996,42812.4999999996,44327.00000000007,81100.00000000007
index level,19,0,rep,20190510,9,83.0,190001.0,87000.0,185201.0000000003,82200.00000000029,176300.99999999965,73299.99999999965,169751.0,66750.0,149876.00000000017,46875.000000000175,128700.99999999983,25699.999999999825,115769.7499999999,12768.749999999898,85925.99999999984,-17075.00000000016
index level,19,0,rep,20190511,12,83.0,161098.5,105000.0,160798.49999999994,104699.99999999994,152598.50000000006,96500.00000000006,139298.49999999988,83199.99999999988,108348.49999999988,52249.999999999876,84586.00000000001,28487.500000000007,71623.50000000004,15525.000000000036,34242.25000000019,-21856.249999999818
index level,19,1,sel,20191000,11,85.0,-103575.0,-37500.0,-97275.0000000001,-31200.000000000102,-97274.99999999993,-31199.999999999927,-97375.00000000001,-31300.000000000015,-92924.99999999997,-26849.99999999997,-80962.49999999993,-14887.499999999927,-17999.999999999898,48075.0000000001,112737.49999999988,178812.49999999988
index level,19,1,sel,20191001,10,85.0,-31364.0,-4500.0,-22364.0,4500.0,-18864.000000000113,7999.999999999887,-25564.000000000502,1299.999999999498,-29739.000000000113,-2875.000000000113,-24951.49999999986,1912.5000000001382,-15932.750000000136,10931.249999999864,-28873.37500000009,-2009.375000000091
index level,19,1,sel,20191002,12,85.0,10988.0,18000.0,13387.999999999862,20399.99999999986,13488.000000000113,20500.000000000113,9438.000000000215,16450.000000000215,3212.999999999739,10224.999999999738,525.4999999997963,7537.499999999795,11369.249999999738,18381.249999999738,26650.500000000422,33662.50000000042
index level,19,1,sel,20191003,10,85.0,18753.5,15000.0,23853.50000000014,20100.00000000014,23353.499999999567,19599.999999999567,18203.499999999647,14449.999999999647,10353.500000000307,6600.000000000307,2028.5000000000346,-1724.999999999966,-627.7500000000223,-4381.250000000023,-21324.625000000342,-25078.125000000342
index level,19,1,sel,20191004,11,85.0,1897.0,-3000.0,11196.999999999898,6299.999999999898,7297.000000000205,2400.0000000002046,3497.0000000000796,-1399.9999999999204,-502.9999999996926,-5399.999999999693,-3603.000000000113,-8500.000000000113,-14177.999999999876,-19074.999999999876,-25880.878694581203,-30777.878694581203
index level,19,1,sel,20191005,12,85.0,1238.5,-3000.0,-4161.500000000035,-8400.000000000035,138.50000000014734,-4099.999999999853,-1461.5000000001019,-5700.000000000102,-686.4999999999545,-4924.9999999999545,2338.5000000000227,-1899.9999999999773,7226.000000000353,2987.500000000353,26454.124999999876,22215.624999999876
index level,19,1,sel,20191006,10,85.0,-45215.0,-16500.000000000004,-48214.999999999825,-19499.99999999983,-50415.00000000021,-21700.000000000215,-51414.99999999981,-22699.999999999814,-47139.99999999978,-18424.999999999785,-35589.99999999988,-6874.999999999887,-9365.00000000003,19349.999999999967,45869.37499999991,74584.37499999991
index level,19,1,sel,20191007,11,85.0,-73807.5,-31500.0,-70507.49999999993,-28199.999999999927,-74607.49999999996,-32299.999999999956,-77707.49999999985,-35399.999999999854,-74332.4999999997,-32024.999999999694,-56107.49999999972,-13799.999999999724,-8370.000000000342,33937.49999999966,54301.874999999825,96609.37499999983
index level,19,1,sel,20191008,12,85.0,-54023.5,-13500.0,-59423.50000000003,-18900.00000000003,-66623.49999999997,-26099.99999999997,-68173.49999999991,-27649.999999999913,-60898.49999999988,-20374.999999999884,-40498.499999999854,25.00000000014552,19670.25000000008,60193.75000000008,122870.24999999985,163393.74999999985
index level,19,1,sel,20191009,11,85.0,-11658.0,16500.0,-20657.999999999658,7500.000000000342,-19658.000000000226,8499.999999999774,-23958.00000000007,4199.999999999931,-28182.999999999807,-24.999999999807187,-27658.000000000113,499.9999999998872,-10657.999999999887,17500.000000000113,13913.874999999804,42071.8749999998
index level,19,1,sel,20191010,11,85.0,60059.5,42000.0,64559.5,46500.0,62259.500000000044,44200.000000000044,54909.50000000059,36850.00000000059,43959.499999999636,25899.999999999636,26309.5,8250.0,-4596.749999999774,-22656.249999999774,-66906.12499999942,-84965.62499999942
index level,19,1,sel,20191011,9,85.0,12922.5,15000.0,12922.5,15000.0,10822.500000000035,12900.000000000035,4022.499999999909,6099.999999999909,-4252.499999999898,-2174.999999999898,-2977.500000000034,-900.0000000000341,7453.749999999944,9531.249999999944,22735.000000000284,24812.500000000284
index level,19,1,rep,20191500,12,85.0,-66665.5,-24000.0,-68765.50000000015,-26100.000000000146,-71265.49999999991,-28599.999999999913,-76315.50000000026,-33650.00000000026,-76865.50000000028,-34200.00000000028,-59290.50000000006,-16625.00000000006,-22040.50000000017,20624.99999999983,20746.999999999964,63412.49999999996
index level,19,1,rep,20191501,12,85.0,47492.5,36000.0,43292.4999999999,31799.999999999898,37092.50000000008,25600.00000000008,28692.500000000044,17200.000000000044,20942.500000000102,9450.000000000102,9755.000000000045,-1737.4999999999545,-5370.000000000182,-16862.500000000182,-33845.00000000004,-45337.50000000004
index level,19,1,rep,20191502,12,85.0,8763.5,-1500.0,10263.499999999829,-1.709850039333105e-10,7063.499999999841,-3200.000000000159,-1586.4999999997963,-11849.999999999796,-5836.500000000364,-16100.000000000364,-4961.499999999965,-15224.999999999965,-15392.749999999942,-25656.24999999994,-31749.00000000016,-42012.50000000016
index level,19,1,rep,20191503,11,85.0,43670.5,30000.0,43670.499999999825,29999.999999999825,40370.49999999959,26699.999999999593,37870.499999999985,24199.999999999985,31445.500000000033,17775.000000000033,24257.99999999992,10587.49999999992,18526.74999999993,4856.249999999931,7492.374999999864,-6178.125000000136
index level,19,1,rep,20191504,12,85.0,-120329.0,-78000.0,-120328.99999999983,-77999.99999999983,-117929.00000000013,-75600.00000000013,-117279.00000000004,-74950.00000000004,-107304.00000000025,-64975.00000000025,-76616.49999999985,-34287.499999999854,-21610.25,20718.75,93671.00000000012,136000.00000000012
index level,19,1,rep,20191505,10,85.0,-2067.0,0.0,1832.9999999998636,3899.9999999998636,-767.0000000001592,1299.9999999998408,-4366.9999999999545,-2299.9999999999545,-5666.999999999965,-3599.9999999999654,-2529.4999999999204,-462.4999999999204,9883.000000000216,11950.000000000216,37232.9999999999,39299.9999999999
index level,19,1,rep,20191506,11,85.0,16268.0,15000.0,17468.000000000102,16200.000000000102,18167.999999999807,16899.999999999807,14318.000000000238,13050.000000000238,10718.000000000273,9450.000000000273,6905.499999999989,5637.499999999989,16330.500000000455,15062.500000000455,31974.249999999956,30706.249999999956
index level,19,1,rep,20191507,10,85.0,-5846.0,-4500.0,-8246.000000000035,-6900.000000000035,-6945.999999999853,-5599.999999999853,-8695.999999999965,-7349.999999999965,-9870.99999999992,-8524.99999999992,-8933.500000000262,-7587.500000000262,-7964.749999999693,-6618.749999999693,3641.500000000068,4987.500000000068
index level,19,1,rep,20191508,11,85.0,-8938.5,3000.0,-8038.499999999795,3900.0000000002046,-13138.49999999993,-1199.9999999999309,-15238.499999999898,-3299.999999999898,-15288.500000000022,-3350.000000000022,-12301.000000000182,-362.5000000001819,12955.250000000124,24893.750000000124,56652.125000000335,68590.62500000033
index level,19,1,rep,20191509,12,85.0,-49852.0,-30000.0,-45651.9999999999,-25799.999999999898,-45251.99999999992,-25399.99999999992,-43302.00000000016,-23450.00000000016,-43701.999999999796,-23849.999999999796,-35301.99999999993,-15449.999999999927,-5458.2500000000455,14393.749999999955,40129.24999999976,59981.24999999976
index level,19,1,rep,20191510,11,85.0,168683.0,150000.0,172582.99999999985,153899.99999999985,161082.9999999999,142399.9999999999,142582.99999999936,123899.99999999936,114483.00000000001,95800.00000000001,66120.50000000051,47437.50000000051,2283.000000000422,-16399.999999999578,-134023.25000000017,-152706.25000000017
index level,19,1,rep,20191511,11,85.0,50655.5,34500.0,43755.49999999997,27599.99999999997,39955.500000000015,23800.000000000015,34805.50000000009,18650.000000000087,28205.499999999956,12049.999999999956,20630.499999999854,4474.9999999998545,10636.749999999989,-5518.750000000011,-5072.625000000091,-21228.12500000009
index level,19,2,sel,20192000,13,72.0,-60097.0,108000.0,-69396.9999999999,98700.0000000001,-80397.00000000029,87699.99999999971,-96547.0000000001,71549.9999999999,-135271.99999999983,32825.000000000175,-138184.50000000026,29912.499999999738,-93321.99999999997,74775.00000000003,-17315.750000000116,150781.24999999988
index level,19,2,sel,20192001,14,72.0,-90939.0,112500.0,-102638.99999999993,100800.00000000007,-110539.00000000007,92899.99999999993,-127489.00000000001,75949.99999999999,-169438.9999999997,34000.00000000029,-177576.5,25862.5,-132632.75000000003,70806.24999999997,-56423.37499999988,147015.62500000012
index level,19,2,sel,20192002,13,72.0,15270.5,112500.0,13170.50000000003,110400.00000000003,3870.5000000003056,101100.0000000003,-15229.500000000058,81999.99999999994,-48029.4999999999,49200.0000000001,-65354.5,31875.0,-65391.999999999796,31837.500000000204,-85738.87500000009,11490.624999999913
index level,19,2,sel,20192003,13,72.0,28607.5,132000.0,22007.499999999694,125399.9999999997,5807.499999999927,109199.99999999993,-13742.499999999854,89650.00000000015,-51192.4999999999,52200.0000000001,-72442.50000000001,30949.999999999985,-72398.75000000015,30993.749999999854,-87934.0760869568,15458.423913043196
index level,19,2,sel,20192004,14,72.0,-98554.5,109500.0,-87754.49999999959,120300.00000000041,-104354.50000000017,103699.99999999983,-125954.50000000015,82099.99999999985,-165154.49999999997,42900.00000000003,-179867.00000000006,28187.49999999994,-157179.50000000023,50874.99999999977,-138529.49999999997,69525.00000000003
index level,19,2,sel,20192005,12,72.0,58823.0,130500.0,51322.999999999665,122999.99999999967,35523.00000000022,107200.00000000022,13323.000000000291,85000.00000000029,-20202.000000000087,51474.99999999991,-51176.99999999988,20500.000000000116,-77483.25000000009,-5806.250000000087,-140570.74999999983,-68893.74999999983
index level,19,2,sel,20192006,13,72.0,-31216.000000000015,85500.0,-23716.00000000019,92999.99999999983,-30716.000000000306,85999.99999999971,-44216.000000000306,72499.99999999971,-76465.99999999996,40250.00000000006,-89091.00000000023,27624.99999999978,-65691.0000000002,51024.99999999981,-38759.597560975584,77956.40243902443
index level,19,2,sel,20192007,13,72.0,224817.0,127500.0,214616.99999999988,117299.99999999988,194016.9999999997,96699.99999999971,174016.99999999965,76699.99999999965,139817.0000000004,42500.00000000041,119292.0000000003,21975.000000000306,102216.99999999981,4899.999999999811,49216.99999999992,-48100.00000000008
index level,19,2,sel,20192008,14,72.0,344711.0,189000.0,336310.9999999994,180599.99999999942,312010.9999999994,156299.99999999942,280010.99999999953,124299.99999999953,235911.0000000004,80200.00000000041,196511.0000000004,40800.00000000041,138492.25000000023,-17218.749999999767,13823.500000000291,-141887.4999999997
index level,19,2,sel,20192009,14,72.0,-161863.5,91500.0,-174463.50000000012,78899.99999999988,-179663.50000000017,73699.99999999983,-194963.4999999994,58400.00000000061,-225338.4999999999,28025.000000000087,-228751.00000000006,24612.49999999994,-191407.24999999983,61956.250000000175,-134801.00000000006,118562.49999999994
index level,19,2,sel,20192010,15,72.0,238603.5,139500.0,235903.50000000006,136800.00000000006,222303.50000000017,123200.00000000017,199853.50000000012,100750.00000000012,161878.50000000003,62775.00000000003,131016.00000000015,31912.500000000146,115178.50000000022,16075.000000000218,83903.50000000001,-15199.999999999985
index level,19,2,sel,20192011,14,72.0,-134205.5,75000.0,-129705.50000000017,79499.99999999983,-138105.49999999988,71100.00000000012,-154255.50000000017,54949.999999999825,-187380.50000000023,21824.999999999767,-187680.4999999998,21525.000000000204,-141130.5,68075.0,-80314.87500000012,128890.62499999988
index level,19,2,rep,20192500,14,72.0,249232.5,156000.0,242032.5000000004,148800.0000000004,223232.49999999977,129999.99999999977,201532.4999999997,108299.99999999971,159207.50000000035,65975.00000000035,126470.00000000047,33237.500000000466,85851.24999999946,-7381.250000000538,-21195.625000000422,-114428.12500000042
index level,19,2,rep,20192501,14,72.0,30574.5,109500.0,19474.500000000204,98400.0000000002,9774.49999999965,88699.99999999965,-2825.499999999811,76100.00000000019,-33025.49999999996,45900.00000000004,-53225.499999999665,25700.000000000335,-43081.74999999994,35843.75000000006,-32359.875000000102,46565.6249999999
index level,19,2,rep,20192502,12,72.0,36849.5,97500.0,31449.49999999997,92099.99999999997,13449.49999999997,74099.99999999997,-3800.5000000002037,56849.999999999796,-29400.49999999994,31250.00000000006,-33712.99999999994,26937.50000000006,-4756.7500000002765,55893.74999999972,54624.50000000003,115275.00000000003
index level,19,2,rep,20192503,14,72.0,302191.0,136500.0,300690.99999999965,134999.99999999965,286690.99999999994,120999.99999999994,265091.00000000035,99400.00000000035,221891.00000000006,56200.00000000006,188728.50000000035,23037.50000000035,162672.25000000012,-3018.7499999998836,108863.81003936972,-56827.189960630276
index level,19,2,rep,20192504,12,72.0,23345.5,90000.0,24245.50000000003,90900.00000000003,17145.499999999665,83799.99999999967,145.49999999995634,66799.99999999996,-33104.499999999985,33550.000000000015,-51479.49999999982,15175.000000000182,-39292.00000000016,27362.49999999984,-34507.47439759017,32147.025602409827
index level,19,2,rep,20192505,15,72.0,-156927.5,90000.0,-161427.5,85500.0,-173327.5000000001,73599.99999999991,-191377.49999999988,55550.00000000012,-228877.50000000006,18049.99999999994,-235427.50000000006,11499.999999999942,-193446.25000000012,53481.24999999988,-129336.87500000007,117590.62499999993
index level,19,2,rep,20192506,13,72.0,-71183.5,75000.0,-64583.50000000003,81599.99999999997,-66683.50000000017,79499.99999999983,-79033.50000000003,67149.99999999997,-111258.49999999971,34925.00000000029,-124833.49999999964,21350.000000000364,-106239.75000000009,39943.74999999991,-77730.37499999988,68453.12500000012
index level,19,2,rep,20192507,15,72.0,-121441.5,109500.0,-128641.50000000044,102299.99999999956,-135341.49999999983,95600.00000000017,-153691.50000000087,77249.99999999913,-191816.5000000003,39124.99999999971,-207141.50000000032,23799.99999999968,-196885.24999999919,34056.250000000815,-203869.62499999985,27071.875000000146
index level,19,2,rep,20192508,14,72.0,-53020.0,112500.0,-60820.00000000007,104699.99999999993,-72720.00000000016,92799.99999999984,-91319.99999999996,74200.00000000004,-131120.0000000001,34399.99999999991,-134032.49999999983,31487.500000000175,-89169.99999999987,76350.00000000013,-14510.265191897604,151009.7348081024
index level,19,2,rep,20192509,13,72.0,686354.5,199500.00000000006,680654.5000000002,193800.0000000003,658054.5,171200.00000000006,624604.4999999997,137749.9999999997,567379.5,80525.00000000006,526004.4999999998,39149.999999999825,460429.49999999977,-26425.000000000175,337373.25000000006,-149481.24999999988
index level,19,2,rep,20192510,13,72.0,335198.5,133500.00000000003,331898.50000000023,130200.00000000026,322298.5000000008,120600.00000000084,298898.50000000023,97200.00000000026,259548.49999999988,57849.99999999991,226373.4999999997,24674.999999999738,184404.7500000006,-17293.74999999936,102685.99999999999,-99012.49999999999
index level,19,2,rep,20192511,13,72.0,-117762.0,75000.0,-124662.0000000002,68099.9999999998,-135262.00000000012,57499.99999999988,-148661.99999999985,44100.000000000146,-180562.0,12200.0,-182011.9999999997,10750.000000000291,-139836.9999999997,52925.00000000029,-53161.99999999991,139600.0000000001
index level,19,3,sel,20193000,9,112.0,34434.0,18000.0,34434.000000000175,18000.000000000175,30333.999999999978,13899.999999999978,28083.999999999978,11649.999999999978,21634.00000000022,5200.000000000218,16646.499999999978,212.49999999997817,17902.750000000113,1468.7500000001128,17699.625,1265.625
index level,19,3,sel,20193001,10,112.0,31641.0,25500.0,30740.999999999796,24599.999999999796,26341.000000000215,20200.000000000215,21991.000000000422,15850.000000000422,18865.999999999854,12724.999999999854,14590.999999999818,8449.999999999818,12384.750000000035,6243.750000000035,19395.433139534798,13254.433139534798
index level,19,3,sel,20193002,8,112.0,12628.0,1500.0,14427.999999999898,3299.999999999898,8828.000000000045,-2299.9999999999545,4977.999999999965,-6150.000000000035,2377.9999999999436,-8750.000000000056,4715.500000000205,-6412.499999999795,31109.249999999818,19981.249999999818,76956.12500000029,65828.12500000029
index level,19,3,sel,20193003,8,112.0,111534.0,79500.0,110933.99999999987,78899.99999999987,107634.00000000013,75600.00000000013,100134.00000000013,68100.00000000013,90609.00000000028,58575.00000000028,69983.99999999959,37949.99999999959,39583.999999999614,7549.999999999614,7449.624999999978,-24584.375000000022
index level,19,3,sel,20193004,10,112.0,76333.0,54000.0,74532.99999999994,52199.99999999994,67633.00000000006,45300.00000000006,58882.99999999984,36549.99999999984,49807.99999999923,27474.99999999923,39295.49999999975,16962.499999999753,10845.500000000045,-11487.499999999955,-44307.62499999988,-66640.62499999988
index level,19,3,sel,20193005,9,112.0,-2715.0,27000.0,-6314.999999999967,23400.000000000033,-6814.999999999851,22900.00000000015,-10964.999999999829,18750.00000000017,-14290.000000000216,15424.999999999784,-19714.999999999887,10000.000000000113,-15121.250000000056,14593.749999999944,-4443.125000000091,25271.87499999991
index level,19,3,sel,20193006,10,112.0,-53860.5,-36000.0,-61660.500000000065,-43800.000000000065,-61760.49999999998,-43899.99999999998,-62510.499999999636,-44649.999999999636,-57435.50000000016,-39575.00000000016,-41435.49999999971,-23574.99999999971,-6447.999999999807,11412.500000000193,78339.49999999965,96199.99999999965
index level,19,3,sel,20193007,8,112.0,18120.0,10500.0,17219.999999999964,9599.999999999964,15919.999999999953,8299.999999999953,10669.999999999953,3049.9999999999536,10319.99999999993,2699.999999999932,12145.000000000146,4525.000000000146,7226.250000000102,-393.7499999998972,-658.1250000001028,-8278.125000000102
index level,19,3,sel,20193008,9,112.0,-37974.0,-9000.0,-37073.99999999996,-8099.999999999964,-31774.000000000182,-2800.000000000182,-32623.99999999975,-3649.999999999749,-33749.00000000026,-4775.000000000262,-32261.50000000008,-3287.50000000008,-21180.250000000182,7793.749999999818,12760.374999999942,41734.37499999994
index level,19,3,sel,20193009,10,112.0,33084.0,25500.0,34883.99999999973,27299.99999999973,33984.000000000204,26400.000000000204,26684.000000000193,19100.000000000193,19358.999999999865,11774.999999999865,14746.499999999796,7162.499999999795,4671.499999999922,-2912.500000000079,-19050.375000000204,-26634.375000000204
index level,19,3,sel,20193010,9,112.0,-145344.5,-85500.0,-148044.49999999977,-88199.99999999977,-150444.49999999997,-90599.99999999997,-150394.50000000017,-90550.00000000017,-141294.50000000012,-81450.00000000012,-114419.49999999983,-54574.999999999825,-58638.24999999982,1206.250000000182,48255.50000000007,108100.00000000007
index level,19,3,sel,20193011,10,112.0,97769.5,78000.0,95969.49999999993,76199.99999999993,96869.4999999998,77099.9999999998,90469.49999999965,70699.99999999965,84469.50000000016,64700.00000000016,62531.999999999985,42762.499999999985,34657.0000000001,14887.500000000102,-8311.749999999956,-28081.249999999956
index level,19,3,rep,20193500,9,112.0,11507.5,22500.0,7607.499999999796,18599.999999999796,3607.4999999998527,14599.999999999853,-892.4999999999782,10100.000000000022,-2567.499999999818,8425.000000000182,-6717.500000000136,4274.999999999864,-5636.250000000011,5356.249999999989,4029.375000000022,15021.875000000022
index level,19,3,rep,20193501,9,112.0,72647.0,66000.0,65447.000000000065,58800.000000000065,56847.00000000022,50200.00000000022,46596.999999999985,39949.999999999985,34997.000000000306,28350.000000000306,21746.99999999991,15099.999999999909,9965.749999999965,3318.7499999999654,-32831.12499999986,-39478.12499999986
index level,19,3,rep,20193502,10,112.0,53975.5,30000.0,54875.50000000003,30900.00000000003,51875.49999999986,27899.99999999986,50925.499999999876,26949.999999999876,45400.500000000124,21425.000000000124,37963.00000000007,13987.500000000073,33119.250000000124,9143.750000000124,41796.204845815155,17820.704845815155
index level,19,3,rep,20193503,8,112.0,94963.0,69000.0,95862.99999999987,69899.99999999987,89463.00000000006,63500.00000000006,86413.0000000001,60450.0000000001,77037.99999999994,51074.99999999994,58662.99999999993,32699.999999999927,31081.74999999986,5118.749999999862,-22887.000000000247,-48850.00000000025
index level,19,3,rep,20193504,10,112.0,6505.0,12000.0,9504.999999999829,14999.999999999829,8204.999999999647,13699.999999999647,4305.0000000001255,9800.000000000126,2704.9999999995343,8199.999999999534,-182.50000000039836,5312.499999999602,19304.999999999785,24799.999999999785,48433.1250000002,53928.1250000002
index level,19,3,rep,20193505,8,112.0,122800.0,76500.0,113499.99999999993,67199.99999999993,109300.00000000017,63000.000000000175,106400.00000000009,60100.00000000009,94525.00000000015,48225.000000000146,78799.99999999994,32499.99999999994,54874.99999999971,8574.999999999709,14506.250000000011,-31793.74999999999
index level,19,3,rep,20193506,10,112.0,10860.5,13500.0,12960.499999999625,15599.999999999625,11860.499999999944,14499.999999999944,8510.500000000091,11150.000000000091,2735.4999999997162,5374.999999999716,-1089.5000000000455,1549.9999999999545,1322.9999999998067,3962.4999999998067,5897.999999999738,8537.499999999738
index level,19,3,rep,20193507,9,112.0,28580.0,16500.0,27379.999999999898,15299.9999999999,23680.000000000022,11600.000000000024,18380.000000000065,6300.000000000067,15955.000000000055,3875.0000000000564,13304.999999999907,1224.999999999909,14386.250000000033,2306.2500000000346,19058.125000000262,6978.125000000264
index level,19,3,rep,20193508,8,112.0,-9889.0,28500.0,-10789.000000000033,27599.999999999967,-15689.000000000182,22699.999999999818,-23439.000000000295,14949.999999999705,-27388.99999999994,11000.000000000058,-34589.000000000044,3799.9999999999563,-23295.25,15093.75,-12576.499999999603,25812.500000000397
index level,19,3,rep,20193509,9,112.0,72654.0,51000.0,70853.99999999994,49199.99999999994,67253.9999999998,45599.999999999796,63153.99999999909,41499.99999999909,52153.99999999988,30499.999999999884,40053.99999999981,18399.99999999981,21779.00000000006,125.00000000005821,-16211.625000000306,-37865.625000000306
index level,19,3,rep,20193510,8,112.0,29553.0,49500.0,31353.000000000407,51300.00000000041,31852.99999999978,51799.99999999978,26653.000000000422,46600.00000000042,18727.999999999956,38674.999999999956,4990.500000000342,24937.500000000342,-9553.25000000016,10393.74999999984,-38822.000000000226,-18875.000000000226
index level,19,3,rep,20193511,8,112.0,11010.0,9000.0,13710.000000000102,11700.000000000102,10109.999999999965,8099.999999999965,7309.9999999999545,5299.9999999999545,3485.0000000001933,1475.0000000001933,4247.499999999841,2237.499999999841,7441.250000000262,5431.250000000262,8900.625,6890.625
index level,20,0,sel,20200000,10,83.0,433802.5,147000.0,428402.5000000001,141600.00000000012,413602.49999999977,126799.99999999977,394152.50000000006,107350.00000000006,362827.49999999977,76024.99999999977,325564.99999999953,38762.499999999534,256521.25,-30281.25,116577.50000000015,-170224.99999999985
index level,20,0,sel,20200001,11,83.0,307043.5,127500.0,302843.50000000006,123300.00000000006,296343.4999999998,116799.99999999983,280243.5000000002,100700.00000000017,252543.4999999996,72999.99999999959,220993.49999999983,41449.999999999825,184318.5000000001,4775.000000000087,108093.50000000035,-71449.99999999965
index level,20,0,sel,20200002,12,83.0,-20468.5,63000.0,-28568.500000000306,54899.999999999694,-34868.500000000204,48599.999999999796,-42918.500000000044,40549.999999999956,-65693.4999999998,17775.000000000204,-75893.50000000041,7574.999999999593,-54781.0,28687.5,-27137.250000000327,56331.24999999967
index level,20,0,sel,20200003,10,83.0,19494.5,82500.0,14094.500000000131,77100.00000000013,4494.5,67500.0,-4155.50000000032,58849.99999999968,-24830.499999999593,38175.00000000041,-37918.00000000014,25087.49999999986,-40143.00000000016,22862.49999999984,-68464.87500000003,-5459.375000000029
index level,20,0,sel,20200004,11,83.0,-191496.0,39000.0,-192395.99999999985,38100.000000000146,-196995.99999999994,33500.00000000006,-201396.00000000003,29099.99999999997,-223095.9999999999,7400.000000000087,-222008.49999999988,8487.500000000116,-175395.99999999997,55100.00000000003,-98058.50000000006,132437.49999999994
index level,20,0,sel,20200005,12,83.0,-128855.5,49500.0,-130955.4999999998,47400.000000000204,-134055.49999999988,44300.00000000012,-138805.5,39550.0,-162055.5,16300.0,-170605.50000000006,7749.999999999942,-139643.0000000001,38712.49999999991,-98727.13944723613,79628.36055276387
index level,20,0,sel,20200006,12,83.0,618647.0,160499.99999999994,615347.0,157199.99999999994,607247.0000000003,149100.0000000003,585197.0000000002,127050.00000000017,541197.0000000001,83050.00000000006,492559.5000000001,34412.50000000006,420203.25000000023,-37943.749999999825,253515.74999999985,-204631.2500000002
index level,20,0,sel,20200007,11,83.0,76460.5,46500.0,74360.49999999985,44399.999999999854,78760.49999999996,48799.999999999956,71410.50000000016,41450.00000000016,51210.499999999774,21249.999999999774,41660.50000000028,11700.000000000276,35454.25000000004,5493.750000000036,19449.78571428587,-10510.71428571413
index level,20,0,sel,20200008,10,83.0,291642.5,139500.0,277842.49999999994,125699.99999999994,266342.49999999965,114199.99999999965,249242.50000000003,97100.00000000003,219617.49999999985,67474.99999999985,181330.00000000023,29187.500000000233,130286.24999999967,-21856.250000000335,9645.625000000291,-142496.8749999997
index level,20,0,sel,20200009,11,83.0,94175.0,76500.0,88174.99999999967,70499.99999999967,83875.00000000016,66200.00000000016,72874.99999999994,55199.99999999994,51350.00000000024,33675.00000000024,34037.50000000029,16362.500000000291,17574.99999999975,-100.00000000025102,-15462.385259178867,-33137.38525917887
index level,20,0,sel,20200010,10,83.0,66721.0,58500.0,67920.99999999977,59699.99999999977,67821.0000000002,59600.000000000204,60920.99999999982,52699.99999999982,43996.00000000004,35775.00000000004,26383.500000000022,18162.500000000022,19952.24999999999,11731.249999999989,3561.6249999997617,-4659.375000000238
index level,20,0,sel,20200011,12,83.0,95956.5,84000.0,92956.50000000017,81000.00000000017,90756.49999999996,78799.99999999996,80456.49999999994,68499.99999999994,54006.5000000003,42050.0000000003,38369.00000000019,26412.50000000019,53106.50000000009,41150.00000000009,63550.24999999988,51593.74999999988
index level,20,0,rep,20200500,10,83.0,150233.5,84000.0,144833.4999999998,78599.9999999998,132833.50000000012,66600.00000000012,121183.50000000016,54950.00000000016,97683.50000000022,31450.00000000022,77346.00000000013,11112.500000000131,58052.25000000019,-8181.249999999811,23252.434729064087,-42981.06527093591
index level,20,0,rep,20200501,10,83.0,44351.0,69000.0,31751.000000000204,56400.000000000204,25250.999999999804,49899.9999999998,19050.999999999818,43699.99999999982,4175.999999999705,28824.999999999705,-7586.499999999829,17062.50000000017,5294.749999999967,29943.749999999967,28968.97041577819,53617.97041577819
index level,20,0,rep,20200502,11,83.0,-71950.5,36000.0,-71650.5000000001,36299.9999999999,-77850.49999999991,30100.000000000087,-84100.49999999985,23850.000000000146,-103000.50000000007,4949.999999999927,-108563.00000000013,-612.500000000131,-78081.74999999997,29868.75000000003,-33447.37499999993,74503.12500000007
index level,20,0,rep,20200503,11,83.0,80822.5,79500.0,78722.50000000038,77400.00000000038,70622.49999999972,69299.99999999972,58922.50000000014,57600.00000000014,35922.49999999991,34599.99999999991,21322.499999999887,19999.999999999887,25622.499999999898,24299.999999999898,15716.249999999955,14393.749999999955
index level,20,0,rep,20200504,11,83.0,4641.0,54000.0,4941.0000000000655,54300.000000000065,-2058.9999999998763,47300.000000000124,-6658.999999999782,42700.00000000022,-26708.999999999796,22650.000000000204,-40284.00000000007,9074.999999999927,-29990.249999999796,19368.750000000204,-22205.87499999984,27153.12500000016
index level,20,0,rep,20200505,11,83.0,52493.5,66000.0,41693.499999999935,55199.999999999935,46893.49999999998,60399.99999999998,42693.50000000022,56200.00000000022,21443.499999999935,34949.999999999935,7718.499999999967,21224.999999999967,21068.499999999935,34574.999999999935,37115.375000000044,50621.875000000044
index level,20,0,rep,20200506,11,83.0,467037.0,177000.0,466736.9999999996,176699.9999999996,452936.99999999965,162899.99999999965,431886.9999999999,141849.99999999988,390662.0000000004,100625.00000000041,343537.0000000001,53500.00000000012,268305.7499999999,-21731.250000000116,100908.875,-189128.125
index level,20,0,rep,20200507,10,83.0,88750.5,66000.0,85750.50000000035,63000.00000000035,80250.50000000023,57500.00000000023,71800.50000000006,49050.00000000006,53575.49999999993,30824.999999999927,36938.000000000226,14187.500000000226,39619.24999999992,16868.74999999992,40856.749999999985,18106.249999999985
index level,20,0,rep,20200508,9,83.0,83276.0,66000.0,83576.00000000007,66300.00000000007,79976.0000000001,62700.0000000001,73676.00000000003,56400.00000000003,55975.99999999976,38699.99999999976,39463.49999999994,22187.49999999994,40550.99999999998,23274.999999999978,52072.874999999774,34796.874999999774
index level,20,0,rep,20200509,10,83.0,-71749.5,31500.0,-66049.50000000006,37199.99999999994,-67949.49999999988,35300.00000000012,-70149.50000000009,33099.99999999991,-89649.49999999975,13600.000000000247,-95137.00000000022,8112.499999999782,-60724.49999999996,42525.00000000004,-4193.250000000131,99056.24999999987
index level,20,0,rep,20200510,11,83.0,625567.5,181500.0,620767.5000000002,176700.00000000023,608967.5000000001,164900.00000000012,585667.4999999998,141599.99999999977,548667.4999999999,104599.99999999988,502617.5000000001,58550.00000000012,443230.00000000023,-837.4999999997672,318992.5,-125075.0
index level,20,0,rep,20200511,11,83.0,342.0,72000.0,-5058.000000000029,66599.99999999997,-8458.000000000182,63199.99999999982,-11407.999999999716,60250.000000000284,-29757.999999999913,41900.00000000009,-41095.49999999966,30562.500000000342,-20720.499999999774,50937.500000000226,11826.375,83484.375
index level,20,1,sel,20201000,9,85.0,119715.5,87000.0,118515.50000000007,85800.00000000007,110315.49999999968,77599.99999999968,98865.50000000055,66150.00000000055,83290.49999999971,50574.99999999971,59103.000000000044,26387.500000000044,7246.749999999887,-25468.750000000113,-94550.125,-127265.625
index level,20,1,sel,20201001,12,85.0,98010.0,82500.0,96810.00000000023,81300.00000000023,92209.99999999999,76699.99999999999,84009.99999999977,68499.99999999977,75060.00000000006,59550.00000000006,49834.99999999982,34324.99999999982,22678.750000000215,7168.7500000002165,-28318.12499999949,-43828.12499999949
index level,20,1,sel,20201002,10,85.0,73229.5,57000.0,65729.49999999983,49499.999999999825,63729.500000000284,47500.000000000284,56779.499999999956,40549.999999999956,49104.50000000012,32875.00000000012,32079.50000000025,15850.000000000251,4079.4999999997963,-12150.000000000204,-54083.0,-70312.5
index level,20,1,sel,20201003,11,85.0,74955.0,49500.0,67754.9999999999,42299.9999999999,65454.99999999959,39999.99999999959,60504.99999999984,35049.99999999984,52304.99999999996,26849.999999999967,38192.500000000175,12737.500000000178,21811.249999999985,-3643.750000000011,-4695.000000000036,-30150.000000000033
index level,20,1,sel,20201004,10,85.0,1372.5,6000.0,9172.50000000007,13800.00000000007,6272.500000000318,10900.000000000318,3172.500000000068,7800.000000000068,-102.49999999985266,4525.000000000147,-2340.000000000034,2287.499999999966,-3377.4999999997726,1250.0000000002274,-4721.25,-93.75
index level,20,1,sel,20201005,11,85.0,39473.5,27000.0,38273.4999999999,25799.999999999898,38673.49999999971,26199.99999999971,32223.499999999774,19749.999999999774,28373.49999999986,15899.999999999862,24923.499999999593,12449.999999999593,17698.499999999854,5224.9999999998545,14299.438174946032,1825.9381749460317
index level,20,1,sel,20201006,12,85.0,154616.0,105000.0,154016.00000000003,104400.00000000003,143015.99999999983,93399.99999999983,134416.00000000012,84800.00000000012,115041.00000000001,65425.000000000015,77953.50000000015,28337.500000000146,-477.75000000022555,-50093.750000000226,-158924.62500000026,-208540.62500000026
index level,20,1,sel,20201007,12,85.0,17722.0,24000.0,18022.00000000007,24300.00000000007,12721.999999999942,18999.99999999994,3621.9999999998636,9899.999999999864,-1128.00000000025,5149.99999999975,-5003.000000000136,1274.9999999998636,-8659.249999999796,-2381.2499999997963,-16746.74999999994,-10468.749999999942
index level,20,1,sel,20201008,11,85.0,122613.5,91500.0,121413.4999999999,90299.9999999999,107113.50000000012,76000.00000000012,95063.50000000051,63950.00000000051,78463.5000000006,47350.0000000006,53263.50000000032,22150.000000000317,1026.0000000002547,-30087.49999999975,-108717.24303874112,-139830.74303874112
index level,20,1,sel,20201009,10,85.0,36399.0,27000.0,42398.99999999983,32999.99999999983,36598.99999999965,27199.99999999965,32548.99999999975,23149.99999999975,27148.999999999887,17749.999999999887,16699.00000000001,7300.000000000011,4042.7499999996708,-5356.250000000329,-17191.62499999999,-26590.62499999999
index level,20,1,sel,20201010,12,85.0,16548.0,24000.0,12347.999999999898,19799.999999999898,5947.999999999921,13399.99999999992,898.0000000002519,8350.000000000251,-1502.0000000001246,5949.9999999998745,335.500000000251,7787.50000000025,9435.499999999818,16887.499999999818,33904.249999999985,41356.249999999985
index level,20,1,sel,20201011,11,85.0,-91922.0,-54000.0,-92822.0000000002,-54900.000000000204,-91422.00000000012,-53500.00000000012,-92321.99999999997,-54399.99999999997,-82822.00000000009,-44900.00000000009,-56846.99999999984,-18924.99999999984,-6603.250000000091,31318.74999999991,88816.67436305716,126738.67436305716
index level,20,1,rep,20201500,9,85.0,-36310.0,-19500.0,-39609.9999999999,-22799.999999999898,-38609.999999999956,-21799.999999999956,-40660.00000000014,-23850.00000000014,-35134.999999999876,-18324.999999999876,-24597.50000000008,-7787.50000000008,2133.75000000008,18943.75000000008,65171.250000000044,81981.25000000004
index level,20,1,rep,20201501,10,85.0,-114341.0,-64500.0,-111640.9999999999,-61799.9999999999,-109741.00000000009,-59900.00000000009,-110040.99999999965,-60199.99999999965,-105766.00000000012,-55925.00000000012,-79515.99999999996,-29674.999999999956,-12084.750000000146,37756.249999999854,111065.24999999971,160906.2499999997
index level,20,1,rep,20201502,11,85.0,-14893.5,6000.0,-25693.50000000007,-4800.000000000069,-21793.500000000033,-900.0000000000327,-22743.500000000193,-1850.0000000001928,-23893.50000000017,-3000.000000000171,-21430.99999999968,-537.4999999996799,-15474.75000000041,5418.749999999591,-6587.278473803888,14306.221526196112
index level,20,1,rep,20201503,11,85.0,102432.0,79500.0,104231.99999999972,81299.99999999972,98831.9999999997,75899.9999999997,90081.99999999981,67149.99999999981,73256.99999999942,50324.99999999942,45006.99999999971,22074.99999999971,-455.50000000004366,-23387.500000000044,-104502.37500000028,-127434.37500000028
index level,20,1,rep,20201504,10,85.0,-8202.0,7500.0,-10302.000000000136,5399.999999999864,-7201.999999999716,8500.000000000284,-13351.99999999992,2350.00000000008,-12652.000000000216,3049.9999999997835,-7876.9999999999545,7825.0000000000455,4460.499999999567,20162.499999999567,25826.125000000386,41528.125000000386
index level,20,1,rep,20201505,11,85.0,152286.0,108000.0,142686.00000000003,98400.00000000003,135586.00000000052,91300.00000000052,124436.00000000026,80150.00000000026,106136.00000000003,61850.00000000003,74723.50000000012,30437.500000000116,15373.500000000375,-28912.499999999625,-111457.74999999997,-155743.74999999997
index level,20,1,rep,20201506,11,85.0,59281.5,31500.0,56281.5,28500.0,55081.4999999999,27299.999999999898,51031.49999999966,23249.999999999658,44681.49999999981,16899.99999999981,38556.50000000009,10775.000000000087,35575.25000000016,7793.75000000016,30487.19053708442,2705.6905370844215
index level,20,1,rep,20201507,11,85.0,63718.0,49500.0,62218.0,48000.0,55917.99999999959,41699.99999999959,49768.000000000065,35550.000000000065,42667.99999999971,28449.99999999971,24905.499999999658,10687.499999999658,-8569.499999999909,-22787.49999999991,-79325.75000000028,-93543.75000000028
index level,20,1,rep,20201508,11,85.0,95448.0,78000.0,89147.99999999993,71699.99999999993,85747.9999999996,68299.9999999996,79298.00000000003,61850.00000000003,67923.00000000015,50475.000000000146,48235.50000000014,30787.50000000014,12448.000000000455,-4999.999999999545,-60558.25000000025,-78006.25000000025
index level,20,1,rep,20201509,12,85.0,13601.0,24000.0,9400.999999999898,19799.999999999898,7001.000000000375,17400.000000000375,2200.9999999999654,12599.999999999965,150.99999999995453,10549.999999999955,-274.0,10125.0,1926.0000000003856,12325.000000000386,-5617.75,4781.25
index level,20,1,rep,20201510,12,85.0,168274.0,114000.0,160774.00000000035,106500.00000000035,147673.99999999997,93399.99999999997,131673.99999999953,77399.99999999953,111923.99999999977,57649.99999999976,79399.00000000035,25125.000000000342,20124.000000000204,-34149.9999999998,-109101.00000000012,-163375.00000000012
index level,20,1,rep,20201511,10,85.0,67470.0,49500.0,62970.00000000017,45000.00000000017,58469.99999999949,40499.99999999949,53220.00000000017,35250.00000000017,46394.9999999999,28424.999999999898,31332.499999999956,13362.499999999956,2095.0000000002838,-15874.999999999716,-48951.87500000006,-66921.87500000006
index level,20,2,sel,20202000,13,72.0,413678.5,118500.0,417278.5000000001,122100.00000000012,408778.49999999965,113599.99999999965,390228.4999999998,95049.99999999983,354353.50000000006,59175.00000000006,318090.99999999977,22912.499999999767,260803.50000000023,-34374.99999999977,146889.76609442057,-148288.73390557943
index level,20,2,sel,20202001,12,72.0,156054.0,114000.0,151553.99999999983,109499.99999999983,141554.00000000006,99500.00000000006,128703.99999999997,86649.99999999997,100429.00000000029,58375.00000000029,74929.00000000029,32875.00000000029,55128.999999999876,13074.999999999876,9913.375000000284,-32140.624999999716
index level,20,2,sel,20202002,15,72.0,56331.0,111000.0,51531.00000000028,106200.00000000028,45631.000000000175,100300.00000000017,34281.0000000001,88950.0000000001,6505.999999999956,61174.999999999956,-18331.499999999796,36337.500000000204,-18562.750000000015,36106.249999999985,-30293.999999999658,24375.000000000342
index level,20,2,sel,20202003,13,72.0,112860.0,97500.0,111959.99999999962,96599.99999999962,106360.00000000045,91000.00000000045,92259.99999999997,76899.99999999997,67510.00000000015,52150.000000000146,43535.000000000124,28175.000000000124,32553.74999999963,17193.74999999963,10344.37499999949,-5015.625000000511
index level,20,2,sel,20202004,15,72.0,1009589.0,286500.0,996988.9999999995,273899.99999999953,952089.0000000001,229000.00000000012,902788.9999999998,179699.99999999977,838638.9999999998,115549.99999999977,777476.5000000001,54387.50000000012,663995.2500000001,-59093.74999999988,425223.375,-297865.625
index level,20,2,sel,20202005,14,72.0,-218098.5,60000.0,-207598.5,70500.0,-217998.4999999999,60100.00000000009,-234048.49999999983,44050.000000000175,-265573.49999999977,12525.000000000233,-259873.50000000003,18224.99999999997,-208142.25000000012,69956.24999999988,-114975.37499999988,163123.12500000012
index level,20,2,sel,20202006,14,72.0,-45038.5,87000.0,-41138.500000000306,90899.9999999997,-55938.49999999981,76100.00000000019,-67338.50000000052,64699.999999999476,-92213.49999999956,39825.00000000044,-111151.00000000007,20887.499999999927,-107013.50000000009,25024.999999999913,-117813.49999999964,14225.000000000364
index level,20,2,sel,20202007,12,72.0,38771.0,82500.0,27671.00000000003,71400.00000000003,16171.000000000262,59900.00000000026,7021.000000000226,50750.000000000226,-16879.000000000033,26849.999999999967,-32166.49999999994,11562.500000000058,-38416.500000000226,5312.499999999774,-55858.71082089558,-12129.710820895583
index level,20,2,sel,20202008,12,72.0,62923.0,94500.0,46423.0,78000.0,41123.000000000044,72700.00000000004,32072.999999999916,63649.99999999992,5247.999999999931,36824.999999999935,-12351.999999999753,19225.00000000025,-15420.749999999776,16156.250000000227,-35437.84558823541,-3860.8455882354065
index level,20,2,sel,20202009,12,72.0,132867.0,132000.0,125667.00000000041,124800.00000000041,111467.00000000036,110600.00000000036,94667.00000000064,93800.00000000064,57191.99999999959,56324.99999999959,26041.999999999614,25174.999999999614,-23083.000000000044,-23950.000000000044,-140920.50000000015,-141787.50000000015
index level,20,2,sel,20202010,13,72.0,-96225.0,48000.0,-93225.0,51000.0,-101224.99999999988,43000.00000000012,-107425.00000000022,36799.99999999978,-130249.99999999991,13975.000000000087,-130500.00000000038,13724.999999999622,-91912.50000000017,52312.499999999825,-25143.749999999927,119081.25000000007
index level,20,2,sel,20202011,15,72.0,395457.0,127500.0,379557.0,111600.0,372156.99999999953,104199.99999999953,359057.0,91100.0,332482.0,64525.0,297857.00000000023,29900.000000000233,268588.25,631.25,220600.18181818209,-47356.818181817915
index level,20,2,rep,20202500,12,72.0,166985.5,88500.0,163685.49999999977,85199.99999999977,153685.50000000035,75200.00000000035,142185.50000000006,63700.00000000006,116735.50000000035,38250.00000000035,99960.50000000009,21475.000000000087,95747.99999999999,17262.499999999985,77381.33856783906,-1104.1614321609377
index level,20,2,rep,20202501,12,72.0,-12882.5,67500.0,-3282.500000000029,77099.99999999997,-3682.4999999996653,76700.00000000033,-19632.5,60750.0,-45032.49999999992,35350.00000000008,-63970.00000000009,16412.499999999913,-54051.24999999982,26331.250000000182,-44304.37500000012,36078.12499999988
index level,20,2,rep,20202502,12,72.0,971410.5,310500.0,951310.5,290400.0,917210.5000000003,256300.00000000035,856810.4999999995,195899.99999999953,781360.5000000002,120450.00000000023,707472.9999999998,46562.49999999977,562985.5000000002,-97924.99999999977,271141.7500000007,-389768.7499999993
index level,20,2,rep,20202503,15,72.0,-233029.5,63000.0,-225829.49999999988,70200.00000000012,-231429.5000000001,64599.99999999991,-242379.50000000003,53649.99999999997,-279429.5000000001,16599.999999999884,-272854.49999999994,23175.00000000006,-205648.24999999977,90381.25000000023,-82598.24999999997,213431.25000000003
index level,20,2,rep,20202504,12,72.0,173620.0,75000.0,179619.99999999983,80999.99999999983,172219.99999999974,73599.99999999974,162370.00000000017,63750.000000000175,139245.00000000006,40625.00000000006,121695.00000000016,23075.00000000016,100932.50000000012,2312.5000000001164,57695.000000000044,-40924.999999999956
index level,20,2,rep,20202505,12,72.0,702073.5,222000.00000000006,694573.5000000002,214500.0000000003,673873.4999999997,193799.9999999997,643923.5,163850.00000000006,588698.5,108625.00000000006,531548.4999999999,51474.99999999994,446679.7500000004,-33393.749999999534,264551.84878516593,-215521.651214834
index level,20,2,rep,20202506,14,72.0,-35494.0,100500.0,-32793.99999999972,103200.00000000028,-50794.00000000041,85199.99999999959,-66694.00000000096,69299.99999999904,-105144.00000000077,30849.99999999923,-124906.50000000003,11087.49999999997,-126700.25000000017,9293.749999999825,-150825.25000000023,-14831.250000000233
index level,20,2,rep,20202507,12,72.0,-155190.0,63000.0,-158190.0,60000.0,-164390.0,53800.0,-174890.0,43300.0,-200090.0000000001,18099.999999999913,-197502.50000000023,20687.499999999767,-152840.00000000026,65349.99999999974,-73093.12499999977,145096.87500000023
index level,20,2,rep,20202508,14,72.0,30007.0,96000.0,22807.000000000073,88800.00000000007,16507.0,82500.0,3107.0000000000728,69100.00000000007,-26292.999999999956,39700.000000000044,-42080.50000000009,23912.499999999913,-23330.500000000087,42662.49999999991,-8.624999999941792,65984.37500000006
index level,20,2,rep,20202509,12,72.0,99539.5,84000.0,95939.49999999987,80399.99999999987,86939.50000000003,71400.00000000003,77239.49999999965,61699.99999999965,56114.5000000001,40575.0000000001,39639.49999999991,24099.999999999913,34152.000000000124,18612.500000000124,11596.691265060057,-3942.8087349399448
index level,20,2,rep,20202510,14,72.0,-103660.5,75000.0,-106060.4999999997,72600.0000000003,-113060.50000000015,65599.99999999985,-125860.5000000001,52799.9999999999,-152810.50000000015,25849.999999999854,-159498.00000000038,19162.49999999962,-119122.99999999991,59537.50000000009,-55185.49999999975,123475.00000000025
index level,20,2,rep,20202511,13,72.0,348725.0,137999.99999999997,346024.99999999977,135299.99999999974,324724.9999999999,113999.99999999985,310224.99999999977,99499.99999999974,281450.0,70724.99999999997,246200.00000000052,35475.000000000495,196625.00000000093,-14099.999999999098,95000.00000000006,-115724.99999999997
index level,20,3,sel,20203000,10,112.0,66034.0,39000.0,70534.0,43500.0,73133.99999999968,46099.99999999968,67284.00000000006,40250.00000000006,62908.99999999994,35874.99999999994,52134.00000000019,25100.00000000019,38371.50000000009,11337.500000000087,15102.333837772228,-11931.666162227772
index level,20,3,sel,20203001,9,112.0,7749.0,15000.0,2649.0000000000346,9900.000000000035,5448.9999999998745,12699.999999999874,1299.0000000002383,8550.000000000238,-1676.0000000002956,5574.999999999704,-2213.4999999999773,5037.500000000023,4330.2500000001255,11581.250000000126,9645.875000000022,16896.875000000022
index level,20,3,sel,20203002,9,112.0,127784.5,88500.0,131384.49999999945,92099.99999999945,121484.50000000061,82200.00000000061,112034.5,72750.0,97984.49999999948,58699.999999999476,75059.49999999985,35774.999999999854,37759.49999999968,-1525.0000000003201,-41609.250000000175,-80893.75000000017
index level,20,3,sel,20203003,9,112.0,138397.0,100500.0,137496.9999999998,99599.9999999998,134497.00000000012,96600.00000000012,126597.00000000016,88700.00000000016,112971.99999999977,75074.99999999977,88609.50000000009,50712.50000000009,42840.750000000364,4943.750000000364,-41590.49999999984,-79487.49999999984
index level,20,3,sel,20203004,10,112.0,119799.0,88500.0,124598.9999999999,93299.9999999999,118698.99999999981,87399.99999999981,112948.99999999975,81649.99999999975,99999.0000000001,68700.0000000001,72461.50000000025,41162.50000000025,25323.999999999975,-5975.000000000022,-72213.49999999983,-103512.49999999983
index level,20,3,sel,20203005,10,112.0,140737.5,85500.0,135037.50000000006,79800.00000000006,129637.49999999985,74399.99999999985,121337.50000000006,66100.00000000006,112187.5000000002,56950.00000000021,95662.50000000006,40425.000000000065,75912.49999999994,20674.99999999995,46434.37500000003,-8803.124999999964
index level,20,3,sel,20203006,9,112.0,43746.0,46500.0,42845.999999999796,45599.999999999796,41346.00000000014,44100.00000000014,35095.999999999854,37849.999999999854,26971.00000000008,29725.00000000008,15683.500000000284,18437.500000000284,-3491.5000000000114,-737.5000000000114,-38625.874999999985,-35871.874999999985
index level,20,3,sel,20203007,10,112.0,-124946.5,-60000.00000000001,-125546.50000000029,-60600.0000000003,-122946.49999999994,-57999.99999999995,-120896.49999999993,-55949.999999999935,-115171.50000000019,-50225.0000000002,-95859.00000000001,-30912.500000000022,-55683.99999999972,9262.50000000027,21206.624999999716,86153.12499999971
index level,20,3,sel,20203008,9,112.0,60306.0,33000.0,58205.999999999694,30899.999999999694,60005.99999999993,32699.999999999927,59706.000000000204,32400.000000000204,55580.99999999986,28274.99999999986,45118.5,17812.5,25318.49999999993,-1987.5000000000691,3643.5000000002037,-23662.499999999796
index level,20,3,sel,20203009,8,112.0,50152.0,39000.0,49552.000000000204,38400.000000000204,48451.99999999984,37299.99999999984,41501.99999999968,30349.99999999968,37151.99999999955,25999.99999999955,33339.50000000045,22187.50000000045,17302.000000000036,6150.000000000036,-5776.125000000251,-16928.12500000025
index level,20,3,sel,20203010,9,112.0,-87682.0,-51000.0,-85281.99999999962,-48599.99999999962,-87482.00000000017,-50800.000000000175,-87932.00000000012,-51250.00000000012,-82132.0000000001,-45450.0000000001,-69069.50000000004,-32387.500000000044,-33513.25000000024,3168.74999999976,32927.375,69609.375
index level,20,3,sel,20203011,9,112.0,-27797.0,-13500.0,-27197.000000000204,-12900.000000000204,-29097.000000000182,-14800.000000000182,-34347.000000000015,-20050.000000000015,-32372.000000000102,-18075.000000000102,-25547.0,-11250.0,-11653.250000000102,2643.749999999898,25708.054530201392,40005.05453020139
index level,20,3,rep,20203500,8,112.0,-56577.0,-36000.0,-55076.99999999983,-34499.99999999983,-53376.99999999984,-32799.99999999984,-57576.99999999994,-36999.99999999994,-57552.00000000014,-36975.00000000014,-45451.99999999988,-24874.999999999884,-17689.499999999898,2887.500000000102,41018.160398230124,61595.160398230124
index level,20,3,rep,20203501,9,112.0,-104994.0,-51000.0,-101393.99999999985,-47399.999999999854,-102593.99999999997,-48599.99999999997,-107494.00000000012,-53500.00000000012,-102619.00000000012,-48625.00000000012,-83993.99999999983,-29999.999999999825,-38594.00000000019,15399.99999999981,44559.124999999854,98553.12499999985
index level,20,3,rep,20203502,8,112.0,-10205.000000000002,3000.0,-3604.9999999998654,9600.000000000136,-8505.000000000013,4699.999999999989,-13054.999999999796,150.00000000020555,-18379.999999999898,-5174.999999999896,-16354.999999999865,-3149.9999999998636,-8598.750000000013,4606.249999999989,4226.250000000089,17431.25000000009
index level,20,3,rep,20203503,9,112.0,103159.0,72000.0,95059.00000000003,63900.00000000003,90659.00000000029,59500.00000000029,85358.99999999999,54199.999999999985,76833.9999999999,45674.9999999999,60808.99999999998,29649.999999999978,44252.750000000284,13093.750000000284,23933.99999999992,-7225.00000000008
index level,20,3,rep,20203504,8,112.0,151219.5,90000.0,151219.49999999965,89999.99999999965,147419.49999999988,86199.99999999988,139669.49999999994,78449.99999999994,130844.50000000012,69625.00000000012,105344.49999999994,44124.99999999994,60119.500000000146,-1099.9999999998545,-16783.624999999956,-78003.12499999996
index level,20,3,rep,20203505,10,112.0,32312.5,42000.0,34112.49999999939,43799.99999999939,33712.50000000009,43400.00000000009,30362.499999999724,40049.99999999972,25987.50000000064,35675.00000000064,18387.500000000044,28075.000000000044,-1674.9999999999545,8012.5000000000455,-35418.750000000044,-25731.250000000044
index level,20,3,rep,20203506,9,112.0,-33581.0,-16500.0,-36881.00000000024,-19800.00000000024,-40681.00000000019,-23600.00000000019,-40980.99999999992,-23899.99999999992,-40205.99999999994,-23124.99999999994,-33643.49999999994,-16562.49999999994,-14455.999999999829,2625.000000000171,35172.99678111609,52253.99678111609
index level,20,3,rep,20203507,10,112.0,-153504.0,-67500.0,-150803.99999999988,-64799.99999999988,-153703.99999999983,-67699.99999999983,-157353.9999999999,-71349.99999999991,-147178.99999999994,-61174.99999999994,-125466.50000000009,-39462.50000000009,-80160.25000000012,5843.749999999884,-575.8749999999709,85428.12500000003
index level,20,3,rep,20203508,10,112.0,-66039.0,-34500.0,-64238.99999999993,-32699.999999999927,-63539.00000000006,-32000.00000000006,-64788.99999999994,-33249.99999999994,-63638.99999999997,-32099.99999999997,-56263.999999999854,-24724.999999999854,-25551.499999999818,5987.500000000182,21261.7846916301,52800.7846916301
index level,20,3,rep,20203509,8,112.0,42391.0,25500.0,45091.0000000001,28200.000000000102,44290.99999999998,27399.999999999978,40291.00000000003,23400.00000000003,33566.000000000015,16675.000000000015,27028.50000000016,10137.50000000016,20422.24999999994,3531.249999999942,9119.124999999864,-7771.875000000136
index level,20,3,rep,20203510,8,112.0,-20997.0,-1500.0,-14697.000000000102,4799.999999999898,-13997.000000000056,5499.999999999944,-15847.00000000008,3649.99999999992,-20022.000000000033,-525.0000000000327,-21384.49999999999,-1887.499999999989,-22459.500000000204,-2962.5000000002037,-20522.00000000009,-1025.000000000091
index level,20,3,rep,20203511,10,112.0,137320.5,87000.0,137320.49999999983,86999.99999999983,132720.49999999977,82399.99999999977,126270.49999999999,75949.99999999999,114520.50000000028,64200.00000000028,88257.99999999994,37937.49999999994,54314.25000000004,3993.7500000000364,-1232.6249999999636,-51553.12499999996
index level,26,0,sel,20260000,11,83.0,198404.5,103500.0,194204.49999999988,99299.99999999988,184604.49999999977,89699.99999999977,175704.5,80800.0,152079.5,57175.0,124791.99999999993,29887.499999999927,104467.00000000017,9562.500000000175,55291.999999999876,-39612.500000000124
index level,26,0,sel,20260001,11,83.0,-120002.5,64500.0,-111002.5,73500.0,-117402.49999999981,67100.00000000019,-128452.50000000032,56049.99999999968,-153677.49999999974,30825.000000000262,-161365.00000000006,23137.49999999994,-120433.74999999985,64068.750000000146,-60046.25000000022,124456.24999999978
index level,26,0,sel,20260002,10,83.0,184249.5,94500.0,177649.50000000003,87900.00000000003,171049.50000000023,81300.00000000023,157399.5000000002,67650.0000000002,132974.5000000001,43225.00000000009,107661.99999999991,17912.499999999913,92380.74999999991,2631.2499999999127,52843.250000000226,-36906.249999999774
index level,26,0,sel,20260003,11,83.0,403012.0,223500.0,391312.00000000023,211800.00000000023,376112.0000000004,196600.0000000004,345561.99999999953,166049.99999999953,288411.9999999999,108899.99999999988,230724.4999999998,51212.499999999796,161280.7499999998,-18231.250000000204,-22284.87499999965,-201796.87499999965
index level,26,0,sel,20260004,10,83.0,149429.5,106500.0,147929.5,105000.0,139229.50000000006,96300.00000000006,126329.49999999987,83399.99999999987,97729.49999999962,54799.99999999962,71179.49999999955,28249.99999999955,43435.74999999996,506.2499999999636,-24151.749999999447,-67081.24999999945
index level,26,0,sel,20260005,12,83.0,360914.5,136499.99999999997,356714.49999999924,132299.9999999992,345314.4999999997,120899.99999999968,328114.4999999999,103699.99999999985,290589.50000000006,66175.00000000003,251501.9999999996,27087.499999999563,200758.24999999948,-23656.250000000553,94811.3750000001,-129603.12499999993
index level,26,0,sel,20260006,9,83.0,179224.5,105000.0,176824.50000000012,102600.00000000012,168424.49999999994,94199.99999999994,157574.4999999999,83349.99999999991,130724.50000000012,56500.00000000012,111086.9999999999,36862.4999999999,114118.24999999996,39893.749999999956,105249.49999999975,31024.999999999753
index level,26,0,sel,20260007,11,83.0,391898.0,124500.0,389498.0,122100.0,376698.0,109300.0,359847.9999999998,92449.99999999983,329347.99999999977,61949.99999999977,297672.99999999994,30274.99999999994,269154.2499999997,1756.249999999709,215357.37500000015,-52040.624999999854
index level,26,0,sel,20260008,12,83.0,-153846.5,48000.0,-157746.49999999985,44100.000000000146,-164246.5000000001,37599.99999999991,-173196.49999999997,28650.00000000003,-199046.50000000015,2799.9999999998545,-202458.9999999998,-612.4999999997963,-155946.4999999998,45900.000000000204,-92024.62500000007,109821.87499999993
index level,26,0,sel,20260009,10,83.0,158642.0,111000.0,152342.0000000003,104700.00000000029,141042.0000000005,93400.0000000005,129692.00000000058,82050.00000000058,102492.00000000025,54850.00000000025,77254.50000000035,29612.50000000035,47948.24999999998,306.2499999999782,-18186.12499999994,-65828.12499999994
index level,26,0,sel,20260010,10,83.0,205204.0,96000.0,202204.0,93000.0,187904.00000000023,78700.00000000023,173403.99999999994,64199.99999999994,147229.00000000003,38025.00000000003,121116.50000000025,11912.500000000247,94722.75000000047,-14481.249999999534,38494.62499999997,-70709.37500000003
index level,26,0,sel,20260011,10,83.0,95587.0,90000.0,85986.99999999987,80399.99999999987,78687.00000000003,73100.00000000003,66236.99999999975,60649.99999999975,39511.9999999995,33924.9999999995,26974.499999999818,21387.499999999818,28837.0,23250.0,18258.875000000455,12671.875000000455
index level,26,0,rep,20260500,11,83.0,110481.5,66000.0,121281.49999999988,76799.99999999988,119681.50000000032,75200.00000000032,108981.49999999983,64499.99999999983,84206.50000000019,39725.0000000002,66206.49999999968,21724.999999999687,58475.249999999796,13993.749999999804,33347.125000000015,-11134.374999999978
index level,26,0,rep,20260501,11,83.0,31907.0,90000.0,34606.99999999993,92699.99999999993,33607.00000000016,91700.00000000016,18807.000000000146,76900.00000000015,-11768.000000000015,46324.999999999985,-35930.499999999694,22162.500000000306,-37668.00000000016,20424.99999999984,-72789.87500000015,-14696.875000000146
index level,26,0,rep,20260502,10,83.0,114170.0,75000.0,113570.0000000002,74400.0000000002,112869.99999999999,73699.99999999999,106619.99999999987,67449.99999999987,85119.99999999983,45949.999999999825,67120.00000000016,27950.00000000016,77720.00000000023,38550.00000000023,88919.99999999977,49749.99999999977
index level,26,0,rep,20260503,9,83.0,-67383.0,28500.0,-69782.99999999985,26100.000000000146,-69782.99999999985,26100.000000000146,-79282.99999999991,16600.000000000087,-100083.0000000001,-4200.000000000102,-97483.00000000007,-1600.0000000000728,-58770.499999999985,37112.500000000015,9526.375000000175,105409.37500000017
index level,26,0,rep,20260504,11,83.0,426726.5,207000.0,418926.49999999994,199199.99999999994,393426.4999999996,173699.9999999996,364776.5000000004,145050.0000000004,317551.50000000023,97825.00000000023,267588.99999999994,47862.49999999994,183764.00000000015,-35962.499999999854,-3094.08189655139,-222820.5818965514
index level,26,0,rep,20260505,12,83.0,548222.0,193500.0,539222.0000000003,184500.00000000035,516721.9999999998,161999.99999999983,489471.9999999999,134749.99999999988,444172.0,89450.0,399747.0,45025.0,329453.25000000023,-25268.749999999767,179184.50000000003,-175537.49999999997
index level,26,0,rep,20260506,12,83.0,149028.5,78000.0,138228.5000000003,67200.00000000029,136628.50000000017,65600.00000000017,123128.49999999985,52099.999999999854,97603.50000000004,26575.000000000044,79291.00000000016,8262.50000000016,85853.49999999983,14824.999999999825,89894.12500000003,18865.62500000003
index level,26,0,rep,20260507,10,83.0,321253.5,136500.0,315253.5000000002,130500.00000000017,299453.50000000006,114700.00000000006,283953.50000000035,99200.00000000035,250803.49999999977,66049.99999999977,219253.50000000017,34500.000000000175,180372.25000000015,-4381.2499999998545,91481.62500000055,-93271.87499999945
index level,26,0,rep,20260508,11,83.0,170049.0,93000.0,175448.99999999953,98399.99999999953,169049.00000000023,92000.00000000023,157698.99999999983,80649.99999999983,127323.9999999998,50274.999999999796,101073.99999999997,24024.99999999997,73442.74999999996,-3606.2500000000437,6486.500000000058,-70562.49999999994
index level,26,0,rep,20260509,10,83.0,120019.0,79500.0,111319.00000000023,70800.00000000023,105618.99999999962,65099.99999999962,98018.99999999971,57499.99999999971,77418.99999999985,36899.999999999854,61894.0,21375.0,51943.99999999984,11424.99999999984,23425.250000000113,-17093.749999999887
index level,26,0,rep,20260510,11,83.0,-78966.0,46500.0,-78665.99999999994,46800.00000000006,-90666.00000000028,34799.99999999972,-98215.99999999971,27250.00000000029,-118466.00000000006,6999.999999999942,-122328.50000000029,3137.499999999709,-89453.49999999984,36012.50000000016,-47287.87499999987,78178.12500000013
index level,26,0,rep,20260511,12,83.0,146921.0,112500.0,150520.99999999962,116099.99999999962,135721.00000000012,101300.00000000012,118371.00000000004,83950.00000000004,86245.99999999994,51824.99999999994,62595.99999999978,28174.99999999978,35933.49999999965,1512.4999999996508,-46547.74999999994,-80968.74999999994
index level,26,1,sel,20261000,10,85.0,135841.0,99000.0,131040.99999999959,94199.99999999959,124441.00000000048,87600.00000000048,113790.99999999977,76949.99999999977,99591.00000000006,62750.00000000006,68766.00000000012,31925.000000000116,21541.000000000102,-15299.999999999898,-77121.49999999987,-113962.49999999987
index level,26,1,sel,20261001,12,85.0,45701.5,36000.0,43301.499999999796,33599.999999999796,37901.49999999993,28199.999999999927,34901.49999999993,25199.999999999927,27626.50000000007,17925.00000000007,19513.99999999994,9812.499999999942,16495.250000000044,6793.750000000044,4253.730011933034,-5447.769988066966
index level,26,1,sel,20261002,9,85.0,-52956.5,-25500.0,-52056.500000000306,-24600.000000000306,-47556.50000000014,-20100.00000000014,-48356.50000000009,-20900.000000000087,-48556.49999999991,-21099.999999999913,-36868.99999999996,-9412.499999999964,-4781.499999999989,22675.00000000001,50852.87499999993,78309.37499999993
index level,26,1,sel,20261003,11,85.0,6970.000000000002,19500.0,5770.000000000071,18300.00000000007,-729.9999999999873,11800.000000000011,-5979.999999999816,6550.000000000182,-8505.000000000078,4024.99999999992,-12904.999999999998,-375.0,-20117.49999999992,-7587.499999999922,-35801.87500000019,-23271.87500000019
index level,26,1,sel,20261004,12,85.0,56484.0,45000.0,56784.000000000065,45300.000000000065,56383.99999999992,44899.99999999992,53983.99999999955,42499.99999999955,47258.999999999694,35774.999999999694,31633.99999999975,20149.99999999975,9540.249999999807,-1943.7500000001928,-37160.245594713655,-48644.245594713655
index level,26,1,sel,20261005,11,85.0,-7624.5,13500.0,-7924.499999999898,13200.000000000102,-14924.500000000011,6199.999999999989,-15224.50000000008,5899.99999999992,-17749.500000000513,3374.999999999487,-13324.500000000102,7799.999999999898,4519.250000000124,25643.750000000124,27041.124999999978,48165.62499999998
index level,26,1,sel,20261006,11,85.0,43564.0,48000.0,34863.99999999972,39299.99999999972,30863.99999999978,35299.99999999978,26714.000000000487,31150.000000000487,18338.999999999578,22774.999999999578,8951.500000000273,13387.500000000273,-6161.000000000136,-1725.0000000001364,-50842.00961538462,-46406.00961538462
index level,26,1,sel,20261007,10,85.0,-83130.0,-49500.0,-80729.99999999997,-47099.99999999997,-73030.00000000032,-39400.00000000032,-73779.99999999964,-40149.999999999636,-67455.00000000028,-33825.00000000028,-45530.00000000009,-11900.000000000087,4419.99999999984,38049.99999999984,109460.62500000026,143090.62500000026
index level,26,1,sel,20261008,11,85.0,25767.5,39000.0,23067.500000000065,36300.000000000065,17267.499999999887,30499.999999999887,7667.500000000091,20900.00000000009,2442.500000000069,15675.00000000007,-3157.5000000001255,10074.999999999874,-12576.249999999658,656.250000000342,-40298.1249999999,-27065.624999999898
index level,26,1,sel,20261009,12,85.0,71956.5,55500.0,69556.5000000003,53100.000000000306,62656.49999999959,46199.99999999959,54706.49999999983,38249.99999999983,43156.50000000028,26700.000000000276,24918.999999999636,8462.499999999636,-2037.2499999999782,-18493.749999999978,-66381.0000000002,-82837.5000000002
index level,26,1,sel,20261010,11,85.0,49564.5,45000.0,51064.49999999966,46499.99999999966,43464.50000000009,38900.00000000009,36664.50000000048,32100.00000000048,25864.500000000407,21300.000000000407,9027.000000000204,4462.500000000204,-17435.500000000455,-22000.000000000455,-87794.87499999926,-92359.37499999926
index level,26,1,sel,20261011,10,85.0,-1822.9999999999995,1500.0,-623.0000000000678,2699.999999999932,-1722.99999999992,1600.0000000000796,-5422.999999999965,-2099.999999999966,-9798.00000000025,-6475.000000000249,-9623.000000000067,-6300.000000000067,-1816.7500000000905,1506.249999999909,27589.49999999985,30912.49999999985
index level,26,1,rep,20261500,10,85.0,-50655.5,-24000.0,-47955.50000000007,-21300.000000000073,-42955.500000000015,-16300.000000000015,-47455.50000000018,-20800.000000000182,-45755.499999999854,-19099.999999999854,-35155.50000000012,-8500.000000000116,-6236.750000000069,20418.74999999993,51997.62499999971,78653.12499999971
index level,26,1,rep,20261501,10,85.0,37328.0,37500.0,33727.99999999986,33899.99999999986,35328.00000000012,35500.00000000012,27478.00000000009,27650.00000000009,16552.999999999967,16724.999999999967,11465.499999999989,11637.499999999989,7552.999999999795,7724.999999999795,-2387.625000000159,-2215.625000000159
index level,26,1,rep,20261502,10,85.0,-27325.0,-9000.0,-34825.0,-16500.0,-31824.999999999658,-13499.999999999658,-37474.99999999981,-19149.99999999981,-37975.00000000003,-19650.00000000003,-28325.000000000113,-10000.000000000113,-649.9999999998763,17675.000000000124,50660.34902597379,68985.34902597379
index level,26,1,rep,20261503,12,85.0,35699.5,39000.0,34499.50000000024,37800.00000000024,31799.500000000306,35100.000000000306,22899.500000000044,26200.000000000044,17874.500000000182,21175.000000000182,11274.500000000045,14575.000000000045,13462.000000000102,16762.500000000102,14999.50000000007,18300.00000000007
index level,26,1,rep,20261504,10,85.0,5211.5,9000.0,1011.5000000000682,4800.000000000068,-1188.4999999999773,2600.0000000000227,-3188.500000000034,599.9999999999659,-7338.499999999841,-3549.999999999841,-2688.499999999636,1100.0000000003638,3242.749999999659,7031.249999999659,15302.124999999989,19090.62499999999
index level,26,1,rep,20261505,12,85.0,237908.5,163500.0,232508.4999999998,158099.9999999998,220908.49999999942,146499.99999999942,201058.5000000001,126650.00000000009,171933.4999999993,97524.9999999993,119821.00000000015,45412.500000000146,22421.000000000386,-51987.499999999614,-177844.62500000058,-252253.12500000058
index level,26,1,rep,20261506,10,85.0,49566.5,55500.0,49266.499999999935,55199.999999999935,46566.49999999966,52499.99999999966,40316.5000000004,46250.0000000004,34291.50000000008,40225.00000000008,17378.99999999994,23312.49999999994,-2414.749999999875,3518.750000000125,-57461.62499999982,-51528.12499999982
index level,26,1,rep,20261507,10,85.0,10638.0,22500.0,5237.999999999967,17099.999999999967,337.9999999999891,12199.999999999989,-2961.999999999909,8900.000000000091,-7111.999999999886,4750.000000000114,-7374.499999999989,4487.500000000011,6681.750000000273,18543.750000000273,30625.500000000065,42487.500000000065
index level,26,1,rep,20261508,12,85.0,124853.0,70500.0,125152.9999999999,70799.9999999999,118852.99999999983,64499.999999999825,110852.99999999994,56499.99999999994,97453.00000000003,43100.00000000003,74702.99999999991,20349.999999999913,35928.000000000044,-18424.999999999956,-22234.500000000087,-76587.50000000009
index level,26,1,rep,20261509,10,85.0,174426.0,121500.0,175325.99999999988,122399.99999999988,168225.99999999965,115299.99999999965,158025.9999999999,105099.99999999991,137101.00000000035,84175.00000000035,91388.49999999997,38462.49999999997,23900.999999999625,-29025.000000000375,-92070.87500000032,-144996.87500000032
index level,26,1,rep,20261510,10,85.0,70779.5,57000.0,71679.49999999985,57899.999999999854,67879.50000000042,54100.00000000042,61929.50000000038,48150.00000000038,54579.50000000024,40800.00000000024,38041.99999999993,24262.499999999927,13166.999999999874,-612.5000000001255,-28954.874999999884,-42734.37499999988
index level,26,1,rep,20261511,11,85.0,-28696.5,-1500.0,-24796.499999999796,2400.0000000002037,-20996.499999999673,6200.000000000327,-27346.49999999986,-149.99999999986176,-30446.499999999774,-3249.9999999997744,-23783.99999999986,3412.5000000001382,-5696.499999999942,21500.00000000006,11619.125000000124,38815.625000000124
index level,26,2,sel,20262000,12,72.0,-24959.0,78000.0,-24659.000000000276,78299.99999999972,-36759.000000000015,66199.99999999999,-49709.0,53250.0,-81809.00000000015,21149.999999999854,-83434.00000000019,19524.99999999981,-43483.99999999986,59475.00000000014,27225.374999999985,130184.37499999999
index level,26,2,sel,20262001,13,72.0,496460.5,180000.0,492860.49999999965,176399.99999999965,467160.4999999999,150699.99999999988,435910.50000000047,119450.00000000047,385185.50000000023,68725.00000000023,345110.4999999997,28649.99999999971,265898.0000000003,-50562.49999999971,99110.50000000038,-217349.99999999962
index level,26,2,sel,20262002,13,72.0,298879.0,130500.0,287179.00000000023,118800.00000000023,274879.00000000035,106500.00000000035,259679.0,91300.0,226178.99999999994,57799.99999999994,192641.49999999977,24262.499999999767,169941.50000000012,1562.5000000001164,122182.2873376623,-46196.7126623377
index level,26,2,sel,20262003,13,72.0,82718.0,120000.0,79418.0000000001,116700.0000000001,71218.00000000023,108500.00000000023,60318.00000000025,97600.00000000025,23843.0,61125.0,2093.0,39375.0,18330.500000000065,55612.500000000065,33161.74999999997,70443.74999999997
index level,26,2,sel,20262004,11,72.0,167803.5,102000.0,170803.49999999965,104999.99999999965,155103.5000000003,89300.00000000029,137503.49999999994,71699.99999999994,107978.49999999968,42174.99999999968,85478.49999999984,19674.99999999984,66059.75000000003,256.2500000000291,14244.125000000298,-51559.3749999997
index level,26,2,sel,20262005,12,72.0,186455.0,124500.0,181954.99999999965,119999.99999999965,169155.00000000023,107200.00000000023,151005.0,89050.0,121329.99999999988,59374.99999999988,89767.50000000012,27812.500000000116,60198.74999999998,-1756.2500000000218,320.6249999999127,-61634.37500000009
index level,26,2,sel,20262006,15,72.0,754049.5,193500.0,745949.4999999999,185399.99999999988,727149.4999999999,166599.99999999988,697799.4999999998,137249.99999999977,648799.5,88250.0,604099.5,43550.0,527218.2500000002,-33331.24999999977,410040.1250000004,-150509.3749999996
index level,26,2,sel,20262007,12,72.0,-83905.99999999999,36000.0,-59906.00000000015,59999.99999999983,-58806.00000000013,61099.999999999854,-68955.99999999994,50950.000000000044,-99256.00000000035,20649.999999999636,-107331.0,12574.999999999985,-80037.24999999967,39868.75000000032,-38346.62499999994,81559.37500000004
index level,26,2,sel,20262008,15,72.0,327424.5,142500.0,320524.49999999977,135599.99999999977,304524.50000000035,119600.00000000035,279424.5,94500.0,236874.49999999983,51949.999999999825,209186.9999999996,24262.499999999593,163374.50000000017,-21549.999999999825,63883.87499999929,-121040.62500000071
index level,26,2,sel,20262009,15,72.0,-71386.5,85500.0,-59686.49999999972,97200.00000000028,-75586.49999999977,81300.00000000023,-89386.50000000033,67499.99999999967,-127136.49999999977,29750.000000000233,-135799.00000000058,21087.499999999418,-92211.50000000032,64674.99999999968,-17139.625000000175,139746.87499999983
index level,26,2,sel,20262010,13,72.0,163876.0,100500.0,178276.00000000003,114900.00000000003,167276.00000000032,103900.00000000032,150975.99999999962,87599.99999999962,119950.99999999988,56574.999999999876,92938.50000000041,29562.5000000004,79557.25000000073,16181.25000000072,32013.499999999884,-31362.500000000124
index level,26,2,sel,20262011,13,72.0,-116322.5,76500.0,-114222.5000000002,78599.9999999998,-118922.50000000003,73899.99999999997,-132372.4999999997,60450.00000000029,-166222.50000000015,26599.999999999854,-171985.0000000002,20837.499999999796,-130953.75000000025,61868.74999999975,-65363.12499999993,127459.37500000007
index level,26,2,rep,20262500,12,72.0,167888.0,112500.0,160688.0000000004,105300.00000000041,149288.0000000002,93900.0000000002,130537.99999999987,75149.99999999987,97863.00000000025,42475.00000000025,79338.00000000022,23950.00000000022,53694.24999999975,-1693.7500000002474,-7753.265060241094,-63141.265060241094
index level,26,2,rep,20262501,14,72.0,284359.5,123000.0,285559.49999999977,124199.99999999977,268159.50000000023,106800.00000000023,248409.50000000012,87050.00000000012,212584.50000000015,51225.000000000146,191384.50000000032,30025.00000000032,183772.0000000001,22412.500000000087,154412.6249999998,-6946.875000000204
index level,26,2,rep,20262502,12,72.0,57887.0,96000.0,53687.00000000023,91800.00000000023,49887.00000000012,88000.00000000012,38287.00000000009,76400.00000000009,10537.000000000087,48650.00000000009,-7675.500000000058,30437.49999999994,-1650.5000000005894,36462.49999999941,-12166.125000000022,25946.874999999978
index level,26,2,rep,20262503,14,72.0,-11675.999999999985,117000.0,-9875.999999999753,118800.00000000023,-24076.000000000306,104599.99999999968,-38025.9999999999,90650.00000000009,-81650.9999999996,47025.00000000038,-102925.99999999987,25750.000000000116,-80188.49999999974,48487.50000000025,-63501.00000000009,65174.9999999999
index level,26,2,rep,20262504,13,72.0,70378.0,94500.0,63177.9999999999,87299.9999999999,49677.99999999956,73799.99999999956,34977.99999999996,59099.99999999996,4427.999999999614,28549.999999999614,-15084.500000000035,9037.499999999965,-16740.749999999978,7381.250000000022,-30678.24999999992,-6556.24999999992
index level,26,2,rep,20262505,13,72.0,161158.0,142500.0,153958.00000000023,135300.00000000023,143658.00000000006,125000.00000000006,123507.99999999997,104849.99999999997,84808.0000000002,66150.0000000002,51395.4999999999,32737.499999999898,31745.500000000204,13087.500000000204,-24108.020569620312,-42766.02056962031
index level,26,2,rep,20262506,14,72.0,190805.0,138000.0,173105.00000000006,120300.00000000006,158705.00000000055,105900.00000000055,138754.9999999996,85949.99999999959,100279.9999999998,47474.999999999796,74942.49999999983,22137.499999999825,49798.75000000043,-3006.2499999995707,-15341.874999999796,-68146.8749999998
index level,26,2,rep,20262507,14,72.0,13330.5,108000.0,6130.500000000073,100800.00000000007,-13569.499999999927,81100.00000000007,-31069.499999999694,63600.000000000306,-70519.50000000015,24149.999999999854,-76394.49999999974,18275.000000000262,-31625.749999999956,63043.750000000044,53602.37499999991,148271.8749999999
index level,26,2,rep,20262508,15,72.0,405288.0,219000.0,390587.9999999999,204299.99999999988,351387.99999999953,165099.99999999953,316588.0000000005,130300.00000000052,263463.00000000006,77175.00000000006,217587.99999999983,31299.999999999825,155469.2499999998,-30818.750000000204,16113.000000000116,-170174.99999999988
index level,26,2,rep,20262509,15,72.0,86919.0,99000.0,90519.00000000013,102600.00000000013,84318.99999999997,96399.99999999997,67968.9999999995,80049.9999999995,30744.000000000276,42825.00000000028,2081.499999999909,14162.499999999909,-3493.4999999997963,8587.500000000204,-35190.374999999825,-23109.374999999825
index level,26,2,rep,20262510,15,72.0,-33117.0,154500.0,-38816.99999999924,148800.00000000076,-53016.99999999997,134600.00000000003,-78017.00000000077,109599.99999999923,-129492.00000000035,58124.99999999965,-151692.0000000003,35924.99999999971,-162960.75,24656.25,-215851.37499999942,-28234.374999999418
index level,26,2,rep,20262511,14,72.0,287115.0,133500.0,286214.99999999977,132599.99999999977,277715.0,124100.0,257265.0000000002,103650.0000000002,218814.9999999997,65199.99999999971,182090.0000000007,28475.0000000007,156764.99999999953,3149.9999999995343,92390.00000000009,-61224.99999999991
index level,26,3,sel,20263000,9,112.0,-30763.0,-10500.0,-31063.00000000024,-10800.00000000024,-26563.00000000007,-6300.000000000069,-23912.99999999992,-3649.99999999992,-23988.000000000022,-3725.000000000022,-23375.50000000007,-3112.500000000069,-23081.749999999738,-2818.749999999738,-19853.624999999818,409.3750000001819
index level,26,3,sel,20263001,10,112.0,190185.5,136500.0,189885.49999999994,136199.99999999994,179985.4999999994,126299.99999999939,166535.50000000003,112850.00000000003,141885.49999999994,88199.99999999994,105935.50000000006,52250.00000000006,45491.75000000038,-8193.749999999622,-83604.51168224288,-137290.01168224288
index level,26,3,sel,20263002,9,112.0,-29246.0,-9000.0,-23246.00000000017,-3000.000000000171,-23345.999999999738,-3099.999999999738,-28345.999999999964,-8099.999999999964,-30621.000000000113,-10375.000000000113,-29245.99999999983,-8999.999999999829,-10077.249999999955,10168.750000000045,29263.374999999694,49509.374999999694
index level,26,3,sel,20263003,10,112.0,1195.0,24000.0,4495.000000000407,27300.000000000407,3695.0000000002838,26500.000000000284,-3205.000000000262,19599.999999999738,-10954.999999999693,11850.000000000307,-14117.499999999887,8687.500000000113,-8486.250000000147,14318.749999999853,10457.499999999593,33262.49999999959
index level,26,3,sel,20263004,9,112.0,-20701.0,-1500.0,-18300.999999999967,900.0000000000327,-22601.00000000015,-3400.000000000149,-28601.000000000146,-9400.000000000146,-29301.000000000022,-10100.000000000022,-24351.000000000262,-5150.000000000262,-5557.2500000000455,13643.749999999955,32636.500000000262,51837.50000000026
index level,26,3,sel,20263005,8,112.0,71246.5,54000.0,71246.49999999949,53999.99999999949,70746.50000000012,53500.00000000012,66196.50000000032,48950.00000000032,54046.49999999978,36799.99999999978,36834.00000000026,19587.500000000262,11740.249999999978,-5506.250000000022,-29837.875000000196,-47084.3750000002
index level,26,3,sel,20263006,10,112.0,-4911.000000000002,9000.0,-6410.999999999831,7500.000000000171,-9811.00000000015,4099.999999999853,-15810.999999999978,-1899.9999999999764,-16085.9999999999,-2174.999999999898,-13198.500000000138,712.4999999998636,-10348.500000000002,3562.5,313.99999999985084,14224.999999999853
index level,26,3,sel,20263007,10,112.0,-43889.5,-27000.0,-42089.5000000001,-25200.000000000102,-44089.499999999985,-27199.999999999985,-51539.49999999986,-34649.99999999986,-50414.50000000004,-33525.00000000004,-44052.00000000019,-27162.50000000019,-19883.25000000009,-2993.750000000091,26494.874999999978,43384.37499999998
index level,26,3,sel,20263008,8,112.0,-35663.0,-3000.0,-37462.99999999972,-4799.9999999997235,-37762.999999999796,-5099.999999999796,-38912.99999999994,-6249.999999999942,-40113.000000000044,-7450.000000000044,-36875.49999999992,-4212.49999999992,-28838.00000000024,3824.99999999976,-9575.500000000022,23087.499999999978
index level,26,3,sel,20263009,10,112.0,-101188.0,-43499.99999999999,-105988.00000000025,-48300.00000000024,-106887.99999999977,-49199.99999999976,-108387.99999999977,-50699.99999999976,-105012.99999999994,-47324.999999999935,-87750.49999999994,-30062.499999999935,-43244.24999999993,14443.75000000008,53565.125000000065,111253.12500000007
index level,26,3,sel,20263010,10,112.0,-32346.0,-12000.0,-37146.00000000024,-16800.00000000024,-37946.00000000002,-17600.000000000022,-41995.99999999992,-21649.99999999992,-40146.00000000007,-19800.000000000073,-33571.00000000008,-13225.00000000008,-18764.74999999999,1581.250000000011,10463.374999999818,30809.374999999818
index level,26,3,sel,20263011,10,112.0,44988.5,60000.0,43488.49999999983,58499.99999999983,36088.49999999974,51099.99999999974,27638.500000000262,42650.00000000026,19713.499999999796,34724.999999999796,6200.999999999636,21212.499999999636,-14686.500000000126,324.9999999998745,-59376.356438515235,-44364.856438515235
index level,26,3,rep,20263500,10,112.0,14717.0,12000.0,14416.99999999993,11699.99999999993,11016.999999999955,8299.999999999955,5866.999999999864,3149.9999999998636,4942.000000000023,2225.0000000000227,5492.000000000205,2775.0000000002046,27835.75000000009,25118.75000000009,78329.50000000013,75612.50000000013
index level,26,3,rep,20263501,8,112.0,81126.5,64500.0,81426.4999999999,64799.9999999999,78426.4999999999,61799.9999999999,74276.49999999958,57649.99999999958,65626.50000000029,49000.00000000029,49201.500000000386,32575.000000000386,14857.75000000016,-1768.74999999984,-44887.55894077448,-61514.05894077448
index level,26,3,rep,20263502,9,112.0,-26025.0,0.0,-22724.99999999993,3300.000000000069,-24125.000000000193,1899.9999999998072,-27125.000000000193,-1100.0000000001928,-27200.000000000124,-1175.0000000001237,-24850.000000000557,1174.9999999994434,-12787.49999999959,13237.50000000041,10268.749999999985,36293.749999999985
index level,26,3,rep,20263503,10,112.0,-23743.0,-3000.0,-26442.99999999993,-5699.999999999931,-23843.00000000008,-3100.00000000008,-27842.999999999854,-7099.9999999998545,-28292.999999999614,-7549.999999999614,-29517.99999999986,-8774.999999999862,-23824.25000000001,-3081.250000000011,-7696.125000000227,13046.874999999773
index level,26,3,rep,20263504,8,112.0,24432.0,6000.0,20232.00000000007,1800.0000000000691,18631.999999999818,199.9999999998181,18681.999999999774,249.99999999977445,19056.99999999994,624.9999999999418,16119.500000000056,-2312.4999999999436,16669.499999999898,-1762.5000000001019,28447.625000000226,10015.625000000226
index level,26,3,rep,20263505,10,112.0,47704.5,42000.0,46204.5,40500.0,45804.50000000002,40100.00000000002,40204.5,34500.0,34454.49999999994,28749.99999999994,25704.50000000006,20000.00000000006,16485.75,10781.25,13708.680194804974,8004.180194804974
index level,26,3,rep,20263506,10,112.0,-108768.0,-48000.00000000001,-111468.00000000009,-50700.000000000095,-111367.99999999985,-50599.99999999986,-112718.00000000015,-51950.00000000015,-107317.99999999994,-46549.99999999995,-89930.4999999999,-29162.499999999905,-44343.000000000095,16424.999999999898,45310.12500000001,106078.125
index level,26,3,rep,20263507,9,112.0,-8030.999999999999,0.0,-6231.000000000272,1799.9999999997272,-10831.000000000011,-2800.000000000012,-15481.000000000215,-7450.000000000216,-14680.99999999992,-6649.999999999921,-13081.000000000011,-5050.000000000012,-6674.749999999954,1356.2500000000455,9800.249999999727,17831.249999999727
index level,26,3,rep,20263508,9,112.0,20027.0,12000.0,22427.000000000036,14400.000000000036,14027.000000000171,6000.00000000017,5976.999999999989,-2050.000000000012,1352.0000000001028,-6674.999999999898,89.49999999988722,-7937.500000000114,183.24999999988722,-7843.750000000114,45.75000000001182,-7981.249999999989
index level,26,3,rep,20263509,9,112.0,25917.0,42000.0,32816.999999999694,48899.999999999694,31916.99999999949,47999.99999999949,25517.000000000022,41600.00000000002,22791.99999999994,38874.99999999994,12129.499999999749,28212.49999999975,2698.2500000002256,18781.250000000226,-12211.124999999898,3871.875000000102
index level,26,3,rep,20263510,10,112.0,45826.0,34500.0,43725.99999999986,32399.99999999986,40526.000000000044,29200.000000000044,35375.999999999614,24049.999999999614,30401.000000000044,19075.000000000044,22150.999999999705,10824.999999999705,10713.499999999705,-612.5000000002947,-14277.125000000204,-25603.125000000204
index level,26,3,rep,20263511,9,112.0,46371.5,42000.0,49371.49999999966,44999.99999999966,46271.49999999992,41899.99999999992,41471.50000000002,37100.00000000002,35771.49999999992,31399.99999999992,24296.500000000124,19925.000000000124,13334.000000000035,8962.500000000035,-2214.7375827812793,-6586.237582781279
stock level,14,0,sel,20140000,12,83.0,150362.0,90000.0,152461.9999999998,92099.9999999998,146262.00000000032,85900.00000000032,135362.00000000017,75000.00000000017,112861.99999999983,52499.999999999825,90349.49999999967,29987.499999999665,68118.25000000003,7756.250000000029,19140.12499999976,-41221.87500000024
stock level,14,0,sel,20140001,12,83.0,-53182.0,70500.0,-46581.99999999987,77100.00000000013,-56582.000000000146,67099.99999999985,-67932.00000000006,55749.99999999994,-91306.99999999994,32375.00000000006,-105606.99999999939,18075.00000000061,-105331.99999999964,18350.000000000364,-125773.19897959198,-2091.19897959198
stock level,14,0,sel,20140002,11,83.0,-18968.5,69000.0,-18668.499999999927,69300.00000000007,-24268.49999999978,63700.00000000022,-29868.499999999804,58100.0000000002,-45118.50000000009,42849.99999999991,-60356.000000000044,27612.499999999956,-51587.25000000009,36381.24999999991,-40456.000000000065,47512.499999999935
stock level,14,0,sel,20140003,10,83.0,28445.0,48000.0,26345.000000000036,45900.00000000004,25444.999999999833,44999.99999999983,19395.00000000022,38950.00000000022,-304.9999999999418,19250.00000000006,-8092.500000000193,11462.499999999807,9332.50000000016,28887.50000000016,40079.37499999986,59634.37499999986
stock level,14,0,sel,20140004,12,83.0,-65890.49999999999,63000.0,-72790.50000000003,56099.999999999956,-73490.50000000023,55399.99999999975,-79340.50000000003,49549.999999999956,-96590.5000000002,32299.99999999978,-108003.0000000004,20887.499999999593,-88227.99999999962,40662.500000000364,-71821.75000000013,57068.749999999854
stock level,14,0,sel,20140005,11,83.0,258101.50000000003,97500.0,261701.5,101099.99999999997,252101.49999999985,91499.99999999983,242151.5000000002,81550.00000000017,217176.49999999974,56574.99999999971,190113.9999999998,29512.499999999767,163001.49999999988,2399.9999999998545,95820.2500000002,-64781.249999999825
stock level,14,0,sel,20140006,10,83.0,576760.0,219000.0,572859.9999999998,215099.99999999977,547760.0000000001,190000.00000000012,519159.99999999953,161399.99999999953,468460.0000000003,110700.00000000029,407822.49999999965,50062.49999999965,270478.75,-87281.25,-42602.50000000029,-400362.5000000003
stock level,14,0,sel,20140007,10,83.0,-22573.5,19500.0,-14773.500000000273,27299.999999999727,-14173.500000000138,27899.99999999986,-19973.50000000015,22099.99999999985,-38573.49999999994,3500.000000000058,-39161.00000000009,2912.4999999999127,-9986.000000000022,32087.499999999978,36520.25000000023,78593.75000000023
stock level,14,0,sel,20140008,10,83.0,590340.5,199500.0,588840.5000000003,198000.00000000035,569440.4999999999,178599.99999999988,540240.4999999999,149399.99999999988,495040.5000000004,104200.00000000041,442490.5000000004,51650.00000000041,346509.2499999998,-44331.250000000175,122287.37500000012,-268553.1249999999
stock level,14,0,sel,20140009,11,83.0,-47792.0,82500.0,-46292.0,84000.0,-60392.00000000013,69899.99999999987,-66791.99999999994,63500.00000000006,-87767.0000000003,42524.999999999694,-100642.00000000003,29649.99999999997,-91285.75000000009,39006.24999999991,-88363.87500000015,41928.124999999854
stock level,14,0,sel,20140010,9,83.0,223194.5,94500.0,226794.4999999998,98099.9999999998,217194.49999999983,88499.99999999983,202594.50000000032,73900.00000000032,178444.49999999977,49749.99999999977,151019.50000000032,22325.00000000032,113500.74999999958,-15193.750000000422,35007.00000000012,-93687.49999999988
stock level,14,0,sel,20140011,9,83.0,58965.5,78000.0,53565.50000000013,72600.00000000013,47565.50000000013,66600.00000000013,36415.4999999997,55449.9999999997,14665.500000000044,33700.000000000044,-2846.9999999995453,16187.500000000455,-13859.500000000273,5174.999999999727,-62431.37500000014,-43396.87500000014
stock level,14,0,rep,20140500,12,83.0,1742192.5,466500.0,1717892.5000000002,442200.00000000023,1666092.5,390400.0,1582042.5,306350.0,1475342.5000000005,199650.00000000047,1375104.9999999995,99412.49999999953,1128886.2500000002,-146806.24999999977,610726.8749999993,-664965.6250000007
stock level,14,0,rep,20140501,10,83.0,361935.0,147000.0,352934.99999999965,137999.99999999965,346735.0000000005,131800.00000000052,322635.0000000003,107700.00000000029,281459.99999999953,66524.99999999953,234272.50000000032,19337.50000000032,146978.74999999983,-67956.25000000017,-39249.37500000026,-254184.37500000026
stock level,14,0,rep,20140502,10,83.0,306112.5,165000.0,301612.50000000035,160500.00000000035,282812.50000000035,141700.00000000035,262612.5,121500.0,223887.49999999942,82774.99999999942,184950.0000000002,43837.500000000204,122074.99999999975,-19037.500000000247,-36631.25000000009,-177743.7500000001
stock level,14,0,rep,20140503,10,83.0,-59611.0,49500.0,-59310.99999999976,49800.00000000024,-67111.00000000017,41999.999999999825,-74511.00000000009,34599.99999999991,-89911.00000000007,19199.999999999927,-93261.00000000009,15849.999999999913,-55360.99999999994,53750.00000000006,13498.375000000058,122609.37500000006
stock level,14,0,rep,20140504,10,83.0,-136633.5,21000.0,-147433.49999999988,10200.000000000116,-151433.49999999985,6200.0000000001455,-154183.49999999988,3450.0000000001164,-167858.5000000004,-10225.000000000407,-160008.50000000023,-2375.000000000233,-103095.99999999997,54537.50000000003,-1814.750000000262,155818.74999999974
stock level,14,0,rep,20140505,12,83.0,133947.0,139500.0,131247.00000000006,136800.00000000006,116147.00000000084,121700.00000000084,96647.00000000084,102200.00000000084,64346.99999999987,69899.99999999987,30197.000000000568,35750.00000000057,4328.249999999795,9881.249999999796,-76144.10576923063,-70591.10576923063
stock level,14,0,rep,20140506,10,83.0,234663.0,108000.0,230163.00000000035,103500.00000000035,222762.99999999956,96099.99999999956,210713.0000000003,84050.00000000029,183613.00000000006,56950.00000000006,154000.4999999997,27337.49999999971,117056.74999999945,-9606.250000000553,36306.75000000007,-90356.24999999993
stock level,14,0,rep,20140507,12,83.0,-74200.5,51000.0,-75400.49999999994,49800.00000000006,-79000.4999999999,46200.0000000001,-87650.50000000022,37549.99999999978,-104875.49999999972,20325.000000000276,-112862.99999999997,12337.50000000003,-95475.50000000009,29724.999999999913,-79647.37499999985,45553.125000000146
stock level,14,0,rep,20140508,12,83.0,581128.0,223500.0,564328.0000000002,206700.00000000023,539227.9999999999,181599.99999999988,516278.00000000035,158650.00000000035,471177.9999999997,113549.99999999971,417203.00000000006,59575.00000000006,332646.7500000003,-24981.24999999971,142915.49999999968,-214712.50000000032
stock level,14,0,rep,20140509,12,83.0,-50428.0,63000.0,-50428.0,63000.0,-53528.00000000008,59899.99999999992,-63328.000000000204,50099.999999999796,-84927.99999999965,28500.00000000035,-98327.99999999975,15100.000000000247,-82027.99999999991,31400.000000000087,-74971.75000000044,38456.24999999956
stock level,14,0,rep,20140510,9,83.0,510986.0,196500.0,515185.99999999994,200699.99999999994,492185.9999999997,177699.9999999997,460135.9999999999,145649.99999999988,411786.0000000005,97300.00000000052,357873.50000000047,43387.500000000466,261998.5,-52487.5,46914.12500000029,-267571.8749999997
stock level,14,0,rep,20140511,11,83.0,798174.0,279000.0,793674.0,274500.0,742673.9999999998,223499.99999999977,690224.0000000002,171050.00000000023,632249.0000000001,113075.00000000012,575649.0000000001,56475.00000000012,451348.99999999994,-67825.00000000006,157379.5430761096,-361794.4569238904
stock level,14,1,sel,20141000,11,85.0,-2487.5,15000.0,-6387.500000000204,11099.999999999796,-4087.50000000008,13399.99999999992,-11137.499999999978,6350.000000000022,-20587.499999999738,-3099.999999999738,-19087.50000000008,-1600.00000000008,-17643.750000000113,-156.25000000011278,-27265.62499999976,-9778.12499999976
stock level,14,1,sel,20141001,10,85.0,2525.5,4500.0,-774.5000000000684,1199.9999999999318,1625.4999999999657,3599.999999999966,525.5000000004545,2500.0000000004547,2000.5000000003067,3975.000000000307,1288.000000000102,3262.5000000001023,-4149.500000000239,-2175.000000000239,-12086.99999999984,-10112.49999999984
stock level,14,1,sel,20141002,10,85.0,-22088.5,-4500.0,-22988.500000000036,-5400.000000000036,-27788.49999999976,-10199.99999999976,-33888.49999999984,-16299.99999999984,-32513.499999999898,-14924.999999999898,-22051.000000000036,-4462.500000000036,-1363.500000000091,16224.999999999909,31642.749999999818,49231.24999999982
stock level,14,1,sel,20141003,11,85.0,-73810.5,-39000.0,-78010.49999999977,-43199.99999999977,-75410.50000000009,-40600.00000000009,-75960.49999999991,-41149.99999999991,-71510.50000000022,-36700.00000000022,-55423.00000000035,-20612.50000000035,-6929.250000000033,27881.249999999967,88767.62500000012,123578.12500000012
stock level,14,1,sel,20141004,12,85.0,40524.0,27000.0,46824.000000000065,33300.000000000065,42024.000000000175,28500.000000000175,34574.000000000124,21050.000000000124,29498.999999999796,15974.999999999796,16898.99999999983,3374.999999999829,5086.499999999829,-8437.500000000171,-20036.088530655325,-33560.088530655325
stock level,14,1,sel,20141005,10,85.0,210748.0,150000.0,210448.00000000012,149700.00000000012,197448.00000000067,136700.00000000067,181897.9999999993,121149.9999999993,152597.99999999968,91849.99999999968,101722.99999999991,40974.99999999991,11310.500000000116,-49437.49999999988,-179675.75818777276,-240423.75818777276
stock level,14,1,sel,20141006,10,85.0,42338.0,45000.0,39638.00000000041,42300.00000000041,36638.000000000065,39300.000000000065,30787.99999999976,33449.99999999976,22663.00000000016,25325.00000000016,10550.500000000091,13212.500000000091,-15318.25,-12656.25,-66908.57928388768,-64246.57928388768
stock level,14,1,sel,20141007,12,85.0,5949.5,15000.0,2349.4999999995234,11399.999999999523,-350.5000000002383,8699.999999999762,-550.4999999998872,8500.000000000113,-5775.499999999909,3275.000000000091,-10900.500000000193,-1850.0000000001928,-10138.000000000035,-1087.5000000000346,-13045.996535796576,-3995.4965357965757
stock level,14,1,sel,20141008,11,85.0,-4749.0,6000.0,-4448.999999999932,6300.000000000068,-7649.000000000091,3099.999999999909,-13349.000000000022,-2600.000000000022,-17549.000000000124,-6800.000000000124,-11486.500000000011,-737.5000000000109,-4674.000000000068,6074.999999999932,1500.9999999997726,12249.999999999773
stock level,14,1,sel,20141009,11,85.0,163875.0,135000.0,158774.9999999995,129899.9999999995,151874.99999999965,122999.99999999965,141225.00000000047,112350.00000000047,115799.99999999972,86924.99999999972,68062.5,39187.5,-9193.749999999916,-38068.74999999991,-181549.99999999994,-210424.99999999994
stock level,14,1,sel,20141010,10,85.0,21521.5,25500.0,17921.500000000033,21900.000000000033,18821.50000000007,22800.00000000007,11171.499999999864,15149.999999999864,1696.5000000001255,5675.0000000001255,-541.0000000000568,3437.499999999943,-1272.2500000003297,2706.2499999996703,-8612.79449648703,-4634.294496487029
stock level,14,1,sel,20141011,10,85.0,24733.5,13500.0,28633.500000000033,17400.000000000033,30133.49999999986,18899.99999999986,25183.49999999993,13949.99999999993,19983.5000000004,8750.0000000004,14521.000000000251,3287.500000000251,6108.500000000398,-5124.999999999602,-14478.999999999978,-25712.499999999978
stock level,14,1,rep,20141500,11,85.0,70850.0,63000.0,78350.00000000017,70500.00000000017,71650.00000000012,63800.00000000012,64100.0,56250.0,53049.99999999965,45199.99999999965,32974.99999999966,25124.999999999658,10506.249999999887,2656.249999999887,-33094.51970443333,-40944.51970443333
stock level,14,1,rep,20141501,12,85.0,4355.0,21000.0,1955.0000000008185,18600.00000000082,-1145.0000000001128,15499.999999999887,-5295.000000000433,11349.999999999567,-14770.0,1875.0,-19632.500000000182,-2987.500000000182,-18682.500000000364,-2037.5000000003638,-36660.62499999966,-20015.624999999658
stock level,14,1,rep,20141502,11,85.0,-50562.5,-23999.999999999996,-52362.50000000007,-25800.00000000007,-54462.49999999987,-27899.999999999865,-53412.499999999796,-26849.999999999793,-52462.49999999947,-25899.999999999465,-34899.99999999993,-8337.499999999924,-6331.250000000073,20231.24999999993,30971.874999999894,57534.3749999999
stock level,14,1,rep,20141503,12,85.0,-64341.5,-31500.0,-77841.49999999965,-44999.99999999965,-76641.4999999999,-43799.9999999999,-75941.5000000002,-43100.000000000204,-70241.49999999991,-37399.99999999991,-50153.999999999774,-17312.499999999774,-1466.4999999997162,31375.000000000284,86827.25000000022,119668.75000000022
stock level,14,1,rep,20141504,11,85.0,7693.0,27000.0,8592.999999999862,27899.99999999986,5192.999999999203,24499.999999999203,492.99999999972715,19799.999999999727,-5631.999999999818,13675.000000000182,-14006.999999999705,5300.000000000295,-24132.000000000386,-4825.000000000386,-57510.12500000034,-38203.12500000034
stock level,14,1,rep,20141505,11,85.0,30959.5,37500.0,25259.50000000007,31800.00000000007,21659.500000000273,28200.000000000273,18709.499999999887,25249.999999999887,11409.500000000386,17950.000000000386,384.500000000864,6925.000000000864,-13234.249999999965,-6693.749999999965,-56817.77272727287,-50277.27272727287
stock level,14,1,rep,20141506,11,85.0,10624.0,16500.0,5524.000000000204,11400.000000000204,5423.9999999999545,11299.999999999955,4123.999999999944,9999.999999999944,4048.99999999984,9924.99999999984,2286.50000000008,8162.50000000008,18417.74999999999,24293.74999999999,54920.875,60796.875
stock level,14,1,rep,20141507,10,85.0,210522.0,147000.0,205422.0000000002,141900.0000000002,201021.99999999977,137499.99999999977,185772.0,122250.0,161196.9999999995,97674.9999999995,110671.99999999975,47149.99999999975,10778.249999999796,-52743.750000000204,-184177.99999999983,-247699.99999999983
stock level,14,1,rep,20141508,12,85.0,67444.0,34500.0,67143.99999999977,34199.99999999977,64243.99999999984,31299.99999999984,56994.000000000466,24050.000000000466,47868.9999999999,14924.999999999898,34169.00000000025,1225.0000000002474,9381.500000000113,-23562.499999999887,-27789.663232103936,-60733.663232103936
stock level,14,1,rep,20141509,12,85.0,-162674.0,-94500.0,-158773.99999999997,-90599.99999999997,-155174.0,-87000.0,-149724.0,-81550.0,-138049.00000000006,-69875.00000000006,-102286.50000000017,-34112.500000000175,-24167.750000000036,44006.24999999996,119147.70566502446,187321.70566502446
stock level,14,1,rep,20141510,11,85.0,158155.5,112500.0,150955.49999999988,105299.99999999988,143255.50000000006,97600.00000000006,135805.5000000002,90150.0000000002,116030.50000000029,70375.00000000029,79142.99999999956,33487.49999999956,12955.499999999727,-32700.000000000273,-112403.87499999988,-158059.37499999988
stock level,14,1,rep,20141511,12,85.0,-2128.5,10500.0,-3028.4999999995234,9600.000000000477,-10228.500000000136,2399.9999999998636,-15428.500000000011,-2800.000000000011,-20503.5,-7875.0,-19766.00000000016,-7137.50000000016,-13078.49999999959,-449.9999999995907,-17625.375000000273,-4996.875000000273
stock level,14,2,sel,20142000,15,72.0,88761.0,142500.0,71961.00000000028,125700.00000000028,60561.00000000041,114300.00000000041,44461.000000000044,98200.00000000004,6486.000000000138,60225.00000000014,-22513.99999999992,31225.00000000008,-47107.74999999913,6631.250000000873,-116932.74999999991,-63193.74999999991
stock level,14,2,sel,20142001,14,72.0,102192.5,82500.0,106692.49999999967,86999.99999999967,96392.50000000016,76700.00000000016,85142.49999999983,65449.999999999825,59267.50000000033,39575.00000000033,41430.00000000018,21737.500000000182,51467.49999999975,31774.999999999753,78115.74168797949,58423.24168797949
stock level,14,2,sel,20142002,13,72.0,12466.999999999993,69000.0,22967.000000000167,79500.00000000017,13466.999999999935,69999.99999999994,5416.999999999927,61949.999999999935,-19158.000000000233,37374.999999999774,-38045.49999999994,18487.500000000065,-22257.999999999804,34275.000000000204,1635.750000000211,58168.75000000022
stock level,14,2,sel,20142003,15,72.0,70775.5,90000.0,63275.500000000175,82500.00000000017,58375.49999999968,77599.99999999968,45225.4999999997,64449.9999999997,15800.500000000204,35025.000000000204,637.9999999998399,19862.49999999984,9350.49999999993,28574.99999999993,11184.875000000353,30409.375000000353
stock level,14,2,sel,20142004,15,72.0,-23305.0,78000.0,-23605.000000000073,77699.99999999993,-25705.00000000003,75599.99999999997,-39454.99999999998,61850.00000000002,-65505.00000000033,35799.99999999967,-79242.49999999977,22062.500000000233,-72742.50000000006,28562.49999999994,-65979.9999999999,35325.0000000001
stock level,14,2,sel,20142005,12,72.0,-50250.5,43500.0,-45750.5,48000.0,-48550.50000000018,45199.99999999982,-56850.50000000048,36899.99999999952,-79000.49999999994,14750.000000000058,-89138.00000000028,4612.4999999997235,-76419.25000000016,17331.24999999984,-64676.137755102114,29074.362244897886
stock level,14,2,sel,20142006,11,72.0,76627.5,79500.0,70327.49999999977,73199.99999999977,65327.500000000044,68200.00000000004,59977.499999999796,62849.999999999796,40302.499999999956,43174.999999999956,31002.499999999884,33874.99999999988,48908.7500000004,51781.2500000004,87180.62499999991,90053.12499999991
stock level,14,2,sel,20142007,12,72.0,-85660.0,54000.0,-69759.99999999962,69900.00000000038,-84559.99999999997,55100.00000000003,-97310.00000000015,42349.999999999854,-118409.99999999988,21250.000000000116,-119935.00000000003,19724.99999999997,-84041.24999999985,55618.750000000146,-31503.750000000233,108156.24999999977
stock level,14,2,sel,20142008,12,72.0,34603.0,69000.0,44503.000000000204,78900.0000000002,34903.00000000023,69300.00000000023,24652.999999999673,59049.99999999967,478.00000000016735,34875.00000000017,-9772.000000000226,24624.999999999774,2378.00000000032,36775.00000000032,31102.99999999994,65499.99999999994
stock level,14,2,sel,20142009,12,72.0,25031.0,64500.0,23831.000000000065,63300.000000000065,20030.999999999774,59499.999999999774,11431.000000000262,50900.00000000026,-9719.000000000113,29749.999999999887,-19694.00000000008,19774.99999999992,2881.0000000001965,42350.0000000002,32937.24999999955,72406.24999999955
stock level,14,2,sel,20142010,12,72.0,-8584.0,60000.0,-11584.000000000167,56999.99999999983,-21884.000000000015,46699.999999999985,-30034.000000000102,38549.9999999999,-52809.00000000002,15774.999999999978,-53021.5,15562.5,-20359.000000000204,48224.999999999796,43291.00000000006,111875.00000000006
stock level,14,2,sel,20142011,13,72.0,295936.5,91500.0,286036.5,81600.0,278836.5,74400.0,266786.50000000023,62350.00000000023,241936.5,37500.0,220448.99999999994,16012.499999999942,207149.00000000026,2712.500000000262,190702.12499999983,-13734.375000000175
stock level,14,2,rep,20142500,12,72.0,22903.0,88500.0,10903.0,76500.0,2602.999999999869,68199.99999999987,-9897.00000000035,55699.99999999965,-31697.00000000014,33899.99999999986,-43084.49999999984,22512.50000000016,-26403.250000000087,39193.74999999991,-2293.8750000001455,63303.124999999854
stock level,14,2,rep,20142501,14,72.0,578421.5,160500.0,579621.5000000001,161700.00000000012,558521.5,140600.0,533171.5000000003,115250.00000000035,486021.4999999991,68099.99999999913,437071.4999999998,19149.999999999825,326290.24999999953,-91631.25000000047,116140.00030266354,-301781.49969733646
stock level,14,2,rep,20142502,13,72.0,210879.5,141000.0,203079.49999999994,133199.99999999994,184179.4999999997,114299.99999999971,161429.50000000012,91550.00000000012,125554.50000000017,55675.000000000175,96704.49999999983,26824.999999999825,67204.49999999987,-2675.000000000131,-1251.7500000003638,-71131.25000000036
stock level,14,2,rep,20142503,14,72.0,-190280.5,64500.0,-208580.49999999988,46200.00000000012,-217780.49999999988,37000.00000000012,-227380.49999999985,27400.000000000146,-249505.5000000002,5274.999999999796,-245655.49999999994,9125.000000000058,-202017.9999999997,52762.50000000029,-127999.24999999994,126781.25000000006
stock level,14,2,rep,20142504,13,72.0,227365.5,165000.0,216265.49999999953,153899.99999999953,194465.4999999999,132099.9999999999,172215.50000000003,109850.00000000003,128790.49999999996,66424.99999999996,88715.49999999956,26349.999999999563,21703.00000000032,-40662.49999999968,-129156.37500000015,-191521.87500000015
stock level,14,2,rep,20142505,14,72.0,-200329.0,66000.0,-206328.99999999983,60000.000000000175,-222028.99999999988,44300.00000000012,-231578.99999999988,34750.00000000012,-253703.99999999953,12625.000000000466,-246216.5000000002,20112.499999999796,-192597.74999999994,73731.25000000006,-109475.87500000015,156853.12499999985
stock level,14,2,rep,20142506,13,72.0,455556.5,147000.0,446556.49999999965,137999.99999999965,423456.50000000023,114900.00000000023,401806.49999999994,93249.99999999994,366931.50000000064,58375.00000000064,328131.5000000003,19575.00000000029,245068.99999999942,-63487.50000000058,64453.374999999854,-244103.12500000015
stock level,14,2,rep,20142507,14,72.0,-176227.49999999997,43500.0,-174727.49999999997,45000.0,-177427.50000000023,42299.99999999974,-186377.4999999996,33350.00000000038,-206677.4999999999,13050.000000000058,-204502.49999999983,15225.000000000146,-164083.74999999968,55643.75000000029,-109816.97589686088,109910.52410313909
stock level,14,2,rep,20142508,13,72.0,-133517.0,55500.0,-134116.9999999998,54900.000000000204,-142816.99999999988,46200.00000000012,-154766.99999999977,34250.00000000023,-177442.00000000047,11574.999999999534,-173129.4999999998,15887.500000000204,-128329.49999999994,60687.50000000006,-48482.62499999988,140534.37500000012
stock level,14,2,rep,20142509,13,72.0,253289.0,96000.0,250888.99999999945,93599.99999999945,238388.9999999999,81099.99999999991,225189.00000000015,67900.00000000015,199813.99999999985,42524.999999999854,175463.99999999983,18174.999999999825,160832.74999999977,3543.749999999767,135170.2500000001,-22118.749999999913
stock level,14,2,rep,20142510,15,72.0,11433.0,94500.0,9332.999999999694,92399.9999999997,-4567.000000000116,78499.99999999988,-11917.000000000073,71149.99999999993,-37842.00000000004,45224.99999999996,-52504.499999999825,30562.500000000175,-31204.49999999976,51862.50000000024,2079.875000000189,85146.87500000019
stock level,14,2,rep,20142511,13,72.0,368414.5,148500.0,361814.50000000023,141900.00000000023,350214.50000000035,130300.00000000035,331914.5000000001,112000.00000000012,295189.49999999994,75274.99999999994,266214.5,46300.0,229589.49999999988,9674.999999999884,148907.41871921177,-71007.08128078823
stock level,14,3,sel,20143000,8,112.0,-97717.0,-52500.00000000001,-93216.99999999983,-47999.99999999983,-100517.00000000017,-55300.00000000018,-102917.00000000003,-57700.00000000004,-97416.99999999993,-52199.999999999935,-79554.49999999997,-34337.49999999998,-38242.00000000003,6974.999999999964,35382.99999999951,80599.9999999995
stock level,14,3,sel,20143001,9,112.0,96802.0,72000.0,89902.00000000015,65100.000000000146,86401.99999999956,61599.99999999956,79201.99999999964,54399.999999999636,70752.00000000016,45950.00000000016,52464.50000000025,27662.500000000247,19426.999999999774,-5375.000000000226,-51416.75,-76218.75
stock level,14,3,sel,20143002,9,112.0,-902.0,6000.0,3898.000000000069,10800.00000000007,2698.0000000001364,9600.000000000136,-2101.999999999932,4800.000000000068,-6402.000000000284,499.99999999971624,-9102.000000000216,-2200.0000000002165,4685.500000000035,11587.500000000035,35032.374999999935,41934.374999999935
stock level,14,3,sel,20143003,10,112.0,220615.5,135000.0,216415.4999999997,130799.99999999971,208915.50000000006,123300.00000000006,199065.5,113450.0,182515.5000000002,96900.0000000002,148490.49999999942,62874.99999999942,87271.75000000012,1656.2500000001164,-25606.82142857161,-111222.32142857161
stock level,14,3,sel,20143004,9,112.0,128281.0,85500.0,124981.00000000028,82200.00000000028,120281.00000000045,77500.00000000045,110230.99999999987,67449.99999999987,97430.99999999991,54649.99999999991,78831.00000000012,36050.00000000012,54380.999999999854,11599.999999999854,2087.250000000262,-40693.74999999974
stock level,14,3,sel,20143005,9,112.0,-221375.5,-97500.00000000001,-215675.49999999988,-91799.9999999999,-222975.49999999988,-99099.9999999999,-220775.49999999985,-96899.99999999987,-206525.5,-82650.00000000001,-174637.99999999985,-50762.49999999987,-98494.2499999998,25381.25000000019,47536.999999999985,171412.49999999997
stock level,14,3,sel,20143006,9,112.0,-157593.5,-81000.0,-154893.50000000006,-78300.00000000006,-149093.50000000006,-72500.00000000006,-147493.49999999997,-70899.99999999997,-137393.50000000012,-60800.00000000012,-114318.49999999997,-37724.99999999997,-70318.49999999991,6275.000000000087,2231.4999999999272,78824.99999999993
stock level,14,3,sel,20143007,10,112.0,273984.0,178500.0,272183.99999999977,176699.99999999977,258383.99999999985,162899.99999999985,239983.9999999997,144499.9999999997,213634.00000000015,118150.00000000015,168884.0000000001,73400.00000000009,89415.24999999997,-6068.750000000029,-86572.25000000079,-182056.2500000008
stock level,14,3,sel,20143008,8,112.0,-104725.5,-36000.0,-106225.49999999983,-37499.999999999825,-105525.49999999996,-36799.999999999956,-105225.50000000006,-36500.00000000006,-96625.5000000002,-27900.000000000204,-81650.50000000001,-12925.000000000015,-46825.50000000014,21899.99999999986,19621.375000000015,88346.87500000001
stock level,14,3,sel,20143009,10,112.0,-149314.0,-76500.0,-146314.00000000017,-73500.00000000017,-149713.99999999983,-76899.99999999983,-147614.00000000017,-74800.00000000017,-139439.0000000003,-66625.00000000029,-116601.49999999991,-43787.49999999991,-71289.00000000003,1524.999999999971,11825.628623188342,84639.62862318834
stock level,14,3,sel,20143010,8,112.0,-20953.0,-7499.999999999998,-13753.00000000007,-300.0000000000673,-17853.000000000262,-4400.00000000026,-20452.999999999945,-6999.999999999944,-20452.999999999774,-6999.999999999773,-18415.49999999992,-4962.499999999918,-5471.750000000184,7981.249999999818,20443.874999999913,33896.87499999991
stock level,14,3,sel,20143011,10,112.0,23805.0,27000.0,34604.99999999972,37799.99999999972,35504.999999999935,38699.999999999935,31605.00000000024,34800.00000000024,22229.999999999727,25424.999999999727,10630.000000000045,13825.000000000045,8604.99999999984,11799.99999999984,-773.1249999999432,2421.875000000057
stock level,14,3,rep,20143500,9,112.0,-8325.0,15000.0,-4725.000000000033,18599.999999999967,-8325.000000000342,14999.999999999658,-12675.000000000136,10649.999999999864,-18675.00000000014,4649.999999999862,-24137.49999999994,-812.4999999999418,-28343.749999999956,-5018.749999999956,-37043.75000000006,-13718.750000000058
stock level,14,3,rep,20143501,8,112.0,-59758.0,-37500.0,-60658.00000000003,-38400.00000000003,-57757.99999999994,-35499.99999999994,-59008.0,-36750.0,-51707.999999999985,-29449.99999999999,-39645.50000000021,-17387.500000000215,-2526.7499999999527,19731.250000000044,62698.25000000023,84956.25000000023
stock level,14,3,rep,20143502,10,112.0,108702.5,55500.0,113202.49999999983,59999.999999999825,108602.50000000009,55400.00000000009,101452.50000000029,48250.00000000029,95677.49999999956,42474.99999999956,78202.49999999977,24999.999999999767,45183.750000000044,-8018.749999999956,2371.2499999999345,-50831.250000000065
stock level,14,3,rep,20143503,10,112.0,15437.0,19500.0,13337.000000000033,17400.000000000033,10537.000000000022,14600.000000000022,7086.99999999992,11149.99999999992,3662.0000000001364,7725.000000000136,1424.5000000001255,5487.5000000001255,-2381.749999999909,1681.250000000091,911.999999999909,4974.999999999909
stock level,14,3,rep,20143504,10,112.0,34340.0,22500.0,36740.00000000003,24900.00000000003,37240.00000000026,25400.000000000262,32840.000000000175,21000.000000000175,24815.00000000014,12975.000000000138,19652.500000000226,7812.500000000226,9252.499999999965,-2587.5000000000346,1568.125000000091,-10271.874999999909
stock level,14,3,rep,20143505,9,112.0,153326.5,109500.0,149426.50000000081,105600.00000000081,141526.50000000017,97700.00000000017,135726.49999999965,91899.99999999965,120126.50000000017,76300.00000000017,90564.00000000029,46737.50000000029,43526.49999999976,-300.0000000002401,-56457.14537444952,-100283.64537444952
stock level,14,3,rep,20143506,10,112.0,-137579.5,-61500.0,-139979.50000000003,-63900.00000000003,-139179.4999999999,-63099.99999999991,-136679.5000000003,-60600.00000000029,-128929.49999999968,-52849.99999999968,-112392.00000000023,-36312.50000000023,-68923.24999999977,7156.250000000233,19286.124999999854,95365.62499999985
stock level,14,3,rep,20143507,9,112.0,133186.0,96000.0,132286.00000000012,95100.00000000012,127985.99999999996,90799.99999999996,120136.00000000028,82950.00000000028,107836.0000000002,70650.0000000002,79960.99999999997,42774.99999999997,19111.00000000007,-18074.99999999993,-103829.62500000047,-141015.62500000047
stock level,14,3,rep,20143508,10,112.0,60147.0,37500.0,56847.00000000028,34200.00000000028,58746.99999999974,36099.99999999974,51546.99999999981,28899.99999999981,45322.000000000015,22675.000000000015,38221.999999999985,15574.999999999985,18996.999999999567,-3650.000000000433,-13593.625000000247,-36240.62500000025
stock level,14,3,rep,20143509,9,112.0,-18972.0,3000.0,-17172.000000000273,4799.999999999727,-20371.99999999992,1600.00000000008,-26372.000000000262,-4400.000000000262,-27247.000000000146,-5275.0000000001455,-23197.00000000008,-1225.00000000008,-14184.500000000091,7787.499999999909,-606.3750000000327,21365.624999999967
stock level,14,3,rep,20143510,9,112.0,-22290.0,-10500.0,-24090.00000000007,-12300.00000000007,-22490.00000000016,-10700.00000000016,-25690.000000000146,-13900.000000000146,-27990.000000000273,-16200.000000000273,-21552.50000000016,-9762.50000000016,-6315.000000000035,5474.999999999965,12400.624999999785,24190.624999999785
stock level,14,3,rep,20143511,10,112.0,-184698.0,-105000.0,-180797.9999999998,-101099.9999999998,-180198.0,-100500.0,-177447.99999999994,-97749.99999999994,-161972.99999999988,-82274.99999999988,-133397.99999999994,-53699.99999999994,-70729.25000000006,8968.749999999942,58158.24999999988,137856.24999999988
stock level,19,0,sel,20190000,11,83.0,-112109.5,45000.0,-107009.4999999997,50100.000000000306,-104609.49999999983,52500.000000000175,-114459.49999999991,42650.00000000009,-139559.50000000012,17549.999999999884,-145659.5,11450.0,-104340.74999999999,52768.750000000015,-51403.25000000022,105706.24999999978
stock level,19,0,sel,20190001,11,83.0,-2297.5,61500.0,-13997.500000000102,49799.9999999999,-21097.499999999956,42700.000000000044,-31847.499999999898,31950.000000000102,-58247.5000000001,5549.999999999898,-64572.50000000032,-775.0000000003201,-22866.249999999964,40931.25000000004,51290.00000000003,115087.50000000003
stock level,19,0,sel,20190002,10,83.0,116194.5,84000.0,109594.50000000003,77400.00000000003,105494.50000000017,73300.00000000017,92794.50000000015,60600.000000000146,66894.50000000016,34700.00000000016,48369.499999999956,16174.999999999956,40881.99999999994,8687.499999999942,12307.000000000353,-19887.499999999647
stock level,19,0,sel,20190003,11,83.0,668440.0,180000.0,657940.0,169500.0,630139.9999999998,141699.99999999977,599640.0000000001,111200.00000000012,556664.9999999997,68224.99999999965,522164.99999999965,33724.99999999965,490527.49999999965,2087.4999999996508,425715.0000000004,-62724.99999999959
stock level,19,0,sel,20190004,11,83.0,323687.5,178500.0,308387.49999999994,163199.99999999994,284387.49999999977,139199.99999999977,259337.50000000038,114150.00000000038,219437.50000000035,74250.00000000035,186325.00000000044,41137.50000000044,157850.00000000026,12662.500000000262,63353.94585253431,-81833.5541474657
stock level,19,0,sel,20190005,11,83.0,-60109.5,52500.0,-58909.4999999999,53700.0000000001,-66509.49999999997,46100.00000000003,-76309.50000000028,36299.99999999972,-103484.50000000029,9124.999999999709,-105121.99999999999,7487.500000000015,-55509.50000000009,57099.99999999991,17730.499999999636,130339.99999999964
stock level,19,0,sel,20190006,11,83.0,247207.5,232500.0,240307.50000000015,225600.00000000015,228807.50000000003,214100.00000000003,200607.5000000001,185900.0000000001,127132.50000000007,112425.00000000007,74632.49999999972,59924.99999999972,59107.500000000204,44400.000000000204,-34926.87500000043,-49634.37500000043
stock level,19,0,sel,20190007,11,83.0,532448.0,228000.0,516247.99999999953,211799.99999999953,469047.9999999999,164599.99999999988,444097.9999999999,139649.99999999988,395723.00000000023,91275.00000000023,349223.00000000006,44775.00000000006,293841.7500000002,-10606.249999999825,156401.12500000006,-148046.87499999994
stock level,19,0,sel,20190008,11,83.0,161949.5,133500.0,146949.50000000052,118500.00000000052,140249.49999999977,111799.99999999977,120799.50000000007,92350.00000000007,85149.5000000001,56700.0000000001,57049.50000000042,28600.000000000422,34349.50000000026,5900.000000000262,-34128.62499999983,-62578.12499999983
stock level,19,0,sel,20190009,9,83.0,54074.0,87000.0,51674.00000000013,84600.00000000013,41974.00000000009,74900.00000000009,28774.000000000327,61700.00000000033,1174.0000000001965,34100.0000000002,-12600.999999999898,20325.000000000102,17305.249999999935,50231.249999999935,70712.94230769268,103638.94230769268
stock level,19,0,sel,20190010,12,83.0,-184066.0,108000.0,-188566.0000000007,103499.9999999993,-202365.99999999988,89700.00000000012,-227816.00000000012,64249.99999999988,-265190.99999999953,26875.000000000466,-273128.5000000002,18937.499999999825,-228653.5000000002,63412.499999999796,-199144.12500000023,92921.87499999977
stock level,19,0,sel,20190011,12,83.0,-160839.0,82500.0,-173438.99999999997,69900.00000000003,-186238.9999999999,57100.00000000009,-193888.99999999994,49450.00000000006,-220163.99999999994,23175.00000000006,-224051.50000000015,19287.499999999854,-170820.2499999997,72518.75000000029,-85854.62499999977,157484.37500000023
stock level,19,0,rep,20190500,12,83.0,-337477.0,79500.0,-347077.0,69900.0,-361777.00000000006,55199.99999999994,-383527.0000000004,33449.99999999959,-418427.00000000006,-1450.0000000000582,-407276.99999999994,9700.000000000058,-299495.7500000002,117481.24999999983,-161152.00000000006,255824.99999999994
stock level,19,0,rep,20190501,12,83.0,45428.5,151500.0,34028.49999999997,140099.99999999997,12528.500000000247,118600.00000000025,-16621.499999999505,89450.0000000005,-64121.500000000124,41949.999999999876,-84708.99999999999,21362.500000000015,-60671.50000000002,45399.99999999998,-71730.87500000023,34340.62499999977
stock level,19,0,rep,20190502,10,83.0,285309.0,117000.0,285909.0000000001,117600.00000000012,277009.00000000023,108700.00000000023,258109.00000000017,89800.00000000017,227434.00000000012,59125.00000000012,197846.49999999974,29537.499999999738,176690.2499999998,8381.249999999796,124455.8750000002,-43853.124999999796
stock level,19,0,rep,20190503,11,83.0,73451.0,172500.0,46150.99999999994,145199.99999999994,20351.000000000553,119400.00000000055,-11398.999999999738,87650.00000000026,-55198.99999999998,43850.00000000002,-71536.49999999962,27512.50000000038,-48561.500000000386,50487.499999999614,-73997.74188311672,25051.258116883284
stock level,19,0,rep,20190504,11,83.0,-28394.5,75000.0,-37394.5,66000.0,-42594.500000000044,60799.999999999956,-55994.50000000014,47399.99999999986,-83969.5000000001,19424.999999999898,-80894.50000000017,22499.999999999825,-26100.749999999956,77293.75000000004,54402.37500000012,157796.87500000012
stock level,19,0,rep,20190505,12,83.0,-71620.0,55500.0,-60520.000000000204,66599.9999999998,-71619.99999999983,55500.000000000175,-85569.99999999959,41550.00000000041,-118969.99999999991,8150.000000000087,-119395.00000000003,7724.999999999971,-79538.74999999988,47581.25000000012,-6274.5557228917605,120845.44427710824
stock level,19,0,rep,20190506,10,83.0,-74872.0,61500.0,-76672.00000000023,59699.99999999977,-90872.00000000029,45499.99999999971,-102421.99999999968,33950.00000000032,-128072.00000000004,8299.999999999956,-124946.99999999983,11425.000000000175,-64784.499999999796,71587.5000000002,18957.291845493804,155329.2918454938
stock level,19,0,rep,20190507,12,83.0,-75071.5,43500.0,-70871.50000000041,47699.99999999959,-78271.50000000016,40299.99999999984,-85021.49999999983,33550.000000000175,-110546.50000000013,8024.999999999869,-118596.50000000032,-25.000000000320142,-115333.99999999971,3237.500000000291,-141896.4999999996,-23324.999999999593
stock level,19,0,rep,20190508,11,83.0,-276201.5,37500.0,-268701.4999999998,45000.000000000175,-265301.5,48400.0,-276001.4999999998,37700.000000000175,-307776.5000000003,5924.999999999709,-292701.4999999998,21000.000000000175,-178938.99999999994,134762.50000000006,1886.0,315587.5
stock level,19,0,rep,20190509,10,83.0,-107251.5,67500.0,-107851.50000000013,66899.99999999987,-117951.50000000016,56799.99999999984,-128201.50000000022,46549.99999999978,-157176.49999999994,17575.00000000006,-156889.00000000006,17862.49999999994,-88120.25000000009,86631.24999999991,5104.749999999534,179856.24999999953
stock level,19,0,rep,20190510,9,83.0,311119.5,135000.0,309019.4999999999,132899.99999999988,294219.5000000002,118100.00000000017,279569.50000000006,103450.00000000006,248694.5,72575.0,215857.0,39737.5,187563.2499999999,11443.749999999913,121541.37499999988,-54578.12500000012
stock level,19,0,rep,20190511,12,83.0,253928.5,156000.0,255128.50000000096,157200.00000000096,245628.50000000006,147700.00000000006,219978.49999999933,122049.99999999933,173453.50000000003,75525.00000000003,139953.49999999965,42024.99999999965,128978.50000000023,31050.000000000233,63894.124999999876,-34034.375000000124
stock level,19,1,sel,20191000,11,85.0,-234186.5,-130500.0,-233286.4999999998,-129599.9999999998,-235186.49999999994,-131499.99999999994,-237986.49999999994,-134299.99999999994,-205461.49999999988,-101774.99999999988,-150199.00000000017,-46512.500000000175,-50074.00000000033,53612.49999999967,168766.62499999994,272453.12499999994
stock level,19,1,sel,20191001,10,85.0,-98692.5,-31500.0,-99892.50000000028,-32700.000000000276,-100292.49999999991,-33099.99999999991,-106792.4999999998,-39599.999999999796,-107592.49999999975,-40399.99999999975,-85292.50000000025,-18100.000000000247,-84892.50000000028,-17700.000000000276,-139489.37499999977,-72296.87499999977
stock level,19,1,sel,20191002,12,85.0,-75590.5,-30000.0,-71990.5000000002,-26400.000000000204,-69490.49999999975,-23899.999999999753,-67440.49999999974,-21849.999999999738,-64740.49999999998,-19149.999999999978,-50403.00000000006,-4812.500000000058,-7759.250000000044,37831.249999999956,68965.74999999993,114556.24999999993
stock level,19,1,sel,20191003,10,85.0,32261.0,24000.0,28960.999999999593,20699.999999999593,33761.00000000034,25500.000000000342,31611.00000000025,23350.00000000025,24136.000000000226,15875.000000000226,14523.49999999993,6262.499999999931,10879.74999999992,2618.74999999992,-30654.625000000546,-38915.625000000546
stock level,19,1,sel,20191004,11,85.0,20773.0,3000.0,15373.000000000136,-2399.9999999998636,21873.000000000193,4100.000000000193,22322.99999999978,4549.999999999782,22422.99999999986,4649.999999999862,18273.00000000006,500.0000000000582,10598.000000000216,-7174.9999999997835,7559.268472906442,-10213.731527093558
stock level,19,1,sel,20191005,12,85.0,29153.5,12000.0,19253.499999999967,2099.9999999999673,14653.499999999887,-2500.000000000113,10003.500000000022,-7149.999999999978,12753.499999999909,-4400.000000000091,14053.49999999992,-3100.00000000008,7766.000000000182,-9387.499999999818,12053.500000000204,-5099.999999999796
stock level,19,1,sel,20191006,10,85.0,-131607.5,-72000.0,-127407.49999999991,-67799.99999999991,-123507.49999999987,-63899.99999999986,-117457.50000000009,-57850.00000000008,-103032.49999999991,-43424.999999999905,-75819.99999999975,-16212.499999999745,-20326.250000000175,39281.24999999983,70886.25000000009,130493.75000000009
stock level,19,1,sel,20191007,11,85.0,-201233.5,-109500.0,-209333.49999999997,-117599.99999999997,-205333.49999999985,-113599.99999999985,-210683.5000000003,-118950.00000000029,-209883.49999999997,-118149.99999999997,-147358.50000000023,-55625.00000000023,-42777.249999999935,48956.250000000065,97944.62500000003,189678.12500000003
stock level,19,1,sel,20191008,12,85.0,-98268.5,-42000.00000000001,-88368.49999999962,-32099.99999999963,-87968.50000000015,-31700.000000000153,-90318.49999999971,-34049.999999999716,-88068.49999999955,-31799.999999999556,-66018.49999999965,-9749.999999999658,9768.999999999978,66037.49999999997,135978.37500000032,192246.87500000032
stock level,19,1,sel,20191009,11,85.0,46403.5,54000.0,44003.50000000014,51600.00000000014,35903.5,43500.0,22203.49999999984,29799.99999999984,9728.500000000273,17325.000000000273,-4533.999999999887,3062.5000000001137,-26477.750000000306,-18881.250000000306,-79696.49999999991,-72099.99999999991
stock level,19,1,sel,20191010,11,85.0,110304.5,79500.0,102804.5,72000.0,94704.5000000002,63900.000000000204,84854.49999999962,54049.99999999962,74754.49999999959,43949.99999999959,44216.99999999923,13412.499999999225,-16076.749999999909,-46881.24999999991,-124901.74999999985,-155706.24999999985
stock level,19,1,sel,20191011,9,85.0,12310.0,18000.0,9009.999999999762,14699.999999999762,5209.999999999636,10899.999999999636,-3040.000000000364,2649.999999999636,-14865.000000000011,-9175.000000000011,-9515.000000000102,-3825.000000000102,-5396.250000000182,293.7499999998181,-2114.9999999996703,3575.0000000003297
stock level,19,1,rep,20191500,12,85.0,-114477.5,-61500.0,-112677.49999999977,-59699.99999999977,-115977.50000000017,-63000.000000000175,-122977.49999999977,-69999.99999999977,-114052.50000000004,-61075.000000000044,-88027.50000000035,-35050.00000000035,-39533.74999999986,13443.750000000138,21800.62499999965,74778.12499999965
stock level,19,1,rep,20191501,12,85.0,31564.5,33000.0,28864.50000000007,30300.00000000007,22364.49999999967,23799.99999999967,17264.500000000215,18700.000000000215,10689.500000000056,12125.000000000056,3739.5000000004093,5175.000000000409,3895.750000000182,5331.250000000182,-4307.375000000159,-2871.875000000159
stock level,19,1,rep,20191502,12,85.0,81348.0,48000.0,72947.99999999911,39599.99999999911,64747.99999999975,31399.999999999753,50498.00000000044,17150.000000000437,37873.00000000032,4525.00000000032,30898.000000000524,-2449.999999999476,4166.74999999968,-29181.25000000032,-46652.00000000057,-80000.00000000057
stock level,19,1,rep,20191503,11,85.0,148386.0,99000.0,143886.00000000035,94500.00000000035,136985.99999999997,87599.99999999997,126586.00000000022,77200.00000000022,110710.99999999999,61324.999999999985,85723.4999999997,36337.499999999694,61392.24999999991,12006.249999999913,14014.124999999898,-35371.8750000001
stock level,19,1,rep,20191504,12,85.0,-152244.0,-91500.0,-155843.9999999998,-95099.9999999998,-146143.99999999994,-85399.99999999994,-129443.99999999993,-68699.99999999993,-102369.0,-41625.0,-75856.50000000007,-15112.500000000073,8130.999999999942,68874.99999999994,194305.9999999998,255049.9999999998
stock level,19,1,rep,20191505,10,85.0,15499.0,13500.0,10099.000000000136,8100.000000000136,5198.999999999989,3199.999999999989,3748.999999999943,1749.9999999999432,2549.000000000182,550.0000000001819,1648.9999999999773,-350.00000000002274,15780.25,13781.25,48711.49999999998,46712.49999999998
stock level,19,1,rep,20191506,11,85.0,55201.5,57000.0,54901.499999999935,56699.999999999935,45501.49999999978,47299.99999999978,35151.50000000016,36950.00000000016,24676.499999999967,26474.999999999967,24751.50000000024,26550.00000000024,67388.99999999949,69187.49999999949,142698.37500000012,144496.87500000012
stock level,19,1,rep,20191507,10,85.0,-24623.0,-16500.0,-32123.0,-24000.0,-31123.00000000006,-23000.00000000006,-30722.99999999991,-22599.99999999991,-27423.00000000001,-19300.00000000001,-14097.999999999682,-5974.999999999682,8639.49999999993,16762.49999999993,71261.37499999964,79384.37499999964
stock level,19,1,rep,20191508,11,85.0,-54713.5,-16500.0,-51413.49999999976,-13199.99999999976,-52213.50000000006,-14000.000000000058,-54863.50000000003,-16650.00000000003,-54288.49999999971,-16074.999999999709,-41526.00000000006,-3312.500000000058,12655.249999999862,50868.74999999986,104905.24999999985,143118.74999999985
stock level,19,1,rep,20191509,12,85.0,-65636.0,-40500.0,-60535.99999999986,-35399.99999999986,-63635.99999999994,-38499.99999999994,-65235.99999999968,-40099.99999999968,-67785.99999999991,-42649.99999999991,-46473.49999999986,-21337.49999999986,-6598.499999999978,18537.500000000022,56398.37500000007,81534.37500000007
stock level,19,1,rep,20191510,11,85.0,205743.5,169500.0,207243.50000000067,171000.00000000067,202143.49999999985,165899.99999999985,197743.4999999991,161499.9999999991,178118.50000000023,141875.00000000023,107043.49999999956,70799.99999999956,-17944.0,-54187.5,-249325.2500000004,-285568.7500000004
stock level,19,1,rep,20191511,11,85.0,127878.0,84000.0,121878.00000000017,78000.00000000017,121478.00000000003,77600.00000000003,112428.00000000023,68550.00000000023,94727.99999999997,50849.99999999997,70927.99999999996,27049.999999999956,44290.49999999996,412.4999999999636,-5015.749999999956,-48893.749999999956
stock level,19,2,sel,20192000,13,72.0,-212450.0,64500.0,-202849.99999999988,74100.00000000012,-211549.9999999998,65400.000000000204,-225500.00000000023,51449.99999999977,-259474.99999999985,17475.000000000146,-247612.5000000001,29337.499999999913,-184750.0000000003,92199.99999999971,-80468.75000000006,196481.24999999994
stock level,19,2,sel,20192001,14,72.0,-208873.5,105000.0,-218173.49999999988,95700.00000000012,-231773.50000000032,82099.99999999968,-252773.50000000032,61099.99999999968,-296073.5000000002,17799.999999999825,-284698.49999999977,29175.000000000233,-210761.0,103112.5,-87114.12499999985,226759.37500000015
stock level,19,2,sel,20192002,13,72.0,81926.0,126000.0,72326.00000000055,116400.00000000055,52925.99999999977,96999.99999999977,34376.0000000001,78450.0000000001,-4399.0000000002765,39674.99999999972,-24174.000000000535,19899.999999999465,-34099.00000000004,9974.999999999964,-70083.37499999991,-26009.374999999913
stock level,19,2,sel,20192003,13,72.0,120.5,144000.0,-29879.500000000335,113999.99999999967,-39679.50000000013,104199.99999999987,-63679.49999999978,80200.00000000022,-103304.50000000006,40574.99999999994,-126442.0,17437.5,-122491.99999999984,21387.50000000016,-131615.64130434784,12263.858695652161
stock level,19,2,sel,20192004,14,72.0,-49639.0,127500.0,-44238.99999999997,132900.00000000003,-66038.99999999993,111100.00000000007,-90838.99999999987,86300.00000000013,-133114.00000000015,44024.999999999854,-147989.00000000026,29149.999999999738,-132770.25000000035,44368.74999999965,-132245.25000000017,44893.749999999825
stock level,19,2,sel,20192005,12,72.0,53425.0,156000.0,43525.000000000146,146100.00000000015,27325.00000000003,129900.00000000003,4774.999999999738,107349.99999999974,-35149.99999999977,67425.00000000023,-67899.99999999999,34675.000000000015,-115162.49999999964,-12587.499999999636,-211393.74999999985,-108818.74999999985
stock level,19,2,sel,20192006,13,72.0,-60340.0,87000.0,-60040.0000000001,87299.9999999999,-68039.99999999983,79300.00000000017,-83489.99999999991,63850.00000000009,-118915.0000000001,28424.999999999898,-130452.49999999967,16887.500000000335,-100927.49999999991,46412.50000000009,-61613.17073170736,85726.82926829264
stock level,19,2,sel,20192007,13,72.0,464573.0,187500.0,453172.99999999965,176099.99999999965,430673.0000000001,153600.00000000012,395073.0000000008,118000.00000000081,341398.00000000035,64325.00000000035,301972.9999999999,24899.999999999884,249960.50000000044,-27112.499999999563,126141.74999999991,-150931.2500000001
stock level,19,2,sel,20192008,14,72.0,434958.5,219000.0,422958.5,207000.0,395758.5000000002,179800.00000000017,356658.50000000023,140700.00000000023,305283.5000000003,89325.00000000029,261158.5000000005,45200.000000000495,184333.50000000047,-31624.999999999534,13302.250000000233,-202656.24999999977
stock level,19,2,sel,20192009,14,72.0,-128172.49999999997,105000.0,-135372.5000000004,97799.99999999956,-137072.5000000004,96099.99999999956,-156422.49999999968,76750.00000000029,-189497.49999999994,43675.00000000003,-197847.50000000003,35324.99999999994,-168360.00000000026,64812.49999999971,-133888.12499999983,99284.37500000015
stock level,19,2,sel,20192010,15,72.0,416795.0,210000.0,399095.0000000006,192300.00000000058,372294.9999999999,165499.99999999988,345845.00000000006,139050.00000000006,292269.9999999999,85474.99999999988,251707.4999999999,44912.49999999991,207838.74999999983,1043.7499999998254,127482.49999999983,-79312.50000000017
stock level,19,2,sel,20192011,14,72.0,-231078.5,79500.0,-237078.5,73500.0,-254678.50000000003,55899.99999999997,-273278.4999999998,37300.000000000175,-306303.49999999977,4275.000000000233,-297778.4999999999,12800.000000000116,-238734.74999999994,71843.75000000006,-166172.2500000003,144406.2499999997
stock level,19,2,rep,20192500,14,72.0,491523.0,280500.0,456123.00000000047,245100.00000000047,421922.9999999999,210899.99999999988,378473.0000000001,167450.00000000012,311872.9999999999,100849.99999999988,266723.0000000002,55700.000000000175,172310.49999999956,-38712.50000000044,-38173.093749999534,-249196.09374999953
stock level,19,2,rep,20192501,14,72.0,-27142.5,130500.0,-35242.49999999997,122400.00000000003,-48842.50000000022,108799.99999999978,-73142.50000000012,84499.99999999988,-112717.5000000001,44924.9999999999,-134930.00000000003,22712.49999999997,-124692.49999999962,32950.00000000038,-117354.99999999997,40287.50000000003
stock level,19,2,rep,20192502,12,72.0,-140544.0,60000.0,-140544.0,60000.0,-155844.00000000006,44699.99999999994,-164893.99999999985,35650.000000000146,-191969.00000000012,8574.999999999884,-184831.4999999998,15712.500000000204,-126593.99999999972,73950.00000000028,-12684.624999999942,187859.37500000006
stock level,19,2,rep,20192503,14,72.0,565775.5,240000.0,540575.4999999995,214799.99999999953,509175.5000000001,183400.00000000012,461575.5000000003,135800.0000000003,397175.5,71400.0,360275.4999999998,34499.999999999825,318569.25,-7206.25,233126.36122047302,-92649.13877952698
stock level,19,2,rep,20192504,12,72.0,-30585.0,145500.0,-34785.00000000026,141299.99999999974,-54484.9999999994,121600.0000000006,-79634.99999999972,96450.00000000028,-125810.00000000003,50274.99999999997,-143047.4999999997,33037.50000000029,-123710.00000000074,52374.99999999926,-112713.99096385593,63371.00903614407
stock level,19,2,rep,20192505,15,72.0,-345223.5,117000.0,-359923.49999999994,102300.00000000006,-376223.49999999994,86000.00000000006,-398173.49999999994,64050.00000000006,-438198.49999999953,24025.000000000466,-435885.99999999977,26337.500000000233,-368067.24999999994,94156.25000000006,-269132.875,193090.625
stock level,19,2,rep,20192506,13,72.0,-197530.5,99000.0,-209530.50000000017,86999.99999999983,-218130.49999999985,78400.00000000015,-231680.50000000015,64849.999999999854,-264680.5,31850.0,-267843.0,28687.5,-231268.0,65262.5,-165971.125,130559.375
stock level,19,2,rep,20192507,15,72.0,-137571.0,172500.0,-140571.00000000035,169499.99999999965,-159571.00000000012,150499.99999999988,-185121.0000000004,124949.99999999959,-242596.00000000032,67474.99999999968,-277783.5000000009,32287.499999999127,-279970.99999999977,30100.000000000233,-329002.2500000001,-18931.250000000116
stock level,19,2,rep,20192508,14,72.0,-228475.0,85500.0,-230875.00000000003,83099.99999999997,-242675.00000000023,71299.99999999977,-259825.00000000015,54149.999999999854,-300799.9999999999,13175.000000000116,-294337.49999999994,19637.50000000006,-224793.75000000017,89181.24999999983,-99526.90565031962,214448.09434968038
stock level,19,2,rep,20192509,13,72.0,1315451.5,333000.0,1320251.4999999995,337799.99999999953,1318851.5,336400.0,1277351.5,294900.0,1185726.5,203275.0,1084789.0000000002,102337.50000000023,944295.2499999999,-38156.25000000012,689848.3750000005,-292603.12499999953
stock level,19,2,rep,20192510,13,72.0,642486.0,285000.0,620285.9999999998,262799.99999999977,589086.0000000001,231600.00000000012,537486.0000000003,180000.00000000035,464586.0000000001,107100.00000000012,408810.9999999997,51324.99999999971,344348.5000000002,-13137.499999999825,214564.12500000035,-142921.87499999965
stock level,19,2,rep,20192511,13,72.0,-121115.0,118500.0,-137015.00000000003,102599.99999999997,-149815.0,89800.0,-174764.9999999998,64850.000000000204,-220390.0000000001,19224.999999999913,-217514.99999999997,22100.00000000003,-144277.50000000006,95337.49999999994,-546.2500000000873,239068.7499999999
stock level,19,3,sel,20193000,9,112.0,110348.5,52500.0,109748.5000000002,51900.000000000204,99848.49999999983,41999.999999999825,91848.50000000012,34000.00000000012,83298.50000000004,25450.000000000044,74735.99999999999,16887.499999999985,51992.249999999956,-5856.250000000044,10357.87499999992,-47490.62500000008
stock level,19,3,sel,20193001,10,112.0,135842.5,90000.0,134042.50000000044,88200.00000000044,128342.49999999983,82499.99999999983,122942.5000000003,77100.0000000003,111842.49999999983,65999.99999999983,88742.49999999985,42899.999999999854,58780.000000000175,12937.500000000175,32566.48255813971,-13276.017441860291
stock level,19,3,sel,20193002,8,112.0,-34443.0,-27000.0,-37742.9999999999,-30299.999999999898,-46543.00000000008,-39100.00000000008,-54542.99999999996,-47099.99999999996,-56293.00000000008,-48850.00000000008,-39905.500000000146,-32462.500000000146,-4274.250000000068,3168.749999999932,44263.249999999956,51706.249999999956
stock level,19,3,sel,20193003,8,112.0,207355.0,136500.0,207355.0,136500.0,194554.99999999936,123699.99999999936,185304.99999999994,114449.99999999994,170479.99999999977,99624.99999999977,134230.0,63375.0,66455.00000000025,-4399.999999999753,-61507.499999999854,-132362.49999999985
stock level,19,3,sel,20193004,10,112.0,159334.0,112500.0,156934.00000000012,110100.00000000012,149334.00000000023,102500.00000000023,133334.0000000003,86500.00000000029,111784.0000000001,64950.0000000001,85471.50000000032,38637.50000000032,40465.24999999991,-6368.750000000087,-54997.24999999972,-101831.24999999972
stock level,19,3,sel,20193005,9,112.0,-149239.0,-9000.0,-155239.0,-15000.0,-159139.00000000038,-18900.00000000038,-163489.0,-23250.0,-164713.99999999974,-24474.999999999738,-157139.00000000015,-16900.000000000146,-131857.75000000003,8381.24999999997,-103757.75000000001,36481.249999999985
stock level,19,3,sel,20193006,10,112.0,-161321.5,-106500.0,-157421.50000000012,-102600.00000000012,-152921.49999999997,-98099.99999999997,-151621.5000000003,-96800.00000000029,-141071.50000000017,-86250.00000000017,-110171.50000000015,-55350.000000000146,-15709.000000000102,39112.4999999999,167706.625,222528.125
stock level,19,3,sel,20193007,8,112.0,51373.5,42000.0,48973.50000000014,39600.00000000014,49873.5,40500.0,48223.500000000306,38850.000000000306,39473.49999999991,30099.999999999913,29310.99999999994,19937.49999999994,15804.750000000035,6431.250000000035,-8001.500000000058,-17375.00000000006
stock level,19,3,sel,20193008,9,112.0,-92939.0,-18000.0,-95939.00000000017,-21000.000000000175,-94939.00000000006,-20000.00000000006,-96888.99999999948,-21949.999999999476,-95713.99999999985,-20774.999999999854,-88826.49999999983,-13887.499999999825,-54957.75000000018,19981.249999999818,9854.749999999869,84793.74999999987
stock level,19,3,sel,20193009,10,112.0,63385.5,34500.0,60085.5000000001,31200.000000000102,58785.49999999992,29899.99999999992,50885.499999999774,21999.999999999774,43660.50000000038,14775.000000000378,35085.499999999985,6199.999999999985,10335.500000000331,-18549.99999999967,-39030.12499999975,-67915.62499999975
stock level,19,3,sel,20193010,9,112.0,-245503.0,-142500.0,-241903.0,-138900.0,-243702.99999999994,-140699.99999999994,-244703.00000000017,-141700.00000000017,-230778.00000000006,-127775.00000000007,-180403.00000000017,-77400.00000000019,-98134.2499999999,4868.750000000087,85496.99999999978,188499.99999999977
stock level,19,3,sel,20193011,10,112.0,167517.5,129000.0,163917.50000000003,125400.00000000003,162417.49999999953,123899.99999999953,152167.50000000064,113650.00000000064,136792.49999999965,98274.99999999965,98330.0,59812.5,58304.99999999974,19787.499999999738,-13738.750000000138,-52256.25000000014
stock level,19,3,rep,20193500,9,112.0,7824.5,25500.0,4824.5,22500.0,2324.499999999887,19999.999999999887,-575.5000000000327,17099.999999999967,-1225.4999999999563,16450.000000000044,-5250.4999999998745,12425.000000000126,-656.7499999995343,17018.750000000466,6821.375000000102,24496.875000000102
stock level,19,3,rep,20193501,9,112.0,139426.0,94500.0,136425.99999999983,91499.99999999983,133026.00000000003,88100.00000000003,123026.00000000007,78100.00000000007,107951.00000000015,63025.000000000146,76463.49999999962,31537.49999999962,35476.00000000041,-9449.999999999593,-88527.12500000017,-133453.12500000017
stock level,19,3,rep,20193502,10,112.0,46389.5,31500.0,40689.49999999973,25799.99999999973,32589.500000000102,17700.000000000102,31339.499999999876,16449.999999999876,33489.499999999796,18599.999999999796,28789.499999999978,13899.999999999976,36683.249999999876,21793.749999999876,71239.65143171819,56350.151431718186
stock level,19,3,rep,20193503,8,112.0,148178.5,100500.0,141578.5000000002,93900.0000000002,134878.49999999983,87199.99999999983,126528.50000000025,78850.00000000025,118228.50000000029,70550.00000000029,98703.49999999997,51024.99999999997,60484.74999999986,12806.249999999862,-7565.249999999804,-55243.7499999998
stock level,19,3,rep,20193504,10,112.0,-69015.0,-30000.0,-63314.9999999999,-24299.999999999898,-66615.0000000003,-27600.000000000306,-69264.99999999994,-30249.99999999994,-66914.99999999985,-27899.999999999854,-65140.00000000012,-26125.000000000116,-12233.750000000226,26781.249999999774,74713.12499999987,113728.12499999987
stock level,19,3,rep,20193505,8,112.0,217583.5,139500.0,207683.4999999998,129599.9999999998,190683.50000000006,112600.00000000006,173483.49999999988,95399.99999999988,154158.50000000006,76075.00000000006,124221.00000000032,46137.50000000032,96239.75000000012,18156.250000000116,65827.25000000032,-12256.24999999968
stock level,19,3,rep,20193506,10,112.0,10728.0,9000.0,18827.999999999967,17099.999999999967,15827.999999999625,14099.999999999625,10778.000000000126,9050.000000000126,8378.000000000091,6650.000000000091,5778.000000000068,4050.000000000068,14128.000000000147,12400.000000000147,29196.75,27468.75
stock level,19,3,rep,20193507,9,112.0,42348.0,24000.0,42947.999999999796,24599.999999999796,38147.9999999999,19799.999999999898,34998.00000000003,16650.00000000003,34623.00000000004,16275.000000000036,27847.999999999716,9499.999999999716,27835.499999999898,9487.499999999898,36826.12500000003,18478.12500000003
stock level,19,3,rep,20193508,8,112.0,-40721.0,31500.0,-45221.000000000175,26999.999999999825,-48021.000000000015,24199.999999999985,-56921.0000000001,15299.999999999898,-65696.00000000013,6524.999999999869,-71433.5000000002,787.4999999997963,-30858.500000000276,41362.49999999972,21744.625000000102,93965.6250000001
stock level,19,3,rep,20193509,9,112.0,180383.5,112500.0,171983.50000000012,104100.00000000012,154883.5,87000.0,142783.49999999942,74899.99999999942,127158.49999999997,59274.99999999997,103546.00000000015,35662.500000000146,53889.75000000002,-13993.749999999978,-64032.124999999534,-131915.62499999953
stock level,19,3,rep,20193510,8,112.0,97281.0,123000.0,90380.99999999962,116099.99999999962,86080.99999999996,111799.99999999996,81681.00000000003,107400.00000000003,68180.9999999997,93899.9999999997,30743.499999999804,56462.4999999998,-6575.249999999931,19143.75000000007,-75875.25,-50156.25
stock level,19,3,rep,20193511,8,112.0,-12382.0,1500.0,-14482.000000000136,-600.0000000001364,-19681.99999999984,-5799.99999999984,-26831.999999999818,-12949.999999999818,-27982.00000000014,-14100.000000000138,-25156.999999999978,-11274.999999999978,-14281.999999999978,-399.9999999999782,-4200.750000000022,9681.249999999978
stock level,23,0,sel,20230000,10,83.0,272556.5,186000.0,266256.50000000023,179700.00000000023,230456.5000000008,143900.0000000008,195456.49999999988,108899.99999999988,153756.5000000003,67200.00000000029,122481.49999999939,35924.99999999939,45162.7499999997,-41393.7500000003,-154152.87499999956,-240709.37499999956
stock level,23,0,sel,20230001,9,83.0,414111.5,159000.00000000003,403311.50000000023,148200.00000000026,383011.49999999977,127899.9999999998,362361.49999999977,107249.9999999998,328561.5,73450.00000000003,290336.4999999998,35224.999999999854,224080.24999999997,-31031.25,80367.74999999971,-174743.75000000026
stock level,23,0,sel,20230002,11,83.0,176627.0,184500.0,180526.99999999985,188399.99999999985,162827.00000000026,170700.00000000026,137176.99999999974,145049.99999999974,90101.99999999991,97974.99999999991,41314.499999999774,49187.499999999774,-15348.000000000364,-7475.000000000364,-157366.7500000002,-149493.7500000002
stock level,23,0,sel,20230003,12,83.0,286989.0,126000.0,282488.99999999965,121499.99999999965,268288.99999999977,107299.99999999977,247639.00000000015,86650.00000000015,210964.0000000001,49975.00000000009,187301.50000000012,26312.500000000116,170501.49999999988,9512.499999999884,131594.7005494506,-29394.299450549413
stock level,23,0,sel,20230004,11,83.0,83994.5,105000.0,73794.4999999999,94799.9999999999,60994.50000000029,82000.00000000029,44694.49999999977,65699.99999999977,15994.499999999942,36999.99999999994,-817.9999999999418,20187.50000000006,13663.249999999935,34668.749999999935,23398.021608314688,44403.52160831469
stock level,23,0,sel,20230005,12,83.0,437329.5,166500.0,436129.50000000023,165300.00000000023,418629.49999999994,147799.99999999994,392879.5000000002,122050.00000000017,345504.4999999994,74674.99999999942,305692.0000000005,34862.500000000524,265492.0000000006,-5337.499999999418,169217.00000000017,-101612.49999999983
stock level,23,0,sel,20230006,10,83.0,-11477.0,69000.0,-6377.000000000204,74099.9999999998,-4577.000000000131,75899.99999999987,-13127.000000000204,67349.9999999998,-44301.999999999985,36175.000000000015,-58352.0,22125.0,-40626.99999999992,39850.00000000008,-22758.249999999884,57718.75000000012
stock level,23,0,sel,20230007,10,83.0,206526.0,114000.0,199926.00000000003,107400.00000000003,194225.99999999977,101699.99999999977,176826.00000000006,84300.00000000006,148925.99999999985,56399.999999999854,116188.49999999962,23662.49999999962,90588.50000000023,-1937.4999999997672,23826.000000000073,-68699.99999999993
stock level,23,0,sel,20230008,10,83.0,172906.5,124500.0,161206.5000000004,112800.00000000041,144006.49999999968,95599.99999999968,128406.49999999988,79999.99999999988,96106.49999999994,47699.99999999994,67618.99999999942,19212.499999999418,27169.000000000386,-21237.499999999614,-72834.12499999968,-121240.62499999968
stock level,23,0,sel,20230009,12,83.0,519718.0,169500.0,508618.0,158400.0,486118.0,135900.0,463717.99999999977,113499.99999999977,424417.9999999999,74199.99999999988,387768.0000000001,37550.00000000012,367011.7499999998,16793.749999999825,320242.76114649646,-29975.238853503542
stock level,23,0,sel,20230010,10,83.0,153674.0,127500.0,145873.9999999996,119699.99999999959,133374.0000000004,107200.00000000041,119374.0000000005,93200.0000000005,89024.00000000015,62850.000000000146,63773.99999999974,37599.99999999974,53273.99999999956,27099.999999999563,10823.999999999636,-15350.000000000364
stock level,23,0,sel,20230011,12,83.0,598061.0,342000.0,597460.9999999999,341399.9999999999,547961.0000000002,291900.00000000023,477261.00000000006,221200.00000000006,389485.99999999977,133424.99999999977,318860.9999999995,62799.999999999476,216292.24999999994,-39768.75000000006,-79309.2516233765,-335370.2516233765
stock level,23,0,rep,20230500,10,83.0,16043.0,109500.0,10043.000000000175,103500.00000000017,-5456.999999999374,88000.00000000063,-22157.000000000044,71299.99999999996,-55181.999999999854,38275.000000000146,-70544.49999999985,22912.500000000146,-55269.49999999994,38187.50000000006,-56431.99999999974,37025.00000000026
stock level,23,0,rep,20230501,11,83.0,192763.0,154500.0,183763.0,145500.0,165363.00000000003,127100.00000000003,143413.0000000002,105150.0000000002,95988.00000000036,57725.000000000364,63263.00000000012,25000.000000000116,46781.75000000018,8518.750000000182,-36527.62499999997,-74790.62499999997
stock level,23,0,rep,20230502,11,83.0,-9882.999999999985,64500.0,-15882.999999999818,58500.00000000017,-21983.000000000065,52399.99999999992,-30183.00000000011,44199.999999999876,-54157.99999999962,20225.000000000364,-65720.50000000019,8662.499999999796,-53333.00000000003,21049.999999999956,-45789.24999999964,28593.750000000342
stock level,23,0,rep,20230503,11,83.0,-111881.99999999997,67500.0,-117582.00000000025,61799.99999999972,-122581.99999999962,56800.00000000035,-133031.99999999965,46350.00000000032,-159206.9999999999,20175.00000000006,-164144.49999999985,15237.500000000116,-111975.74999999997,67406.25,-33610.125000000175,145771.8749999998
stock level,23,0,rep,20230504,10,83.0,664861.5,385500.0,652861.5000000003,373500.00000000035,620361.4999999999,340999.9999999999,562311.5000000002,282950.00000000023,467361.50000000023,188000.00000000023,368974.0000000002,89612.50000000017,270161.4999999998,-9200.000000000175,-12197.875000000058,-291559.37500000006
stock level,23,0,rep,20230505,10,83.0,-1107.0,67500.0,8793.00000000003,77400.00000000003,3992.999999999971,72599.99999999997,743.0000000001892,69350.00000000019,-23482.000000000116,45124.99999999988,-34594.50000000024,34012.49999999976,-13888.250000000058,54718.74999999994,905.5000000000437,69512.50000000004
stock level,23,0,rep,20230506,12,83.0,-84546.5,64500.0,-83646.4999999998,65400.000000000204,-88446.50000000003,60599.99999999997,-98046.49999999983,51000.000000000175,-129671.49999999988,19375.000000000116,-139921.49999999994,9125.000000000058,-106521.49999999997,42525.00000000003,-64924.62500000007,84121.87499999993
stock level,23,0,rep,20230507,12,83.0,7285.5,85500.0,9985.500000000102,88200.0000000001,-1614.4999999999272,76600.00000000007,-12314.500000000247,65899.99999999975,-39864.50000000026,38349.99999999974,-53914.5000000001,24299.999999999898,-32083.24999999992,46131.25000000008,-14320.750000000218,63893.74999999978
stock level,23,0,rep,20230508,11,83.0,923712.5,213000.0,915912.5,205200.0,896812.4999999999,186099.99999999988,857312.5000000002,146600.00000000023,786962.5000000003,76250.00000000035,739750.0,29037.5,677849.9999999999,-32862.50000000012,505427.97794117656,-205284.52205882344
stock level,23,0,rep,20230509,10,83.0,1036279.5,397500.0,1019179.5000000002,380400.00000000023,993479.5000000005,354700.00000000047,945479.4999999998,306699.99999999977,834854.4999999998,196074.99999999977,738642.0000000001,99862.50000000012,636635.7500000001,-2143.7499999998836,397398.2499999995,-241381.25000000052
stock level,23,0,rep,20230510,10,83.0,256448.5,142500.0,256448.50000000017,142500.00000000017,246048.4999999999,132099.9999999999,224948.5,111000.0,183798.50000000023,69850.00000000023,146198.50000000017,32250.000000000175,125248.50000000047,11300.000000000466,51820.3750000001,-62128.1249999999
stock level,23,0,rep,20230511,10,83.0,260360.0,181500.0,251060.00000000026,172200.00000000026,226359.99999999988,147499.99999999988,198309.99999999983,119449.99999999983,153060.00000000023,74200.00000000023,113722.50000000017,34862.500000000175,88091.24999999953,9231.249999999534,572.5000000000873,-78287.49999999991
stock level,23,1,sel,20231000,12,85.0,-148450.5,-75000.0,-146050.49999999997,-72599.99999999997,-141950.50000000047,-68500.00000000047,-144150.49999999983,-70699.99999999983,-134325.49999999988,-60874.99999999988,-99700.50000000017,-26250.000000000175,-14162.999999999862,59287.50000000014,128671.37499999953,202121.87499999953
stock level,23,1,sel,20231001,10,85.0,49278.5,43500.0,41478.49999999959,35699.99999999959,37178.50000000009,31400.000000000087,28828.50000000001,23050.00000000001,17453.500000000124,11675.000000000124,6778.499999999944,999.9999999999436,-9446.499999999965,-15224.999999999965,-55080.874999999774,-60859.374999999774
stock level,23,1,sel,20231002,9,85.0,-9474.0,-7500.0,-10674.000000000102,-8700.000000000102,-8774.000000000126,-6800.0000000001255,-10274.000000000126,-8300.000000000126,-13173.999999999874,-11199.999999999874,-6536.499999999944,-4562.499999999944,18913.49999999993,20887.49999999993,69069.7500000001,71043.7500000001
stock level,23,1,sel,20231003,12,85.0,63515.0,57000.0,61715.00000000061,55200.00000000061,55715.00000000028,49200.00000000028,48664.99999999986,42149.99999999986,40714.99999999959,34199.99999999959,27415.00000000009,20900.00000000009,12808.749999999989,6293.749999999989,-17138.12499999942,-23653.12499999942
stock level,23,1,sel,20231004,12,85.0,-61250.0,-28500.0,-66050.00000000006,-33300.00000000006,-66950.0000000001,-34200.0000000001,-71300.00000000023,-38550.00000000023,-72475.0000000002,-39725.000000000204,-58425.000000000015,-25675.000000000015,-17024.999999999978,15725.000000000022,56319.521508728256,89069.52150872826
stock level,23,1,sel,20231005,10,85.0,96917.5,69000.0,99317.49999999987,71399.99999999987,96417.49999999994,68499.99999999994,84217.50000000012,56300.00000000012,74367.49999999988,46449.99999999988,54354.99999999966,26437.499999999658,31973.749999999978,4056.249999999978,-5738.749999999658,-33656.24999999966
stock level,23,1,sel,20231006,12,85.0,155145.5,99000.0,155445.5000000004,99300.00000000041,147145.4999999996,90999.99999999959,134345.50000000015,78200.00000000015,114970.49999999987,58824.999999999876,83870.50000000001,27725.000000000022,38145.50000000016,-17999.999999999833,-41428.322463767785,-97573.82246376778
stock level,23,1,sel,20231007,10,85.0,30945.5,28500.0,36045.49999999996,33599.99999999996,31145.49999999999,28699.99999999999,27395.49999999999,24949.99999999999,23870.499999999956,21424.999999999956,18970.499999999807,16524.999999999807,16539.250000000226,14093.750000000226,15048.62499999992,12603.12499999992
stock level,23,1,sel,20231008,11,85.0,58126.5,57000.0,56326.5000000001,55200.0000000001,51026.499999999636,49899.999999999636,43176.49999999978,42049.99999999978,33976.49999999996,32849.99999999996,19289.000000000193,18162.500000000193,9770.249999999727,8643.749999999727,-19405.425675675837,-20531.925675675837
stock level,23,1,sel,20231009,11,85.0,64109.5,55500.0,57809.499999999935,49199.999999999935,52209.49999999957,43599.99999999957,44259.50000000032,35650.00000000032,30984.499999999774,22374.999999999774,15746.999999999818,7137.499999999818,-6890.499999999887,-15499.999999999887,-71912.37500000013,-80521.87500000013
stock level,23,1,sel,20231010,11,85.0,-217228.0,-120000.0,-217827.9999999998,-120599.9999999998,-210327.9999999998,-113099.9999999998,-205677.99999999977,-108449.99999999977,-186402.99999999988,-89174.99999999988,-138290.49999999965,-41062.49999999965,-32146.749999999935,65081.250000000065,171353.25,268581.25
stock level,23,1,sel,20231011,10,85.0,-8506.5,4500.0,-7006.5,6000.0,-7206.500000000159,5799.999999999841,-13506.500000000056,-500.0000000000564,-12631.499999999829,375.000000000171,-12793.999999999853,212.50000000014734,-4562.74999999992,8443.75000000008,13756.000000000215,26762.500000000215
stock level,23,1,rep,20231500,11,85.0,123040.5,100500.0,112240.49999999959,89699.99999999959,97840.50000000058,75300.00000000058,83590.4999999999,61049.9999999999,65290.50000000034,42750.00000000034,41553.0000000001,19012.500000000102,-15322.000000000015,-37862.500000000015,-143556.37499999974,-166096.87499999974
stock level,23,1,rep,20231501,10,85.0,-46244.5,-12000.0,-49544.50000000007,-15300.000000000073,-51544.499999999614,-17299.999999999614,-56344.499999999854,-22099.999999999854,-56219.50000000014,-21975.00000000014,-37757.000000000044,-3512.5000000000437,974.2499999999418,35218.74999999994,60355.50000000025,94600.00000000025
stock level,23,1,rep,20231502,9,85.0,-111709.0,-55500.0,-116508.99999999972,-60299.99999999972,-112809.00000000003,-56600.00000000003,-114759.00000000012,-58550.00000000012,-105484.00000000003,-49275.00000000003,-79071.50000000017,-22862.500000000175,-17927.74999999994,38281.25000000006,88991.00000000012,145200.00000000012
stock level,23,1,rep,20231503,11,85.0,65539.5,51000.0,67339.50000000006,52800.00000000006,64639.50000000014,50100.00000000014,53039.50000000012,38500.00000000012,42839.5000000007,28300.0000000007,27264.49999999968,12724.99999999968,9827.000000000364,-4712.499999999636,-25454.250000000036,-39993.75000000004
stock level,23,1,rep,20231504,10,85.0,22056.5,15000.0,16956.500000000036,9900.000000000036,16656.50000000014,9600.000000000138,10406.500000000022,3350.000000000022,7181.500000000056,125.00000000005639,6881.499999999818,-175.0000000001819,23212.75000000006,16156.250000000058,67828.37500000003,60771.87500000003
stock level,23,1,rep,20231505,12,85.0,51608.5,27000.0,52208.499999999796,27599.999999999796,48408.50000000018,23800.000000000182,42458.500000000306,17850.000000000306,36358.49999999988,11749.999999999884,30158.50000000024,5550.00000000024,18308.500000000273,-6299.999999999727,8953.433252426983,-15655.066747573017
stock level,23,1,rep,20231506,10,85.0,9165.5,19500.0,8565.500000000033,18900.000000000033,8965.500000000011,19300.00000000001,3765.4999999997963,14099.999999999796,640.500000000251,10975.000000000251,-1321.9999999993288,9012.500000000671,3515.4999999998527,13849.999999999853,7918.624999999727,18253.124999999727
stock level,23,1,rep,20231507,11,85.0,26091.0,33000.0,30290.999999999935,37199.999999999935,23891.000000000295,30800.000000000295,14540.99999999993,21449.99999999993,8615.999999999864,15524.999999999864,-459.0000000000682,6449.999999999932,-18558.999999999978,-11649.999999999978,-68505.87499999978,-61596.87499999978
stock level,23,1,rep,20231508,11,85.0,6919.5,24000.0,4819.499999999694,21899.999999999694,4919.499999999942,21999.99999999994,-5780.5000000000455,11299.999999999955,-13405.500000000102,3674.999999999898,-16655.500000000044,424.99999999995634,-4161.750000000069,12918.74999999993,3894.499999999851,20974.99999999985
stock level,23,1,rep,20231509,11,85.0,-138512.0,-70500.0,-130711.99999999977,-62699.99999999977,-129011.99999999994,-60999.99999999994,-131912.0000000002,-63900.000000000204,-125386.99999999983,-57374.999999999825,-93499.50000000001,-25487.500000000015,-21443.250000000146,46568.749999999854,101887.9999999998,169899.9999999998
stock level,23,1,rep,20231510,12,85.0,53446.5,48000.0,52846.49999999986,47399.99999999986,50246.49999999984,44799.99999999984,41246.49999999967,35799.99999999967,27921.499999999513,22474.999999999513,13546.500000000136,8100.000000000136,-3722.2499999995907,-9168.74999999959,-54303.500000000226,-59750.000000000226
stock level,23,1,rep,20231511,10,85.0,84966.0,57000.0,83766.00000000006,55800.00000000006,84066.00000000015,56100.000000000146,77715.99999999994,49749.99999999994,66441.00000000015,38475.000000000146,47115.99999999981,19149.99999999981,18890.999999999727,-9075.000000000273,-37786.777777777796,-65752.7777777778
stock level,23,2,sel,20232000,12,72.0,42647.5,85500.0,47747.49999999997,90599.99999999997,34347.500000000044,77200.00000000004,20797.500000000087,63650.00000000009,-9052.499999999876,33800.000000000124,-21565.00000000009,21287.49999999991,-6658.750000000087,36193.74999999991,13797.499999999978,56649.99999999998
stock level,23,2,sel,20232001,14,72.0,-15664.5,106500.0,-11164.499999999825,111000.00000000017,-17164.5,105000.0,-36714.499999999956,85450.00000000004,-79339.50000000006,42824.99999999994,-87889.49999999997,34275.00000000003,-53220.750000000204,68943.7499999998,3216.750000000131,125381.25000000013
stock level,23,2,sel,20232002,14,72.0,656644.0,235500.0,629643.9999999997,208499.99999999965,595544.0,174400.0,555643.9999999993,134499.9999999993,504193.9999999998,83049.99999999983,468456.4999999994,47312.49999999942,405606.5,-15537.5,265431.50000000023,-155712.49999999977
stock level,23,2,sel,20232003,15,72.0,270359.0,165000.0,274558.99999999977,169199.99999999977,258458.99999999974,153099.99999999974,230559.00000000006,125200.00000000006,185133.99999999994,79774.99999999994,152033.99999999983,46674.999999999825,150996.49999999994,45637.49999999994,144693.3750000001,39334.37500000009
stock level,23,2,sel,20232004,13,72.0,123038.0,229500.0,147637.9999999998,254099.9999999998,98738.00000000096,205200.00000000096,51688.00000000009,158150.0000000001,-24462.000000000233,81999.99999999977,-60424.50000000043,46037.49999999957,-101099.49999999924,5362.500000000757,-211987.00000000038,-105525.00000000038
stock level,23,2,sel,20232005,14,72.0,223928.5,136500.0,220628.50000000026,133200.00000000026,208928.50000000017,121500.00000000017,185978.49999999988,98549.99999999988,146353.5000000003,58925.00000000029,119953.49999999991,32524.999999999913,94334.75000000029,6906.250000000291,32211.984498680933,-55216.51550131907
stock level,23,2,sel,20232006,12,72.0,658060.0,291000.0,651160.0000000012,284100.00000000116,625360.0,258300.0,565360.0000000002,198300.00000000023,486609.9999999999,119549.99999999988,422147.4999999999,55087.49999999988,342928.7500000005,-24131.249999999476,172429.28632723147,-194630.71367276853
stock level,23,2,sel,20232007,12,72.0,1198994.0,408000.0,1186694.0,395700.0,1143894.0000000002,352900.00000000023,1060444.0000000005,269450.00000000047,954294.0000000005,163300.00000000047,859131.5000000002,68137.50000000023,648306.500000001,-142687.49999999895,236787.75,-554206.25
stock level,23,2,sel,20232008,12,72.0,89712.0,120000.0,79212.0,109500.0,64811.99999999945,95099.99999999945,46761.99999999984,77049.99999999984,17386.999999999956,47674.999999999956,-1062.9999999999782,29225.000000000022,1212.0,31500.0,-12959.875000000113,17328.124999999887
stock level,23,2,sel,20232009,14,72.0,217353.0,144000.0,214653.00000000006,141300.00000000006,198753.0000000002,125400.0000000002,175002.99999999997,101649.99999999997,134352.99999999977,60999.99999999977,110115.49999999983,36762.499999999825,104590.49999999956,31237.499999999563,79709.25000000028,6356.2500000002765
stock level,23,2,sel,20232010,12,72.0,1004902.0,328500.0,1001602.0,325200.0,965002.0000000005,288600.00000000047,907502.0000000002,231100.00000000023,824052.0000000001,147650.00000000012,743839.5000000006,67437.50000000058,639239.4999999999,-37162.50000000012,481517.62500000035,-194884.37499999965
stock level,23,2,sel,20232011,13,72.0,911229.5,420000.0,911829.4999999998,420599.99999999977,877529.5000000009,386300.00000000093,817529.5,326300.0,688854.4999999997,197624.99999999965,594741.9999999998,103512.49999999977,444035.7499999999,-47193.75000000012,110329.50000000076,-380899.99999999924
stock level,23,2,rep,20232500,13,72.0,155838.5,139500.0,148938.50000000015,132600.00000000015,129138.50000000007,112800.00000000007,109438.49999999956,93099.99999999956,68488.4999999993,52149.9999999993,46101.000000000044,29762.500000000044,39594.74999999923,23256.24999999923,17624.152372262008,1285.6523722620077
stock level,23,2,rep,20232501,14,72.0,136692.5,184500.0,126792.4999999998,174599.9999999998,103992.49999999974,151799.99999999974,73242.50000000007,121050.00000000007,20692.50000000029,68500.00000000029,-6269.999999999753,41537.50000000025,-41676.25000000004,6131.249999999964,-129483.01691729312,-81675.51691729312
stock level,23,2,rep,20232502,15,72.0,480401.5,268500.0,438401.4999999999,226499.99999999985,366201.49999999953,154299.9999999995,312301.49999999994,100399.99999999991,256826.4999999996,44924.99999999956,226401.49999999997,14499.999999999942,127657.75,-84243.75000000003,-74578.29368931978,-286479.7936893198
stock level,23,2,rep,20232503,12,72.0,1022118.5000000001,439500.0,1014318.5000000005,431700.00000000035,991118.4999999997,408499.99999999953,932968.5000000003,350350.00000000023,848818.5000000005,266200.00000000035,708718.5000000007,126100.00000000058,420981.0,-161637.50000000012,-117178.375,-699796.8750000001
stock level,23,2,rep,20232504,14,72.0,393019.5,161999.99999999997,384019.50000000023,153000.0000000002,367319.49999999936,136299.99999999933,340919.5000000002,109900.00000000015,291769.5,60749.99999999997,264056.9999999998,33037.499999999796,241319.50000000003,10300.0,204006.77300242128,-27012.72699757875
stock level,23,2,rep,20232505,14,72.0,1224580.0,382500.0,1205979.9999999998,363899.99999999977,1157379.9999999998,315299.99999999977,1118930.0,276850.0,1021005.0,178925.0,934467.5000000002,92387.50000000023,786198.7499999999,-55881.25000000012,485426.36627906986,-356653.63372093014
stock level,23,2,rep,20232506,14,72.0,1191791.5,405000.0,1159091.5,372300.0,1090691.5000000005,303900.00000000047,1014841.5,228050.0,919516.4999999993,132724.9999999993,847703.9999999999,60912.49999999988,695566.5000000005,-91224.99999999953,387440.36175496725,-399351.13824503275
stock level,23,2,rep,20232507,13,72.0,184163.0,217500.0,164362.99999999994,197699.99999999994,136863.00000000038,170200.00000000038,100913.0,134250.0,45413.000000000335,78750.00000000033,12338.000000000407,45675.00000000041,-14555.750000000455,18781.249999999545,-96736.99999999997,-63399.99999999997
stock level,23,2,rep,20232508,12,72.0,379975.0,231000.0,365575.0,216600.0,335774.99999999965,186799.99999999965,294375.0000000001,145400.00000000012,239100.00000000058,90125.00000000058,199112.4999999996,50137.49999999959,126856.24999999991,-22118.750000000087,-33484.88475177335,-182459.88475177335
stock level,23,2,rep,20232509,14,72.0,75648.0,156000.0,70547.99999999985,150899.99999999985,57547.99999999991,137899.9999999999,32447.999999999898,112799.9999999999,-18351.99999999994,62000.00000000006,-42464.500000000524,37887.499999999476,-47645.749999999985,32706.250000000015,-81198.87500000013,-846.875000000131
stock level,23,2,rep,20232510,14,72.0,148762.5,123000.0,149062.50000000006,123300.00000000006,137962.50000000012,112200.00000000012,119412.49999999975,93649.99999999975,80712.49999999999,54949.999999999985,58625.000000000124,32862.500000000124,69006.24999999997,43243.74999999997,86985.7612781956,61223.2612781956
stock level,23,2,rep,20232511,12,72.0,70657.5,108000.0,61057.50000000003,98400.00000000003,49657.500000000335,87000.00000000033,31857.499999999985,69199.99999999999,-1592.4999999999418,35750.00000000006,-15792.500000000331,21549.99999999967,-25229.99999999976,12112.50000000024,-55251.874999999956,-17909.374999999956
stock level,23,3,sel,20233000,8,112.0,-36051.0,-19500.0,-27951.000000000204,-11400.000000000204,-29050.999999999887,-12499.999999999887,-36201.00000000003,-19650.00000000003,-36075.99999999981,-19524.99999999981,-28738.50000000017,-12187.500000000171,4211.500000000044,20762.500000000044,77949.0,94500.0
stock level,23,3,sel,20233001,10,112.0,23409.0,30000.0,23409.000000000342,30000.000000000342,18208.999999999956,24799.999999999956,14108.99999999993,20699.99999999993,9434.000000000091,16025.000000000091,6296.499999999705,12887.499999999705,-1103.4999999995343,5487.500000000466,-24519.12499999934,-17928.12499999934
stock level,23,3,sel,20233002,10,112.0,-199595.0,-91500.00000000001,-205294.9999999999,-97199.99999999993,-201595.00000000006,-93500.00000000007,-199395.0,-91300.00000000001,-187995.0000000003,-79900.0000000003,-160745.00000000003,-52650.000000000044,-82557.49999999968,25537.500000000306,61289.374999999985,169384.37499999997
stock level,23,3,sel,20233003,8,112.0,7901.5,21000.0,9101.49999999993,22199.99999999993,901.5000000000564,14000.000000000056,-4648.500000000011,8449.999999999989,-10523.499999999955,2575.0000000000455,-12935.999999999978,162.50000000002183,5814.000000000022,18912.500000000022,31785.874999999804,44884.3749999998
stock level,23,3,sel,20233004,10,112.0,229339.5,130500.0,224839.50000000017,126000.00000000017,218739.49999999977,119899.99999999977,206439.50000000017,107600.00000000017,187789.49999999994,88949.99999999994,154977.00000000012,56137.50000000012,104776.99999999988,5937.499999999884,16658.249999999796,-82181.2500000002
stock level,23,3,sel,20233005,10,112.0,99959.5,67500.0,102959.5,70500.0,97159.49999999948,64699.999999999476,89259.49999999984,56799.99999999984,73534.50000000016,41075.00000000016,53659.50000000016,21200.00000000016,22184.500000000306,-10274.999999999694,-36853.00000000006,-69312.50000000006
stock level,23,3,sel,20233006,9,112.0,116543.0,78000.0,109642.99999999962,71099.99999999962,103542.99999999988,64999.99999999988,98093.00000000006,59550.00000000006,88842.99999999978,50299.99999999978,72980.49999999988,34437.49999999988,34274.250000000044,-4268.749999999956,-20944.500000000124,-59487.500000000124
stock level,23,3,sel,20233007,8,112.0,-122525.5,-63000.0,-123125.49999999997,-63599.99999999997,-120725.5000000001,-61200.0000000001,-120975.49999999988,-61449.99999999988,-113450.50000000006,-53925.00000000006,-92888.00000000001,-33362.500000000015,-40188.00000000002,19337.499999999978,45177.62500000039,104703.1250000004
stock level,23,3,sel,20233008,8,112.0,51717.5,52500.0,46917.49999999959,47699.99999999959,42117.49999999986,42899.99999999986,37867.50000000032,38650.00000000032,30767.500000000295,31550.000000000295,17179.99999999986,17962.49999999986,-9357.500000000045,-8575.000000000045,-64866.87499999991,-64084.37499999991
stock level,23,3,sel,20233009,9,112.0,-77768.0,-22500.0,-79568.00000000007,-24300.000000000073,-83768.00000000017,-28500.000000000175,-87418.00000000009,-32150.000000000087,-85967.99999999988,-30699.999999999884,-74643.00000000012,-19375.000000000116,-19986.74999999994,35281.25000000006,91688.2499999998,146956.2499999998
stock level,23,3,sel,20233010,10,112.0,-5428.5,6000.0,-2728.499999999898,8700.000000000102,-9728.49999999984,1700.00000000016,-11778.500000000022,-350.0000000000218,-15178.5,-3750.0,-14041.000000000011,-2612.500000000011,-1803.4999999998872,9625.000000000113,22583.999999999935,34012.499999999935
stock level,23,3,sel,20233011,10,112.0,66291.0,66000.0,66291.0,66000.0,61990.99999999982,61699.99999999982,51691.00000000032,51400.00000000032,41491.000000000044,41200.000000000044,24628.500000000204,24337.500000000204,11403.500000000637,11112.500000000637,-39040.249999999614,-39331.249999999614
stock level,23,3,rep,20233500,8,112.0,-177928.5,-99000.0,-178528.50000000012,-99600.00000000012,-176328.49999999994,-97399.99999999994,-174178.5,-95250.0,-161503.49999999994,-82574.99999999994,-130703.50000000015,-51775.000000000146,-67316.00000000016,11612.49999999984,44240.24999999993,123168.74999999993
stock level,23,3,rep,20233501,8,112.0,-134783.5,-63000.0,-130883.49999999997,-59099.99999999997,-134583.50000000017,-62800.000000000175,-138783.49999999994,-66999.99999999994,-134108.49999999977,-62324.99999999977,-111296.00000000004,-39512.500000000044,-52352.249999999854,19431.250000000146,54444.62499999993,126228.12499999993
stock level,23,3,rep,20233502,9,112.0,-38505.0,-25500.0,-34605.00000000014,-21600.00000000014,-36004.999999999716,-22999.999999999716,-40855.00000000008,-27850.00000000008,-39154.99999999992,-26149.99999999992,-30242.50000000001,-17237.50000000001,3076.2500000002947,16081.250000000295,74226.25000000004,87231.25000000004
stock level,23,3,rep,20233503,10,112.0,392490.0,231000.0,386490.0000000002,225000.00000000017,371490.0000000002,210000.00000000017,355390.00000000035,193900.00000000035,329390.0000000001,167900.00000000012,272589.9999999999,111099.99999999988,157696.25000000012,-3793.7499999998836,-31523.477891156188,-193013.4778911562
stock level,23,3,rep,20233504,10,112.0,192069.5,108000.0,190869.49999999988,106799.99999999988,181769.50000000017,97700.00000000017,169519.49999999953,85449.99999999953,153194.4999999997,69124.99999999971,121719.50000000003,37650.00000000003,71519.49999999983,-12550.000000000175,-36058.62500000035,-120128.12500000035
stock level,23,3,rep,20233505,8,112.0,186988.5,117000.0,184588.49999999962,114599.99999999962,178588.49999999997,108599.99999999997,169888.50000000003,99900.00000000003,153938.4999999997,83949.99999999971,123926.00000000006,53937.50000000006,70438.5000000001,450.00000000010186,-15449.000000000393,-85437.5000000004
stock level,23,3,rep,20233506,10,112.0,-137979.0,-67500.0,-132279.00000000006,-61800.00000000006,-130978.99999999988,-60499.99999999988,-132579.00000000015,-62100.000000000146,-127328.99999999997,-56849.99999999997,-111541.5,-41062.5,-73135.25000000006,-2656.250000000058,2658.50000000016,73137.50000000016
stock level,23,3,rep,20233507,9,112.0,296390.0,181500.0,290989.99999999977,176099.99999999977,274990.0000000007,160100.0000000007,256790.0000000002,141900.0000000002,231790.0000000001,116900.00000000009,188164.99999999988,73274.99999999988,94877.49999999996,-20012.500000000044,-69346.85344827527,-184236.85344827527
stock level,23,3,rep,20233508,9,112.0,25836.0,4500.0,24035.99999999993,2699.999999999931,25835.99999999983,4499.999999999829,22185.99999999991,849.999999999909,19385.999999999898,-1950.0000000001019,16923.50000000009,-4412.499999999909,26642.24999999986,5306.249999999862,53935.999999999854,32599.999999999854
stock level,23,3,rep,20233509,10,112.0,96582.5,73500.0,91182.49999999997,68099.99999999997,88182.50000000015,65100.000000000146,76432.49999999974,53349.99999999974,65032.500000000386,41950.000000000386,50457.500000000175,27375.000000000175,27507.499999999898,4424.999999999898,-23014.375000000065,-46096.875000000065
stock level,23,3,rep,20233510,10,112.0,-176904.0,-87000.0,-179903.99999999983,-89999.99999999983,-181203.99999999983,-91299.99999999983,-184453.99999999994,-94549.99999999994,-176854.00000000006,-86950.00000000006,-149316.5000000002,-59412.500000000204,-82116.49999999975,7787.500000000247,48717.875,138621.875
stock level,23,3,rep,20233511,10,112.0,-210928.5,-90000.00000000001,-204028.49999999977,-83099.99999999978,-201128.50000000003,-80200.00000000004,-203578.50000000017,-82650.00000000019,-194828.50000000012,-73900.00000000013,-169053.50000000006,-48125.00000000007,-98703.50000000007,22224.999999999913,42880.87500000013,163809.37500000012
stock level,39,0,sel,20390000,11,83.0,12186.0,58500.0,8285.999999999964,54599.99999999996,-313.9999999998836,46000.00000000012,-13163.999999999964,33150.00000000004,-41614.000000000015,4699.999999999985,-38813.999999999825,7500.000000000175,19404.749999999665,65718.74999999967,119460.99999999997,165774.99999999997
stock level,39,0,sel,20390001,11,83.0,196668.0,111000.0,199968.00000000023,114300.00000000023,191568.00000000003,105900.00000000003,172968.00000000023,87300.00000000023,136718.00000000012,51050.00000000012,116805.50000000016,31137.50000000016,123555.49999999999,37887.499999999985,114495.7241686464,28827.724168646397
stock level,39,0,sel,20390002,9,83.0,211069.0,108000.0,207469.00000000003,104400.00000000003,199369.00000000023,96300.00000000023,186668.99999999985,83599.99999999985,157843.9999999998,54774.999999999796,123718.99999999981,20649.99999999981,92062.74999999987,-11006.250000000131,39550.250000000044,-63518.749999999956
stock level,39,0,sel,20390003,11,83.0,290688.0,219000.0,298788.0,227100.0,282187.9999999999,210499.99999999988,257388.00000000026,185700.00000000026,190163.00000000003,118475.00000000003,131900.49999999997,60212.49999999997,147400.5000000002,75712.5000000002,159522.37499999997,87834.37499999997
stock level,39,0,sel,20390004,10,83.0,-323405.0,1500.0,-329104.99999999977,-4199.999999999767,-334905.0000000001,-10000.000000000116,-341405.0000000002,-16500.000000000175,-362230.0,-37325.0,-341792.5,-16887.5,-235480.0,89425.0,-56723.74999999994,268181.25000000006
stock level,39,0,sel,20390005,11,83.0,-40217.5,61500.0,-35117.49999999987,66600.00000000013,-36917.499999999935,64800.000000000065,-49217.50000000034,52499.99999999966,-76517.49999999972,25200.000000000276,-94242.49999999997,7475.000000000029,-85298.75000000052,16418.749999999476,-105192.50000000025,-3475.0000000002474
stock level,39,0,sel,20390006,12,83.0,588222.0,294000.0,570822.0,276600.0,563421.9999999998,269199.99999999977,530271.9999999999,236049.99999999988,443322.0,149100.0,372134.50000000006,77912.50000000006,341984.4999999997,47762.49999999971,179662.62499999994,-114559.37500000006
stock level,39,0,sel,20390007,10,83.0,44618.5,93000.0,40718.49999999997,89099.99999999997,27718.499999999854,76099.99999999985,13618.500000000568,62000.00000000057,-16256.500000000226,32124.999999999774,-31768.99999999976,16612.50000000024,-20637.74999999991,27743.75000000009,-27784.625000000273,20596.874999999727
stock level,39,0,sel,20390008,10,83.0,6418.5,54000.0,9118.500000000276,56700.00000000028,7918.5,55500.0,-1581.4999999998836,46000.00000000012,-26306.499999999567,21275.000000000433,-38143.99999999988,9437.500000000116,-31006.499999999727,16575.000000000273,-31090.87499999986,16490.62500000014
stock level,39,0,sel,20390009,11,83.0,-38995.5,69000.0,-41995.499999999825,66000.00000000017,-46195.499999999935,61800.000000000065,-58795.49999999972,49200.00000000028,-90445.49999999977,17550.000000000233,-101270.50000000032,6724.99999999968,-80545.50000000007,27449.999999999927,-48801.74999999986,59193.75000000014
stock level,39,0,sel,20390010,11,83.0,68558.5,87000.0,67058.50000000033,85500.00000000033,56658.49999999991,75099.99999999991,44258.49999999959,62699.99999999959,12008.500000000273,30450.000000000273,-8366.500000000295,10074.999999999705,-26985.250000000502,-8543.750000000502,-96992.64900468414,-78551.14900468414
stock level,39,0,sel,20390011,12,83.0,-314168.5,6000.0,-300968.4999999997,19200.00000000029,-299168.5000000002,20999.999999999825,-306918.5000000001,13249.999999999884,-324543.49999999994,-4374.999999999942,-319868.5000000003,299.99999999970896,-272874.74999999994,47293.75000000006,-198805.99999999988,121362.50000000012
stock level,39,0,rep,20390500,11,83.0,-101119.0,76500.0,-108318.99999999993,69300.00000000007,-117318.99999999994,60300.00000000006,-136868.99999999988,40750.00000000012,-172093.9999999999,5525.000000000087,-183331.5000000001,-5712.500000000087,-214631.4999999996,-37012.49999999959,-284069.0000000007,-106450.0000000007
stock level,39,0,rep,20390501,12,83.0,-501470.5,-1500.0,-500570.49999999994,-599.9999999999418,-504970.50000000023,-5000.000000000233,-516170.4999999994,-16199.999999999418,-537495.4999999998,-37524.99999999977,-512620.50000000023,-12650.000000000233,-416732.9999999998,83237.50000000017,-294867.37500000023,205103.12499999977
stock level,39,0,rep,20390502,10,83.0,158241.5,135000.0,145941.5000000003,122700.00000000029,136141.50000000015,112900.00000000015,116091.49999999997,92849.99999999997,73341.50000000015,50100.000000000146,44604.00000000018,21362.500000000182,24735.249999999578,1493.749999999578,-34410.24225663742,-57651.74225663742
stock level,39,0,rep,20390503,9,83.0,494810.0,303000.0,500810.0,309000.0,478610.00000000006,286800.00000000006,430210.0000000001,238400.00000000012,345234.99999999994,153424.99999999994,261922.50000000017,70112.50000000017,157922.5000000003,-33887.49999999971,-122702.49999999994,-314512.49999999994
stock level,39,0,rep,20390504,10,83.0,-177694.0,24000.0,-183394.00000000012,18299.999999999884,-183993.99999999988,17700.000000000116,-189943.99999999977,11750.000000000233,-208193.99999999988,-6499.999999999884,-196244.0,5450.0,-103381.50000000023,98312.49999999977,82093.49999999988,283787.4999999999
stock level,39,0,rep,20390505,10,83.0,196200.5,103500.0,192300.4999999998,99599.9999999998,187600.49999999997,94899.99999999997,172950.49999999965,80249.99999999965,143225.5000000001,50525.00000000009,116325.50000000068,23625.000000000684,95269.24999999911,2568.7499999991123,17522.37499999987,-75178.12500000013
stock level,39,0,rep,20390506,10,83.0,366769.5,169500.0,357469.49999999977,160199.99999999977,340669.5,143400.0,307319.5,110050.0,262744.49999999994,65474.99999999994,225694.49999999988,28424.999999999884,184163.25000000006,-13106.249999999942,59688.25000000006,-137581.24999999994
stock level,39,0,rep,20390507,11,83.0,42194.5,109500.0,39494.50000000041,106800.00000000041,30094.500000000087,97400.00000000009,11944.500000000233,79250.00000000023,-19755.500000000276,47549.99999999972,-41230.49999999984,26075.00000000016,-42099.249999999985,25206.250000000015,-92197.0178571425,-24891.517857142506
stock level,39,0,rep,20390508,10,83.0,59638.0,91500.0,56338.0000000001,88200.0000000001,49438.00000000007,81300.00000000007,37937.999999999956,69799.99999999996,11862.999999999964,43724.99999999996,-8261.999999999978,23600.000000000022,5719.250000000182,37581.25000000018,22209.875000000146,54071.875000000146
stock level,39,0,rep,20390509,10,83.0,374996.5,153000.0,377996.49999999965,155999.99999999965,379096.49999999965,157099.99999999965,363296.49999999977,141299.99999999977,325671.5000000002,103675.00000000017,278396.4999999999,56399.99999999988,234846.50000000026,12850.000000000262,150368.3749999997,-71628.12500000029
stock level,39,0,rep,20390510,12,83.0,126596.5,109500.0,123596.50000000017,106500.00000000017,110096.50000000033,93000.00000000033,91546.49999999983,74449.99999999983,60271.499999999956,43174.999999999956,39983.999999999985,22887.499999999985,43258.99999999991,26162.499999999913,31052.750000000182,13956.250000000182
stock level,39,0,rep,20390511,9,83.0,346252.0,123000.0,337551.9999999999,114299.99999999988,328451.9999999998,105199.99999999983,311051.9999999996,87799.99999999959,276802.0000000004,53550.00000000041,249851.99999999985,26599.999999999854,228389.50000000012,5137.500000000116,174852.00000000003,-48399.99999999997
stock level,39,1,sel,20391000,11,85.0,164565.5,169500.0,163065.50000000035,168000.00000000035,155165.50000000003,160100.00000000003,157065.50000000035,162000.00000000035,152340.49999999985,157274.99999999985,85002.99999999988,89937.49999999988,23728.000000000364,28662.500000000364,-100803.2500000002,-95868.7500000002
stock level,39,1,sel,20391001,12,85.0,-143410.0,-103500.0,-140109.99999999994,-100199.99999999994,-131410.0,-91500.0,-127509.9999999998,-87599.9999999998,-95459.99999999996,-55549.999999999956,-60272.4999999999,-20362.499999999898,18921.249999999956,58831.249999999956,174289.99999999994,214199.99999999994
stock level,39,1,sel,20391002,11,85.0,93310.5,69000.0,92710.49999999987,68399.99999999987,85010.50000000038,60700.00000000038,70110.50000000047,45800.000000000466,53510.50000000022,29200.00000000022,34110.50000000064,9800.00000000064,-45.74999999993088,-24356.24999999993,-74373.87499999965,-98684.37499999965
stock level,39,1,sel,20391003,12,85.0,-162817.0,-72000.0,-152317.00000000017,-61500.000000000175,-143516.99999999983,-52699.999999999825,-134766.99999999994,-43949.99999999994,-125992.00000000006,-35175.00000000006,-102929.49999999972,-12112.499999999724,-27348.250000000342,63468.74999999966,106623.62500000029,197440.6250000003
stock level,39,1,sel,20391004,12,85.0,139753.5,94500.0,128653.5000000002,83400.0000000002,118653.4999999994,73399.9999999994,104853.50000000003,59600.00000000003,86353.5000000003,41100.000000000306,61865.9999999999,16612.499999999898,17097.249999999774,-28156.250000000226,-89790.25000000006,-135043.75000000006
stock level,39,1,sel,20391005,10,85.0,-4745.5,-12000.0,-12845.500000000138,-20100.00000000014,-14145.499999999978,-21399.999999999978,-19045.500000000124,-26300.000000000124,-14770.49999999992,-22024.99999999992,-7307.999999999887,-14562.499999999887,18660.74999999994,11406.249999999942,97135.75000000019,89881.25000000019
stock level,39,1,sel,20391006,11,85.0,249247.0,190500.0,245947.00000000026,187200.00000000026,226946.99999999948,168199.99999999948,201296.99999999994,142549.99999999994,171171.9999999997,112424.99999999971,110834.4999999995,52087.49999999951,26290.749999999924,-32456.25000000007,-157684.24999999985,-216431.24999999985
stock level,39,1,sel,20391007,12,85.0,72897.0,70500.0,69296.99999999952,66899.99999999952,61397.00000000006,59000.00000000006,52746.99999999991,50349.99999999991,40022.00000000074,37625.00000000074,19709.500000000284,17312.500000000284,-184.24999999995453,-2581.2499999999545,-61799.87500000066,-64196.87500000066
stock level,39,1,sel,20391008,10,85.0,312555.0,222000.0,312255.0000000001,221700.00000000012,301655.0,211100.0,285005.0000000001,194450.00000000012,244405.0000000001,153850.0000000001,162142.49999999988,71587.49999999988,22498.750000000073,-68056.24999999993,-199794.99999999988,-290349.9999999999
stock level,39,1,sel,20391009,11,85.0,-21699.5,-12000.0,-29499.499999999898,-19799.999999999898,-30199.49999999994,-20499.99999999994,-34049.499999999854,-24349.999999999854,-36174.499999999796,-26474.999999999796,-22711.99999999993,-13012.49999999993,7294.249999999978,16993.749999999978,88691.125,98390.625
stock level,39,1,sel,20391010,11,85.0,-39562.5,-13499.999999999996,-37762.49999999977,-11699.999999999764,-34462.49999999987,-8399.999999999865,-39112.49999999973,-13049.999999999727,-42412.49999999997,-16349.999999999967,-30825.000000000106,-4762.500000000102,-2362.499999999902,23700.000000000102,44340.625000000044,70403.12500000004
stock level,39,1,sel,20391011,10,85.0,167664.5,124500.0,157164.50000000017,114000.00000000017,147364.50000000055,104200.00000000055,136364.50000000017,93200.00000000017,114464.50000000013,71300.00000000013,75201.99999999968,32037.49999999968,14295.75000000008,-28868.74999999992,-117247.99999999974,-160412.49999999974
stock level,39,1,rep,20391500,12,85.0,-21486.5,10500.0,-32286.499999999727,-299.99999999972715,-31786.50000000001,199.9999999999891,-33936.499999999935,-1949.9999999999345,-35636.50000000009,-3650.0000000000873,-23274.00000000008,8712.49999999992,94707.24999999997,126693.74999999997,268450.99999999994,300437.49999999994
stock level,39,1,rep,20391501,11,85.0,200986.0,147000.0,198286.00000000023,144300.00000000023,183985.99999999977,129999.99999999977,166285.99999999985,112299.99999999985,136485.99999999983,82499.99999999983,92223.50000000003,38237.50000000002,28486.000000000007,-25500.0,-59807.74999999976,-113793.74999999977
stock level,39,1,rep,20391502,11,85.0,146073.5,126000.0,148773.50000000044,128700.00000000044,137373.4999999997,117299.99999999971,114823.50000000029,94750.00000000029,89423.50000000019,69350.00000000019,51685.99999999972,31612.499999999724,32204.749999999964,12131.249999999964,-25092.554975430256,-45166.054975430256
stock level,39,1,rep,20391503,11,85.0,180823.0,153000.0,173922.9999999998,146099.9999999998,161723.00000000032,133900.00000000032,136272.99999999994,108449.99999999994,104273.00000000004,76450.00000000004,63935.4999999999,36112.4999999999,8766.74999999968,-19056.25000000032,-119428.84496567506,-147251.84496567506
stock level,39,1,rep,20391504,11,85.0,-175021.5,-78000.0,-176521.50000000017,-79500.00000000017,-175921.5000000002,-78900.0000000002,-169671.49999999994,-72649.99999999994,-157746.49999999985,-60724.999999999854,-128996.49999999991,-31974.999999999913,-87352.74999999984,9668.75000000016,-27990.250000000116,69031.24999999988
stock level,39,1,rep,20391505,11,85.0,124320.5,112500.0,115620.49999999972,103799.99999999972,101020.49999999936,89199.99999999936,85120.50000000017,73300.00000000017,68670.49999999997,56849.99999999997,37708.00000000016,25887.50000000016,-31960.750000000342,-43781.25000000034,-174163.87500000023,-185984.37500000023
stock level,39,1,rep,20391506,9,85.0,-8301.0,9000.0,-5301.000000000342,11999.999999999658,-5101.000000000353,12199.999999999647,-9550.999999999887,7750.000000000113,-15501.000000000102,1799.9999999998981,-16476.00000000007,824.9999999999309,-18007.250000000124,-706.2500000001237,-20205.9856870227,-2904.9856870227013
stock level,39,1,rep,20391507,12,85.0,-80211.5,-15000.0,-78411.5000000001,-13200.000000000102,-85711.49999999977,-20499.999999999767,-84061.50000000009,-18850.000000000087,-82661.49999999983,-17449.999999999825,-74324.00000000007,-9112.500000000073,-24073.999999999898,41137.5000000001,62794.75000000013,128006.25000000013
stock level,39,1,rep,20391508,12,85.0,-74974.0,-28500.0,-79474.0,-33000.0,-79473.99999999983,-32999.999999999825,-80523.99999999972,-34049.99999999972,-77599.00000000017,-31125.000000000175,-58061.49999999986,-11587.499999999862,-13599.000000000058,32874.99999999994,81104.12499999988,127578.12499999988
stock level,39,1,rep,20391509,12,85.0,716.5,3000.0,4316.499999999965,6599.999999999965,2816.4999999999654,5099.999999999965,-5233.5000000000455,-2950.0000000000455,-10683.499999999864,-8399.999999999864,-933.5000000002046,1349.9999999997954,27579.000000000124,29862.500000000124,72457.12499999985,74740.62499999985
stock level,39,1,rep,20391510,12,85.0,54064.5,31500.0,60664.50000000048,38100.00000000048,54864.50000000029,32300.00000000029,44264.500000000386,21700.000000000386,32239.500000000407,9675.000000000407,19764.499999999818,-2800.000000000182,-17947.999999999818,-40512.49999999982,-94076.12500000012,-116640.62500000012
stock level,39,1,rep,20391511,10,85.0,58967.5,85500.0,60767.4999999999,87299.9999999999,53167.49999999965,79699.99999999965,43917.500000000044,70450.00000000004,22467.499999999945,48999.99999999994,-3844.9999999999964,22687.5,-8188.749999999884,18343.750000000113,-55666.8749999998,-29134.374999999807
stock level,39,2,sel,20392000,12,72.0,-221028.0,67500.0,-219528.00000000017,68999.99999999983,-225528.0,63000.0,-240927.99999999965,47600.00000000035,-277153.00000000047,11374.999999999534,-274303.0000000003,14224.999999999709,-231984.24999999968,56543.75000000032,-180306.1250000005,108221.8749999995
stock level,39,2,sel,20392001,12,72.0,-10102.0,70500.0,-13702.000000000131,66899.99999999987,-22602.000000000226,57999.999999999774,-38651.999999999614,41950.000000000386,-67026.9999999999,13575.000000000102,-54764.49999999997,25837.50000000003,28441.750000000335,109043.75000000033,208307.3749999997,288909.3749999997
stock level,39,2,sel,20392002,12,72.0,475506.5,169500.0,469206.50000000023,163200.00000000023,437406.4999999999,131399.99999999988,409106.5000000002,103100.00000000017,365106.5000000003,59100.00000000029,330494.00000000006,24487.50000000006,295319.0,-10687.5,242290.87500000035,-63715.62499999965
stock level,39,2,sel,20392003,15,72.0,-83744.00000000003,165000.0,-89443.99999999997,159300.00000000006,-109143.99999999962,139600.0000000004,-136043.9999999997,112700.00000000032,-186643.99999999988,62100.000000000146,-211856.50000000015,36887.49999999988,-192775.24999999968,55968.75000000035,-190403.37500000044,58340.62499999959
stock level,39,2,sel,20392004,12,72.0,369407.5,136499.99999999997,364307.50000000023,131400.0000000002,349607.5000000003,116700.00000000026,331307.4999999999,98399.99999999985,295057.49999999977,62149.99999999974,265832.4999999996,32924.99999999956,238963.74999999988,6056.2499999998545,208894.99999999953,-24012.500000000495
stock level,39,2,sel,20392005,15,72.0,960830.0,357000.0,933830.0000000003,330000.00000000035,874529.9999999998,270699.99999999977,812380.0000000002,208550.00000000023,728105.0000000006,124275.00000000058,653380.0,49550.0,519304.9999999994,-84525.00000000058,237826.8750000004,-366003.1249999996
stock level,39,2,sel,20392006,15,72.0,-391022.0,111000.0,-403022.0,99000.0,-417421.9999999997,84600.00000000029,-446521.9999999998,55500.000000000175,-487271.99999999994,14750.000000000058,-472571.9999999998,29450.000000000175,-397365.74999999994,104656.25000000006,-260596.81617647057,241425.18382352943
stock level,39,2,sel,20392007,15,72.0,-191089.0,79500.0,-188088.99999999965,82500.00000000035,-202588.99999999994,68000.00000000006,-220988.9999999999,49600.00000000009,-255338.99999999988,15250.000000000116,-254476.49999999965,16112.50000000035,-199426.49999999994,71162.50000000006,-105160.87500000009,165428.1249999999
stock level,39,2,sel,20392008,13,72.0,-364484.0,33000.0,-345284.00000000006,52199.99999999994,-353384.00000000006,44099.99999999994,-366934.0,30550.0,-396734.0,750.0,-380121.5000000001,17362.499999999884,-300259.0000000001,97224.99999999988,-165465.25000000015,232018.74999999985
stock level,39,2,sel,20392009,13,72.0,-72620.5,88500.0,-67820.49999999993,93300.00000000007,-85520.4999999997,75600.0000000003,-103920.50000000017,57199.999999999825,-135545.50000000006,25574.99999999994,-137895.5000000005,23224.999999999505,-108070.49999999999,53050.000000000015,-66756.97388059719,94363.52611940281
stock level,39,2,sel,20392010,13,72.0,720776.0,198000.00000000006,703075.9999999997,180299.9999999997,680776.0,158000.00000000006,650876.0000000005,128100.00000000052,606626.0000000002,83850.00000000029,557750.9999999993,34974.99999999936,485219.74999999977,-37556.250000000175,340004.125,-182771.87499999994
stock level,39,2,sel,20392011,14,72.0,199581.0,139500.0,186981.0000000002,126900.0000000002,170680.99999999968,110599.99999999968,149581.00000000044,89500.00000000044,109580.99999999965,49499.99999999966,80080.9999999992,19999.999999999207,47980.99999999974,-12100.000000000255,-42231.50000000091,-102312.5000000009
stock level,39,2,rep,20392500,14,72.0,-288075.5,72000.0,-281775.50000000047,78299.99999999953,-288975.50000000023,71099.99999999977,-303525.49999999994,56550.00000000006,-331775.5,28300.0,-332762.99999999994,27312.50000000006,-283869.25000000035,76206.24999999965,-205240.89578239605,154834.60421760395
stock level,39,2,rep,20392501,13,72.0,-114156.0,142500.0,-109955.99999999988,146700.00000000012,-134356.00000000055,122299.99999999945,-170105.99999999994,86550.00000000006,-215430.9999999998,41225.000000000204,-220168.49999999994,36487.50000000006,-187287.2499999999,69368.75000000009,-143292.87350835325,113363.12649164675
stock level,39,2,rep,20392502,13,72.0,350991.5,199500.0,333291.4999999999,181799.99999999988,303791.49999999994,152299.99999999994,271641.50000000035,120150.00000000035,223541.49999999945,72049.99999999945,184941.50000000012,33450.00000000012,115316.49999999983,-36175.000000000175,-18089.749999999156,-169581.24999999916
stock level,39,2,rep,20392503,12,72.0,119097.0,129000.0,122697.00000000015,132600.00000000015,114297.00000000028,124200.00000000028,94147.00000000052,104050.00000000052,51447.00000000014,61350.00000000014,19584.499999999956,29487.499999999956,14884.500000000477,24787.500000000477,-18278.00000000006,-8375.000000000058
stock level,39,2,rep,20392504,15,72.0,665829.0,196499.99999999994,659528.9999999998,190199.9999999997,646229.0000000001,176900.00000000006,613328.9999999999,143999.99999999983,553378.9999999999,84049.99999999983,511828.99999999994,42499.99999999988,489985.2500000001,20656.25000000006,436525.87499999994,-32803.12500000012
stock level,39,2,rep,20392505,13,72.0,285879.5,193500.0,277779.49999999953,185399.99999999953,257679.50000000006,165300.00000000006,233479.4999999999,141099.9999999999,181829.5000000005,89450.0000000005,144766.99999999994,52387.49999999994,120123.25000000009,27743.750000000087,50245.12499999991,-42134.37500000009
stock level,39,2,rep,20392506,13,72.0,784209.0,241500.0,765608.9999999999,222899.99999999988,728308.9999999999,185599.99999999988,685609.0000000001,142900.00000000012,626059.0000000001,83350.00000000012,570921.5000000008,28212.500000000815,441865.24999999953,-100843.75000000047,192308.99999999994,-350400.00000000006
stock level,39,2,rep,20392507,12,72.0,288554.0,135000.0,286754.0000000001,133200.00000000012,266754.00000000006,113200.00000000006,247704.00000000015,94150.00000000015,210354.0,56800.0,180366.5,26812.5,154279.00000000003,725.0000000000291,114600.875,-38953.125
stock level,39,2,rep,20392508,14,72.0,38314.5,106500.0,31414.499999999796,99599.9999999998,13414.499999999796,81599.9999999998,-3435.499999999549,64750.00000000045,-41335.50000000003,26849.99999999997,-47935.5,20250.0,-13866.750000000036,54318.74999999996,39008.249999999796,107193.7499999998
stock level,39,2,rep,20392509,14,72.0,538766.0,237000.0,521365.99999999977,219599.99999999977,491466.00000000023,189700.00000000023,451665.9999999999,149899.99999999988,388165.9999999999,86399.99999999988,350416.0000000004,48650.00000000041,298516.0000000006,-3249.999999999418,169284.1074766361,-132481.8925233639
stock level,39,2,rep,20392510,14,72.0,1218984.5,343500.0,1203084.5000000002,327600.00000000023,1155484.4999999995,279999.99999999953,1096584.4999999995,221099.99999999953,1009309.5000000003,133825.00000000035,931446.9999999994,55962.49999999942,759847.0000000001,-115637.49999999988,430743.8749999999,-444740.6250000001
stock level,39,2,rep,20392511,13,72.0,430665.0,219000.00000000003,412965.0,201300.00000000003,397465.00000000035,185800.00000000038,363615.00000000023,151950.00000000026,302714.9999999999,91049.99999999991,254289.99999999942,42624.99999999945,189689.9999999995,-21975.000000000466,43455.62499999994,-168209.37500000003
stock level,39,3,sel,20393000,9,112.0,125494.0,63000.0,118894.00000000003,56400.00000000003,112594.00000000015,50100.000000000146,102194.00000000004,39700.000000000044,92368.99999999977,29874.999999999767,79506.50000000004,17012.500000000044,70668.9999999999,8174.999999999898,67409.62500000009,4915.625000000087
stock level,39,3,sel,20393001,10,112.0,331772.5,259500.0,320972.49999999994,248699.99999999994,297472.5000000001,225200.00000000012,261672.49999999965,189399.99999999965,222897.50000000047,150625.00000000047,165547.49999999977,93274.99999999977,83078.75000000015,10806.250000000146,-101299.37499999991,-173571.8749999999
stock level,39,3,sel,20393002,8,112.0,-56989.0,-24000.0,-62989.0,-30000.0,-62488.99999999994,-29499.99999999994,-63588.999999999796,-30599.999999999796,-61713.99999999997,-28724.99999999997,-51976.499999999956,-18987.499999999956,-23295.250000000036,9693.749999999964,35351.625000000044,68340.62500000004
stock level,39,3,sel,20393003,9,112.0,148263.5,106500.0,139263.5,97500.0,128463.50000000044,86700.00000000044,108513.5,66750.0,90438.50000000006,48675.00000000006,71225.99999999997,29462.49999999997,11938.500000000182,-29824.999999999818,-128933.37499999965,-170696.87499999965
stock level,39,3,sel,20393004,9,112.0,-210128.5,-79500.0,-204728.4999999998,-74099.9999999998,-189428.50000000006,-58800.00000000006,-185678.50000000006,-55050.00000000006,-178328.49999999994,-47699.99999999994,-161653.4999999999,-31024.999999999913,-83584.75000000006,47043.74999999994,50184.00000000012,180812.50000000012
stock level,39,3,sel,20393005,9,112.0,145121.0,70500.0,140621.0,66000.0,132321.00000000006,57700.00000000006,123770.9999999998,49149.999999999796,113445.99999999983,38824.999999999825,95758.50000000004,21137.500000000044,76239.74999999997,1618.749999999971,54505.37499999975,-20115.625000000247
stock level,39,3,sel,20393006,10,112.0,20316.0,37500.0,21815.99999999949,38999.99999999949,22716.000000000036,39900.00000000004,16765.999999999985,33949.999999999985,7740.99999999984,24924.99999999984,-634.0000000002146,16549.999999999785,-7746.500000000227,9437.499999999773,-29796.49999999978,-12612.499999999782
stock level,39,3,sel,20393007,8,112.0,12124.5,10500.0,19624.50000000017,18000.00000000017,16624.5,15000.0,12774.500000000091,11150.000000000091,7974.499999999853,6349.999999999853,5687.000000000056,4062.5000000000564,1212.0000000002046,-412.49999999979536,-3072.3750000000346,-4696.875000000035
stock level,39,3,sel,20393008,10,112.0,-105581.0,-64500.0,-101980.99999999985,-60899.999999999854,-103480.99999999985,-62399.999999999854,-104431.00000000003,-63350.00000000003,-99856.00000000009,-58775.00000000009,-80705.99999999994,-39624.99999999994,-41012.25000000032,68.74999999967986,47583.363399071925,88664.36339907192
stock level,39,3,sel,20393009,9,112.0,-119628.5,-54000.0,-118728.49999999997,-53099.99999999997,-115628.50000000006,-50000.00000000006,-115628.49999999988,-49999.99999999988,-104103.4999999998,-38474.999999999796,-85491.00000000001,-19862.500000000015,-59222.25000000012,6406.249999999884,-30387.875000000036,35240.62499999996
stock level,39,3,sel,20393010,10,112.0,-8179.0,15000.0,-5179.000000000171,17999.99999999983,-9579.000000000091,13599.999999999909,-15479.000000000011,7699.999999999989,-23904.000000000193,-725.0000000001928,-27503.99999999999,-4324.999999999989,-7328.999999999749,15850.000000000251,17261.625000000015,40440.625000000015
stock level,39,3,sel,20393011,9,112.0,-5123.5,-75000.0,-17123.5,-87000.0,-30323.499999999927,-100199.99999999993,-62173.499999999796,-132049.9999999998,-65298.499999999854,-135174.99999999985,-30235.99999999984,-100112.49999999984,3070.249999999971,-66806.25000000003,81695.25000000009,11818.750000000087
stock level,39,3,rep,20393500,8,112.0,82052.0,61500.0,80551.99999999932,59999.999999999316,80251.99999999994,59699.99999999994,75452.00000000055,54900.00000000055,67451.99999999964,46899.999999999636,49377.000000000044,28825.000000000044,5952.000000000318,-14599.999999999682,-81557.37499999943,-102109.37499999943
stock level,39,3,rep,20393501,9,112.0,45066.0,40500.0,42666.00000000014,38100.00000000014,37066.00000000012,32500.000000000116,28115.999999999385,23549.999999999385,24291.000000000306,19725.000000000306,22291.00000000025,17725.00000000025,18553.499999999214,13987.499999999214,8862.874999999887,4296.874999999887
stock level,39,3,rep,20393502,10,112.0,320173.5,220500.0,322273.5000000001,222600.00000000012,315073.5,215400.0,301973.49999999965,202299.99999999965,276323.5000000001,176650.00000000012,209023.5000000003,109350.00000000029,115179.7499999998,15506.249999999796,-74515.68269230783,-174189.18269230783
stock level,39,3,rep,20393503,9,112.0,218511.5,171000.0,215211.4999999996,167699.9999999996,205711.50000000006,158200.00000000006,195961.50000000038,148450.00000000038,176786.50000000044,129275.00000000044,128824.00000000057,81312.50000000057,74992.75000000016,27481.25000000016,-81054.12499999916,-128565.62499999916
stock level,39,3,rep,20393504,8,112.0,48386.0,61500.0,45685.99999999972,58799.99999999972,43486.000000000364,56600.000000000364,37635.99999999988,50749.99999999988,33886.000000000226,47000.000000000226,19773.499999999935,32887.499999999935,-7657.749999999934,5456.250000000068,-48529.624999999636,-35415.624999999636
stock level,39,3,rep,20393505,8,112.0,374554.0,270000.0,366753.9999999996,262199.9999999996,349654.0000000001,245100.00000000012,325054.00000000035,220500.00000000035,283004.00000000006,178450.00000000006,219941.4999999996,115387.49999999959,95316.50000000038,-9237.499999999622,-135033.5000000002,-239587.5000000002
stock level,39,3,rep,20393506,9,112.0,53282.5,45000.0,54482.499999999935,46199.999999999935,51782.50000000017,43500.00000000017,46632.49999999991,38349.99999999991,40282.500000000226,32000.000000000226,31257.49999999991,22974.99999999991,28463.75000000032,20181.25000000032,44132.50000000014,35850.00000000014
stock level,39,3,rep,20393507,10,112.0,-40975.5,-3000.0,-41875.50000000038,-3900.0000000003783,-44375.49999999981,-6399.999999999811,-50225.4999999996,-12249.9999999996,-55575.50000000002,-17600.000000000022,-48700.500000000306,-10725.000000000306,-32481.75000000014,5493.749999999862,-2147.3749999998836,35828.12500000012
stock level,39,3,rep,20393508,10,112.0,-49873.99999999999,15000.0,-53473.999999999956,11400.000000000036,-55573.99999999993,9300.000000000065,-60773.999999999796,4100.000000000196,-64323.99999999964,550.0000000003492,-63199.00000000015,1674.99999999984,-56499.0000000001,8374.99999999989,-54342.7500000001,10531.24999999989
stock level,39,3,rep,20393509,8,112.0,119880.0,85500.0,115079.99999999959,80699.99999999959,109079.99999999993,74699.99999999993,100629.99999999977,66249.99999999977,87079.99999999999,52699.999999999985,67079.99999999977,32699.999999999767,16036.249999999374,-18343.750000000626,-74017.0612582782,-108397.0612582782
stock level,39,3,rep,20393510,10,112.0,95043.0,75000.0,91742.99999999977,71699.99999999977,79942.99999999991,59899.99999999991,67893.00000000015,47850.000000000146,51668.000000000226,31625.000000000226,29755.500000000375,9712.500000000375,32917.99999999988,12874.999999999884,28880.499999999978,8837.499999999978
stock level,39,3,rep,20393511,10,112.0,215474.5,171000.0,204674.4999999996,160199.9999999996,193674.50000000006,149200.00000000006,180574.5000000002,136100.0000000002,157874.49999999988,113399.99999999988,112737.00000000033,68262.50000000033,53486.99999999965,9012.49999999965,-90397.37499999948,-134871.87499999948
stock level,49,0,sel,20490000,10,83.0,11923.5,75000.0,15523.499999999447,78599.99999999945,9023.500000000422,72100.00000000042,-1226.4999999999782,61850.00000000002,-22026.49999999965,41050.00000000035,-40451.500000000284,22624.999999999716,-32870.24999999976,30206.25000000024,-47813.38696172252,15263.113038277479
stock level,49,0,sel,20490001,12,83.0,-301414.5,30000.0,-302614.5000000001,28799.999999999884,-318214.4999999999,13200.000000000116,-329464.4999999999,1950.0000000001164,-358314.5000000001,-26900.000000000116,-341889.5000000002,-10475.000000000175,-255633.24999999994,75781.25000000006,-115777.81775700938,215636.68224299062
stock level,49,0,sel,20490002,12,83.0,852907.0,240000.0,844807.0000000002,231900.00000000023,826507.0000000003,213600.00000000035,809406.9999999998,196499.99999999977,746306.9999999999,133399.99999999988,675569.5,62662.5,589219.4999999999,-23687.500000000116,390069.49999999977,-222837.50000000023
stock level,49,0,sel,20490003,11,83.0,1259224.5,609000.0,1234624.4999999995,584399.9999999995,1165524.5,515300.0,1075124.4999999995,424899.99999999953,934674.5000000002,284450.00000000023,787061.9999999999,136837.49999999988,601736.9999999995,-48487.500000000466,173399.50000000017,-476824.9999999998
stock level,49,0,sel,20490004,11,83.0,349768.0,237000.0,343767.99999999965,230999.99999999965,321067.9999999999,208299.99999999988,286318.00000000023,173550.00000000023,225118.0000000003,112350.00000000029,168755.4999999997,55987.49999999971,126936.74999999983,14168.749999999825,7758.625000000306,-105009.3749999997
stock level,49,0,sel,20490005,11,83.0,152045.0,90000.0,152045.0000000007,90000.0000000007,140944.99999999953,78899.99999999953,131744.9999999997,69699.99999999971,105494.99999999988,43449.99999999988,79182.49999999993,17137.499999999927,57076.250000000175,-4968.749999999825,14976.25000000043,-47068.74999999957
stock level,49,0,sel,20490006,11,83.0,5251.0,81000.0,-6448.999999999927,69300.00000000007,-19448.999999999876,56300.000000000124,-28999.000000000226,46749.999999999774,-54073.99999999993,21675.000000000073,-63374.000000000175,12374.999999999825,-46798.9999999999,28950.000000000102,-28698.999999999818,47050.00000000018
stock level,49,0,sel,20490007,10,83.0,310885.5,216000.0,302185.4999999999,207299.99999999988,285385.50000000035,190500.00000000035,248585.4999999997,153699.9999999997,190485.49999999985,95599.99999999985,141097.9999999999,46212.49999999991,93210.49999999948,-1675.0000000005239,-29770.75000000029,-124656.25000000029
stock level,49,0,sel,20490008,11,83.0,83956.5,109500.0,74956.50000000017,100500.00000000017,57456.49999999971,82999.99999999971,43956.49999999971,69499.99999999971,11631.499999999618,37174.999999999614,-7631.000000000258,17912.499999999738,-22062.250000000007,3481.249999999989,-89896.62500000009,-64353.12500000009
stock level,49,0,sel,20490009,12,83.0,199154.5,106500.0,194654.5,102000.0,176054.50000000055,83400.00000000055,158504.50000000012,65850.00000000012,123804.50000000065,31150.000000000655,102454.49999999962,9799.999999999622,45992.00000000032,-46662.49999999968,-81176.74999999974,-173831.24999999974
stock level,49,0,sel,20490010,12,83.0,512081.0,238500.0,502181.0,228600.0,478581.0000000003,205000.0000000003,436781.0000000008,163200.00000000081,373906.0000000002,100325.00000000017,322781.0000000003,49200.00000000029,265043.50000000023,-8537.499999999767,113596.625,-159984.375
stock level,49,0,sel,20490011,11,83.0,-460825.5,40500.0,-458725.50000000035,42599.99999999965,-472425.4999999998,28900.000000000175,-491125.4999999997,10200.000000000291,-515000.5000000002,-13675.000000000175,-500688.00000000006,637.4999999999418,-421000.50000000006,80324.99999999994,-333698.2678571431,167627.23214285693
stock level,49,0,rep,20490500,11,83.0,68348.5,112500.0,57548.5000000001,101700.0000000001,47948.49999999997,92099.99999999997,37748.500000000204,81900.0000000002,7723.500000000058,51875.00000000006,-14563.999999999625,29587.500000000375,-16664.000000000273,27487.499999999727,-31292.124999999887,12859.375000000113
stock level,49,0,rep,20490501,11,83.0,107423.0,70500.0,107423.00000000017,70500.00000000017,101223.00000000017,64300.000000000175,85323.00000000015,48400.000000000146,59922.99999999988,22999.999999999884,49322.99999999998,12399.999999999978,69291.74999999981,32368.74999999981,76318.18312101957,39395.18312101957
stock level,49,0,rep,20490502,11,83.0,306193.0,142500.0,301992.99999999977,138299.99999999977,288792.99999999965,125099.99999999965,271592.99999999994,107899.99999999994,236418.00000000017,72725.00000000017,199268.00000000006,35575.00000000006,165455.50000000044,1762.5000000004366,98111.75000000004,-65581.24999999996
stock level,49,0,rep,20490503,11,83.0,-147346.50000000003,54000.0,-155446.50000000035,45899.99999999968,-160846.5000000002,40499.999999999825,-171196.50000000017,30149.999999999854,-190246.50000000006,11099.99999999997,-189259.00000000012,12087.499999999913,-133452.7500000003,67893.74999999974,-42815.250000000204,158531.24999999983
stock level,49,0,rep,20490504,10,83.0,232983.0,186000.0,241383.0000000002,194400.0000000002,230082.9999999999,183099.9999999999,192333.00000000015,145350.00000000015,136357.99999999988,89374.99999999988,88783.00000000017,41800.000000000175,25270.499999999796,-21712.500000000204,-155713.87499999985,-202696.87499999985
stock level,49,0,rep,20490505,10,83.0,318022.5,136500.0,310522.5,129000.0,305822.5,124300.0,292972.49999999994,111449.99999999994,260472.50000000017,78950.00000000017,224422.5000000002,42900.000000000204,206147.49999999994,24624.99999999994,165547.50000000003,-15974.99999999997
stock level,49,0,rep,20490506,11,83.0,309799.5,142500.0,305599.49999999953,138299.99999999953,295999.49999999977,128699.99999999977,279599.50000000035,112300.00000000035,246374.5000000004,79075.00000000041,216174.49999999988,48874.99999999988,211937.0,44637.5,180933.87500000044,13634.375000000437
stock level,49,0,rep,20490507,12,83.0,225250.5,120000.0,215050.49999999988,109799.99999999988,206950.50000000012,101700.00000000012,194400.49999999994,89149.99999999994,162500.49999999994,57249.99999999994,135413.00000000003,30162.50000000003,129719.24999999983,24468.749999999825,107166.576807229,1916.0768072289939
stock level,49,0,rep,20490508,11,83.0,179504.0,114000.0,178904.00000000003,113400.00000000003,164903.99999999997,99399.99999999997,147554.00000000006,82050.00000000006,115479.00000000009,49975.00000000009,95016.50000000028,29512.500000000276,83597.74999999983,18093.749999999825,59894.62499999994,-5609.375000000058
stock level,49,0,rep,20490509,12,83.0,-349409.49999999994,27000.0,-361709.49999999965,14700.000000000291,-366809.5000000001,9599.999999999825,-374259.5,2149.999999999942,-394059.49999999994,-17650.0,-380684.5,-4275.000000000058,-279940.74999999977,96468.75000000017,-121559.4999999998,254850.00000000015
stock level,49,0,rep,20490510,10,83.0,-310233.5,10500.0,-318633.50000000006,2099.999999999942,-330833.5,-10100.0,-342583.50000000006,-21850.00000000006,-368158.5,-47425.0,-344208.49999999977,-23474.999999999767,-230689.74999999994,90043.75000000006,-41758.500000000175,278974.9999999998
stock level,49,0,rep,20490511,10,83.0,-77366.0,60000.0,-77666.00000000023,59699.99999999977,-85665.99999999996,51700.000000000044,-96615.99999999971,40750.00000000029,-119565.99999999999,17800.000000000015,-125040.99999999978,12325.000000000218,-90791.00000000006,46574.99999999994,-48578.50000000009,88787.49999999991
stock level,49,1,sel,20491000,10,85.0,-92981.0,-75000.0,-90880.99999999987,-72899.99999999987,-89280.99999999996,-71299.99999999996,-93831.00000000025,-75850.00000000025,-88256.00000000003,-70275.00000000003,-58330.999999999796,-40349.999999999796,7094.000000000044,25075.000000000044,160140.8750000002,178121.8750000002
stock level,49,1,sel,20491001,12,85.0,-2618.0,1500.0,-217.99999999979536,3900.0000000002046,-6318.0000000002165,-2200.0000000002165,-13068.000000000216,-8950.000000000216,-14693.000000000102,-10575.000000000102,-14467.999999999454,-10349.999999999454,-13049.249999999978,-8931.249999999978,-19517.999999999807,-15399.999999999807
stock level,49,1,sel,20491002,9,85.0,-24713.5,-10500.0,-25013.499999999727,-10799.999999999727,-24113.499999999694,-9899.999999999694,-28013.50000000007,-13800.00000000007,-27013.49999999978,-12799.999999999782,-16938.499999999738,-2724.999999999738,6823.999999999967,21037.499999999967,58349.000000000175,72562.50000000017
stock level,49,1,sel,20491003,10,85.0,8512.0,7500.0,5512.0,4500.0,3511.999999999943,2499.999999999943,1012.0,0.0,6212.0000000000455,5200.0000000000455,12637.000000000171,11625.000000000171,43530.750000000124,42518.750000000124,126773.4583333334,125761.4583333334
stock level,49,1,sel,20491004,10,85.0,-170058.0,-129000.0,-155358.00000000006,-114300.00000000006,-149157.9999999999,-108099.99999999991,-134008.00000000023,-92950.00000000023,-114808.00000000012,-73750.00000000012,-77295.49999999996,-36237.499999999956,26492.00000000013,67550.00000000013,255826.37499999983,296884.3749999998
stock level,49,1,sel,20491005,12,85.0,-137399.5,-79500.0,-136499.49999999997,-78599.99999999997,-143899.49999999988,-85999.99999999988,-142899.49999999994,-84999.99999999994,-130599.49999999971,-72699.99999999971,-98061.99999999962,-40162.499999999614,-12655.74999999997,45243.75000000004,154875.5000000002,212775.0000000002
stock level,49,1,sel,20491006,11,85.0,5905.999999999998,21000.0,5905.999999999656,20999.999999999658,4606.000000000158,19700.00000000016,-1293.9999999997635,13800.000000000238,-10619.00000000032,4474.999999999682,-10519.000000000753,4574.999999999249,-18825.249999999764,-3731.2499999997617,-41378.69387755098,-26284.693877550977
stock level,49,1,sel,20491007,11,85.0,150431.0,126000.0,138731.0000000001,114300.00000000009,118931.0,94500.0,95780.99999999991,71349.99999999991,70556.00000000035,46125.00000000035,43968.499999999796,19537.499999999793,-7081.500000000156,-31512.50000000016,-144709.62499999977,-169140.62499999977
stock level,49,1,sel,20491008,11,85.0,27058.5,45000.0,32758.499999999935,50699.999999999935,27358.50000000024,45300.00000000024,19558.499999999658,37499.99999999966,12333.499999999749,30274.99999999975,371.00000000022555,18312.500000000226,-12603.999999999398,5337.500000000602,-36863.374999999716,-18921.874999999716
stock level,49,1,sel,20491009,10,85.0,30190.5,21000.0,36490.4999999999,27299.999999999898,27790.499999999967,18599.999999999967,23040.500000000022,13850.000000000022,14490.500000000126,5300.0000000001255,14615.500000000011,5425.000000000011,11940.500000000056,2750.0000000000564,27615.499999999785,18424.999999999785
stock level,49,1,sel,20491010,10,85.0,-49334.0,-22500.0,-46933.99999999997,-20099.99999999997,-51634.000000000124,-24800.000000000124,-59083.999999999825,-32249.999999999825,-56209.00000000006,-29375.00000000006,-39371.50000000002,-12537.500000000022,18078.499999999913,44912.49999999991,122697.25000000017,149531.25000000017
stock level,49,1,sel,20491011,10,85.0,-8554.5,13500.0,-5554.500000000342,16499.999999999658,-7054.500000000171,14999.999999999829,-11604.499999999955,10450.000000000045,-16454.499999999807,5600.000000000193,-19954.500000000033,2099.9999999999673,-19835.75000000006,2218.749999999942,-20904.500000000022,1149.9999999999782
stock level,49,1,rep,20491500,11,85.0,-334716.5,-196500.0,-325116.4999999999,-186899.99999999988,-318116.49999999977,-179899.99999999977,-311916.49999999994,-173699.99999999994,-280141.4999999999,-141924.99999999988,-209416.5000000004,-71200.00000000041,-74872.75000000023,63343.74999999977,151002.25000000017,289218.7500000002
stock level,49,1,rep,20491501,10,85.0,28006.0,63000.0,30705.999999999593,65699.99999999959,24506.00000000045,59500.00000000045,9305.999999999956,44299.999999999956,-7768.999999999862,27225.00000000014,-14831.499999999749,20162.50000000025,-25206.49999999986,9787.500000000138,-92640.87500000015,-57646.875000000146
stock level,49,1,rep,20491502,11,85.0,379232.0,319500.0,379831.99999999994,320099.99999999994,362632.00000000023,302900.00000000023,328332.00000000006,268600.00000000006,247506.99999999974,187774.99999999974,151744.5000000004,92012.50000000041,50025.750000000044,-9706.249999999956,-201311.74999999988,-261043.74999999988
stock level,49,1,rep,20491503,10,85.0,17011.5,18000.0,7411.499999999864,8399.999999999864,7611.500000000022,8600.000000000022,4011.4999999998863,4999.999999999886,5336.5000000000455,6325.0000000000455,4086.499999999818,5074.999999999818,5148.9999999998745,6137.4999999998745,3348.999999999807,4337.499999999807
stock level,49,1,rep,20491504,10,85.0,92745.5,60000.0,87645.49999999987,54899.99999999987,85945.50000000004,53200.000000000044,79095.5000000003,46350.000000000306,72445.50000000022,39700.00000000022,44120.49999999989,11374.999999999887,-18860.74999999953,-51606.249999999534,-135648.25000000023,-168393.75000000023
stock level,49,1,rep,20491505,10,85.0,-39745.0,-7500.0,-46944.99999999993,-14699.999999999927,-49644.99999999952,-17399.99999999952,-49445.000000000386,-17200.000000000386,-40569.99999999959,-8324.999999999593,-29782.500000000364,2462.499999999636,-7144.999999999978,25100.000000000022,18792.499999999454,51037.499999999454
stock level,49,1,rep,20491506,10,85.0,120796.5,87000.0,109396.50000000013,75600.00000000013,108196.49999999987,74399.99999999987,98446.50000000055,64650.00000000055,82921.49999999983,49124.999999999825,56421.50000000039,22625.000000000393,-2028.4999999999854,-35824.999999999985,-101625.37500000035,-135421.87500000035
stock level,49,1,rep,20491507,10,85.0,-80394.0,-39000.0,-75593.99999999977,-34199.99999999977,-78193.99999999996,-36799.999999999956,-75943.99999999996,-34549.999999999956,-72144.00000000035,-30750.00000000035,-57006.499999999956,-15612.499999999956,-16656.499999999818,24737.500000000182,48493.5000000001,89887.5000000001
stock level,49,1,rep,20491508,12,85.0,89012.0,72000.0,89311.99999999956,72299.99999999956,87312.00000000017,70300.00000000017,76412.00000000003,59400.00000000003,62037.000000000146,45025.000000000146,42236.99999999956,25224.999999999563,8661.99999999992,-8350.00000000008,-69238.969827586,-86250.969827586
stock level,49,1,rep,20491509,11,85.0,-12940.5,-4500.0,-1540.5000000003074,6899.999999999693,2059.500000000171,10500.000000000171,2759.5000000002165,11200.000000000216,5334.49999999958,13774.99999999958,3459.500000000433,11900.000000000433,14128.250000000022,22568.750000000022,28784.499999999913,37224.99999999991
stock level,49,1,rep,20491510,11,85.0,-67317.5,-60000.0,-67017.49999999994,-59699.99999999994,-63217.500000000146,-55900.000000000146,-61417.50000000025,-54100.00000000025,-49617.49999999972,-42299.99999999972,-26317.499999999603,-18999.999999999603,18007.499999999818,25324.999999999818,137373.125,144690.625
stock level,49,1,rep,20491511,11,85.0,-22947.000000000004,7500.0,-26847.00000000055,3599.9999999994543,-26446.99999999989,4000.000000000113,-32246.99999999973,-1799.9999999997272,-35872.00000000019,-5425.0000000001855,-26147.000000000164,4299.99999999984,8490.499999999713,38937.499999999716,55546.74999999981,85993.74999999981
stock level,49,2,sel,20492000,13,72.0,996615.5,337500.0,990615.5,331500.0,955515.5000000005,296400.00000000047,909665.5000000002,250550.00000000023,826915.5000000002,167800.00000000023,739440.5000000002,80325.00000000023,637659.2500000003,-21456.24999999965,445559.2500000004,-213556.2499999996
stock level,49,2,sel,20492001,12,72.0,33614.5,85500.0,36614.49999999949,88499.99999999949,25914.50000000035,77800.00000000035,11064.500000000218,62950.00000000022,-21585.500000000102,30299.999999999898,-32735.500000000022,19149.999999999978,-24354.249999999716,27531.250000000284,-24438.625000000193,27446.874999999807
stock level,49,2,sel,20492002,12,72.0,123077.0,103500.0,111677.0000000003,92100.0000000003,106777.00000000016,87200.00000000016,88076.9999999996,68499.9999999996,56026.999999999935,36449.999999999935,45701.99999999994,26124.99999999994,74502.00000000017,54925.000000000175,134167.62499999977,114590.62499999977
stock level,49,2,sel,20492003,12,72.0,83761.0,118500.0,76561.00000000007,111300.00000000007,63260.99999999955,97999.99999999955,39010.99999999977,73749.99999999977,2286.0000000000873,37025.00000000009,-13539.000000000182,21199.999999999818,-37551.49999999983,-2812.4999999998327,-111339.69806889356,-76600.69806889356
stock level,49,2,sel,20492004,14,72.0,-130322.5,120000.0,-136622.49999999988,113700.00000000012,-157622.50000000006,92699.99999999994,-178472.50000000003,71849.99999999997,-215897.49999999977,34425.00000000023,-216422.50000000015,33899.999999999854,-184853.74999999977,65468.75000000023,-141881.41768292652,108441.08231707348
stock level,49,2,sel,20492005,13,72.0,417625.5,220500.0,390925.50000000006,193800.00000000006,369925.50000000006,172800.00000000006,334775.50000000035,137650.00000000035,280650.4999999996,83524.99999999959,226525.5000000002,29400.000000000204,138662.9999999998,-58462.500000000204,-58170.61827354244,-255296.11827354244
stock level,49,2,sel,20492006,14,72.0,357800.5,130500.0,350900.5000000001,123600.00000000012,335500.5000000008,108200.00000000081,311650.5,84350.0,269550.49999999977,42249.99999999977,241800.50000000047,14500.000000000466,208000.49999999983,-19300.000000000175,132566.75000000012,-94733.74999999988
stock level,49,2,sel,20492007,12,72.0,-66395.5,93000.0,-66995.50000000013,92399.99999999987,-79095.49999999987,80300.00000000013,-93645.49999999977,65750.00000000023,-127945.49999999978,31450.00000000022,-135620.49999999997,23775.00000000003,-106014.24999999985,53381.250000000146,-77961.12500000017,81434.37499999983
stock level,49,2,sel,20492008,14,72.0,654479.5,315000.0,633479.5000000003,294000.00000000035,586879.5000000005,247400.00000000047,533579.4999999998,194099.99999999977,451779.4999999998,112299.99999999983,402154.5000000003,62675.00000000029,269841.9999999997,-69637.50000000029,-14186.125000000407,-353665.6250000004
stock level,49,2,sel,20492009,14,72.0,485605.5,163500.0,479605.4999999998,157499.99999999983,458805.5000000001,136700.00000000012,434455.5000000001,112350.00000000012,391030.50000000006,68925.00000000006,358943.0000000001,36837.50000000012,339174.25000000006,17068.75000000006,311499.25,-10606.25
stock level,49,2,sel,20492010,13,72.0,1336610.0,391500.0,1315610.0000000005,370500.00000000047,1248510.0000000002,303400.00000000023,1171409.9999999998,226299.99999999977,1081960.0000000002,136850.00000000023,983797.5,38687.5,796353.7499999998,-148756.25000000023,446491.2500000003,-498618.7499999997
stock level,49,2,sel,20492011,13,72.0,-87738.5,90000.0,-95238.49999999967,82500.00000000033,-102438.49999999993,75300.00000000007,-116288.49999999978,61450.00000000022,-148188.49999999977,29550.000000000233,-157701.00000000067,20037.49999999933,-125300.99999999977,52437.50000000023,-81494.75000000048,96243.74999999952
stock level,49,2,rep,20492500,14,72.0,490242.0,153000.0,489642.0,152400.0,463242.0000000002,126000.00000000017,435491.99999999965,98249.99999999965,393317.00000000035,56075.00000000035,368141.9999999999,30899.999999999884,356585.7499999999,19343.749999999884,342020.1250000004,4778.125000000407
stock level,49,2,rep,20492501,15,72.0,-304716.5,73500.0,-311616.4999999997,66600.00000000029,-323816.5000000002,54399.999999999825,-337716.4999999998,40500.000000000175,-373541.4999999998,4675.000000000175,-368654.0000000002,9562.499999999825,-303604.0000000002,74612.49999999983,-198879.0000000001,179337.4999999999
stock level,49,2,rep,20492502,14,72.0,-231476.5,78000.0,-245876.49999999985,63600.000000000146,-250876.50000000044,58599.99999999956,-264926.49999999977,44550.00000000023,-305751.5000000002,3724.9999999998254,-297701.50000000047,11774.999999999534,-236589.00000000012,72887.49999999988,-147585.87499999994,161890.62500000006
stock level,49,2,rep,20492503,13,72.0,274906.5,243000.0,242506.50000000047,210600.00000000047,219106.50000000012,187200.00000000012,169006.49999999997,137099.99999999997,110856.49999999983,78949.99999999983,69156.49999999972,37249.99999999972,2612.749999999789,-29293.750000000215,-145487.24999999988,-177393.74999999988
stock level,49,2,rep,20492504,14,72.0,-195335.5,88500.0,-195335.50000000017,88499.99999999983,-212035.5,71800.0,-232485.50000000015,51349.999999999854,-266285.5000000001,17549.999999999884,-256122.99999999997,27712.50000000003,-184216.74999999997,99618.75000000003,-41819.875000000175,242015.62499999983
stock level,49,2,rep,20492505,15,72.0,119664.5,187500.0,112764.49999999945,180599.99999999945,87164.50000000023,155000.00000000023,59364.50000000028,127200.00000000028,9014.500000000364,76850.00000000036,-19148.00000000045,48687.49999999955,-35779.25000000025,32056.249999999753,-86263.62499999956,-18428.124999999563
stock level,49,2,rep,20492506,13,72.0,282423.5,270000.0,285423.49999999965,272999.99999999965,268623.49999999994,256199.99999999994,242923.49999999977,230499.99999999977,167823.49999999985,155399.99999999985,82535.9999999995,70112.4999999995,6060.999999999479,-6362.500000000523,-198401.4999999996,-210824.9999999996
stock level,49,2,rep,20492507,13,72.0,331242.5,223500.0,316542.49999999977,208799.99999999977,299142.4999999999,191399.99999999988,259392.5000000002,151650.0000000002,202042.49999999983,94299.99999999983,153854.99999999983,46112.499999999825,79742.49999999988,-28000.000000000116,-94776.24999999988,-202518.74999999988
stock level,49,2,rep,20492508,12,72.0,-24731.0,58500.0,-22631.00000000038,60599.99999999962,-31330.999999999964,51900.00000000004,-45780.999999999956,37450.000000000044,-74155.9999999999,9075.000000000102,-75930.99999999999,7300.000000000015,-38199.750000000284,45031.249999999716,27784.62499999994,111015.62499999994
stock level,49,2,rep,20492509,13,72.0,301095.5,181500.0,302295.50000000023,182700.00000000023,280695.49999999994,161099.99999999994,251045.49999999948,131449.99999999948,207120.50000000035,87525.00000000036,165220.49999999942,45624.99999999943,122733.00000000003,3137.5000000000437,40495.99603174599,-79099.503968254
stock level,49,2,rep,20492510,14,72.0,588067.5,238500.0,572767.5,223200.0,539367.4999999997,189799.99999999965,493217.49999999895,143649.99999999895,432392.50000000006,82825.00000000006,379917.5,30350.0,288361.2499999998,-61206.250000000175,98323.74999999991,-251243.7500000001
stock level,49,2,rep,20492511,15,72.0,1173452.0,357000.0,1162652.0,346200.0,1115452.0000000002,299000.00000000023,1053651.9999999995,237199.99999999953,966951.9999999995,150499.99999999953,873427.0000000007,56975.0000000007,689877.0000000003,-126574.99999999965,291895.75,-524556.25
stock level,49,3,sel,20493000,10,112.0,-100776.5,-67500.0,-110976.49999999977,-77699.99999999977,-115976.49999999999,-82699.99999999999,-115776.49999999983,-82499.99999999983,-104776.50000000012,-71500.00000000012,-78726.49999999994,-45449.99999999994,-21901.500000000113,11374.999999999887,104698.5000000002,137975.0000000002
stock level,49,3,sel,20493001,9,112.0,166378.5,126000.0,167278.5000000002,126900.0000000002,164578.5000000003,124200.00000000029,160828.49999999994,120449.99999999994,144078.49999999948,103699.99999999948,108915.99999999956,68537.49999999956,1922.2500000002765,-38456.24999999972,-159021.4999999999,-199399.9999999999
stock level,49,3,sel,20493002,9,112.0,-83714.5,-40500.0,-87614.50000000003,-44400.00000000003,-89214.49999999994,-45999.99999999994,-94464.50000000029,-51250.00000000029,-97464.49999999994,-54249.99999999994,-85214.50000000017,-42000.000000000175,-24427.000000000033,18787.499999999967,70394.87499999971,113609.37499999971
stock level,49,3,sel,20493003,9,112.0,441213.0,289500.0,433713.0,282000.0,409613.0000000001,257900.00000000012,381063.0000000001,229350.00000000012,340637.99999999977,188924.99999999977,268513.0000000002,116800.00000000017,172519.24999999974,20806.249999999738,-2961.9999999998545,-154674.99999999985
stock level,49,3,sel,20493004,9,112.0,156956.0,139500.0,154555.99999999997,137099.99999999997,147856.0000000001,130400.00000000009,135006.00000000017,117550.00000000017,115531.00000000016,98075.00000000016,81093.49999999994,63637.49999999994,21093.49999999976,3637.49999999976,-110163.11610878662,-127619.11610878662
stock level,49,3,sel,20493005,8,112.0,111226.5,46500.0,115426.49999999994,50699.99999999994,112526.50000000001,47800.000000000015,104476.49999999965,39749.99999999965,97651.4999999999,32924.9999999999,85676.50000000004,20950.000000000044,62257.75000000012,-2468.7499999998836,45107.749999999854,-19618.750000000146
stock level,49,3,sel,20493006,9,112.0,-61389.0,-37500.0,-62589.00000000028,-38700.00000000028,-68789.00000000009,-44900.00000000009,-72139.00000000012,-48250.00000000012,-68264.00000000006,-44375.00000000006,-54664.000000000146,-30775.000000000146,-16564.00000000001,7324.999999999989,55766.97345132739,79655.97345132739
stock level,49,3,sel,20493007,10,112.0,-24770.5,-24000.0,-26270.49999999983,-25499.99999999983,-31770.500000000113,-31000.000000000113,-36170.50000000004,-35400.00000000004,-32720.500000000102,-31950.000000000102,-20708.000000000284,-19937.500000000284,9517.000000000193,10287.500000000193,82141.99999999997,82912.49999999997
stock level,49,3,sel,20493008,8,112.0,191106.5,118500.0,184206.49999999997,111599.99999999997,180406.5,107800.0,171206.50000000017,98600.00000000017,157131.49999999988,84524.99999999988,126306.49999999994,53699.99999999994,91337.7500000001,18731.250000000102,61047.12500000007,-11559.374999999927
stock level,49,3,sel,20493009,9,112.0,29374.5,21000.0,24874.5,16500.0,19274.499999999978,10899.999999999978,17924.49999999984,9549.99999999984,15799.500000000238,7425.000000000238,12787.000000000251,4412.500000000251,15418.249999999818,7043.749999999818,13165.125000000035,4790.625000000035
stock level,49,3,sel,20493010,10,112.0,92127.0,64500.0,92727.00000000015,65100.000000000146,91926.99999999984,64299.99999999984,83876.99999999965,56249.99999999965,73127.00000000023,45500.00000000023,59377.00000000012,31750.000000000116,35601.99999999957,7974.999999999571,-4748.0000000005675,-32375.000000000568
stock level,49,3,sel,20493011,8,112.0,-52642.0,-34500.0,-64042.00000000004,-45900.00000000004,-64242.00000000002,-46100.00000000002,-67392.00000000006,-49250.00000000006,-61642.00000000017,-43500.00000000017,-46116.99999999997,-27974.99999999997,-17154.500000000044,987.4999999999563,32247.903846154026,50389.903846154026
stock level,49,3,rep,20493500,10,112.0,191731.0,136500.0,189930.99999999994,134699.99999999994,187430.99999999983,132199.99999999983,175631.00000000081,120400.00000000081,157005.9999999997,101774.99999999971,121105.99999999994,65874.99999999994,61537.24999999981,6306.249999999811,-52296.11693548401,-107527.11693548401
stock level,49,3,rep,20493501,8,112.0,-124220.0,-52500.0,-117020.00000000006,-45300.00000000006,-117020.00000000023,-45300.00000000023,-115269.99999999996,-43549.999999999956,-105620.00000000003,-33900.00000000003,-92832.49999999972,-21112.499999999724,-56757.49999999996,14962.500000000036,6876.87499999984,78596.87499999984
stock level,49,3,rep,20493502,8,112.0,160190.0,78000.0,157489.99999999988,75299.99999999988,152090.0000000002,69900.0000000002,143539.9999999998,61349.999999999796,128789.99999999991,46599.99999999991,109802.50000000012,27612.500000000116,88221.25000000006,6031.250000000058,61065.00000000012,-21124.999999999884
stock level,49,3,rep,20493503,9,112.0,-515219.0,-351000.0,-520619.00000000006,-356400.00000000006,-520618.9999999999,-356399.9999999999,-515468.99999999994,-351249.99999999994,-500193.9999999997,-335974.9999999997,-405269.00000000006,-241050.00000000006,-247137.75000000006,-82918.75000000006,4590.3750000001455,168809.37500000015
stock level,49,3,rep,20493504,10,112.0,160550.0,148500.0,150949.99999999985,138899.99999999985,142850.00000000006,130800.00000000006,132349.9999999997,120299.99999999971,111275.00000000048,99225.00000000048,70662.50000000041,58612.50000000041,6812.500000000159,-5237.499999999841,-158738.97141255572,-170788.97141255572
stock level,49,3,rep,20493505,9,112.0,350778.5,222000.0,344478.4999999994,215699.99999999942,326478.50000000023,197700.00000000023,311028.4999999998,182249.99999999983,285603.5000000001,156825.00000000012,233978.49999999983,105199.99999999983,156609.75000000017,27831.250000000175,11216.000000000175,-117562.49999999983
stock level,49,3,rep,20493506,9,112.0,-340098.0,-181500.0,-348497.9999999999,-189899.99999999988,-343398.00000000006,-184800.00000000006,-303848.00000000023,-145250.00000000023,-270797.99999999994,-112199.99999999994,-229373.0000000001,-70775.00000000009,-130979.25000000015,27618.749999999854,59705.12500000009,218303.1250000001
stock level,49,3,rep,20493507,8,112.0,-24936.0,-9000.0,-19535.999999999796,-3599.9999999997963,-20736.000000000407,-4800.000000000407,-28736.000000000124,-12800.000000000124,-29586.000000000375,-13650.000000000375,-27173.50000000001,-11237.500000000011,-19804.75000000015,-3868.750000000149,-5826.6249999994325,10109.375000000568
stock level,49,3,rep,20493508,9,112.0,-71740.5,-33000.0,-64540.4999999999,-25799.999999999898,-70840.49999999997,-32099.99999999997,-73640.50000000015,-34900.000000000146,-70215.50000000003,-31475.00000000003,-55940.499999999876,-17199.999999999876,-23146.750000000113,15593.749999999887,36881.37500000016,75621.87500000016
stock level,49,3,rep,20493509,9,112.0,148614.0,72000.0,145913.9999999997,69299.99999999971,140513.99999999985,63899.999999999854,129064.00000000038,52450.00000000038,119588.99999999945,42974.99999999945,104601.49999999962,27987.49999999962,48063.99999999971,-28550.00000000029,-84773.49999999971,-161387.4999999997
stock level,49,3,rep,20493510,8,112.0,-108601.5,-58500.0,-104701.49999999997,-54599.99999999997,-104101.49999999983,-53999.999999999825,-104451.49999999985,-54349.999999999854,-99776.49999999984,-49674.99999999984,-85039.00000000012,-34937.50000000012,-32895.249999999876,17206.250000000124,59879.749999999985,109981.24999999999
stock level,49,3,rep,20493511,9,112.0,-121565.5,-78000.0,-122465.50000000003,-78900.00000000003,-123865.49999999996,-80299.99999999996,-126515.5000000001,-82950.0000000001,-123965.5000000002,-80400.0000000002,-97302.99999999972,-53737.49999999972,-32440.499999999887,11125.000000000113,91403.24999999977,134968.74999999977
stock level,61,0,sel,20610000,11,83.0,340403.0,163500.0,327202.99999999977,150299.99999999977,311903.0,135000.0,288452.99999999953,111549.99999999953,249728.0000000003,72825.00000000029,215365.4999999993,38462.4999999993,168184.25,-8718.75,39491.18493150751,-137411.8150684925
stock level,61,0,sel,20610001,11,83.0,154639.0,127500.0,151038.99999999988,123899.99999999988,142038.99999999988,114899.99999999988,120139.0,93000.0,85914.00000000044,58775.00000000044,54676.500000000364,27537.500000000364,38439.00000000029,11300.000000000291,-28070.37500000014,-55209.37500000014
stock level,61,0,sel,20610002,12,83.0,-141095.0,63000.0,-156995.00000000003,47099.99999999997,-166394.99999999983,37700.000000000175,-172644.99999999994,31450.00000000006,-193719.99999999988,10375.000000000116,-194495.00000000038,9599.999999999622,-147832.50000000017,56262.499999999825,-80195.00000000013,123899.99999999987
stock level,61,0,sel,20610003,11,83.0,655722.0,270000.0,640422.0,254700.0,604622.0000000001,218900.00000000012,573272.0000000005,187550.00000000047,522047.0,136325.0,448721.9999999998,62999.999999999825,320122.0,-65600.0,29993.875000000407,-355728.1249999996
stock level,61,0,sel,20610004,12,83.0,-178718.49999999997,42000.0,-189218.49999999962,31500.00000000035,-196018.50000000026,24699.99999999971,-204618.49999999977,16100.000000000204,-227918.50000000006,-7200.000000000087,-224680.99999999994,-3962.499999999971,-161531.00000000026,59187.49999999971,-50090.37500000003,170628.12499999994
stock level,61,0,sel,20610005,12,83.0,-61573.5,52500.0,-59773.499999999935,54300.000000000065,-65173.500000000306,48899.999999999694,-74273.50000000004,39799.999999999956,-97448.50000000012,16624.999999999884,-107660.99999999987,6412.500000000131,-86335.99999999983,27737.500000000175,-51404.74999999978,62668.75000000022
stock level,61,0,sel,20610006,11,83.0,68243.5,66000.0,73643.50000000003,71400.00000000003,68043.49999999984,65799.99999999984,58293.49999999984,56049.99999999984,35693.5000000001,33450.0000000001,21693.499999999876,19449.999999999876,43493.49999999983,41249.99999999983,91021.62500000022,88778.12500000022
stock level,61,0,sel,20610007,11,83.0,388705.5,147000.0,386305.5,144600.0,373505.4999999999,131799.99999999988,358655.50000000023,116950.00000000023,326080.4999999998,84374.99999999983,285605.49999999965,43899.99999999965,230343.00000000026,-11362.499999999738,105476.17050321205,-136229.32949678795
stock level,61,0,sel,20610008,11,83.0,-253636.0,30000.0,-262335.99999999977,21300.000000000233,-272336.00000000023,11299.999999999767,-279285.9999999999,4350.000000000116,-298910.9999999996,-15274.999999999593,-282985.99999999977,650.0000000002328,-184454.7499999999,99181.25000000009,-8086.000000000116,275549.9999999999
stock level,61,0,sel,20610009,12,83.0,433766.0,228000.0,419965.99999999994,214199.99999999994,403565.9999999999,197799.99999999988,372065.9999999999,166299.99999999988,324490.99999999977,118724.99999999977,269616.00000000023,63850.00000000023,199972.2499999994,-5793.750000000611,332.8971238938975,-205433.1028761061
stock level,61,0,sel,20610010,11,83.0,440665.0,184500.0,439465.0000000004,183300.0000000004,418664.9999999999,162499.99999999988,390414.9999999995,134249.99999999948,350314.9999999998,94149.99999999983,297689.99999999994,41524.99999999994,222727.50000000006,-33437.49999999994,54396.24999999994,-201768.75000000006
stock level,61,0,sel,20610011,12,83.0,-540.5,69000.0,1859.500000000029,71400.00000000003,159.49999999953434,69699.99999999953,-10740.49999999976,58800.00000000024,-31665.499999999833,37875.00000000017,-50178.000000000044,19362.499999999956,-31159.24999999986,38381.25000000014,-6099.87499999976,63440.62500000024
stock level,61,0,rep,20610500,11,83.0,683972.0,247500.0,683972.0000000003,247500.00000000035,668771.9999999992,232299.99999999919,635421.9999999998,198949.99999999977,566947.0,130475.0,503397.0000000002,66925.00000000017,445503.2499999999,9031.249999999884,326237.6250000001,-110234.37499999988
stock level,61,0,rep,20610501,10,83.0,-18871.5,52500.0,-18571.500000000444,52799.999999999556,-12671.500000000182,58699.99999999982,-16471.50000000014,54899.99999999986,-38821.49999999993,32550.000000000073,-50484.00000000007,20887.499999999927,-22740.249999999804,48631.2500000002,23665.99999999968,95037.49999999968
stock level,61,0,rep,20610502,11,83.0,175340.5,109500.0,189440.4999999998,123599.9999999998,169640.4999999997,103799.99999999971,148040.5000000006,82200.00000000061,115090.5000000009,49250.0000000009,93877.99999999991,28037.499999999913,19202.999999999956,-46637.500000000044,-163843.8749999997,-229684.3749999997
stock level,61,0,rep,20610503,11,83.0,83658.5,124500.0,81558.49999999952,122399.99999999952,59458.49999999984,100299.99999999984,41758.50000000042,82600.00000000042,10058.500000000262,50900.00000000026,-14979.000000000331,25862.49999999967,-25185.25000000017,15656.249999999829,-76494.62500000061,-35653.12500000061
stock level,61,0,rep,20610504,12,83.0,266909.0,109500.0,264509.0,107100.0,252409.00000000006,95000.00000000006,237859.0,80450.0,203958.99999999994,46549.99999999994,180196.49999999974,22787.499999999738,183052.74999999994,25643.74999999994,181987.12499999994,24578.12499999994
stock level,61,0,rep,20610505,9,83.0,341297.5,211500.0,346697.4999999999,216899.99999999988,331297.50000000023,201500.00000000023,308797.5000000006,179000.00000000058,240247.49999999983,110449.99999999981,180059.99999999983,50262.49999999981,118960.00000000015,-10837.499999999869,-70209.69053398033,-200007.19053398035
stock level,61,0,rep,20610506,11,83.0,176678.0,75000.0,167978.0000000004,66300.00000000041,162178.00000000023,60500.00000000023,153477.99999999994,51799.99999999994,132527.9999999999,30849.999999999913,115890.5000000002,14212.500000000204,100796.7500000002,-881.2499999997963,62271.75000000045,-39406.24999999955
stock level,61,0,rep,20610507,12,83.0,73655.5,72000.0,68555.5000000002,66900.0000000002,65055.500000000146,63400.000000000146,57455.500000000065,55800.000000000065,31130.500000000306,29475.000000000306,15205.499999999955,13549.999999999955,34592.999999999716,32937.499999999716,57589.87499999982,55934.37499999982
stock level,61,0,rep,20610508,12,83.0,120413.5,70500.0,133313.49999999988,83399.99999999988,128513.49999999945,78599.99999999945,119113.50000000016,69200.00000000016,91313.5000000002,41400.000000000204,65238.500000000386,15325.000000000386,64744.74999999939,14831.249999999389,47613.49999999936,-2300.0000000006403
stock level,61,0,rep,20610509,12,83.0,3965.5000000000146,130500.0,-5934.500000000538,120599.99999999945,-26434.499999999956,100100.00000000003,-42984.50000000009,83549.9999999999,-72784.49999999977,53750.00000000022,-94597.0000000002,31937.49999999978,-83590.74999999974,42943.75000000025,-103806.37500000058,22728.124999999403
stock level,61,0,rep,20610510,12,83.0,-7122.5,55500.0,-8922.50000000024,53699.99999999976,-8222.500000000531,54399.99999999947,-19872.500000000167,42749.99999999983,-38797.500000000015,23824.999999999985,-52785.00000000042,9837.499999999578,-37753.75000000019,24868.74999999981,-25910.000000000306,36712.499999999694
stock level,61,0,rep,20610511,10,83.0,53555.5,73500.0,46655.49999999997,66599.99999999997,46555.50000000006,66500.00000000006,40005.50000000022,59950.00000000022,12030.50000000008,31975.00000000008,-2706.999999999818,17237.500000000182,-9938.249999999978,10006.250000000022,-31300.74999999999,-11356.249999999989
stock level,61,1,sel,20611000,10,85.0,20940.5,12000.0,21540.499999999796,12599.999999999796,26240.500000000124,17300.000000000124,20040.499999999964,11099.999999999964,14065.499999999944,5124.999999999944,15365.499999999955,6424.9999999999545,12809.249999999978,3868.749999999978,13999.875000000216,5059.3750000002165
stock level,61,1,sel,20611001,10,85.0,26632.0,34500.0,21232.00000000014,29100.00000000014,18732.000000000022,26600.000000000022,14081.999999999818,21949.999999999818,8382.00000000023,16250.00000000023,-505.5000000003856,7362.4999999996135,-6086.749999999829,1781.25000000017,-33456.815789473585,-25588.815789473585
stock level,61,1,sel,20611002,10,85.0,-58671.49999999999,-10500.0,-61071.5000000002,-12900.000000000204,-58871.500000000495,-10700.000000000502,-61421.50000000039,-13250.0000000004,-57571.499999999796,-9399.999999999804,-51796.499999999425,-3624.9999999994325,-40396.50000000007,7774.99999999992,-42262.124999999694,5909.375000000298
stock level,61,1,sel,20611003,10,85.0,-41268.5,-22500.0,-36468.49999999993,-17699.999999999927,-35268.499999999825,-16499.999999999825,-33918.50000000004,-15150.000000000036,-33993.49999999996,-15224.999999999964,-19405.99999999993,-637.4999999999309,34575.24999999966,53343.74999999966,143447.12500000026,162215.62500000026
stock level,61,1,sel,20611004,12,85.0,172608.5,130500.0,169008.49999999953,126899.99999999953,155608.49999999977,113499.99999999977,137008.50000000064,94900.00000000064,114483.49999999983,72374.99999999983,79633.50000000015,37525.000000000146,17027.250000000215,-25081.249999999785,-121375.87500000023,-163484.37500000023
stock level,61,1,sel,20611005,12,85.0,-95486.5,-51000.0,-92786.50000000006,-48300.00000000006,-89486.50000000017,-45000.000000000175,-89236.49999999988,-44749.99999999988,-84036.49999999968,-39549.99999999968,-63574.00000000003,-19087.50000000003,2594.749999999898,47081.2499999999,133775.99999999988,178262.49999999988
stock level,61,1,sel,20611006,10,85.0,238786.0,178500.0,225286.00000000017,165000.00000000017,190486.00000000012,130200.00000000012,167486.00000000023,107200.00000000023,141535.9999999996,81249.99999999959,97510.99999999991,37224.99999999991,11017.250000000044,-49268.749999999956,-194648.37500000044,-254934.37500000044
stock level,61,1,sel,20611007,11,85.0,110777.5,93000.0,104177.50000000055,86400.00000000055,96377.49999999997,78599.99999999997,86877.49999999991,69099.99999999991,71402.49999999965,53624.99999999965,41264.999999999956,23487.499999999956,-16547.50000000016,-34325.00000000016,-144441.25000000023,-162218.75000000023
stock level,61,1,sel,20611008,12,85.0,-99476.0,-64500.0,-103676.0000000001,-68700.0000000001,-97975.99999999983,-62999.999999999825,-94176.00000000004,-59200.000000000044,-86425.99999999977,-51449.99999999977,-55213.500000000015,-20237.500000000015,13092.750000000364,48068.750000000364,143183.375,178159.375
stock level,61,1,sel,20611009,10,85.0,18264.5,15000.0,6864.499999999796,3599.999999999796,1564.4999999998413,-1700.0000000001592,-3785.500000000238,-7050.000000000238,-1110.4999999999432,-4374.999999999944,-3085.5000000000223,-6350.000000000023,-810.5000000002156,-4075.000000000216,17089.499999999876,13824.999999999876
stock level,61,1,sel,20611010,12,85.0,239643.5,162000.0,228543.49999999985,150899.99999999985,219443.50000000012,141800.00000000012,203143.4999999996,125499.99999999959,178993.5000000004,101350.00000000041,126643.50000000012,49000.00000000012,32018.5000000004,-45624.9999999996,-148490.87499999968,-226134.37499999968
stock level,61,1,sel,20611011,12,85.0,30892.0,39000.0,29692.000000000407,37800.00000000041,26292.00000000043,34400.00000000043,20442.000000000295,28550.000000000295,11916.999999999694,20024.999999999694,-370.50000000021646,7737.4999999997835,-11583.000000000591,-3475.000000000591,-35223.624999999854,-27115.624999999854
stock level,61,1,rep,20611500,10,85.0,29232.5,19500.0,31632.500000000033,21900.000000000033,28632.500000000033,18900.000000000033,26532.50000000007,16800.00000000007,20507.500000000262,10775.000000000262,11807.499999999818,2074.999999999818,14101.249999999864,4368.749999999864,30110.62500000001,20378.12500000001
stock level,61,1,rep,20611501,12,85.0,275065.0,156000.0,257664.9999999998,138599.9999999998,242965.0000000002,123900.0000000002,225114.9999999997,106049.99999999971,199289.99999999936,80224.99999999936,153440.00000000012,34375.00000000012,16577.500000000276,-102487.49999999972,-264970.4779411769,-384035.4779411769
stock level,61,1,rep,20611502,11,85.0,-108409.5,-53999.99999999999,-111109.49999999994,-56699.999999999935,-105009.50000000003,-50600.00000000002,-98259.49999999968,-43849.99999999967,-92184.49999999993,-37774.99999999992,-68746.99999999975,-14337.499999999745,-7528.250000000095,46881.24999999991,129128.0000000002,183537.5000000002
stock level,61,1,rep,20611503,12,85.0,25126.0,34500.0,29325.999999999935,38699.999999999935,24826.000000000102,34200.0000000001,21376.0,30750.0,16250.999999999545,25624.999999999545,4750.999999999944,14124.999999999944,-5917.750000000159,3456.249999999841,-36864.62500000019,-27490.62500000019
stock level,61,1,rep,20611504,11,85.0,33432.0,28500.0,30432.000000000342,25500.000000000342,23431.999999999545,18499.999999999545,19232.000000000295,14300.000000000295,14207.000000000091,9275.000000000091,8669.500000000182,3737.500000000182,-11393.00000000016,-16325.00000000016,-61621.124999999796,-66553.1249999998
stock level,61,1,rep,20611505,11,85.0,-78013.5,-31500.0,-76813.50000000007,-30300.000000000073,-79213.50000000028,-32700.000000000276,-82763.49999999994,-36249.99999999994,-80888.49999999977,-34374.99999999977,-66163.5000000002,-19650.000000000204,-12519.750000000138,33993.74999999986,75745.87499999987,122259.37499999987
stock level,61,1,rep,20611506,10,85.0,37828.0,43500.0,31527.999999999935,37199.999999999935,21528.00000000016,27200.00000000016,14227.999999999978,19899.999999999978,7728.000000000091,13400.000000000091,715.5000000001592,6387.500000000159,-1972.0000000002956,3699.9999999997044,-24978.250000000433,-19306.250000000433
stock level,61,1,rep,20611507,12,85.0,21953.5,21000.0,21353.500000000033,20400.000000000033,18153.499999999705,17199.999999999705,12953.499999999829,11999.999999999829,8628.500000000182,7675.000000000182,8653.50000000016,7700.00000000016,15122.249999999818,14168.749999999818,35575.374999999935,34621.874999999935
stock level,61,1,rep,20611508,12,85.0,122796.0,88500.0,113495.99999999993,79199.99999999993,110695.99999999975,76399.99999999975,101545.99999999988,67249.99999999988,85196.00000000026,50900.00000000026,57471.00000000007,23175.000000000073,16214.749999999989,-18081.25000000001,-59410.25000000013,-93706.25000000013
stock level,61,1,rep,20611509,11,85.0,-104280.5,-76500.0,-101280.5,-73500.0,-97180.50000000015,-69400.00000000015,-95830.50000000017,-68050.00000000017,-87955.50000000001,-60175.000000000015,-57642.999999999956,-29862.499999999956,17769.500000000182,45550.00000000018,155406.99999999983,183187.49999999983
stock level,61,1,rep,20611510,9,85.0,181898.5,141000.0,181298.49999999985,140399.99999999985,169898.50000000052,129000.00000000052,154148.50000000017,113250.00000000017,133048.5000000001,92150.00000000009,91423.50000000009,50525.00000000009,17736.00000000009,-23162.49999999991,-145126.5000000005,-186025.0000000005
stock level,61,1,rep,20611511,11,85.0,115012.0,72000.0,114412.0000000002,71400.0000000002,106211.99999999983,63199.999999999825,100862.00000000009,57850.00000000009,86862.00000000003,43850.00000000003,60774.500000000044,17762.500000000044,21612.000000000022,-21399.999999999978,-44675.49999999988,-87687.49999999988
stock level,61,2,sel,20612000,12,72.0,332344.0,147000.0,323644.00000000023,138300.00000000023,309343.99999999994,123999.99999999994,290394.0000000001,105050.00000000012,254844.00000000006,69500.00000000006,225181.50000000044,39837.50000000044,189937.75000000017,4593.750000000175,103756.50000000003,-81587.49999999997
stock level,61,2,sel,20612001,12,72.0,234538.5,97500.0,229738.49999999977,92699.99999999977,222838.50000000006,85800.00000000006,207438.49999999994,70399.99999999994,179913.49999999988,42874.99999999988,157338.5000000003,20300.00000000029,137638.50000000015,600.0000000001455,104004.12499999983,-33034.375000000175
stock level,61,2,sel,20612002,13,72.0,-38006.0,66000.0,-43105.99999999996,60900.00000000004,-47306.000000000065,56699.999999999935,-65955.99999999999,38050.000000000015,-94330.99999999993,9675.000000000073,-98418.4999999998,5587.500000000204,-82937.25000000015,21068.749999999854,-52440.375000000044,51565.624999999956
stock level,61,2,sel,20612003,13,72.0,-1134.5,184500.0,-9234.500000000146,176399.99999999985,-36334.50000000006,149299.99999999994,-71584.5000000004,114049.9999999996,-128484.50000000048,57149.99999999952,-149947.00000000023,35687.49999999977,-174540.74999999977,11093.750000000233,-253009.50000000012,-67375.00000000012
stock level,61,2,sel,20612004,13,72.0,-128284.0,60000.0,-135783.99999999965,52500.00000000035,-137384.0000000001,50899.99999999991,-145733.99999999965,42550.00000000035,-176584.00000000023,11699.999999999767,-168521.49999999988,19762.500000000116,-107577.74999999999,80706.25000000001,5585.41793893135,193869.41793893135
stock level,61,2,sel,20612005,15,72.0,-71322.5,91500.0,-73422.49999999997,89400.00000000003,-75422.50000000003,87399.99999999997,-86172.4999999998,76650.0000000002,-116947.50000000029,45874.99999999971,-135984.99999999985,26837.500000000146,-119866.24999999994,42956.25000000006,-98588.37928265537,64234.12071734463
stock level,61,2,sel,20612006,13,72.0,118365.0,79500.0,125264.99999999952,86399.99999999952,122865.00000000033,84000.00000000033,110015.00000000026,71150.00000000026,86015.00000000009,47150.00000000009,63589.999999999854,24724.999999999854,56927.50000000012,18062.500000000116,29996.806506849614,-8868.193493150386
stock level,61,2,sel,20612007,14,72.0,-196119.5,64500.0,-192219.50000000047,68399.99999999953,-200519.50000000026,60099.99999999974,-214769.5000000001,45849.99999999991,-242144.4999999999,18475.000000000087,-245244.49999999965,15375.00000000035,-195838.24999999983,64781.250000000175,-121350.7500000002,139268.7499999998
stock level,61,2,sel,20612008,13,72.0,89431.0,112500.0,69331.00000000055,92400.00000000055,62430.99999999949,85499.99999999949,48881.00000000055,71950.00000000055,12180.999999999312,35249.999999999316,-12543.999999999685,10525.000000000318,-87206.49999999983,-64137.499999999825,-248647.12499999942,-225578.12499999942
stock level,61,2,sel,20612009,15,72.0,26751.0,123000.0,22551.000000000073,118800.00000000007,3750.999999999767,99999.99999999977,-12998.99999999949,83250.00000000051,-52724.0000000002,43524.9999999998,-74261.49999999971,21987.50000000029,-96617.75000000009,-368.7500000000873,-162823.99999999948,-66574.99999999948
stock level,61,2,sel,20612010,12,72.0,1168062.5,289500.0,1159962.5000000002,281400.00000000023,1138662.4999999998,260099.99999999977,1119262.5000000002,240700.00000000023,1065887.5000000002,187325.00000000023,950612.4999999997,72049.99999999965,760293.75,-118268.75,441778.1249999999,-436784.3750000001
stock level,61,2,sel,20612011,12,72.0,121449.0,99000.0,113648.99999999993,91199.99999999993,108449.00000000006,86000.00000000006,90049.00000000025,67600.00000000025,59724.00000000004,37275.00000000004,44161.499999999694,21712.499999999694,51749.000000000124,29300.000000000124,57952.1249999999,35503.1249999999
stock level,61,2,rep,20612500,13,72.0,-5761.5,102000.0,-23161.49999999987,84600.00000000013,-36861.499999999854,70900.00000000015,-50261.50000000045,57499.99999999955,-78011.49999999994,29750.00000000006,-85936.4999999999,21825.000000000102,-57273.999999999876,50487.500000000124,-2961.4999999998254,104800.00000000017
stock level,61,2,rep,20612501,13,72.0,198939.5,139500.0,191739.5000000004,132300.0000000004,178439.4999999997,118999.99999999971,160139.5000000005,100700.0000000005,128114.4999999998,68674.9999999998,89827.00000000017,30387.500000000167,58033.24999999984,-1406.2500000001673,-33526.12499999982,-92965.62499999983
stock level,61,2,rep,20612502,14,72.0,566577.0,325500.0,549776.9999999995,308699.99999999953,526676.9999999997,285599.99999999965,489626.9999999999,248549.99999999988,400252.0,159175.0,318151.99999999965,77074.99999999965,224702.00000000006,-16374.999999999942,-391.3223684208933,-241468.3223684209
stock level,61,2,rep,20612503,12,72.0,27453.5,132000.0,13953.5,118500.0,-2246.4999999999272,102300.00000000007,-20246.499999999593,84300.00000000041,-53071.49999999975,51475.00000000025,-76896.50000000009,27649.999999999913,-73584.00000000019,30962.49999999981,-80459.00000000025,24087.499999999753
stock level,61,2,rep,20612504,14,72.0,310967.5,156000.0,306467.5,151500.0,299967.5000000001,145000.00000000012,274867.49999999977,119899.99999999977,229242.49999999965,74274.99999999965,190592.5,35625.0,148873.74999999948,-6093.750000000524,45776.8750000001,-109190.6249999999
stock level,61,2,rep,20612505,14,72.0,130227.0,163500.0,114326.9999999998,147599.9999999998,97026.99999999984,130299.99999999984,71776.99999999978,105049.99999999978,28902.000000000065,62175.000000000065,401.9999999993888,33674.99999999939,-30566.75000000033,2706.249999999669,-113983.59225512516,-80710.59225512516
stock level,61,2,rep,20612506,14,72.0,-171988.0,96000.0,-163288.0000000004,104699.99999999959,-169687.99999999988,98300.00000000012,-191188.00000000044,76799.99999999956,-228262.9999999998,39725.000000000204,-244425.4999999996,23562.500000000407,-243487.99999999994,24500.00000000006,-267353.6249999998,634.3750000001746
stock level,61,2,rep,20612507,12,72.0,37323.0,106500.0,35222.99999999987,104399.99999999987,18422.99999999997,87599.99999999997,3472.9999999997526,72649.99999999975,-28727.000000000124,40449.999999999876,-50776.999999999854,18400.000000000146,-50714.49999999991,18462.500000000087,-72723.87500000006,-3546.875000000058
stock level,61,2,rep,20612508,14,72.0,210341.0,157500.0,201041.00000000026,148200.00000000026,187741.0000000001,134900.0000000001,162791.0000000003,109950.00000000029,119415.99999999999,66574.99999999999,88215.99999999988,35374.99999999988,44003.499999999854,-8837.500000000146,-50008.99999999991,-102849.99999999991
stock level,61,2,rep,20612509,15,72.0,612591.5,234000.0,600291.5000000002,221700.00000000023,567691.4999999998,189099.99999999977,530041.5000000002,151450.00000000023,477116.49999999924,98524.99999999924,424916.5,46325.0,333653.99999999977,-44937.50000000023,166447.74999999983,-212143.75000000017
stock level,61,2,rep,20612510,15,72.0,15947.5,111000.0,20447.500000000335,115500.00000000033,9047.500000000131,104100.00000000013,-5502.499999999927,89550.00000000007,-38777.5000000002,56274.9999999998,-57527.499999999854,37525.000000000146,-51333.74999999994,43718.75000000006,-63358.75000000026,31693.749999999738
stock level,61,2,rep,20612511,12,72.0,-93714.0,67500.0,-105114.00000000003,56099.99999999997,-113214.0,48000.0,-120264.00000000023,40949.99999999977,-143113.9999999999,18100.000000000087,-144251.4999999999,16962.500000000087,-113732.75000000012,47481.24999999988,-68917.125,92296.875
stock level,61,3,sel,20613000,9,112.0,-203355.5,-112500.0,-202755.4999999997,-111899.99999999971,-200555.49999999983,-109699.99999999983,-200355.50000000017,-109500.00000000017,-188455.4999999999,-97599.99999999991,-155168.0,-64312.5,-99268.00000000003,-8412.50000000003,7432.000000000131,98287.50000000013
stock level,61,3,sel,20613001,8,112.0,-90122.0,-60000.0,-89522.00000000003,-59400.00000000003,-91022.0000000002,-60900.000000000204,-88372.00000000006,-58250.00000000006,-84046.9999999999,-53924.9999999999,-68409.4999999998,-38287.499999999796,-19665.749999999876,10456.250000000124,75409.24999999994,105531.24999999994
stock level,61,3,sel,20613002,9,112.0,-146141.5,-64500.0,-149441.50000000006,-67800.00000000006,-148741.50000000017,-67100.00000000017,-149891.5,-68250.0,-143091.50000000006,-61450.00000000006,-121366.5000000002,-39725.000000000204,-76516.5000000004,5124.999999999607,-10785.250000000233,70856.24999999977
stock level,61,3,sel,20613003,9,112.0,21561.0,24000.0,20960.99999999986,23399.99999999986,19561.000000000113,22000.000000000113,12611.000000000295,15050.000000000295,5711.000000000091,8150.000000000091,-851.5000000005912,1587.4999999994088,7010.999999999931,9449.99999999993,16032.874999999956,18471.874999999956
stock level,61,3,sel,20613004,9,112.0,20892.0,42000.0,7692.000000000069,28800.00000000007,6891.999999999774,27999.999999999774,3891.999999999942,24999.99999999994,4641.9999999996035,25749.999999999603,-370.50000000010186,20737.499999999898,-13807.999999999818,7300.000000000182,-44883.00000000038,-23775.00000000038
stock level,61,3,sel,20613005,9,112.0,-212762.5,-136500.0,-206462.49999999994,-130199.99999999994,-196862.49999999997,-120599.99999999997,-191012.5,-114750.0,-179212.49999999983,-102949.99999999983,-148962.50000000006,-72700.00000000006,-49549.99999999991,26712.500000000087,140337.4999999998,216599.9999999998
stock level,61,3,sel,20613006,9,112.0,-28254.0,-15000.0,-33054.00000000007,-19800.000000000073,-25653.999999999978,-12399.999999999978,-25953.999999999705,-12699.999999999705,-22504.000000000284,-9250.000000000284,-16366.500000000238,-3112.5000000002383,-7316.499999999944,5937.500000000056,40230.375,53484.375
stock level,61,3,sel,20613007,8,112.0,76443.0,58500.0,76742.99999999972,58799.99999999972,75243.00000000041,57300.00000000041,69792.99999999991,51849.99999999991,61168.00000000008,43225.00000000008,44592.99999999981,26649.99999999981,28599.250000000284,10656.250000000284,-5047.62499999968,-22990.62499999968
stock level,61,3,sel,20613008,8,112.0,-127232.5,-63000.0,-122732.49999999983,-58499.999999999825,-125432.49999999994,-61199.99999999994,-124332.50000000009,-60100.00000000009,-114932.5000000001,-50700.0000000001,-96607.50000000006,-32375.00000000006,-41838.749999999985,22393.750000000015,77479.99999999985,141712.49999999985
stock level,61,3,sel,20613009,10,112.0,336239.0,211500.0,329039.0000000004,204300.0000000004,313538.9999999999,188799.99999999988,292988.99999999977,168249.99999999977,254238.99999999988,129499.99999999988,200938.99999999994,76199.99999999994,126013.99999999987,1274.999999999869,-67339.12500000023,-192078.12500000023
stock level,61,3,sel,20613010,9,112.0,59101.5,67500.0,60601.500000000175,69000.00000000017,52701.50000000002,61100.00000000002,45951.49999999951,54349.99999999951,35326.499999999796,43724.999999999796,22314.000000000033,30712.500000000033,-5229.750000000068,3168.749999999932,-47377.97459584327,-38979.47459584327
stock level,61,3,sel,20613011,8,112.0,88012.0,70500.0,85612.00000000013,68100.00000000013,75812.00000000001,58300.000000000015,69861.99999999997,52349.99999999997,63636.99999999949,46124.99999999949,48674.49999999962,31162.49999999962,25980.749999999716,8468.749999999716,-10950.500000000033,-28462.500000000033
stock level,61,3,rep,20613500,10,112.0,-46599.0,-7500.0,-55299.00000000028,-16200.000000000276,-53199.00000000014,-14100.000000000138,-56399.000000000124,-17300.000000000124,-56674.000000000386,-17575.000000000386,-54761.50000000042,-15662.500000000422,-47130.249999999774,-8031.249999999774,-32249.00000000009,6849.999999999909
stock level,61,3,rep,20613501,9,112.0,-238441.5,-123000.0,-239341.4999999997,-123899.99999999971,-238041.50000000017,-122600.00000000017,-234591.5000000001,-119150.00000000009,-220841.49999999983,-105399.99999999983,-183003.99999999977,-67562.49999999977,-101860.25000000016,13581.24999999984,24964.75000000029,140406.2500000003
stock level,61,3,rep,20613502,9,112.0,136661.0,76500.0,136361.00000000012,76200.00000000012,131761.00000000003,71600.00000000003,125361.00000000004,65200.000000000044,113411.0,53250.0,94185.99999999991,34024.99999999991,77104.75000000003,16943.75000000003,52917.25000000002,-7243.749999999978
stock level,61,3,rep,20613503,10,112.0,97547.0,78000.0,92746.99999999977,73199.99999999977,85447.00000000026,65900.00000000026,80446.99999999952,60899.99999999952,69647.00000000015,50100.000000000146,53172.00000000012,33625.00000000012,26797.0000000004,7250.0000000004,-12753.000000000295,-32300.000000000295
stock level,61,3,rep,20613504,10,112.0,239140.0,160500.0,241240.00000000015,162600.00000000015,232540.0000000002,153900.0000000002,217690.0000000004,139050.0000000004,198965.00000000006,120325.00000000006,158589.9999999996,79949.99999999959,79765.00000000033,1125.0000000003347,-64259.99999999965,-142899.99999999965
stock level,61,3,rep,20613505,8,112.0,-8964.0,1500.0,-12564.000000000136,-2100.0000000001364,-22063.999999999854,-11599.999999999854,-26764.00000000001,-16300.000000000011,-25613.99999999986,-15149.999999999862,-21176.499999999807,-10712.499999999807,-2070.2500000000455,8393.749999999955,34551.62500000012,45015.62500000012
stock level,61,3,rep,20613506,8,112.0,-14058.0,-19500.0,-13157.999999999796,-18599.999999999796,-14557.999999999887,-19999.999999999887,-15608.000000000124,-21050.000000000124,-17183.00000000006,-22625.00000000006,-13332.999999999978,-18774.999999999978,6685.750000000147,1243.7500000001473,59042.00000000002,53600.00000000002
stock level,61,3,rep,20613507,9,112.0,-21689.5,0.0,-24989.50000000024,-3300.00000000024,-26089.50000000009,-4400.000000000091,-28439.50000000051,-6750.000000000509,-31589.49999999986,-9899.999999999862,-27764.500000000615,-6075.000000000615,-22395.750000000124,-706.2500000001237,-14964.499999999978,6725.000000000022
stock level,61,3,rep,20613508,9,112.0,3923.0,12000.0,3923.000000000342,12000.000000000342,-2777.0000000000455,5299.9999999999545,-5277.000000000159,2799.999999999841,-10226.999999999749,-2149.999999999749,-10964.500000000273,-2887.500000000273,-24208.249999999567,-16131.249999999567,-57945.75000000043,-49868.75000000043
stock level,61,3,rep,20613509,8,112.0,248342.5,184500.0,248942.4999999998,185099.9999999998,242542.5,178700.0,232542.5000000002,168700.0000000002,208267.49999999994,144424.99999999994,146805.0000000001,82962.50000000009,82892.49999999974,19049.99999999973,-53016.87499999966,-116859.37499999967
stock level,61,3,rep,20613510,10,112.0,136674.0,78000.0,132174.00000000017,73500.00000000017,126873.99999999987,68199.99999999987,119974.00000000017,61300.000000000175,111499.00000000004,52825.000000000044,96936.50000000016,38262.50000000016,68299.00000000029,9625.000000000291,4758.680787589263,-53915.31921241074
stock level,61,3,rep,20613511,9,112.0,-10343.0,-12000.0,1356.9999999997613,-300.00000000023874,-1342.9999999998295,-2999.9999999998295,-3192.9999999996817,-4849.999999999682,-5117.999999999977,-6774.999999999977,-7280.500000000056,-8937.500000000056,8044.499999999989,6387.499999999989,43866.37500000002,42209.37500000002
