ret,ticker
1.6016507241190039,TLG
0.36064817281239675,TLD
-0.5982546312482078,DSN
-0.43673959833272663,CTR
-1.3140302968585045,HRC
-0.5431785863587791,PPC
0.919660167412432,SSC
0.7036163436721613,DLG
0.9867782756049468,SHA
0.02084168342773609,TNI
-0.16347389338313206,GVR
0.2105899799849532,TCL
-0.7460825286548824,HID
-1.5641955040302808,DXV
-0.12173157289335426,TDM
0.4397553677720922,SBA
0.972851787881555,CMV
-0.5402530936160564,POW
-0.07755575525324108,MWG
1.945356478216271,EIB
-1.2379474185215704,VCF
0.3770290152192341,VIX
0.576217872997844,AAM
1.8976999274239268,DIG
-1.526755184779496,CTR
-3.0791582701867464,NAF
-0.2051316564607458,PHC
0.2304343381146866,FCM
-0.4711820349228779,KBC
-0.14540181877139777,SFG
1.1279288894981168,HHV
0.853815816980598,VIX
-0.11957651085513553,ASG
-0.7345830984847668,LIX
-0.07034481634996362,HID
0.46333717352357173,KHP
-0.5063092237493632,SAM
-0.2922301689703284,DCL
-0.9150986168560246,C32
0.8927378771402643,TIP
-0.06502671623227829,CRC
0.6953794032847548,VNL
0.4090862052589767,KMR
2.2299340589289356,TV2
1.4002178432706014,TPB
0.4344838529933108,VRE
-0.05521149234921085,CLC
-0.6266321348503834,MCM
0.6456475062392727,LSS
1.8952551695170392,VGC
-0.31602021360133986,PMG
-0.5020434173674014,TN1
-0.8193358178633341,CSM
-1.3193195289595716,PNC
-0.3659045803623703,NT2
-0.3821348895746898,DC4
0.4630412177926233,TLH
2.6571334373059434,SAM
-0.11386442209508968,SAV
-0.0030895986419726996,SJD
1.1851641769362553,DHC
-0.03278322785512887,VPD
0.13751698872218793,VIC
0.42427803711814915,HAX
-0.4127404847057119,AST
0.5945720330392965,NBB
0.04417694607843194,ADS
-1.0718878427482192,TCH
-0.3332676473896701,GEE
-1.1162263493325923,DRC
0.1796796912858818,EVE
0.008777466983687194,UIC
-0.15459817575075877,EVE
-0.06345626579326227,CHP
0.11976031044281407,SVT
-0.21454733420632394,MWG
-2.123363131260691,TCL
1.5261194524787849,COM
0.6103211195911528,HAR
0.13262351805052117,BTT
0.4965357398850226,BHN
0.020086310615538713,NVT
-0.5952384353072641,PNJ
0.476566158133863,GMD
-0.03442921915365666,HNA
-2.7779092551437996,CTR
-0.3075564395211804,SBA
2.5152072575810704,HAX
-0.024437552020783782,HTL
-3.6340772701467983,DCL
1.4388708171498261,VNS
-1.0816445455113015,CTG
-0.34593644348293645,TEG
0.3764634977302404,LBM
0.46077122113615127,IMP
0.05479246954272211,DAH
-0.03611241160351432,TBC
0.006316405241595661,TTA
2.3813325251342143,DRL
0.5520645693103008,SFI
2.5274852903536726,CCL
-0.6904127136007134,TTA
-0.13953663368941385,VDS
0.026296599896096524,ACG
0.38958050334648175,VNG
0.0324173028238746,NHT
0.01732707400716979,DRC
0.8103537564761383,TDM
0.507516794107196,DMC
1.0848582026528593,SSI
-0.15583002791144532,NCT
-0.36910255896329464,TPB
0.591157016009386,TNH
-0.0037298741554064947,VDS
-0.14262493515541297,UIC
-0.3804156764744124,NAF
-0.3239616929080317,APH
1.7226849435622447,MSN
0.22703162196212498,DCL
0.2843822336650463,GDT
-1.4010073882262957,LHG
-0.1955939398747691,SCS
0.012306109280868427,TCO
0.8370697715511465,DCL
0.22241166312907018,FRT
-0.015364705103247427,ELC
-0.9193114163692218,ICT
0.1491503021026926,FPT
0.4452286204349004,CII
-0.0009499257658802867,KDC
0.034422787801548956,TDH
-0.25432465545977234,RAL
0.7959595312565187,TLD
-0.253913535305523,SAV
1.285889003735999,SMB
0.1862023944859676,STK
0.02249270406941692,FRT
1.6347011488626992,VPD
-0.16396275504685137,DXV
0.6015724414432573,FCN
1.1453780268661287,TCT
-0.007542252784980188,VTO
-0.0191656674683709,BWE
-0.24974380340531974,HHV
0.3214280416921089,GEG
0.9088189765174555,ELC
-0.5306374732108357,LGL
0.2127740386502454,PNC
2.087986850394386,DXS
0.030181399204709268,VPH
-0.12890318692811797,TRA
0.2414277630368293,IMP
0.14610328337466913,NKG
-2.34582522024858,SJS
0.3464864991428198,ORS
0.4252425313220509,SAV
0.003175982886676942,MIG
1.4086887998558957,DPG
-0.3490530397369011,CCL
-0.6068803914351926,TCL
-2.4359287015570454,TVB
-0.2297114752155669,IJC
0.004934028802701639,SCS
0.1137593869588341,DPM
0.16432153696260463,COM
-0.6755444424619943,VIC
-0.8732691290442776,SFC
0.7693983649031516,SMB
0.718720970547476,DHA
-0.1320236350727522,TDM
1.543067806286217,DTA
0.167268406323026,TTA
1.2958018269105758,BTT
0.8290995252968446,NAV
-0.004694580843479522,LAF
-0.009357836561759423,VSI
-0.04138732705292269,LBM
3.000727525533979,NHT
-1.344389085100323,VFG
-0.9931482552306208,NNC
0.0341408805583172,HAP
-1.906743418041282,NT2
0.5734821390588103,ANV
-1.7253699327258558,SBV
-0.39728459250827863,BIC
0.002173252341008279,SFC
0.9829877449988154,SBA
0.40307735252888105,CCL
-0.1016363521404925,VJC
-0.4790118122520087,TCB
-0.46218408037175623,TCT
-0.12097337472534783,SJS
0.7429100957266056,HVH
-1.4061670568867892,TCH
0.8010964454767805,DHG
-1.2923685549434245,VIC
-0.5956004406077539,TLD
1.70433678251384,UIC
0.11767135284664751,VPI
0.7995490625708755,VIB
-0.6293356130643751,DPM
-1.3385885156823898,TVS
-0.5948587656443716,TCD
1.4143903275833891,QCG
0.10375584514207792,PHR
-0.42927644250885877,BWE
1.3940498139126958,TNI
1.110517498914872,SFG
0.1044386822953495,DPM
-0.6746438793979268,DPM
-0.0027001345338442703,BMP
0.3081011847389681,HHS
1.006071711564161,KHG
-0.6741308730763657,DC4
0.30428282035626947,DHG
-0.17175601642283625,DPM
-1.0495148518349182,VOS
0.45740342553476987,HID
1.9115112979859357,EVF
-0.21869091499112098,VIP
0.02030769272218389,NLG
0.47851504434795605,DHA
-0.9967706301540478,EVG
-0.3393221336196572,LIX
1.630320226061393,CMV
1.9791636171762084,NVT
-0.42308121949823757,CMG
0.015255258796785395,HMC
-0.42581593493387293,OGC
-0.010278857846892493,ICT
-0.0891286506292046,SAB
-0.10725469666310478,FIR
0.4805057811279863,BFC
0.2772879072968734,NNC
0.0023951870223284273,VTB
-2.1160876702750238,TLH
-1.3139096829537287,BSI
0.0633194619849285,BKG
0.3727943435804963,TDH
-0.051826257922390095,TLD
0.29257634841478286,PVP
0.07630726800047336,DXS
-0.7461107254564251,VNG
1.8821545378676903,KDC
-0.1957484138517672,DTL
0.4138404458998037,CTI
-1.1324091934673075,TPB
2.226715932923618,GIL
-0.2895701134502666,NTL
0.9612268230417184,HUB
0.04523473927360492,DQC
0.020643279426379058,TCI
-0.2250157262367595,NO1
-1.1705884162445368,VDS
-1.0851095344833916,BVH
0.08755117617277834,DHC
-0.9763788566845307,ACG
0.4775022058654021,CTD
-0.0009499257658802867,KDC
-0.20164716817284425,PPC
0.13736069840997486,TVS
-0.5580102517146281,OCB
-0.010278857846892493,ICT
-0.7487709490500558,PTB
1.5166178444988656,THG
-1.510319119489401,SFG
0.141543117957204,STB
0.3065450057207647,TCD
0.17882190420610172,HSL
0.29772029542168466,VID
0.12652289021634783,HTL
-0.27676601432961934,KSB
0.1507383126979661,TIP
0.020762476156149852,EVG
-0.027506024634344553,KHP
0.028813633490521434,VID
-0.89887972224406,NBB
0.5538446372094772,PIT
-0.14845305428459687,TEG
-0.17260448296022635,PHR
2.3521642310930178,MCM
-0.5858142300359276,HVX
0.03706341576841501,C32
0.10956237111773397,HCM
-0.004864726025937184,MCP
-0.4772779975496861,NHA
-0.912536884132117,PAC
1.1814840574704473,BIC
-0.28909913962950545,BAF
-3.0549749746627177,PPC
-0.3989676495781448,NAV
1.5593465514202258,PTB
0.7295910474035919,HPG
-0.033450308484670115,PNC
0.02980962985116026,BCG
-0.17810724867741276,ANV
-0.5663446039982929,JVC
-0.14537128463878396,SRF
-1.4982505914741615,IMP
1.9304140632659406,LPB
0.33374828735313367,HSG
1.8934818443035648,CRE
0.3138025576569241,KDH
0.29888163648130495,GEG
1.1101915702215785,VCB
0.9539902593305751,TN1
0.49386189524991303,SMB
-0.6126334434202421,VCB
-0.7248054788095328,VPI
1.1044549393686405,HAX
1.5136244368372986,LIX
-0.3160146755472025,CCL
-0.059058935092963394,HAP
0.22615826247307938,TNH
0.0044339515302701795,COM
-0.19069167867674816,MSH
0.5003309527631175,TDG
0.030428795898334436,DHM
-0.339634002835052,BMP
-0.13707457032042744,ANV
-0.1981436360414482,NAF
0.47323037096013115,TSC
-0.008094871487904687,TCL
-1.9934520859209206,CIG
-0.3208169059460679,DCL
0.8686986309163726,CII
2.6102140141019343,TMP
0.14660836163992924,ADS
-0.8057539410738863,TCM
0.047923611817514686,MWG
0.3467054911334636,LPB
-0.06464332303493653,SIP
-0.6316474702206587,HHS
-1.2965620909100155,KMR
-0.1803978725142001,VNL
0.16962010601502092,GVR
-0.615212075914294,SVT
-0.41100494208575566,VPB
-0.7325060799511489,PVD
-0.6747374436347765,PC1
1.094083757407484,DCM
1.655309913577699,DMC
0.0029509043181032784,DBT
-1.3479286066071279,C47
0.018123257665535648,SVD
-0.09524312198418902,TCM
0.2822061468292551,C32
-0.37501524062530445,MBB
0.8728640201247363,HAR
1.3851801287866237,LM8
-0.2856412799036435,ICT
-1.026407923668377,DGC
-0.2392579058132658,CKG
-1.6633620097803021,HU1
1.9937750296096697,KDC
0.1255141568877134,MHC
0.09186385934035393,NAF
-0.27585603578361345,DPG
-1.5001042637143716,LPB
-0.34162708199040376,PNJ
0.2609322472590204,NHH
-0.05876350521104314,BMP
-0.630632737557459,DBD
-0.24581264181803963,PNJ
-0.007402523705726499,OPC
-0.796357493763824,DHG
-0.00032934254271416673,DBC
-0.04007052630584957,SMB
0.8776324811358762,SCS
-1.4092709330240376,BSR
-0.08299007630139615,FPT
-0.4092331690213961,DIG
-0.12654945903233533,TCB
-0.08953875089675814,VGC
0.6965986742932296,TMT
-0.28543196329819265,TAL
-0.08513094508755863,SAB
0.5127610483635832,VTO
-1.6662503526955974,SKG
-0.014124100804867113,TLG
-1.5821671933222043,DVP
-0.0009503050825391499,BVH
-0.1598783104656939,C47
-0.7945835646920488,HAX
0.19640493101613368,NAF
-0.8070632008809817,DHA
0.05840620339467216,DPG
0.12428282912976406,HAP
0.14486306687655742,DHG
-0.04115409732248038,TDM
-0.6621288164942387,DGW
2.0991009302321033,DXV
-0.010290187609279433,SHB
-0.22699608949623767,HMC
-0.9231810715056193,TTF
1.163297816844229,CSM
1.6390221389465613,TCR
-0.9317611918254455,TV2
0.8418072971343604,SIP
0.5892841144492903,ST8
-0.010001346113462593,GEX
-0.6400773765115529,MWG
0.03706341576841501,C32
0.19274549006839659,S4A
-0.038616142255850645,LIX
0.006453295359853701,GSP
-0.07260646244062613,ABS
-0.024751085154507194,TMP
-0.020564292720653403,VIP
-0.706504461179008,ITD
-1.9427100148953715,SGN
-0.13067537708159827,VNG
-0.3629593099761747,GMD
-0.5065528784513583,ASM
-0.41028247095583636,GDT
-0.985863078045436,ITC
-0.474178427483933,VNS
0.020086310615538713,NVT
-0.36250564592899875,ABS
0.49500372665105563,CRE
-0.5526521114014531,SVD
-0.7310150345937676,VND
-2.084467359174918,CIG
-0.5286390930786676,HAR
-0.3802516745134288,VOS
-2.247962695116473,FTS
2.237992151551741,VPH
0.11249889604928102,BID
0.019263079553071816,HSG
0.2904345005564593,CTD
0.07742209536624761,DBD
0.6758787205093383,TCD
0.9010168499493969,APG
0.8827032559350309,SAM
0.18395283954482886,VRE
0.015255258796785395,HMC
-0.8038051329023906,HVX
1.4332706021511934,HVX
-0.004178447362447563,D2D
-0.9171642315105536,PPC
0.92159655809308,TVS
-0.16495457668701966,ADP
-0.6783285491963752,BKG
2.4477557492532482,PC1
-0.08151022048600197,SJS
-0.42114056329281074,NAB
0.7411457367640722,PAN
-0.6431671289302114,GMH
1.3840691169543593,CRE
0.5583978130533664,EVG
0.1352333291676568,TRC
0.05479246954272211,DAH
-0.03278322785512887,VPD
1.8101752045340447,TTF
-1.2338402489932254,TLD
1.2683302166828032,TDP
0.278392331328783,SHP
0.020018877658195575,KHP
2.9234167350748326,PHC
0.3211668101767457,TPB
-1.866022460971711,DLG
1.8538457552695011,ACG
0.1524144707652308,SJS
1.0523813483732363,KSB
1.6987805484013745,SPM
-0.11285952864847205,REE
0.09803866341294529,SCS
0.21414197601571444,DSC
0.3098676415863495,VCB
0.576445783999737,PVD
-0.0959087652828981,DTA
0.4350187470466959,TMP
-0.08284305589053825,SPM
0.023256748796257352,BMI
-0.17565984266261273,KDH
0.32229149571374505,TYA
0.1289091596027803,ILB
0.8677928838202615,PVP
1.985086340681695,DHG
0.024320860789517625,APG
1.453878197821644,LBM
0.08415466769800925,SIP
-0.029539156881502396,TNT
0.17584815595708417,TNH
1.6647233728581825,SCR
1.3828346727810723,PTL
-2.392255165025358,JVC
0.2931089481846413,SSI
-0.6151543723906333,LHG
1.7794023606710203,CTG
-0.4481440377410281,TPB
-2.8953363537573664,GEG
0.14611632628234325,GEG
0.4284488312484556,LDG
-1.8819816236046694,LPB
-0.14186525836743752,LSS
0.8300968624791086,VPI
-0.23336083328443316,HAX
0.42679061999917167,SRF
0.08885579774670294,PGI
-0.2943390958788802,ITC
-0.057748783546224404,TTF
1.919470088341459,VCA
-0.3913206005507331,AGG
1.2267602910666529,DSC
0.3909488067401907,NT2
-0.011062049762442155,SBG
-0.28358960015400053,TDM
0.0139888896727529,VCG
0.02676723197583641,CVT
-0.5258454368518586,ITC
1.0531833490752738,YBM
-1.9195862327559232,SPM
2.5036129535968876,VPG
-0.27667379371028994,TDM
1.1523210692444905,VSH
-0.4450704583854717,GEG
-0.5581269796922369,HQC
0.8831343680928548,CNG
-1.2376623617956328,MBB
-0.010157513165326669,DCM
0.8619777288604842,YEG
-0.6007954315517433,MDG
0.008078648031764968,ACC
0.730964397376369,NVL
0.021011504725503907,AGG
-2.1745251848332363,HAH
-0.709709498302203,POW
-0.11272505939527865,HAX
0.0007264038441690482,BRC
0.43317570154579293,NO1
-2.1599196141616916,DXV
-0.8894640958578711,LCG
-0.11103674214025717,HII
0.7046653537996854,DHA
-0.9450954064449157,DRL
0.12642288765182128,MCP
1.0963615368055035,ABS
0.7428684730906036,PLX
2.74197091350666,DBD
-1.1718381960348963,RAL
-0.3784610972654578,MBB
-0.024751085154507194,TMP
-0.04007052630584957,SMB
2.38476923781231,PJT
-0.4301266651083163,VOS
0.40298492357161336,AGR
-0.3237146559905074,GAS
-0.5087369513209236,VAB
0.3758123323453954,IMP
0.020018877658195575,KHP
0.735433478198575,HAH
0.2671167522863481,BMI
-0.018746483260360484,BCE
0.09206763393243117,MSN
0.01645569009551116,HAS
-0.41673367177437737,SMC
-0.4512029607603968,SJS
0.009208852275549986,TMS
0.35865305347350845,BKG
1.9585753748505295,CIG
0.22122540015140202,PGC
0.37494764841217143,AAA
0.06084292950604735,BIC
0.07094122771175826,NVL
0.9229428972895466,DRC
1.915384713805455,LDG
0.7113554124479421,GIL
-0.39497453726226384,FTS
0.28268842806879385,VCG
-1.047461667834371,TNH
-0.24371184429673703,HVH
0.015038873568294201,AGR
-0.9025979598875631,ST8
-0.10881730472915335,DHM
-0.6726714426005281,TCI
0.44653866861225755,ADP
0.4662087440073294,VJC
1.4379450020394482,LM8
0.030897458812704198,SRF
-0.031912303747719216,TDP
0.7009122383733621,NCT
-1.7678176887596764,DRH
0.06253117685876308,KHP
0.15138119689603916,HPX
-0.04216426406774446,TCR
0.1777229240089376,MSB
0.2550116777551242,ST8
-1.821877223027667,NVT
-0.02627033401665442,S4A
0.19119959032095238,TV2
-1.1772414185029056,TPC
0.8704705021007706,GDT
0.21229652101882815,THG
-0.6011917410545784,ITD
0.10178039446539977,VIX
1.3126066030444237,ACG
0.850571853834016,HAP
-0.010886727105730258,VHM
0.03900506491361488,GMH
0.6411507483099396,TDM
1.8787328541483617,TCD
0.07277759343802465,HVH
0.021011504725503907,AGG
-0.12489326021713143,VDP
0.7980465299950008,DIG
-0.11358911152611603,HNA
0.660450264042834,KSB
0.13050727690146957,TNH
-0.45491170980466733,SCS
0.05479246954272211,DAH
0.7748189388501313,CRE
-1.9105885295733882,HDC
-1.2099290233423636,AGR
-0.8337459262278779,CNG
1.4943277203340475,VHC
-0.9168015619650371,CTI
0.9910993940957558,CCI
0.007161490546100228,HTV
1.0077126777845564,TCR
0.1018921999023621,TLD
-0.04294927728495271,ABT
-0.011071580345109812,ADP
0.9354102958105474,SMC
-0.21605295620124498,TNH
-0.6575344078556046,CCL
-2.416995738008214,DGW
-1.6536253085729344,HRC
-0.13379541501355152,TV2
-1.9533724845388871,TBC
0.508675550716319,LPB
-0.7640544959249655,HVX
0.359584763344812,CMG
-0.43730278630020053,BFC
1.4152475613713789,SAV
-0.9759589941553346,NCT
0.24440812746510682,GEG
-0.7623600644538164,EVF
0.5000494775699914,VDP
1.2572366371825037,CTD
0.2286771463142579,VPB
0.9458764664396891,PGV
-0.4648980416940473,HVN
2.1606012599653477,GEX
1.6546996618583216,SRF
-2.2372752861833076,FTS
1.0092755811494607,DHC
0.06715384011419694,AAT
-0.6183019180003719,OGC
-0.14261427665623827,CSM
-0.025823844989583473,STB
0.2704665451925526,DGW
0.7313412524721844,VDP
2.335301059456796,LCG
0.005202653795539408,PET
1.778686792701963,TPB
-0.2792650671938717,HVX
0.19305251539302604,TTA
0.3679192326919542,VIP
0.05479246954272211,DAH
-0.36051754523080304,HVN
1.3845493093434829,SVC
-0.011062049762442155,SBG
2.788541333744421,SJS
0.030428795898334436,DHM
4.484240398629783,HNA
-0.004864726025937184,MCP
1.306644495071856,PAN
0.910449035881715,CCL
0.13268423960349104,TYA
0.012677815929662398,HHP
-2.6461435965660134,PC1
-0.32943875266774864,BCG
-0.006300765478296128,HAG
-2.8567132467799126,HCD
0.03956661659568135,SHA
-0.5517432769253057,SBT
0.02545200660155672,BFC
0.05909975057017358,TSC
-0.4232331399788078,DRC
1.2429666748890282,NNC
1.0813773480380249,ASG
-1.8385109756874967,AGR
1.229120532249298,MCP
2.515094616054084,NVL
0.11853404505410442,TDM
1.221541530658002,FIT
-0.1955454296556597,CTG
-0.701092061531331,HSL
-0.824103780335288,APH
-1.795588158785219,BCE
0.29245071855096405,PVP
1.490931486756188,DRC
2.4089303110481772,SVD
0.03609131443961166,LGL
-0.42154582510704475,VNS
0.6048901242120694,VID
0.028313973536989372,S4A
-0.3174144728532016,HCM
-0.22203859389581776,NHH
0.7763955125574928,TCB
0.03609131443961166,LGL
0.9414868282957448,HTV
-0.1886254802886733,JVC
1.3294331415685376,TMP
0.3409495662628668,SIP
0.7433679941018574,CCI
0.3092371671476874,SVD
0.828910643574644,AAM
0.030428795898334436,DHM
-0.11480843474615436,ADG
-0.10816881980956485,PLX
0.48008594109863884,TDH
0.4025555616251842,FIT
2.6378455335612343,BHN
-0.2606024910347643,PAC
2.109514887940307,PET
-0.6824672352499012,NBB
0.4454365909640856,DPM
-3.486279868882365e-05,BTT
-1.0645088254294877,TVT
0.017275768872348746,TRA
-0.1951987444157479,VNS
-0.12342690699139927,PC1
0.22120130772870278,CCL
0.259839364936537,VPI
0.39815197960920695,CTI
-0.8869442674004407,AGG
0.08421134082565672,ACB
0.013377725558469403,SFI
-0.0406913853511416,KOS
0.2310192826711078,SAV
-0.6533676890077814,EVG
-2.439141445639863,MHC
0.5493630442327715,SMB
0.39775643815881534,AGR
-1.5581074006063698,PVD
0.053893001515673174,DHG
0.8550514962551147,DTA
0.7720951961441825,TCD
0.019263079553071816,HSG
0.6635503538828339,PAC
-0.20262254226678458,SMA
1.4299471977129523,TMP
-0.29143765722284853,VHM
-0.5732845845528498,DHM
-0.1392252284158822,BCE
0.17262330779772903,PVT
-0.009448947348835482,VPH
0.38108990258355396,TCT
-0.0030895986419726996,SJD
-0.41116439998292276,KOS
0.03080125194786874,KSB
0.059404863319427896,VCB
0.1402063400901815,PIT
0.12760757005136455,PHR
-0.05507523849937201,SAB
-1.5772927996870243,AAA
2.992701993024606,STK
-0.08739048486696697,HID
0.09682136503531802,YBM
0.1960418587217903,HID
0.02648727116462291,DXV
-0.09827843137899679,APH
0.10389948235995794,NT2
-0.1561079218417961,KHP
-0.6317640921813552,TDH
-0.7039055400868235,SGR
-0.004385846804446878,DSC
2.637813129505045,SHA
0.015640677262310918,GTA
-1.1266729262575277,DXG
-1.330061327505269,TV2
-0.8879177403838695,HAG
0.08385912663156135,AAM
1.1410598084586807,HHP
-0.6992305242968087,HDG
-1.1068079508947182,S4A
-0.14509750764293622,LDG
-0.45877089979902874,CNG
1.3572205180554098,EVG
-1.5380352024885797,ASG
0.0362638322978957,SBV
0.6046080695226702,CRE
0.65836831389813,VIP
-1.082170080629129,PNC
-0.35568475735956745,SMA
1.1914346695899523,CVT
1.0480239168692052,REE
-0.000200210842177191,PJT
0.006207182326561493,MSB
-0.6171648234358236,HAR
0.29884997508142014,C32
-0.5635437397751023,DRC
-0.2726066351792931,TCT
1.348457807611206,SSI
-2.3531669195959926,VPH
1.1012946881573218,CTS
-0.09342822808414328,SKG
0.2695204492532537,SHP
-0.48870439399888393,TPB
-0.12804099654367393,PGV
-1.9259980069506595,SC5
0.38452949271296716,TNT
-0.09970086825940923,ORS
0.10965464672165423,CTD
0.3021891334520756,CTS
0.1764735837484313,HSL
-0.19162583545161252,SRC
0.48468704808078983,BFC
-0.8201193948178321,DHM
-2.6966232283814904,BFC
-0.0546832846159053,LDG
-3.6153463672994626,DVP
-0.40715129946923845,SHI
-0.6874979086333262,BSR
-0.17103555196382655,ACC
0.30287956225366763,EIB
-0.21424397297111208,NAF
1.1828399429549794,SBA
-0.46793738018829945,LCG
0.6715058086633969,ILB
1.1343476579183678,VND
-0.06925122088407185,DIG
-0.3481015338610331,VSI
-2.087375253989193,HTV
0.26585123898302404,VHC
0.04503576612743704,PLP
-1.2941047562809984,TAL
0.3998950544864546,AST
0.009713457624341842,JVC
-0.14581660693020215,VIB
-0.3379087501358724,VNM
-0.0002576781687008662,CTR
-2.215467614729548,VOS
0.7553000716335215,VND
0.49569477002884493,AGR
-2.5723561491401306,PC1
0.22815483960849461,SVT
-1.9176816250254776,APG
-0.1156988931955063,CTI
-0.24745859983667298,MIG
0.6195170015876186,IJC
-0.010001346113462593,GEX
-0.2127691975326754,ST8
0.6541856195748174,DTL
-2.321165238544939,VNG
-0.8251729156424609,BCE
-1.614123016323479,MSN
1.5033083691239908,PLX
-0.932135672601732,PDR
2.180364670334239,SGR
2.539310634290711,PGV
0.9793202870379613,LDG
-0.4397775830998322,AST
0.1527718449511071,TCD
-0.5312337450483823,VPB
-0.695009865855535,STK
-0.007402523705726499,OPC
-1.3617889495129043,TTF
0.006453295359853701,GSP
-2.2324439793910082,SMC
-0.4880050851237977,HAR
-0.0009503050825391499,BVH
1.0331340102653053,HTV
0.8322612882745477,BCE
0.4059079634078421,SHI
-0.0014287976065902627,YEG
-0.36772542248119555,ANV
0.04422408295220057,SVC
0.4168556130477388,SKG
0.5122708960175634,TCB
-0.095857667867314,CIG
-0.9487675514456377,HVX
0.18082394941735894,BCG
-0.0851635648152782,THG
0.4973774778703971,ACB
-0.769091345786694,DHA
0.4203613736334348,CRE
-0.1981358037492557,CCI
0.2211775891016378,VFG
0.010454840687900278,GAS
0.9670014839418917,DTA
-1.365846239763267,ACG
-0.021152976311198755,LDG
-0.1983867901395288,VGC
0.568270048079533,VPG
-2.300492482653339,HDC
0.7929093306896242,SVC
-0.012426651071205242,BSI
-0.11130875041062527,PTL
0.7861467896070592,CLC
0.6010576412892802,HPX
-0.337770840898889,VIB
2.1597460682484213,HQC
-0.004835036487623733,SSC
-0.7876167217715908,ORS
-0.8472695271306201,SRC
-0.4673174639049416,DPR
0.13967064498213294,DHM
2.5598345252401153,ABS
0.23138152194126207,VJC
0.05126646245765875,THG
-0.9223636688053571,BRC
-0.0829400436582803,SSB
-0.10553692337679463,VPH
1.879076802796563,TN1
-0.05209227830080504,PDN
0.041690769470247226,HAR
-1.726669473907853,VCG
0.44912720621473323,DPG
-0.03486714730648805,HDB
-0.8319325456962566,TLH
0.7909407960145223,JVC
-0.8213594565007235,NT2
0.3462473267333769,HCM
-0.7099659664254709,VGC
-0.007402523705726499,OPC
-0.06918904393264824,TVT
0.36077111482307617,MIG
0.020643279426379058,TCI
0.018951805322753378,HT1
-1.1872647905081053,BCM
-0.19781594455681178,PGC
-0.7181416535278099,IDI
-2.953313281030355,VTB
-0.003618052175033325,PGI
0.1376206973848759,TVB
-2.3760437885678276,HAG
0.027434199616881812,C47
-0.03985485574720731,ABS
1.664942832476448,TIX
-0.027942882892027922,VFG
0.3023376488428778,FRT
0.3001520338800555,VCI
-0.7324080807423121,SMC
0.8217048910839152,HTN
-0.34279557867335947,VIX
-0.014537026827334171,VNS
0.06949597603979435,TTA
0.8726923661641846,VNM
0.18803100914295562,TRA
0.483502174503947,PTC
1.3073067674881922,MDG
-0.17328844858426073,GDT
0.4780309611403282,HUB
0.29498341316412346,CCL
-2.6993069563815797,GAS
0.5311732759220879,GAS
-1.326056997872351,CTI
1.2158893768967431,VHC
0.4257746820186976,SCS
0.30218278292044404,SAV
-0.5543919438661247,DMC
-0.5262157695796735,CMX
-0.3491508108387538,MIG
-0.9145035796446153,VTB
-0.5785813622099284,PLP
0.22360818570867458,GMH
0.21988439080713323,SCS
-1.670643784022392,HTN
0.2479927700259249,CTF
0.22797747474301283,UIC
0.0324173028238746,NHT
-2.0531594894132836,DPM
0.2391907632950184,VID
0.9279478049831348,VAB
-0.7686510649608733,CTF
-0.1716164024965697,DSN
0.01074755616262742,EVE
-0.28493447215546475,VRC
0.6666337651928009,SBT
-3.105657445330874,POW
-0.19092243864762862,STK
-0.37638573674306247,CTI
-0.18031355719809236,PLX
-0.197758377526078,BMI
-0.25597237813782847,BMC
-0.08117696806269195,PTL
0.7309392618205042,CII
-0.3140787360285068,CTI
0.41629692018102876,SMC
2.150603030036943,GTA
-0.004385846804446878,DSC
0.07537864348191607,RAL
0.032702393867099826,TCT
0.017470414537389668,DAT
3.40556946588108,TBC
-0.19058515735461934,NBB
-2.431891375258446,VJC
0.006453295359853701,GSP
1.5991149170893346,HRC
0.1868470333014577,AGG
-0.19390091220588015,PIT
-1.2070898552149798,DGW
-0.31329262841707467,HTG
0.01227549044565495,KBC
-0.09897465625651795,SZC
-1.8644731737382376,TV2
3.50712359928432,DHC
1.1667961664082729,RAL
1.0666231239906707,CII
-0.06791914220839142,PGV
0.09675721974168053,NAV
0.9756852426258888,NHH
-0.2554736623844893,VPD
0.06005175147753154,BVH
0.913064216828842,NBB
-0.12761883327296694,SSB
0.013036722046752979,HAX
-0.01659875065797871,THG
0.31710427439814265,ASP
0.1730715659449944,DAH
-0.2789793436331202,ASP
0.028813633490521434,VID
0.11421628617230783,PIT
1.0992558406543491,VIX
1.3044666805447818,HVH
-0.5655085707300125,VHC
-2.591397854164293,VHC
2.195092501845977,ASM
0.27881654991957744,TDM
0.20170493003296844,HVX
-0.867754659261372,LBM
1.9438908193056033,DSC
5.235243238428528,KOS
0.08321235068759145,ANV
-0.0010641822615473225,ABS
0.9907036720463357,HNA
0.8126153957337123,HVN
0.9902057797070335,SHP
-0.232469503409076,AST
0.26468387506144625,VPS
-0.17497763934876415,ITD
-2.5271419323861837,AGR
-0.14265880025094657,HCM
-0.06635791735072984,GEE
3.553267028437324,TYA
0.2688345006142633,UIC
-1.2833895697309974,VPS
-1.2415523790807808,CMV
-0.47903856647871673,VCF
0.13341357184958222,FCM
-1.668448885947429,ANV
0.1694853806928899,PGV
1.2362286802121192,PHR
-0.24688395695044474,ST8
1.2865033987736192,HAH
-0.7365381682986185,TLG
-1.9997864456638326,BCG
-0.11876882296698921,TEG
0.11306305064686334,PTB
-0.41528247686776554,OGC
0.5941831235240318,NVL
0.28205923765351526,HVX
0.6918804557918304,DHM
-2.522205276792767,BTP
-0.2588261699848816,EVE
0.3006214494615542,HCM
-0.5967689377423995,HID
-0.6256084633337523,STK
0.3532654696058039,POW
-0.32014546982145403,NNC
1.469831925008835,HTG
-3.3394407314901935,TMP
0.023256748796257352,BMI
-0.008950780652485281,DPR
1.0798208559664557,ORS
0.05090519905422422,BFC
-0.5829357488262816,VAB
-0.15248303802246177,AAM
0.13320832712748587,VTO
2.1645336867558225,GEX
0.7853351960643007,DCM
-0.11275675263894534,SAV
0.8510895632681431,TCR
-2.662630114742544,BID
0.04422408295220057,SVC
1.1114006280633995,TNC
-0.40668183186985263,VPG
-0.4926849296723428,HII
0.17428552629831076,SFI
-0.06985142406186347,TMT
1.5804315701926595,HVN
-0.1608002395883472,VPH
-0.3296646667711317,HAX
-0.04715425739412786,KBC
-0.040003774254101336,VSH
0.3424290212451255,ASG
0.015255258796785395,HMC
0.22963722310555792,SSB
0.7510603775352929,SBT
2.3661413851918645,SVD
-0.3536825172272253,EVF
0.46432769489521963,CIG
0.238447284534821,KDH
-1.2723048369204428,HT1
0.59732651759929,HTG
0.17883776017452158,SZL
0.8658893268408622,VCI
-2.8177427524386416,MSB
0.18131382576729704,VHM
-0.4889575476444249,FMC
1.0626977163216123,FTS
0.4635769293016871,HHV
-0.3897565315810244,ASP
-0.2515758027324877,HHP
0.9547301319579776,PTL
1.3894057963297883,DBT
0.012677815929662398,HHP
-0.573067544416421,BWE
-0.011224436964656638,VAB
0.03706341576841501,C32
-0.3756587865166208,TLD
0.3381429900556238,TIP
-0.18535501845926336,TDM
0.8180358167815781,EVG
0.011756480410744917,VOS
-2.028674864883837,FCN
0.024320860789517625,APG
-0.15862157733514162,HQC
-2.039028460864818,NVT
0.19144390481164586,ELC
0.7579211062690994,TLG
-1.0164983317189746,HVX
0.045059397440728816,FCM
0.02648727116462291,DXV
0.0029509043181032784,DBT
-0.24972748735373426,HTG
-0.14261797425999914,EVE
-0.08296526207001116,SHA
-1.1301713554323265,TAL
0.03900506491361488,GMH
0.5823004673331094,GEE
-0.5224411294819977,GIL
0.5786537617166696,HTI
0.3218454755861706,TNH
-0.04748391076616631,PLX
0.5634331531463743,VSI
0.006316405241595661,TTA
-0.8538569682897148,HDC
0.05909975057017358,TSC
-0.026581241590701413,VCG
2.2120201561345287,JVC
0.01399729444144872,PIT
-0.2749052976704552,TRA
-0.19944191312209783,CTS
-0.0045751588509370545,SBT
-1.7959548653206576,MBB
-0.4691233197526326,MIG
-0.20694939881598048,TCB
-0.4283436033692852,VIX
-0.893282408117021,HVX
-0.6722821530864288,ASM
-1.6979512417647784,NHH
-0.15243509386207016,SKG
1.731318718239005,SBT
-0.004385846804446878,DSC
-0.050820051832545204,SVD
0.5870594973374733,DXG
-0.49178106444735686,TMT
0.6125506026136437,DXS
2.2324298755842675,TNH
-0.7715433272963441,PLP
-0.32592086144961613,GEX
1.6908599883651443,SBV
0.1970602064463539,LGL
-0.6126854846309452,BCE
0.7313143397883187,HTI
-0.2920589331507101,PNJ
-0.2752182572301294,SGT
-0.08275898870381707,IMP
-0.0039068908842595125,TPC
0.8299184261319985,TPC
0.7880114310547678,CII
-0.13754194547442436,ITC
0.8887590405836839,VPD
-0.3740063292351873,ABT
-0.0644680164335742,HAP
0.5862410120100301,VHC
0.3881970937577711,SGN
-0.3063519908367714,VCI
0.8799414232667674,BMC
-0.3502198762900964,CTD
-0.05521149234921085,CLC
-0.7342434527571333,VIC
0.09992458258532429,TV2
-0.17541673603282265,PAC
-1.408005727023503,VPG
-0.01343741566151019,DRL
0.28567584482706565,SKG
-0.5333876790743723,DPG
1.217844602713041,VPS
0.5887637694644711,NAB
-0.2099903493958555,VSI
0.12157713093951138,MSH
0.8519332129490322,HUB
1.6642442579180479,TMP
-0.40808853237446724,LPB
-0.6734548101355012,SVT
-0.16279577039028464,VNE
0.2349636601359447,PGV
-0.606413749330485,PLP
0.9512741282782924,LHG
1.6566131756152378,TSC
0.03956661659568135,SHA
-1.4375335051504177,TRC
0.25260107983972174,MCP
-0.23810281005879408,TBC
0.25560097860549796,SJD
0.11374257952905929,DTA
-0.21764950072363695,CHP
-0.3441660022225096,HPG
-2.2972983517104097,PGD
0.384187253541492,PLX
-0.06591899312446124,MCM
-0.4097505373089275,LSS
-0.5825154015046767,MHC
0.4207557210474741,CTD
-0.7417561401654427,DXG
-0.21051508525152227,TCD
-1.1745842688698263,VCA
-1.165640268662785,EVF
-0.5747884925935645,MIG
-0.18642203272473346,SVT
0.6936815174909117,VRC
1.7536705351763642,AAA
-0.8620726392763735,NLG
1.0662070233813783,TIX
-2.832415497045057,PVT
-1.107193349784513,BMC
0.4294713805764329,EVG
1.1698530222526378,YBM
0.18493992024508973,ASM
0.3136893107975786,TDH
1.2260574566056552,HVX
0.01227549044565495,KBC
0.135614806074045,TCD
1.5627132585810124,VID
0.06917823925648343,ADG
-1.1495511983449753,BKG
-0.07923172680462405,FIT
-0.19407350980446667,VCG
0.31159269812079987,PPC
1.175477306073063,CMV
-0.7220702061567402,DIG
0.6968236471852287,OGC
0.11806192817622498,HNA
-0.00233886418680605,BSR
0.08884961436039908,CRE
1.2075886641702311,BWE
-0.47061807258976107,ASM
-0.2585817140509821,ITC
0.0029509043181032784,DBT
0.6859132208607892,YBM
-0.520329399935914,STB
1.1583416669113271,KBC
-0.39830357739435895,VNL
0.1945897725070957,DBD
-0.22287060573887743,VNM
1.319410980393994,VCG
-1.9713479742856705,SVD
-0.4965285469413675,STK
-0.0264407812785305,VDP
-2.157375876144213,CTD
0.11473331358004757,PAN
-0.8860812631056559,NHA
0.015433275483225834,PGC
-0.2127553207850096,SAB
0.9909765087864291,VCA
-1.6254413185862555,HU1
-0.832298317522837,IMP
0.6174828703142379,JVC
0.666341855275792,CRE
-0.6484519230494429,SBA
-0.21031587692258638,PTL
0.6728157884978266,HCM
-0.11855068166412401,BIC
1.478412093746798,BTT
0.026941231610136597,MCM
-0.16110237143099784,ELC
-0.16446057166262812,VPI
-0.06855898762512137,TDH
-0.5521261960073419,CTR
0.6760140880026752,TBC
2.1368765827481297,TDH
-1.6264951772649876,COM
2.1079495111642377,BMP
-1.3172666195961318,GEE
-2.6235238269854237,VAB
-1.2382317483701817,EVF
-0.024751085154507194,TMP
0.03613302467133759,TCR
1.0892490370235808,TCH
-0.3370012606428612,KSB
0.40568046315545897,CVT
0.22652045347795946,NAB
0.006207182326561493,MSB
0.22915439711550584,CTR
-0.30749752843514544,TDP
-0.3706932495575356,DSC
-0.6906382581040309,CMV
-1.1949681248586916,NSC
-0.3684960665246713,FIT
0.21148967001304672,COM
0.7796841115664694,FTS
-0.5707451955554405,GAS
-0.020444028634569948,VPI
0.6545924326126356,HAR
-0.06992001171798021,VPG
-1.2290503089186,CTS
2.3971811088046775,VCG
-0.7521166643380104,PVT
1.7546910738067103,QCG
-1.2090051073541848,ADG
-0.09386959367562052,TNT
1.471427108737652,VSH
0.021263913029223785,SSB
-0.716948498012316,DMC
0.42337695271193554,CRE
0.8241005071956945,TCL
-0.0015343096101767507,BCM
1.2297401342409269,GIL
-2.5068610327331258,TNH
1.0970442440144021,SGN
1.298610842507174,PGV
0.8354739250264615,MHC
-2.4510917904678537,VCI
-1.149679512329285,PVT
-1.5424578217930405,HHP
0.563262488266912,HQC
1.4310917838962964,SVD
-0.10011269972615629,EVF
-0.6218186660046494,PAN
0.09287741112056284,TVT
-1.257502135715337,CTD
0.014434707523524421,ORS
-0.7785835478301844,GEG
2.1002876009937026,OCB
1.1398810765527636,TDP
-1.113084080395312,TCD
0.7915391111702633,PGC
0.584814833289073,AAT
-1.7036692854828324,VDS
0.3758629457762289,ADS
0.4929603506983474,CHP
-0.9657739126914662,DTA
0.6256794230091902,ICT
0.058926795540500045,HTG
-1.0030713378183345,CHP
-1.4387530030043238,GIL
-0.17642483145634594,DPG
-2.9056532736169967,CRE
-0.278460945753835,HSG
-0.024751085154507194,TMP
0.5721726952960584,HQC
-0.27918424519999874,AGG
0.015075088486803464,DCL
-1.0596267536627806,MBB
0.561759376561934,NLG
-0.33265776116310103,NKG
0.56538331622342,NCT
-0.05705469120304439,VRC
1.9904251425760005,IMP
0.7042293339912693,HAG
2.1257991431631673,MSB
-0.2766488302188569,SRF
-0.008094871487904687,TCL
0.945306218936525,SMB
0.8350388444801604,ACB
0.5493364826747295,PAN
0.17420722541827446,FPT
-1.40866502840664,SGN
-0.02609029168059178,CTG
0.19048842990625348,POW
-1.0097907745365993,HHP
-0.027942882892027922,VFG
-0.14564327678379918,VRE
0.017192709580587395,ACL
0.1898314808989269,TCO
-0.13173048323317355,DHG
-0.22996736467636014,HAX
0.738291042970528,NVT
-0.0069231927512818725,BMP
0.5680971012478804,BCG
-0.3292274187921522,NTL
-0.4897036108857985,TMP
2.1636021405713772,CII
-1.019892343166738,SAB
-0.03442921915365666,HNA
0.677706308197434,ITD
0.2055121003850603,CTG
0.27691340651541907,DHC
-0.6909427684106879,ASM
1.4294889559536614,BRC
-0.22895822968087914,GDT
-0.5454385927991974,AST
0.003175982886676942,MIG
1.0559529925261624,DCM
0.28541557111066107,AGR
0.005202653795539408,PET
-0.3188235710960409,VJC
-0.6184261016303217,DQC
0.11296214453251235,TBC
-0.3536874660633405,SSI
2.4987398623987285,FIT
0.20998730906592575,CTS
0.11511173037413538,CSV
0.2442525191108436,TNI
0.1879116213692226,CIG
0.45318553166272124,VGC
-0.04115409732248038,TDM
0.2517302822962996,VPH
0.6892493895131431,CTR
-0.4209904992195854,PAC
-1.8634416982164475,CCI
0.9033566234124734,BMP
-0.4421653814882082,BSI
-0.8652686747445673,VDP
0.8618236423225395,SGN
0.21612409147785994,GTA
0.03490476373496119,BHN
1.1692552233263815,TSC
0.1338879013725424,KBC
-1.5429634643076202,BCE
-1.0672311501568021,DXV
-0.6699449125591941,CMX
0.4525422353602201,BVH
0.145996999086956,EVE
-0.04103195786980026,TLH
0.5416069758636174,VPG
0.10038125224714757,PVT
0.08092779547823335,FCN
0.09657071178792259,NNC
1.333763099960242,NLG
-0.3617156717682531,BVH
0.8533177228554242,TN1
-1.088557308685198,CTG
0.32739060156264865,HT1
-1.6670528394869406,TNT
-0.2981005938332928,ASG
1.6478840901816878,DGW
0.9049449080456918,NTL
-0.6290867562533106,VJC
0.6505833710364762,CLL
0.4741563098253303,DHM
-0.1594115223373269,VIX
-1.5663627718611377,KSB
-0.13191963558624892,HHS
0.018790284058009407,SKG
-0.14630685245622738,TCD
1.1002536380967163,LIX
-1.1863366087894156,ITD
-0.6114894005355942,KSB
-0.14131901344496958,NVL
0.7336922834371108,HT1
-0.37231262566364315,IMP
0.0029636586061703393,HPG
0.021263913029223785,SSB
-0.18291265919967617,HTN
0.049568303495592714,FIT
1.628378358708724,PVD
0.05129269587162966,TCB
0.8968528082357404,SGR
0.33244434646110305,FRT
-0.6140936468320464,VIX
-0.6409982473472005,VTO
0.013098078317394157,ST8
-0.6598340368687271,NLG
0.05516149503960727,SHP
-3.486279868882365e-05,BTT
0.049655291930103936,LSS
-1.8317962042286196,ABR
0.11294424053434704,SGT
-0.27040053567257466,BID
-0.5013526976905188,MCP
-0.2056275716649621,CTR
0.5270744362133024,PVT
-0.8797901564969801,TNI
0.40187318000332795,HVN
-0.017295779253476598,SZL
1.049654734736268,DCL
1.4333028882147802,ACC
-0.06594119153478668,BBC
0.34797519714806086,SVT
1.2824712612921565,CCL
-0.7656474717746361,HU1
0.3148785912775364,GDT
1.1701864816523693,HMC
0.09564969822020736,SGN
0.25853378592080867,PC1
0.43150397820462616,FTS
-1.4022247385958795,HPG
1.7397816118266805,TRC
-0.004178447362447563,D2D
0.8697282080390378,BSR
-0.09626786303727874,ABR
0.9409947780790063,GVR
-0.29407250066694746,VND
0.020644082801921166,LCG
1.6056981011042828,BVH
-0.43510198726690114,SIP
-1.66763064254945,SHP
-0.9090370289891755,BMI
0.014475379580521927,VNM
0.3420995530687398,HII
-0.040003774254101336,VSH
1.871048067085139,NSC
0.7193871669182391,SHA
0.32632491729426694,PC1
-0.04286466827506995,CMX
0.22188945800785562,ICT
0.08642045928240065,RAL
0.004613759615847612,PHR
-0.5396199202903492,D2D
0.6971942649000429,CTS
0.05301402030039575,PTL
0.8010851780087601,HAR
-0.024437552020783782,HTL
1.494865535603975,PGV
0.11613621903250675,SRC
0.6864674630223337,CMX
0.28745575854275746,DAH
0.311050801825705,DHM
2.395679981095402,TMP
-1.8573199036783792,QCG
1.0131640260617987,NHT
-0.2709617710736046,HAX
0.5863156108209672,TNH
-1.538324258756548,RAL
0.3450305850382762,VPS
-0.43429257244745956,AGR
0.04037706874294677,CTG
0.37898767466270433,TCL
0.22580299888846508,STB
0.16463120284978733,PTB
-1.9765916330574398,LBM
-0.03176488696768717,SMA
-1.761187568795709,HAX
0.9366567652484443,HHS
-1.241702407799728,FRT
0.4728221101166771,BCM
-0.45038477008084626,KOS
-0.4851706175145489,TTF
-0.2591641473722332,VPI
0.4540761448262669,HTV
-2.5114643157459726,KSB
1.7782109494142824,CCL
0.03080125194786874,KSB
0.1934522225664746,CLL
0.3595454766098376,ITD
0.5193119118353129,BCG
-0.7231741574757995,CLC
-0.40871030028999644,AGG
-0.01677450126770854,NSC
-1.8814802662989893,QCG
-0.3454394397117383,TNH
0.7438165074377695,MWG
0.01966832860068962,HRC
0.0005068046630349781,MHC
0.9485141735352073,TVT
1.5973935542299613,DRC
1.0093744904400768,LPB
-0.5258430712521031,KMR
-5.539947613088527,TCL
-0.6768013751112621,GEX
-1.3952682553929978,VPH
0.027434199616881812,C47
1.4091541997539458,ITD
-0.09210832090577821,AAT
0.3849008710101126,ADS
2.226431800920987,HHS
1.1722048204417532,HHV
-1.7755938403411005,OPC
0.40484342065738915,VTO
-0.19761309634315943,SVT
-0.4816817935305124,CCI
0.6482057469430432,DBC
-0.42569840092804306,HPG
1.5617192788193761,EVG
0.008703668770632687,BTP
0.38955326639285304,CTI
0.1070803862505021,OGC
0.013377725558469403,SFI
-0.7334798338141605,GTA
-0.5651154740489075,SCR
0.24165076057344687,DXG
-0.4669372313742969,VNG
-0.21161440443091695,VCF
-2.6102260692063544,NT2
1.6399796967300397,SMA
0.3318475032610819,MSH
0.17525315266053182,SGR
-0.8852423145558224,TCD
0.1026569383009777,VPI
-0.030829265911083176,VIC
0.3201957645834962,PVP
0.07572269820454633,DRH
-0.014537026827334171,VNS
0.2732565675735866,EVE
0.8598696955561013,DXS
0.311920529864979,DMC
-1.2915419187900594,HAR
-0.1593165310933448,ST8
-0.11139447798396114,MIG
-1.5526190679375396,ILB
-0.04007052630584957,SMB
-0.006610800981848937,VGC
-0.735391434468845,NLG
-0.7302123672951502,VCI
-0.2216080126499175,DBD
0.26614699805924896,TN1
-0.06635791735072984,GEE
-0.04677377040858557,NNC
2.6372461331525265,BRC
-0.10800442773222177,VPG
-0.8023612326241556,VPB
0.6723879864045287,ABR
-0.3378438014946399,THG
-0.33294919402734385,CTG
-0.5868420113610477,APG
0.6982431064288251,DXV
-1.6399273281464732,SAB
-1.0718492082120938,VJC
0.014846674365648113,PAN
-0.19947410725209622,VCI
-0.03424338704837123,BKG
-0.13948877393593456,LIX
0.9925929409240044,VMD
-0.8953985272834402,DHC
1.1252655712103319,NT2
-1.1812147332803005,SRF
0.02299732134407447,VMD
0.26104644693058576,REE
-1.3487081186281744,TDG
0.5926793045213546,LIX
0.12589400714026652,VRC
-2.307929874835665,HDC
-0.1511304348213887,AAM
-1.775095357774947,PDN
-0.8280008962896022,LSS
-0.7339503037611812,NCT
-0.836484484195157,DPR
-0.5919254686157345,ELC
0.38023043966789927,GEG
-0.36206471262446777,PGI
-0.03486714730648805,HDB
0.5044410111515768,HVN
0.07572269820454633,DRH
0.20850222366557272,DXG
2.951248704979662,VRE
-4.147480135679159,SZL
0.023976770320009815,PLX
-0.25435646745201757,CMG
0.4613279513066207,SFC
-0.04834532946041863,VPH
-0.04005179169634278,FIT
0.028112285754165734,TN1
0.1034008435408978,KHG
-0.23244069704473141,LHG
-1.017960998499616,OPC
-0.2182138770988293,TCR
1.037284867265352,PDR
-0.24951847952787803,GEX
0.356953502403606,TNT
-0.028599439991756733,ACB
-0.4236548843074409,ASP
-0.4334903024052747,VAF
0.1932915555622966,ITC
1.0992353711610792,ABS
0.6522810470111693,OPC
-0.6062617077655948,TN1
-0.7990724988693382,CTI
-0.03611241160351432,TBC
-0.043913474471667484,DXV
-1.1051505115180509,VPH
-0.9124054036680658,FPT
0.32687916557229524,FIR
0.37021262331847493,REE
0.22614662342086075,DCL
-1.3773625031488588,DC4
0.7495156755706225,NHT
-0.06880945406265654,TAL
0.49106508222632916,VTO
0.1327728116704347,REE
0.7631441855174054,HHP
0.0029509043181032784,DBT
2.797022428936168,NHH
0.04417694607843194,ADS
0.13961978343604312,FIT
0.8612233871083181,PHC
0.17337229393671122,AAT
0.7583708968304744,TTA
-0.8583189870766796,ACC
-2.128034001039276,TCD
-0.07054456547303563,VCG
0.2952469173012493,BFC
-4.065359950666122,BWE
-0.1810314347813592,AAM
0.023256748796257352,BMI
0.721732174151516,DRL
-1.0261016275672785,BFC
-0.8567724009009766,CCL
0.7226378088591073,LIX
1.062059495397474,VNG
-0.010290187609279433,SHB
2.05291089765057,VMD
0.033891742871444946,PGV
-0.49368534676150183,CII
-1.3122704659981304,TRA
-0.30484259743381376,JVC
-1.1439999500339615,ADG
0.3100758422232865,SKG
-0.3519149063738244,VSH
-0.9289269212673895,BMI
-1.4149705725361068,VIC
-0.37556413033903857,HUB
-0.010886727105730258,VHM
-0.10810119518485316,DCM
0.6671404649110465,TNT
-0.40861415647052574,BMP
0.5447182712367693,ACL
-0.1579278167094635,SVD
-1.6053412151826616,CVT
1.643193684957218,BHN
-0.2591344326187213,TBC
0.1306973142669331,PMG
-0.9713805812944529,TYA
0.1310214337301422,CII
-0.25675880144815905,TVS
-0.14636492042973287,SGT
0.5786861378487933,ACC
1.2145497079519036,KDH
-0.11312054969519503,HUB
-0.4025164387180454,HTL
-0.5271406154793148,TNH
0.9000259275405977,VPH
1.514942144984212,SAV
0.21299295114287475,C32
0.2611044410600562,HAG
-0.8362867913128734,CLC
0.7451089643343237,GMD
0.4613559874045226,ACB
-0.023989096304515546,VNL
0.04422408295220057,SVC
0.45154691967507127,TMT
-0.16540021791389284,OCB
0.1858183981052032,IDI
-0.5613683351495905,CRC
-0.15967750240429687,HVX
0.008078648031764968,ACC
-0.7059917155254866,MSN
-1.3378051735057128,SBV
-0.8340042642026937,GIL
-1.622086941313031,MHC
-0.04613334019022306,NCT
-0.09438980227730012,TMP
0.30229169247809684,PC1
0.11284728594213882,PHC
0.008078648031764968,ACC
1.057492611296054,PJT
0.07669336405566646,NT2
0.9709504361900934,CTR
-1.0285535240461785,TNI
0.19769394750902278,SVT
-0.18277478755252563,VIP
0.21773205557265285,FIT
-0.10019764945406699,VCB
2.6660492397935154,VIP
0.028112285754165734,TN1
0.2422222892579755,VAF
0.31361335510994415,SCR
0.6631104230846818,DLG
0.21295590647932677,ELC
0.6969836834235623,OCB
-0.043900548160177646,DBD
-1.9392705342124716,BHN
0.20540400090551275,ADS
-0.36838746796651395,SHB
-0.2294026891903036,ABS
-1.5648253102349967,TLH
0.4593557021902427,NSC
0.7289076306965354,DHG
-0.5138114319847914,CTG
-1.6048443064953954,PNC
-0.32127100496517536,CRE
0.3993944659001232,JVC
0.5933850877801145,ITD
0.09446376796925192,ADS
0.45454666493032986,ADS
1.8120876814927844,STG
-0.10717363342973045,TCL
-0.8155873478442177,HDG
-0.3404714429702147,PDR
-0.41077798495989576,SCR
0.03900506491361488,GMH
0.035676689866664224,GDT
0.14371010861823888,KOS
-0.04007052630584957,SMB
1.904922474548016,BVH
-0.3878644273951651,HHS
-0.2004883603833196,LPB
0.3497225102859358,ITC
-0.39969954768279464,PIT
-0.5453535635347856,D2D
-0.3186415774629103,SJS
-0.321913315770047,TDC
1.0506755861415145,KHG
-0.24526062130681317,PTL
-0.6403579158524043,THG
0.03783946371022222,SRC
0.5316471321164264,VID
-0.04386165855295459,HTI
-2.59557461224113,VIP
-0.5025525835805619,GEE
-0.2575548934231932,TNH
-0.43062061561932313,ACL
0.13362933878123132,PNJ
-1.0207627867230356,NCT
-0.9050207176277644,BMP
0.4042285120112929,FIT
-0.21915863933066346,THG
-0.008950780652485281,DPR
1.0372188820252821,CLL
-1.4496165722090948,MCM
0.6642292098312305,SFI
0.6855341424503555,GEG
0.7597925822055489,LSS
0.8666286745117645,BSR
0.0788178018374422,HVN
1.593681563583453,VFG
0.13221140348192315,FCN
0.7281833359865834,HQC
-0.07635785688125032,PAN
0.015255258796785395,HMC
-0.257869414961619,KSB
-1.8690993151764956,VND
0.032702393867099826,TCT
-0.6904907723390413,VSI
-1.1962850852369655,TTA
0.3265932094900222,HVN
0.372223943478275,VHC
-0.0666296073885322,DPR
0.7912922427455062,TLG
-0.06635791735072984,GEE
-0.2881479748680196,DPM
0.45214796390268996,PDR
0.014475379580521927,VNM
0.4717465366956465,VCF
-0.06018188303959355,KDH
0.028813633490521434,VID
-1.5968847120525098,VMD
1.1885680839879016,BRC
0.032227432089429894,VGC
-0.13032004580480322,AST
2.5476188912059925,GSP
-0.15848546090694482,DPM
-0.21460954316441386,SHI
-0.2702634887329019,VPB
0.2125336934876784,CTG
-0.8926427845360363,FRT
-0.20788683998016302,DPG
-0.3519346207042949,SHB
-0.2904126520018346,LIX
0.33006164304856617,SFI
0.3753078447063854,ILB
-0.6555238486217734,PHR
-0.2578589077611045,TPB
-2.0653835695541516,PTC
-0.12439174345129578,IDI
0.42586229890973665,NAB
-0.4598394981766592,PNC
-2.114012234179905,VTP
-0.2649784357356621,TN1
1.4025942730600491,HII
3.5947356591729847,KOS
0.6648554171616758,BCE
-0.5680370291789472,AAT
-0.004835036487623733,SSC
0.0011307821903262022,TNC
1.9943409976845687,CIG
0.3349515202102529,HVN
-0.5670552993698939,CMV
0.43921489664079877,BBC
-0.16480033641764816,EVE
0.9788185309179767,TNH
-0.28165203777551173,FCN
-0.08285290153997314,DRH
1.8771746430988252,PAC
0.4928161507247889,CII
0.3171642303596554,DTL
1.3352465639408806,MWG
-0.03347672637051477,GDT
-0.5130714766610526,SHA
-0.0015343096101767507,BCM
1.4371909500531974,ANV
-0.2573220975693433,NTL
0.16435007308621766,BTP
-1.6394003237989232,HVH
1.3846746763448927,HTN
-0.25898397154878605,GVR
-0.06880945406265654,TAL
0.17755490594726908,VCG
1.4425648949542726,ABT
-0.1473901254079017,TVS
0.3314671233565255,HAH
2.5944427236402396,SSB
-0.613283434771401,VHM
0.19077939880430486,TTA
0.33449481609225046,VNE
-0.8874632114314538,MIG
-1.4849590056589876,FIR
-0.04613334019022306,NCT
2.065025127594108,HTL
1.852234666856945,HAG
-0.2019256848333927,DBT
-0.15549336604115435,LBM
-0.14070257330769326,LCG
0.462527418593633,VNE
0.45578818634770624,DRH
-0.7646456141940312,SGN
-0.49474705970896704,HCD
0.4910285054429366,HPX
-0.5005209259439585,SMC
1.7333115800620922,TVT
-0.05209227830080504,PDN
1.933518394119581,VPG
0.08572279580748537,KDH
0.7672093850627814,DPR
-1.7418221140109302,ELC
-0.93349966630161,EVE
0.4951787798013742,CKG
0.8552463232263454,ABT
-0.15049153571456894,TMT
0.12544693713104527,VIX
-0.15161869341306403,EVG
-0.12236926005832661,ACG
0.12234183184018128,VIP
-1.7179176784248755,DBT
-0.5130663491607003,HAX
0.025194249438446836,HHV
0.19307007589657088,FTS
0.46482847834850904,POW
-0.21139234901775356,AST
-0.000200210842177191,PJT
-0.12190953057323589,PMG
-2.4991615474430957,CSV
-0.6542346269249787,HTV
0.04545669419330155,ASG
0.4560443955258641,TNI
0.6081308497670227,HAH
0.6701733991896324,HT1
-0.8950041327757853,VNM
-2.984315498892182,HVH
-0.09976414635418292,ABT
-0.01004722454884453,CTF
-0.261666690510006,DHM
0.9363304578286833,SJS
1.6478294083883813,VNG
-1.094257204792886,DQC
0.2049014258256859,SHI
-1.1678799041483954,CDC
-0.3948631577385887,TCB
0.9147139214797396,BKG
-0.22845012021808586,TLD
-0.7260116587365998,AGG
0.15943127514557812,KOS
-0.05688053959735339,SBA
-0.815539280342515,VCA
-0.11362761189515426,HTG
-0.04138732705292269,LBM
0.7457227716143936,VTP
-0.2212467092360593,TNI
-0.19012381312259896,SCR
0.26939736991405916,GDT
0.33196438538955175,VIB
-0.49730714315669045,SFG
0.00209073858101088,SHI
-0.8606177023543187,KSB
0.7866062988924744,CMV
0.3460400311021011,VNL
0.0785001995861741,KBC
-0.8547231229329402,SKG
0.8720568003586188,LHG
0.8607067929522084,PGI
0.8628094679837096,ANV
-0.468188094595164,EVF
1.9421936063714307,MCP
0.015433275483225834,PGC
-0.3189377372036456,IJC
-0.22149768857816224,HID
2.3940015531072434,LAF
-0.3888127298816405,DPR
-3.3668937159679992,BMI
0.0324173028238746,NHT
-0.1507469938970377,TV2
1.2442498046657642,CNG
0.05170224232768506,ASP
-2.708360001528355,TDG
2.4413891782976807,NVL
-0.817901052027045,PHC
-0.05925870108523933,CDC
1.667704930005563,DBC
-0.006974362964496282,SVT
0.04512241554308823,ADP
-0.5610746718465227,MHC
0.37431470109198894,SIP
0.2212411689228819,TIP
-0.10127288208235355,BMC
0.4373029964880539,SC5
0.008078648031764968,ACC
-0.08204300691299098,TTF
1.667117587373478,DIG
0.5759428683148289,TCM
1.0573396676949591,RAL
0.018951805322753378,HT1
-0.06950637773815883,BID
-1.7538857265298067,VAF
1.0191189496295765,NLG
-0.5681787966042022,ASM
-0.14908817432288735,SGR
-0.3005762322908804,OGC
-2.6737901386920537,TNI
0.8321435896744405,ICT
0.012160565285822909,TVT
0.41159003759463175,CRE
0.09587485496257021,TVT
-1.1304832008082564,DRL
-0.9978543144856175,TYA
0.38280327206461434,FCM
-0.2248011155263028,HHP
-0.2837384589860538,NAF
0.11777406839889984,TCM
-0.011224436964656638,VAB
-1.0737857744679757,NAB
0.031877776436495295,BCE
0.7349913828858687,VND
-0.7558558552875173,VHM
0.1381759885763369,AAM
-0.5743340545774118,LPB
0.46860493899153943,HMC
0.04503576612743704,PLP
0.2883933331546547,VCF
-1.6666178131507527,NLG
-0.7244947211871433,LPB
0.32873623445104655,DCL
-1.7560502176493542,TIP
0.7597822822045699,PGD
0.0497320108916897,HU1
0.9987651225268587,EVE
0.006207182326561493,MSB
0.9663177998394135,HRC
-0.0030895986419726996,SJD
0.011756480410744917,VOS
0.1211712479872458,CTR
-0.8650715424771847,SAM
-0.4688760946155046,CTG
0.47469612231790287,SGT
-0.223425883247401,ORS
0.7098049441881872,HID
-0.09956655213529925,SFI
-1.5954181120019246,SVC
0.7951236954456818,DXG
0.018123257665535648,SVD
0.34911241218240974,BTP
0.287502654241587,ST8
-0.004864726025937184,MCP
-0.6817173351758029,DHC
-0.7770729348846503,SHB
0.005916506007162316,BMC
-0.414963913546597,HVH
-0.7213826852253217,VCG
0.16142689568153543,TCH
1.003767395246609,RAL
-0.30663504116174156,TPB
0.668311472889056,LDG
-0.004864726025937184,MCP
0.8186727075936363,VHM
-0.30703256560952336,HT1
-0.37399007376023496,SJS
-0.15154367826935516,TCR
2.6272269356021964,AAT
-0.46032003587472714,GSP
-0.08657898106960976,LGL
-0.37144304706582576,VIP
0.7417813816820535,ASM
0.09422479386400184,HUB
0.004616794520872598,VJC
0.9967970323407946,VHC
0.05465655722112093,DTA
1.015807799920824,DVP
-0.09838508717538123,TPC
0.5646735103048682,HAH
-0.6636903710446925,TV2
-2.235018804413664,DXS
0.008078648031764968,ACC
1.8022953178264638,SC5
0.25619227955025203,BCG
-0.7658135774263626,PET
0.18654197238185893,SGT
0.265458930509612,VIB
0.3339667645731109,CTR
0.5833030442687881,CLL
1.0527295944291504,SJS
0.3711473255394092,JVC
-0.10822590566472388,PDN
0.5333484922900765,KDH
-0.15765745747095716,SJS
0.26167266758730773,TAL
-0.08563968765283962,HPX
-0.5030488164909043,NLG
0.48916180055360614,HVX
0.022876160959303934,AAM
0.03613302467133759,TCR
0.6383501868570609,VPD
-0.2218180513735543,SBV
0.4465909810002961,ELC
0.6215328691250934,ANV
-1.1641538436602765,ABS
-0.8840699635102804,DXG
-1.259989479017772,PVP
-0.9445584551735485,SSB
-0.3665223389099105,NLG
0.48077105005424464,TCI
-0.6376642939759237,TCO
0.057507063424726834,TIX
-1.086035186823886,BFC
0.007161490546100228,HTV
0.30381084406603565,SBG
-0.21037612622802132,BKG
-1.0337350620237988,DBD
0.3710135327627656,IDI
0.15164942858881655,TIX
0.7671898657744491,SZC
-0.0049924012690083005,VHC
2.756466503647586,LPB
-0.24281879903148093,TTA
-0.9991701339610017,POW
-0.375372248029119,DVP
1.3112618427398517,VIB
0.2327602135724251,DRH
0.020086310615538713,NVT
0.5464940979689565,HDB
0.21600288077170562,ABS
-0.8683212019558875,TDM
0.06498218563453641,KMR
0.9837068006988149,NBB
-0.024751085154507194,TMP
-0.10186017594319997,TCB
-0.8064253619378671,TRC
0.4059896310326603,HHP
-0.43809442139796867,HMC
-0.3037972441553284,TSC
0.06746032480872302,BSI
-0.668770373937586,SFI
0.2863648777678676,DHC
0.5748947970100976,TRA
-0.6579195454474555,CMV
-1.1190480644854035,BMC
-0.04386165855295459,HTI
-0.30712566812844916,ACL
-2.275343037651957,DC4
0.37630039754883926,VIB
-0.4984353218585072,BAF
0.3264809998572624,DSN
0.8823750777782563,VGC
1.2711288193560308,VPH
0.8393094876328567,FPT
-2.6572447025392414,DCM
0.6055395620365492,HTN
-0.16195354799530087,IDI
0.07078696392008337,LIX
1.9654743864394268,THG
-0.040003774254101336,VSH
-1.5772922982534172,VAF
0.22207446055895186,HDB
0.4250326401061177,STB
0.7564127074321251,NSC
0.10409356767481513,PNJ
3.047491577016647,VNG
-0.8852379721310493,SGN
-0.8638448820038598,SMB
0.1089229363543829,TVB
-2.363793107247777,ITC
-0.7820825397690121,SAV
0.020762476156149852,EVG
-1.3997460367312795,NVL
-1.8671613182332505,LIX
0.5409283671823328,MSN
0.7536946885942861,CCL
0.5303249319790322,NKG
-0.03442921915365666,HNA
-0.41556596819353936,BCM
0.024446818269452077,TLD
0.41245433332306214,TLG
0.4675280235817447,HVH
-0.611874811991953,GEG
1.1583495405673438,HCD
-0.028599439991756733,ACB
-0.9336066584945927,BFC
0.09790483808983656,TNH
-0.44305178305230775,CTS
0.9243508354431081,VDP
0.6048730562514861,KMR
2.124434315124847,HQC
-0.28456167038012464,ITC
0.12177717436180575,VMD
-3.6361173951091215,GSP
0.012274989498509439,SC5
0.6097771022112352,CKG
0.5668442363066589,ANV
1.0322532984633286,DHA
1.4027594659861475,CCI
-0.2682475215959525,GTA
-0.01768901764287977,VAF
-1.5605158957367862,AAT
-0.6434604746469847,NBB
-0.2814230012011973,LAF
0.6638235563344137,PAC
0.028112285754165734,TN1
1.4767798041442632,KDH
0.12044051694603755,GVR
0.024786873306155175,ACG
-1.543279456235861,LDG
0.01459725152390297,FMC
-2.699141385399845,ABT
-0.5395298503517705,CCL
0.6090088937512247,SVT
0.5854989924399248,SBT
-0.5859876393662755,VSH
-0.4801774876526255,POW
-0.2641676702992804,HCD
0.2280603379676595,ORS
-1.3689730870189616,HAS
-1.1741893704716047,ABS
-0.37216634645510394,TRA
-1.0936928310670944,HDC
-0.15566177179557147,TVT
0.11764329680314581,CDC
0.9067607835858725,KMR
0.1427169722102621,CMX
1.1578978305135712,PPC
2.206841630710149,FCN
0.616207701477059,PVT
0.5493174863880644,BBC
4.740767439862164,DSN
-1.4246836376247773,TBC
0.11582143212024942,GTA
-2.5178216296403675,NVL
-1.2126591182624733,STK
-1.472373625948305,MDG
0.37388657831111793,PNJ
-0.13846243867708552,TVB
0.9235155234776112,VJC
0.5524314726667655,ELC
-0.961090277077157,HAG
1.739603074111081,NT2
-0.6326201560290943,SGT
0.5917724006260492,PNJ
0.4094598321875357,DBC
1.34484403999118,GMH
0.42591702545665705,CTR
0.19269178366668102,PET
0.07952347154844945,DAT
1.1640633803878817,SZL
-2.327301797026288,TDG
-0.020564292720653403,VIP
1.102503952900447,MCM
-3.048360464186833,SAB
-0.21501282197206395,IMP
0.5281129372046599,FMC
-0.01803149338245371,HHS
0.26987882979712297,VCG
-0.20239247343679376,SHP
-0.1266563360054073,TSC
-0.09406328131012952,OGC
0.177934145843706,HVH
2.783843962371992,PAN
-2.9238617402926392,CNG
0.11612112634005156,MIG
-1.0560375433055111,CTI
0.1895745634887635,NT2
-0.4401195871307657,TCI
-0.4257614457692393,HVH
-0.5893843104731656,SVD
0.3239505898652241,VNS
0.17743607740715897,STB
0.2744940810580266,PTC
-0.2485508610036649,TDH
-0.4303667366306214,LBM
-2.3289384621459583,CVT
0.4369140757880146,NHA
-0.579057204464508,CTG
0.6249817793437389,BCE
-0.02627033401665442,S4A
1.0992118046958494,NHH
-0.010886727105730258,VHM
0.6106419273135022,SRF
1.287311310565334,BSR
0.6705378920794898,VPS
0.001551846068671221,CRC
-0.779077147304553,KBC
-1.3529367407603463,GDT
1.172969624641356,LDG
0.01998877547779228,ADG
2.5765329410861755,TAL
0.1249478738168676,PIT
1.168806788307037,SVD
-1.51404386185873,VIX
-0.7900279572566816,VPH
-0.685948573826206,HTG
-1.3330597612502877,HAH
1.770194594004896,HTI
-0.9541242584197849,TVT
-3.9533475809515175,ASG
-0.8830417595285805,VNG
0.5000244234697556,DLG
-1.3077316589283456,NSC
0.6617604521184264,SCS
-0.03828058822401695,HTV
-1.4666574731550353,TIP
0.9725962005356016,BHN
2.6214028933472973,LHG
1.4231537557703073,SMA
-0.48258466071109607,HID
0.1366111920184,TLG
-0.30597834451440137,ASG
1.5035667146146214,CKG
-0.16494956057067178,PPC
0.06592467922681029,HCD
0.7100317025882205,PTB
1.2454547232297863,GAS
-0.063109737817703,CRE
-2.6673628951156267,SVT
-2.0402351928143423,VCA
1.580717816908346,HU1
0.022746471693790186,STK
0.4372418209819967,DXV
0.2762025921511175,GVR
-1.1981355756161525,VIC
-0.0009499257658802867,KDC
1.648189169077303,DHA
-0.08370246036552628,TSC
-0.17618386874410333,GDT
-2.3139728784666556,DC4
0.9300766738732973,KOS
0.3200561931131141,TNH
-0.2965839724647299,BAF
-0.0264407812785305,VDP
-0.7205999992251156,NSC
0.05699721466943933,HCD
-0.4028459954847299,DHM
2.0194430172971987,PTC
2.168525265359581,HQC
1.444420044183556,PJT
-0.7776517186734071,NCT
-0.5426030295998792,RAL
2.727802184441841,GEG
-1.1382669671085406,CSV
2.21681037761921,SGR
0.16240295931534537,DSN
-2.1546047955940097,PTL
1.4648135835612168,NAB
-0.4109146744182011,LBM
0.1797666816352251,DLG
0.421673838848678,IJC
-0.1377921751616684,TEG
-0.07331310126365388,FCM
-0.09683621655858723,AAT
-0.19289435800843185,NAV
1.3014845437125857,CKG
0.007161490546100228,HTV
-0.5649398971064191,CCL
0.33221283979478894,CHP
1.4468827635752022,MWG
0.8459781601387473,PPC
1.2878658560307599,GAS
-0.7939195734644691,DPR
-0.1332481237600228,LHG
-1.028297036088252,VIB
-0.7022524843248792,MHC
-0.3032361009643968,ITC
0.272131342168656,CTG
-0.6199867859943509,S4A
-0.08631041138188396,HVX
0.9552364839946896,EVE
1.905082196804594,HAS
0.20791296010107183,MSB
-1.1488402847388772,TMP
-2.7041813575216986,NTL
0.40266277703961867,VOS
0.8201027022309395,BBC
0.03706341576841501,C32
-0.03462821838471555,HAR
-3.0114203443650283,PAN
0.23798886548132847,HAH
0.33677588008073667,PJT
0.18080949684845216,OGC
-1.1623536263864032,HVH
-0.7514991814591264,TCI
-1.9302191445718162,STG
-0.04915073662713966,HQC
0.8640291349003432,FRT
0.062230873395628036,BSI
0.8362755588622374,NAV
0.6984076110379527,TAL
-0.5363357900022377,VTP
-1.9522822326639815,LCG
-1.5460682999594533,HAH
-0.5835309794485497,CRE
1.3954066533037839,NHA
1.9311545394667633,DIG
0.10510426641082687,KHG
-0.17572499761120725,IJC
-0.14420892935120486,HDB
-1.262261162842054,TSC
-2.268407431048303,FCN
-0.07298557033602722,TSC
0.26112784932264116,DXV
-0.6627910180960931,TTF
0.07308026277469112,VRE
0.37260721094149707,TLG
-0.000200210842177191,PJT
1.82403147195786,TCI
-0.30276323126447036,ACG
-0.6117416731350475,DBC
-0.24828923219965604,CHP
0.7634963308341333,NTL
0.19667104560705123,BSI
0.29233429213591144,PGC
0.1261717597775473,HSL
0.03942839082399665,NHH
0.028112285754165734,TN1
0.17524884343133476,VSC
-0.010278857846892493,ICT
-0.323330053644038,CRC
-0.20759679385607122,GSP
0.7323182805779461,PET
0.41732708445328215,NO1
-1.1389967434778843,PET
2.474214915895778,TDG
-0.605151514568919,YEG
0.8295035730554698,PIT
0.4583981520060232,BVH
-1.9586134771040133,FPT
0.2635571819525966,SZL
-0.09337318677624236,MDG
0.12358809214630266,SMC
0.3602721047202015,PLX
1.6226288854352746,SJS
-0.909157940847526,HAP
-0.4389388067809373,BMI
0.6013261739831492,DTL
-0.44439977924074053,SCS
-0.054682129825545954,PET
-0.08526224387485543,TDH
-0.4830761534315183,DBT
-0.9876611777041803,CIG
-0.2459724748885499,TDG
-0.13629728599409446,VPH
0.10059132243630223,LIX
0.18108810876377007,SCR
1.9102412137335263,SC5
0.8808510246484565,SIP
0.15499717562738355,MHC
0.01853429594566506,ITC
-0.08412335181091633,VCF
1.1398145442562524,TRC
0.004158505906995598,EVF
0.05698447080102158,SFG
2.569876416435382,DGC
0.5856287515839488,VIC
-0.38000255264919586,TCB
0.3737680203541362,SVT
0.0923005343537716,SGN
-0.25421227074171426,JVC
-0.00719836091860017,TYA
0.12469188074375535,KHP
0.08084872887424921,VPH
2.0847881641304076,DLG
-0.060267647129785065,CTS
0.21255586307026422,DVP
-0.05610003499448685,DXV
0.19309492123822075,BFC
-0.5731074137055971,VPD
-1.5505751714499842,VTB
-0.28414269300107486,HCM
0.3080088121977484,HAP
0.29438370809045633,FTS
0.6141652387493709,TV2
-0.3548812951296219,DC4
1.1156620229760261,SVC
-0.13442448001467516,SMA
-0.16152967895797166,PGD
0.8368791225676612,JVC
-1.0595931973048793,TLD
0.6512010671008527,LPB
-0.8534053369663421,NVT
0.5231465483459593,HDB
-0.4814287995486281,BSI
-0.038616142255850645,LIX
0.08040300819041528,VIC
-0.5903464957633109,GEE
0.6141072912913487,VJC
0.29800565729563366,GEG
0.22944067920457903,SHI
1.6273166035374003,GEE
-1.477842623311911,FIT
-0.005930102498459649,PVP
1.1526211031954519,TVS
-0.07431517496839117,BBC
-0.12264464792694724,LM8
-0.07057781475519034,AGG
-0.2979163673021636,TDP
2.5910083190787856,DGC
-0.5753627694132688,ACG
0.5439479892276755,DHC
0.2359722876002482,ADG
-0.014537026827334171,VNS
0.06348845996905979,TTF
-0.010001346113462593,GEX
1.2036805752151356,TPB
1.2957931326650594,SGR
-0.0264407812785305,VDP
0.29062899484904914,KDC
-0.7568468352168016,VNM
-0.02996748510859273,CTR
0.2046874161095905,NCT
-0.5034270462926166,VAB
-0.3970413819479919,HHV
-0.2761192309618053,CNG
0.23457902862562074,DHM
2.9073788710585178,OPC
0.015255258796785395,HMC
-2.6588187139786963,HDG
0.01853429594566506,ITC
0.013098078317394157,ST8
0.8312059574833806,NLG
-0.003618052175033325,PGI
0.44305639699186,VOS
-0.2057544153647272,SGT
-0.9447072647496713,BRC
-2.1668995041101993,TLH
-0.6383004603951499,VAB
2.460318033905582,SVD
0.004158505906995598,EVF
0.013377725558469403,SFI
-1.011324519937935,SRC
-1.4842815498728137,VJC
-0.14335711415347585,LBM
0.00866844301216053,CSM
0.8123753923340412,VFG
0.03613302467133759,TCR
0.2595349861254616,DTA
-0.047820809079765436,HHP
0.4293241992633779,KDH
-0.46576933642994744,DXV
-0.07876858719957885,EVG
0.19530630488887293,DLG
-0.06266967781790109,TLG
-0.2833285308403231,BCM
0.017275768872348746,TRA
-0.34703316451359034,CSV
0.011830004151621692,CTI
0.1000895652103703,STG
-0.11652566220657971,CTI
-0.0664008090245303,HDG
-0.2731909224997104,LAF
-0.6701052690739235,VSI
-0.6099191885902248,BMI
-2.050163668190751,ACB
0.6406830920963387,GMD
-0.06635791735072984,GEE
1.015829335900353,LPB
-0.1296313005362174,DHA
0.43875371356114923,GEG
0.3141788493211439,FRT
-0.6466578396416951,VNM
-0.006848030183802705,DHA
-0.004385846804446878,DSC
0.02136277273462323,FPT
0.009086502229505166,HCD
-0.01574428151394302,CLL
-0.1439135185949908,AAA
0.016179423314348886,NKG
0.2768509334736317,HTG
-0.008094871487904687,TCL
-0.043900548160177646,DBD
1.0580534754137292,SHB
0.1357725196585756,TDH
0.8530319140471508,ST8
-0.06345626579326227,CHP
2.0989374166113577,FTS
-0.0717125630810231,SC5
-0.006300765478296128,HAG
0.40778306996639235,SMB
-0.7700471726813265,ADG
1.3554272687442657,ILB
0.8315616260449974,BKG
0.0362638322978957,SBV
-0.99786174293806,PDN
0.01811243066550267,CIG
0.44882711621792437,HSL
-0.7502670107612985,NVL
0.8824929494670883,VHC
-1.969727879699032,VTO
-1.4317739311442217,TDH
-0.23472020950051908,CDC
0.23380363488234773,THG
-0.5341936823295346,PNC
-0.038616142255850645,LIX
-0.29363008027571225,DSC
-0.34382414087907137,PVD
-1.2321256528633429,SFG
0.01966832860068962,HRC
-0.5090501263845314,KHG
2.204161831866433,HAG
-0.7833958969039873,ACL
0.1373969677794292,PC1
0.26980210054026266,TDG
-0.14814890316894755,NCT
-0.8167643513051052,HII
-0.5802787526275953,BIC
-0.5175650959791983,HTG
-1.381040555397712,VIX
2.587628984854638,GEE
-0.6360426305641566,DRC
0.004158505906995598,EVF
0.09565371018310179,VHM
-0.5956067951156494,PVP
0.0849840536436567,VTP
-0.6865572873257046,D2D
-0.7710550109968277,NT2
0.4133316251954558,RAL
-0.7291331617977928,VPI
0.7760103050476581,SAM
1.7642990246029806,HAS
0.057645725020512364,DTL
0.041648220267443886,GEE
-0.4648785297386109,HHP
-0.16038759543915915,KDC
-1.6398920105197736,ORS
-0.9796199784081506,HPX
0.3781676596582319,NAF
1.9442689363790513,BIC
-1.1746987092158148,SAM
0.6124332294825173,YEG
-0.07208956202739311,STK
0.034665017933939175,TNT
-0.1406344770262812,DAT
0.8781857073682853,KSB
0.05460173344168539,NVT
1.252720235418954,VND
-1.3458421865954866,PNC
-0.00975072148492564,VPH
0.31730888946579644,SMC
3.0444010867519817,KDH
0.7938475555052827,NHH
-1.1814174061208986,UIC
0.46901230240656766,GSP
-1.6182837366976703,TDH
-1.177118231159603,TIP
-0.3124018743119179,SMB
-0.5386232794576434,SVD
-0.23277870635184073,OCB
-0.016244576366109025,NVT
0.3018382005891901,HVN
1.2965997300660956,GDT
-2.1003389525081273,TCR
1.2192461922392959,DSC
0.5461835507149866,SZC
-1.0199247566407645,ASG
0.3409511926412098,HDC
0.020086310615538713,NVT
0.27543431032851057,ADG
0.4308263632828792,TDM
-0.241800087099979,ABT
1.99259468649673,AAM
-0.8237167875962835,SVC
-0.35482352018125823,CLL
-1.4080325898031483,CLC
-0.5007333686611494,CTR
0.4855072895154078,CMV
-0.3450227721517034,PAN
3.1272408042201585,SSB
-0.6326744965978253,ORS
-0.13550729503801393,DVP
-0.044035331429076126,VCF
0.009086502229505166,HCD
0.6597111567782055,CIG
-0.14114169584125588,VRE
-0.10240144097293502,PDR
-2.7045552530829817,TEG
0.14537043734561383,EVE
-0.023366544172381782,CMV
-0.0014816338040509857,PVT
-0.6261727842460683,VCA
0.2528697255817697,PGD
-0.4099693608547014,ASP
-0.8475514133974746,GIL
-1.617030031587643,DCM
0.00209073858101088,SHI
-0.3049806879619338,PC1
-0.777337343691507,SHB
-0.5770562966561164,HSG
2.1418328851607757,HDC
-0.7638085536943651,MSH
0.46022480250007897,VNG
0.067334027164611,FMC
1.0684453324516097,LGL
0.9515748922840236,FPT
0.1846370039967999,NVT
0.8003173504183954,HDG
0.016179423314348886,NKG
0.8311268755173528,ILB
0.34752059347433706,SSI
0.24740003818339498,DGW
0.06752041985150288,HVN
-0.12073103850867423,TV2
-0.9311722747488628,EVF
0.3353643724339739,SSC
-1.3996285939977007,VID
-0.0045751588509370545,SBT
-0.4509689110758831,SGN
-1.90452600404647,LSS
0.006453295359853701,GSP
0.22433807201217792,SKG
-0.15201924751485746,CTF
-1.9603668809075177,SRF
3.0781485890092424,KDH
0.3747310233448046,VCA
-0.05386552748851777,TNT
0.24621842764560453,CTD
-0.04122022539290429,HII
0.028813633490521434,VID
0.4799403298177881,DC4
-0.047308013883519386,BCE
-1.384375442565093,GEX
-0.1105276209421657,VTP
2.0555170141971444,CHP
-1.551400964845105,GMD
-0.8928082569379829,VPB
-0.27578025573284026,PGV
-1.3367016791458473,EVE
-0.790707874653352,CRE
0.06715384011419694,AAT
-0.010977080842714097,EIB
2.754159981781377,HCD
0.2844849108050889,ITC
-0.12666124043043,LCG
0.5888371020227433,KBC
0.14879897652096818,TDC
-2.6512668792679484,IJC
1.6824763796361328,CHP
-0.8013721183023201,PHR
2.063005327545274,POW
-2.579180943504253,DCM
1.9739882277608447,TIX
2.244707031991712,TV2
-0.7009311545237412,VIB
1.4890668824086186,MDG
-2.1908805202260453,ST8
-0.3432394252196427,NAB
1.3963271492256009,DC4
-0.1677439670205106,TCB
-0.6249386940113126,OCB
-2.202399053891507,HQC
0.24390388014961886,BTP
1.5539383078015958,CCI
-0.13852632113130797,THG
0.8312818365091151,KDH
0.32820353172227235,EVE
0.41256807005419094,VSC
-0.11416117944422562,APG
-0.24136967455532338,SRF
-0.08401952355874096,BCG
1.4333322536439748,CMX
0.8386154719169994,CII
2.1072067056699972,VOS
0.4599598591484726,GEX
-0.014418223887514183,STG
0.2704807143931056,HID
-0.6537330686291664,PVP
-0.6034905577598392,PET
-0.21874187941426831,HMC
1.309176577655371,DVP
-0.3785992031090634,NAB
2.5407272458306442,SSI
-0.1889171063039622,CRC
-1.389322197225731,HTV
0.427822742378284,VDS
-0.09892411067816514,LCG
-0.5698624792815419,ADG
0.004558087972000823,ABR
-0.08557781833050834,BCG
-1.480849508213258,SZC
0.4158210667322352,VPD
1.6891400455414787,VIC
0.5286043342559931,PVT
1.1404778518024545,VHC
-0.6097452170777699,HVN
-0.331021847181691,SHP
0.4045934632416889,SIP
-0.004835036487623733,SSC
0.4316926000728699,TCM
0.6777712983783529,SHB
-0.6828863541661504,DPM
0.023256748796257352,BMI
1.5751052876071303,ABR
-0.052212755498853416,TDG
-1.164376571999521,HVH
-0.17327293791945395,GMD
-0.522870869386191,HAG
-0.4510579390162524,STB
-0.023989096304515546,VNL
0.14206261556166136,KOS
2.439965705624486,TCO
1.082269948631389,BCG
0.029208460341036874,NBB
-0.014418223887514183,STG
1.1264445580371691,ITC
1.1983041361305542,HAS
0.19417208407927303,KHP
1.2294221169451003,VNS
0.36227692453533833,PJT
-0.04568751032569677,GAS
-1.1368249203604848,PGV
0.8459363109022032,UIC
-0.15711664900349387,CTS
1.3843328059918196,CTD
1.6518701196663583,SKG
0.22773653559209184,DQC
-0.19798882719396235,SZC
0.08843316913799149,C47
-0.03397935382536765,NHA
-2.342740515593851,CII
1.9314431968741574,NTL
-1.0160059864085214,TEG
0.731540689797271,TEG
-0.8818315217943331,VDP
-0.5051299098578302,NHA
-2.602908460769769,SAM
0.015607452319873193,IJC
-1.1222024927949532,NTL
0.5015334227313639,BRC
-1.2934125661749691,HII
-0.30832537706992963,PTB
1.6304023468776554,VFG
-0.144580904383071,NO1
-0.0049924012690083005,VHC
0.28101907724585445,CDC
0.19276925204371215,DXV
-2.215357628108949,VPH
-0.11115151080214525,DC4
-0.0019336602746562672,LM8
0.2257577815784524,CTS
-0.04613334019022306,NCT
0.5531285858295384,KBC
0.698757329902337,BCE
0.13346004491665509,SVD
0.0011307821903262022,TNC
0.5126082565435172,HAX
-0.12840412505878127,VPG
0.22222663784044802,DHA
0.7364840479423628,LAF
0.10994451787521445,HDC
-0.7576660021408432,PC1
1.511405315801498,CTI
-0.164200652652263,SFG
-0.6540522545743682,TCO
-0.3074706694061119,HCD
0.7977530731334143,HTL
-0.49177862022620045,BVH
0.2593000676556197,HAG
-2.2656687527528305,PET
-0.03594108269910069,FMC
-1.8100377412829158,AST
0.5827069312101094,SHP
-1.2302648327817327,GMD
-0.7847700390912645,HTG
-0.038616142255850645,LIX
0.32777224960033197,HSL
0.4986475681814354,TDP
-0.00032934254271416673,DBC
0.2933421626932622,HPX
-0.05057034063086347,SRF
0.19381811257395498,TLD
1.457120597734765,SCR
0.13576123029276863,HCM
0.06858207445333228,HCM
0.5815086559639566,AAA
-0.5593619185006475,HDG
0.590595125320355,SVD
-0.9174935487698475,FIR
-3.3720516904939006,DRC
1.1278592630453865,AAA
-0.01343741566151019,DRL
-0.637325483696942,GIL
-0.17487943835458775,PVD
-0.15242578179533708,TMP
0.3497225102859358,ITC
-2.3768042352125884,BBC
-0.08383945632644757,BMI
-0.04230042849654645,C47
0.005240834888945813,QCG
0.7917837504507572,DAH
-2.1169424810555406,TVS
-2.258007676153097,BMC
-0.45513748942756765,CII
1.1191244909327116,BTT
-2.3498164947030165,GMH
0.06337495334590859,PIT
-0.3044365534117021,PVP
0.4154137542739061,PTB
-0.21750119870426957,SHP
1.4658841163671508,VSH
1.6052949046412952,SBA
0.33360109917238634,DCM
-0.20019045187558374,SSB
0.30969942340208756,DXV
-0.017011077661901037,HAR
0.4428787724973695,CTR
-1.4315079354755613,MDG
0.14020109983411405,PNC
-0.972314798717269,APH
-0.3432786194427834,HSG
0.2764172975262479,TCT
0.28463248542800407,VTO
-0.008373754902828255,DHG
1.388111592021658,TNI
-1.0302656593666224,VDP
-0.3622139402034335,SFC
0.6152044714741768,TSC
-0.014537026827334171,VNS
-0.4522204586563301,ASG
0.5950214232781132,HDB
0.004158505906995598,EVF
0.2005010438893314,HSG
-3.400711046302293,HII
0.17306186769978327,NAV
-0.7327672789950039,ADS
-0.07689479502109633,HII
0.6980561479947636,PTL
1.073295950843673,KSB
-1.1349479655921573,VDP
-0.17942040587195224,TRC
-0.6237298219717247,SBG
0.557183684000282,GVR
1.192976221624201,NLG
-1.0341868597933523,PVP
-0.6808585935786003,CTI
-0.01343741566151019,DRL
-0.12855240499699638,VHM
-1.174102979420276,DPR
-0.38755428648792833,TYA
-4.0489745805600625,SHI
-1.1396892902626008,HTI
0.2635588292329152,NNC
0.6490585784415043,NVT
0.8126340840005338,PLP
-0.0890157867054828,CCL
0.9058185824805962,CLC
0.009713457624341842,JVC
-0.1925014533378548,SMC
1.5673936675877367,HDC
-0.057032322439249765,VJC
1.0728765609677078,DAH
0.15027157673767885,HVH
0.15307497629069655,TCO
0.5524292626343883,TCH
-0.12920091854362672,ELC
-1.0516818417583698,NNC
-0.01677450126770854,NSC
0.48455282077003503,GMD
0.993052220679696,TNC
0.011163059555882546,SZC
-1.7829355328178782,KDC
-0.4352480489264884,PGC
-1.1931538779438087,STK
1.06470818633568,GDT
0.012210617965143007,DGW
-1.2040914316817903,TCO
-1.0396496252239207,PPC
-0.2718196761695335,DHC
0.01925946182244092,TDM
0.6451964637604989,GEX
0.1952864635097307,ABT
0.1929542149098766,QCG
-0.09999024694391612,STG
0.5259851548291283,TVB
-0.715339230297979,EIB
-0.28996573355131744,OPC
0.5463384143968396,OGC
0.5182602949161079,CTD
0.6161566728106399,BCM
-0.6157504292607596,TDG
-0.2590663144888203,TDG
-0.06736400990698227,BSI
-2.5004093547327493,ORS
1.1646911106702909,SBV
-0.5193227183865871,QCG
0.3799175083742101,TV2
-2.206542317120813,CTS
-1.4625269843964714,BWE
0.0676516819890875,DPM
0.6733363413845298,SIP
1.9221027039844096,KBC
1.9998530784399677,CIG
-0.11575072006713248,TCB
0.030428795898334436,DHM
-0.04573902274547264,HTG
-2.3270735402926723,TIX
-3.288079537281547,TCM
0.019263079553071816,HSG
-1.1329962515676788,KHP
-0.35477756364688845,ACC
1.4152461068839162,TNI
0.06900052985677735,APH
0.10440973604217156,HDB
-0.014418223887514183,STG
1.2059543516371336,TPC
0.8726274206895752,SAB
-0.1374155348536236,HTG
0.10910413571802183,NNC
-0.1559439490637268,LSS
0.34640295601911436,AGG
0.3535976845501434,SAM
0.2905186811880564,KHP
0.4060835461340949,CMX
-0.19204338305115642,DMC
-0.06678986559824751,SGR
-1.761136152225631,FPT
0.6393843447038566,HVX
0.18536375037718514,GAS
1.09969685100314,TPB
0.246678694546188,PLP
-0.569318817494464,FIR
-0.24558727567583344,STK
-1.587091518620487,BKG
0.019740667757863584,FCN
1.1510923110200577,CMX
0.4356117069896546,VNM
0.004158505906995598,EVF
-0.22397481493928875,THG
0.05924642278010028,VIC
0.4219612158527653,OPC
2.0884774220256044,DXG
-0.441592856419764,ST8
0.11114182311033007,SAM
-0.9108256857001635,EVG
0.2763010454826371,HMC
1.2893180748444977,DBC
0.3438465685566497,GEX
0.28035472253444704,PAN
0.7756465394406408,LSS
0.9082213251495067,VNM
1.1380544865254096,HAG
-0.3377294997649868,SMB
0.08114561966713693,GEE
0.8766583551041348,TMS
0.19932319909011792,CKG
-0.3145876137539683,OCB
-0.539537606358301,TLH
0.4321684453266983,DBC
-0.8038003524485301,TMT
0.3357244854217304,VHM
0.3371475023060704,TVT
-0.42929278398820025,EVF
-0.33508811559828494,BID
0.40237129556647105,DBT
0.015433275483225834,PGC
-1.8159894592722152,DBC
0.27812303658675286,DC4
-0.12242496608397478,KBC
-0.9994027015704461,HT1
-0.016731769693568224,DMC
-0.06345626579326227,CHP
0.13838117810155698,HAH
1.3123339278850301,PHC
2.1513464130469773,CII
0.8020240710371248,C32
-2.526176413665832,CMX
-0.3891901536872574,C47
2.113737222288821,EVG
0.2402516838269689,VPB
-0.13766219420501516,TNI
-2.2549952775232804,VOS
-0.6067215962886963,DHG
-2.0422603740191985,NAB
-0.29515509119359845,NHA
-0.15166489055364837,SGR
-0.16602579624137942,REE
-1.111917443039026,VIX
2.065539019347696,VRE
-2.10425980692373,DBD
0.045059397440728816,FCM
2.2526295776573475,VGC
-0.21056397612935865,TDP
0.4141949066918669,HSG
0.5712783932353673,CSV
0.02998585398305243,HPX
0.7141911773127215,SAB
-0.24504168943841645,VCI
0.683524029433904,CRC
0.03288315152464663,SMC
1.4072335645103913,DCM
0.9680718220934733,ABS
0.01732707400716979,DRC
0.4572457506902847,UIC
-0.841391670393166,HDG
0.5323897221847453,TRC
0.23920519905962553,PVT
1.9351619443327377,SSB
-0.04007052630584957,SMB
0.612329959698537,SBV
0.006874524103140118,HAH
0.027434199616881812,C47
0.006453295359853701,GSP
-1.0699925919914928,BRC
0.4233397745649221,VOS
-0.6993483494692952,TVS
1.6043274992097454,SSC
-1.3797563229411303,HAP
2.7765168090614547,DQC
2.3888680367007384,BMC
0.023976770320009815,PLX
-0.08877193392852038,LBM
-0.4710815966919397,DXG
0.4117656247606989,ICT
0.25154203875866193,TCM
-1.589546062118566,VIB
0.38943304776274074,POW
0.29420033224938197,TCO
0.0341408805583172,HAP
-1.0168619311771843,SBA
-0.1388154329949496,SC5
-0.8099506929312904,IDI
-2.4928250287827267,CTD
-0.20385949514720123,FIR
0.35682997857411497,VPD
-2.4783618827090694,HAH
-0.017617238915926134,VCB
0.49937862596341326,VPI
0.7599736537111318,DGW
-0.22154936255598998,ASM
-0.23582917262630743,VCA
-0.11150713434956173,TLD
-0.5985628903017148,TNC
-0.44965101255725853,DVP
0.7199633122752517,PIT
2.3378616689550022,HAR
-0.011071580345109812,ADP
0.28588779667391684,IDI
0.01811243066550267,CIG
1.0327183732417615,C32
-0.10847396482236832,CCL
-0.13332097405757495,MCP
-1.1567348122348384,REE
-0.06862019619517676,VHM
0.4888471145349125,HDB
-0.6371144350798525,SJS
1.4429989156001355,VCA
0.2839581846193539,HMC
-0.41291412888972495,BMC
-0.3752001546047251,MCP
0.5604535949290008,BKG
-1.6935057077916689,CTG
1.0542672828614095,S4A
0.9519508190168838,VMD
-0.7216971355102696,ACG
1.9024874407095116,DCM
0.11661419531659407,PVP
-0.05485236447842001,PVD
0.4641486566547112,MSN
0.3292304855024111,DPG
-1.9435743099449292,BID
0.3567695455800461,TDG
0.3117760857549711,THG
0.6368652458650458,FRT
-1.4273052677582003,TNC
-2.316155261602001,NKG
-0.5801175367660685,LSS
0.008078648031764968,ACC
-0.17943518830881577,TPB
-0.22002092015281235,FPT
-0.44720865244350283,VAF
-2.7582151288233603,FRT
0.009208852275549986,TMS
-1.24181557936282,DVP
-0.5486353778707789,SCS
0.25522762905000085,NKG
5.069741153250644,KDC
-0.06728217872732097,BKG
-0.2868808807366496,KDC
0.14391437539329335,TDG
0.7273140784306845,UIC
-0.26110330785961794,PHC
-0.046076060032822566,DGC
0.057201696042715335,DBC
1.126439671609199,SRC
0.43641214256746225,MSN
-0.163147986849632,ST8
2.9260780462026235,VMD
1.0837161769933927,NVT
-1.1262317460211007,ASP
-0.4662239306025224,VIX
-0.2442073999817441,DIG
-0.10294894914245535,DGC
-0.40291373219690346,NHH
-0.044092835390938355,TVB
-0.7059862539250984,TCI
-2.555336620676279,ABS
-0.5720198762990951,DPM
-1.3264555110724778,TDH
-2.0292296927253677,BBC
0.20879877820055562,ITD
0.12138248753027471,DTA
-0.9990790671662835,VCG
-3.486279868882365e-05,BTT
-0.1437061777950711,VNL
-0.8842139745545656,DCL
0.8087990254802471,DXS
0.3949083464835028,TCT
0.14441340334164846,FIT
-0.16666175596405552,ACB
0.01811243066550267,CIG
1.3013677952797875,HHP
0.44815679961697785,VDS
-0.6813866567660477,APH
-0.03611241160351432,TBC
-0.00726800659758429,SRF
1.1141630892052776,SBT
-0.650718441631418,VCI
-2.1554062731143424,UIC
0.48823054835385044,CMV
-0.7750295069619523,IDI
0.01459725152390297,FMC
-0.5102228593737376,DPR
0.8558555233189097,FTS
-0.33512324870673554,MHC
-0.4010603507182746,HSG
-0.007402523705726499,OPC
-0.1891267431565288,TYA
-1.5957965417298714,SVC
-0.7877968579592952,VPI
-0.10039695318323968,TNH
-0.8248203162303143,ICT
0.33210730116946113,DXG
0.7797581540154178,HTV
-0.2591652781506077,MCP
0.358993476949756,HAP
0.1213134536508457,BIC
1.8229120027484664,HT1
0.27798833315954224,SHP
-0.43224091371360823,DC4
1.4621008648026286,S4A
-0.14852728476351468,DBC
0.43271124047504284,SKG
1.067487903397431,DMC
-0.31487793158844907,GAS
-0.6356495584165534,SMB
0.4460618388690245,HT1
0.7964191767427992,CTR
-1.99370846559956,C47
0.07046784574832364,VGC
0.4542811643918103,TIX
0.22341335022397688,GAS
-2.8261917391607168,GEG
-0.43714174993545835,VTP
0.004158505906995598,EVF
-1.8992213336774204,QCG
-0.5472638682217634,TMT
0.2412953113700172,HSL
1.3065899152580165,VDS
0.34030450593481026,ITD
-0.6935013458339891,SVC
0.8713639495801072,VIX
0.004603278282364844,KDH
-0.024699671355255956,YBM
1.3187944571436596,BCG
0.11115158835659286,GEX
-0.1186987141154016,NT2
0.006316405241595661,TTA
-1.2462856338829875,NVT
0.025286651832193426,SPM
0.024848883416702383,SAB
-0.5789299286477644,DTA
-0.1419647565940226,MHC
0.03725911110027894,FIR
0.22715521736883945,ABS
0.006207182326561493,MSB
-2.8893571621520335,STB
-0.40427099863420063,VPB
-0.0264407812785305,VDP
1.5270969677335648,TVS
0.17162660300650312,PC1
-0.44975331985074485,TDP
0.23497857048619,PHR
-0.2598969450779692,HID
0.5831590298886227,CRC
-1.5507245891771133,MDG
-0.72186209411162,GSP
-0.3832883388523166,AGR
0.4000469813211004,TIX
0.6699794131481662,VMD
0.05571820211173858,GMD
-2.642205070423375,VHM
-1.3668641708398388,VIB
0.40850147590417196,GMD
1.3942713686142774,CVT
0.03490476373496119,BHN
0.8549069518013293,VSH
-1.298249417691743,VNS
0.03154598345416735,VNE
3.779075230598033,BWE
0.16854701558216117,PGV
0.028112285754165734,TN1
0.687902965858137,GIL
0.583990160742604,VIB
-0.5561513629529331,DGW
2.294433054255682,HSG
0.4982185678945424,HHV
-0.04115409732248038,TDM
1.2529943340705496,MWG
0.13568377601022044,HUB
0.5077923815632774,STB
-3.502244854304363,PTB
1.5759860263474803,TDC
0.9645274831766062,VNL
0.2161578427398626,VTB
-0.7780037826904123,SCS
-0.216839273955372,CTG
-2.3400814385939794,APG
0.23155418413173517,SRF
0.6788286147997535,PGC
0.40455180149432135,LCG
-2.620093249034541,ASM
0.03900506491361488,GMH
-0.19725796049537672,ABS
-0.04220018171487552,DVP
-0.2412523190546042,KBC
-0.0406913853511416,KOS
-0.7291559269722663,ACG
-0.04014108143774654,CKG
-0.9431261060809341,SMC
0.14026958430330544,MSN
0.12572954095581454,VPG
-0.27210930127478333,BIC
-0.19870885551192155,CTG
0.08122281281281096,DGC
-0.10961873398917611,PAN
0.6258015991985284,HQC
1.1509986423373029,BMP
0.016179423314348886,NKG
-0.6598782738464479,BCE
-0.04007052630584957,SMB
-0.6931969137740304,NTL
0.39724471379146686,BRC
-1.3782379628350951,HAP
-1.442845324346293,LHG
0.1440404734455823,HVH
0.02365177267205379,VCA
-2.085476066170916,SRC
0.034665017933939175,TNT
1.2585018904710668,BKG
-0.01677450126770854,NSC
-0.22964019285491652,CMG
0.05657578674469122,SHP
-0.35516253979715584,HDG
-0.03278322785512887,VPD
0.5820779124833741,HDB
0.6974307537982452,PIT
-0.7285378032124858,BSR
-0.10236511293717676,KHG
0.5552688025120546,HII
-0.11556287636257916,SMC
0.24647691655494158,SSC
-0.038616142255850645,LIX
-0.04138732705292269,LBM
0.024935044751338096,ASM
-0.2017362406041153,VRC
-0.5411715150681088,BCE
0.8275282778461566,HAP
0.304307421853997,CTS
-0.08676876107885508,TEG
-0.04882345855656356,ADP
-0.9533994211588398,CTF
-1.7017674076149814,DCM
2.323011533822512,HVN
2.438673490844658,BMC
-0.8330341549287558,DHA
-2.401023713798226,SCR
-0.7408608247455479,ITD
-0.6340730169576054,BFC
-0.13394497397333285,CKG
-0.5906405135255388,HPG
0.20805886945384355,VCG
-1.1278278335151901,CTS
0.09124222286553035,CCL
0.4615822184537233,BSI
0.764271925109451,EVG
0.44583188981714916,DRC
0.08682294524468051,VIC
-0.24385725467803027,BBC
1.6301692375489967,PNC
0.06825693797707455,HSL
-0.32741591603544845,TTF
0.33522789582870977,HAH
0.25786425998700263,NNC
0.36716751597713077,PNJ
-0.9892023658712802,TRA
0.16329566086210362,GEX
0.4885703277453966,VDS
1.216000460605367,VIP
-0.5466903695141981,MIG
0.2911893516853502,CDC
0.7663773122226922,PNJ
0.053172273967525066,HTV
0.17799663458122855,EVE
-1.3713111950861574,BTT
-0.07647821589266457,THG
-0.04896613619656607,HHP
-0.5190046507832814,SCS
-0.20888293182758086,VSI
-0.3411700438432662,CHP
-2.834899991663274,VIP
-0.0009499257658802867,KDC
0.08926582979255655,VIX
-0.21045756627028808,HSG
-0.19900175267947212,BIC
-0.056699511205117265,VPG
1.0226706330299797,PDR
0.002173252341008279,SFC
-0.2583246806956721,CRC
-0.4884960944271151,OCB
0.06917823925648343,ADG
-1.0842299250017526,VSC
-0.00827926827495327,SIP
-2.87800240432099,DQC
-0.3124955187262009,PGD
0.5207740360762564,DRL
0.39381865271589284,BSR
-0.4271767422016104,PVD
-0.04115409732248038,TDM
0.9960480175429011,CMG
0.09191096643701996,SFI
0.012462185561779658,NO1
-1.5854736118071595,VRE
0.4966313997988045,SGR
-1.0796856177942757,HCM
-0.44512050757748567,SMB
-2.0277616726607204,YEG
0.8750561405378662,VSH
0.0011307821903262022,TNC
-0.5157334302038035,SAB
2.3675131814141106,CTD
-0.07387467430670261,DHA
-0.5325339328443239,DCM
0.6327597418473282,PTC
0.08358339881892107,HVH
0.9249056750935797,PTC
-0.27722934492232626,HAG
-0.003618052175033325,PGI
-0.13911492090761785,VIB
0.30053276022683456,MSN
-0.040003774254101336,VSH
-0.7579924153911085,TNH
-0.35488333011479467,SVD
1.4622799053978446,DIG
2.353644941219122,AGR
-0.13691531301764334,AGG
-0.6190387068650567,REE
-1.0752043408012084,DHM
-1.2350870580982605,NHA
-0.0942933373665988,GMD
0.05170224232768506,ASP
-0.09196889304679734,ASG
0.10470761521144097,SPM
0.964451209422756,VFG
-0.25074360512891203,SBV
-2.531072992243281,BAF
0.23170035404147513,HHP
-0.2265314384186588,DMC
0.19927836404391527,LAF
0.7252263189106971,DXS
0.7305713317623489,HID
-0.36519619905594664,HTI
-0.7471319436272258,VND
1.2233157906881256,OCB
1.5866331066512231,AST
0.8547992219748196,FIR
0.8767359445277304,VHM
0.1455701587120771,PVP
-0.4856353135403305,ASM
0.06018489591785527,VGC
-0.7101729800556243,AAM
-0.2460975953891185,TCB
-0.000200210842177191,PJT
-0.5008187736066407,TAL
-1.8726836933404052,QCG
0.1977418590912949,NAF
0.09278466881947638,LIX
-0.3872060524189877,SHB
0.7076398742307938,DTA
0.10604021782945437,TDM
0.5692073205041124,NLG
2.064203033436881,DPM
0.03358587431716874,TEG
0.012274989498509439,SC5
-1.5951890398174156,CTR
-0.6543234016674911,D2D
-0.15491926883506574,LGL
0.16716289570116463,MSN
-1.1512683133193555,VPI
-0.18123611362373948,PC1
-0.42082996825828667,PDR
-0.2076237256882386,SVT
0.013377725558469403,SFI
0.6202463889275325,SBG
-0.06523576212771869,PAC
0.696757525402155,AAA
0.5225991014573687,HSG
9.620023383258406,KOS
-1.1069390609949878,VAB
-0.04368715501565014,TNT
-0.6877651650230708,MCP
-0.648953613895274,SVD
1.1044628396334668,CMG
0.3129009602326948,PGI
-2.543238573367109,FIT
-0.3261767042489978,STK
0.3200286491043129,BMP
-0.011071580345109812,ADP
0.9563276697249607,HRC
1.051719528794364,BWE
0.8377457593363079,VHM
0.190015661978089,SKG
-0.8253676812747033,TDP
0.7390656423572359,HAS
-0.4245372786372527,HTL
0.748458433850149,FPT
0.01399729444144872,PIT
-0.44857856596037177,DXG
0.23383047935584453,TCT
0.1239068457552,HAP
-0.025817887263756313,CSV
1.32857941559776,CCI
-0.0035793402573823466,DSN
1.6523908635363878,TPC
-0.07651872074274273,VAF
0.024320860789517625,APG
-0.007616511678950924,TLH
-1.5118019706387267,NHA
-0.2110332847412795,VRC
0.0007264038441690482,BRC
-0.4805932226144379,PTC
0.19419074919462484,SRC
-0.24690737760497464,BFC
0.20030264185679567,BCE
2.095232936954718,VHC
-0.06350903587707296,DXS
0.29654758692173855,QCG
1.3877726359801663,EVE
0.5624484607235953,NLG
-0.020564292720653403,VIP
-0.3328244536619233,PLX
-0.8349400562920877,ORS
0.6487390177818726,FIR
-0.2587848472121641,HTG
0.020762476156149852,EVG
-0.5145076171029737,DHA
-1.0967176623350903,DHG
0.09338338767991791,SIP
-1.2321021623764572,DLG
0.4397543828961711,DRC
-0.1616147680800962,VCF
-2.6870357747610956,D2D
-0.6532758049434962,GEG
3.137444649980424,SHA
2.668655518703392,HVH
0.06498218563453641,KMR
0.09565371018310179,VHM
1.7487287618859602,ABS
0.15473854331142878,PGI
0.7999466299066006,DGC
-0.03651321680886601,FRT
-0.07292025705733195,SHP
0.1685761279631494,LCG
-1.7275861725894441,HVN
-0.28958693776251115,ST8
-3.1948851795478497,BAF
-0.2607299350936171,TDG
-0.21251215937308207,CII
0.510922638741846,GMH
-0.5016894752149063,TCL
-2.6442182820041324,NLG
-0.6752239168385801,GDT
0.8172839840305877,SIP
0.7259154075183155,VTP
-2.229303378571066,VOS
0.20232367153027422,HHS
-0.2520945746932593,VTP
-0.3201049506133341,DHG
-0.3336802959322494,NHA
-0.20472181902577472,CTF
-0.1670477338902677,HHP
0.7719686864530786,TLG
-0.862066982952658,TYA
-0.6768301211539378,TSC
1.08682795518294,VRC
0.14582223365867023,FCM
0.30795097279937755,GMD
-0.14923175506618386,MBB
-0.2295387993091327,VRE
2.440016598733934,BMC
0.6033285563142347,HVX
1.3240329088930765,PPC
0.8703959831021172,GEX
-1.490824862950877,TCH
-0.06462252448876347,PTL
0.30319494459148216,SJD
-0.6846184404004194,VPB
0.3385797319151002,ADG
0.7208111208113104,MSN
-2.1112513761566385,HVN
2.0221575123060544,BBC
2.0527193567590376,FTS
-0.46581465267306305,POW
-2.1832987039370297,VOS
0.24198778349417036,BTP
-0.6060294128031021,TMP
0.24173288943209723,LCG
0.031877776436495295,BCE
0.42606563828353744,DCL
-0.016731769693568224,DMC
0.16479644838480148,PIT
0.4047343180728955,VCG
-0.27619085939759774,HDC
3.0663074274532365,SCS
-1.342067971954211,CCI
0.04503576612743704,PLP
-1.1893453116949,NKG
0.05170224232768506,ASP
-2.7973992106402585,DGC
-0.5655687747941789,DMC
0.9035261196137301,BKG
0.1732427577923927,TVT
0.20886353490415277,MSB
-0.2866057043949655,LDG
-0.06411807354513586,LPB
-0.009357836561759423,VSI
1.2239142652299304,VAF
0.47813207572827116,VPI
0.08530023921123124,S4A
-0.5383030330681934,BSI
-0.8886380371728461,VIX
-1.1426843247491139,KBC
0.329936247540553,TCM
0.3211463271209974,GMH
-0.024751085154507194,TMP
-1.431558672957207,TCO
-1.691413444013881,NTL
-0.0039068908842595125,TPC
-0.19202091362827298,VDS
0.49088799321501575,PGC
-0.1535347802414925,TMP
0.760484597729149,NAV
-2.18385296859833,NVL
0.7475095755636026,LPB
1.030569926154201,SFG
-0.027069022218978625,IMP
2.371146601572738,PDR
-0.04613334019022306,NCT
1.0049783586154948,OGC
-0.37189423387941783,SCS
-0.2958155709918824,OPC
-0.2111765302624231,YEG
4.121188173899541,SHI
2.2717720283562257,BID
0.9866040810265508,SMC
0.5995803167246979,FCM
0.057645725020512364,DTL
0.15644872390442932,HPX
0.5997042798348572,DRH
0.26667751548513274,DSC
1.5836139035636896,DRL
1.7603485912369785,YEG
-0.14224781748465581,BAF
0.3059156516999432,PAC
3.861723576367013,ACG
0.04017913798048417,TBC
-1.4523765624304588,JVC
0.018790284058009407,SKG
-0.2893703816598103,VND
0.008703668770632687,BTP
-1.1230830278964583,HTG
-0.349414484434217,DXV
0.8486563998532115,TMS
1.1831954240496432,BCM
0.030181399204709268,VPH
-0.04138732705292269,LBM
2.030229381291386,SMC
0.38955326639285304,CTI
-0.01574428151394302,CLL
-0.32629687759042175,GEG
-1.8161418127541131,C47
0.20032575990220047,DHC
-1.8309365662611798,CLC
-0.3962973939336092,MWG
-0.61572177386426,CTI
-0.06411807354513586,LPB
0.20482276163109964,BKG
1.590776059834532,NCT
-0.9500449491436572,KBC
0.015038873568294201,AGR
0.6996331669899959,DXS
0.2571690084943592,BTP
-0.17588462766992902,DGC
-0.3167091884056438,VCA
0.030897458812704198,SRF
0.38452853944215054,DXS
0.7832906312403166,HVH
0.9924817374537741,NAB
0.3860011357161687,MBB
-0.20496102060511504,KMR
-1.9965959593515288,NVT
0.9416704176938815,DAH
0.06917823925648343,ADG
0.0010431538240905256,OCB
0.21757734390048195,ACL
0.16936346511531306,SFG
-2.094446372100703,PTC
-1.0097907745365993,HHP
0.014303895794980726,LSS
0.2213355745870371,CMX
-0.36379543618959265,SBT
-1.090963812586647,PVT
-0.5091003588132645,ELC
0.033891742871444946,PGV
-1.6289869282409375,CTI
0.30224556728327096,HVH
0.019727751281224896,SFG
0.5930802795216216,SFG
-0.4931230636296923,TPC
-0.18034896975392312,DHM
-0.6411080957999892,ICT
-0.014537026827334171,VNS
-0.20510926481609856,EVE
0.08870682255407782,FMC
0.03942839082399665,NHH
-0.6094891671691872,PTL
0.43355887251433367,DCM
-0.9048690277508893,BWE
-0.30714990437047374,AAA
0.5733737241575316,VSC
-0.4215137172512143,NAF
-2.062069966017659,AAA
-0.521656858527947,CTR
-0.031228178938411733,SJS
1.2527161397670767,AAA
1.653562314770587,REE
-0.5702307383580308,VAB
-0.011071580345109812,ADP
0.2055834879455155,DXG
-0.12969919499143637,DPM
-0.3258215816221337,CTS
-2.8345291262002066,GEG
0.14861729165834836,SBT
-0.4835789347672685,TCH
0.004155022625419103,PVD
-0.008373754902828255,DHG
-2.0674856222327755,CIG
-0.5999616714960122,DCM
-0.19270595876159274,VTO
-0.1689443048260094,ABS
-0.08045162023843676,IJC
-1.062706801580566,QCG
-1.5094192878308934,BMP
0.42435901712578467,TLG
0.020018877658195575,KHP
-0.9149351473188282,HVX
-1.4913039160761985,CRE
-1.4418038302994358,VPB
1.9898086673448,VRC
0.04928699074251836,TLH
0.46914522832674105,PVT
2.3732901955795604,AGR
-1.1167337494552276,TN1
1.5232292898111899,GDT
-0.38447914706219516,HHS
-0.25330488637336457,VRE
-1.2551259836094382,TRC
-0.6639807868164503,VAB
0.14475779930424926,KDH
0.27094031948891045,ST8
-0.478779331740481,VPD
-2.0861311463779417,TCD
0.0007264038441690482,BRC
0.49816003560240857,DRC
-0.4984878047762725,PVD
0.8261695639942781,TV2
-0.13409390304645388,OCB
-0.2148999606758033,BCG
-0.02051230092712541,BFC
0.1440415003348901,TDG
0.3055012008739422,KHG
0.14347293621324633,KOS
-0.4698571427160544,OCB
-1.1984968072005011,C47
-0.8191294512150138,NSC
0.1390877903044359,CTR
-1.2498388268822467,TEG
-0.3153941572466167,SGR
1.5990213281365826,TLH
0.013928113503173137,LHG
0.055493987161064885,DHA
-0.0015343096101767507,BCM
-0.000200210842177191,PJT
0.1961082948024682,TCH
0.11863242932697794,BVH
-1.3057353577421642,HVN
-0.4665961570153194,BSR
0.007161490546100228,HTV
1.0468474633414504,VHM
-0.1449451812002149,FMC
-0.015329406519705928,ANV
-0.06288816742054243,HDG
-0.8463744181647447,TDC
1.503611337182184,PVP
0.035675814561297495,HQC
0.8502390213642476,VSC
0.9019163288184904,VPS
-2.9451766719699894,HAP
-0.3712736189213763,TCH
-0.8375210336883305,TLH
-1.414332522419132,HVX
-1.2282461329457868,IMP
0.6543440079799651,VCI
0.139090028986784,TDH
-0.6480405453023909,GIL
-0.2537352791977161,HUB
-0.8660621620096379,PIT
-0.025694187771827637,SFG
0.21260688030117422,PVD
1.4055781295792216,ACB
-1.2590453841335094,HHP
0.8652885816963212,HAG
-0.22933418474087955,DRL
0.28653373067544224,FPT
0.8251326789329364,TCR
-1.8057428122217627,GVR
0.03358587431716874,TEG
0.33430601727366105,ITD
0.2916088072963192,JVC
0.2645893625293139,DVP
-0.5022428949388466,NTL
-0.005426357313927966,CCI
-0.8298740861010043,OCB
-0.928568373392721,SJD
0.10911214440738454,ACG
0.3620662437520247,DXG
0.6473893758962395,SHP
-1.160814836792281,JVC
-0.006974362964496282,SVT
-0.07258340800815832,VCI
-1.4308453725358043,CRC
1.5294247109110288,NAV
0.006453295359853701,GSP
-0.3337466206538972,TBC
-0.06345626579326227,CHP
-0.08754978611895041,FMC
0.03706341576841501,C32
-0.9591339401855473,GTA
0.9549947398967576,THG
1.5779153812458482,SMA
-2.1031116013816904,SVD
1.8148873812805413,CDC
-0.8757478953745856,TVT
0.5969563908782566,HTN
-0.7593351215560857,TCL
2.406683069010901,TNH
0.020762476156149852,EVG
-0.3661555020994301,SIP
-0.3556431672609684,HU1
1.5763481863197781,IDI
-0.010863726253038917,CVT
-0.18643113601643055,SRF
0.12940146750211542,VGC
1.5994571267862123,SVC
-2.3751262643447784,VPH
0.834951411151777,SFI
-0.020682664548655548,AST
-0.038616142255850645,LIX
0.032702393867099826,TCT
0.8386589761319255,RAL
0.9902556776534608,DTL
0.1214284338368582,SRF
-1.7232890060337738,PVD
0.12248666904363265,TV2
0.12429055462138647,APH
-0.34951859313303685,DGW
1.0696153377017497,VPH
0.521488236469071,BKG
1.2329760140377133,PGD
-0.24301047936122425,CSM
0.32764840972260245,SGR
0.421210785972814,FCM
0.29843767397574844,VCI
-2.5493150208649147,KSB
-1.098934715856288,HSG
-2.018017806858051,VPI
-0.21172794957550517,SHA
-0.5690865205635816,DPG
0.25662264262352996,SMB
-0.752167204400954,REE
0.13098590107538768,DPG
2.263561884076952,APG
-1.3577563200877583,TLD
0.3549820868584684,EVE
0.9054879858408069,SHA
-1.6594288722934616,VGC
0.3584251134037434,LBM
-0.2709619439272471,TCM
-2.822487277805843,VSC
-0.5646191518063106,MIG
-1.614637952509652,DAH
-0.15727419587112237,RAL
0.527894710263721,DPM
-2.420523803766682,VND
1.5713002850735969,VND
-0.003618052175033325,PGI
0.38346786410261063,SAB
1.2289416791043406,TMP
-0.19796477718605685,VSI
-0.1299257018824751,POW
-1.5662084961455536,DHA
0.6089158242145248,PET
-1.1320544363194602,DXG
-0.01768901764287977,VAF
0.24704993227530606,NVL
0.4627928816839749,CCL
-0.25341593495898945,PLP
0.9000857791407284,MIG
0.03381830412202131,TVS
1.9702381450577187,SZL
-0.023440289354174852,GMD
0.7554403237328856,DAT
0.16947608546662674,KMR
-0.21593920607379477,PGI
-0.05612358216066391,TSC
1.2129446026063635,DSN
2.9987980002983567,SHB
1.1686675332591256,CLC
-1.037348559511831,STB
0.3025937147994394,VHC
-0.024437552020783782,HTL
-0.29234863999978933,SJD
1.057161218199272,CLC
0.03956661659568135,SHA
-0.7529724588102769,LAF
-1.1868366856220764,BSR
0.8153526513598621,TPB
-0.3986130589502665,TNT
-2.958878845954378,ASP
1.1257045140962703,KBC
0.037449764337897366,PPC
-0.13278396027706701,SAM
0.3591218287516918,HID
-0.19597396728956712,VIP
-0.2716120459808882,MBB
0.11705875402340325,HNA
-0.7529689949214639,VAF
-2.0328192881083367,CSV
0.30407377373401073,HUB
0.7839703421006048,HTG
0.6661929843404775,SHI
-0.07589961349854087,VMD
1.4570615726864438,MHC
0.3920097403402044,LPB
-0.2630913752065253,MSH
-1.787984713829064,NSC
-0.38042580010814653,DPG
-3.1546375464163163,SBV
0.1402632081208937,VGC
-2.4981735891191392,BAF
-0.2992533208711949,TVT
-0.07450244442822054,BKG
0.48889440637969267,HAS
0.9175683142090272,HPG
1.0818717808487015,MSB
-0.3907945205983321,OGC
-1.2356213246553427,CRC
-2.0191725833098872,TV2
-0.5705153386749392,CTG
0.6741491213124382,PAN
0.02227599319932012,HU1
0.6744013882162575,JVC
0.00209073858101088,SHI
-1.1305726965410934,DHC
0.22656554143834728,NVT
0.35138792161375915,KHG
-0.68973194049099,ABT
-0.01004722454884453,CTF
0.6743528086693878,HRC
0.40865526145528697,CIG
1.9083575582485088,NHA
-0.6420843180569977,AAA
-0.14927474459606813,TTF
0.022876160959303934,AAM
-0.7061695376394092,MSH
-0.5938205227642117,ADS
-0.9383217612262008,DHG
0.19802912144423304,DSN
-0.13229022809567376,CRC
0.014303895794980726,LSS
-2.6523675654540013,ITD
0.6753730403764409,VDS
0.06473843774787251,HII
0.610163611456217,SHB
0.5413089201784967,DPM
1.8868622758360925,SSC
-1.4760686135989898,SGN
1.0447044419230387,CRC
1.2724839164655808,VPG
2.078570581653279,HTL
0.13564420897943538,CCL
-0.35292948956934556,DTA
3.637888538784193,TYA
0.6080830511249186,SJS
1.1467883911325034,HTL
-0.31072621943853596,NO1
-1.6704686108031848,HAS
-1.0094944352324278,DTL
-0.6476126387978486,CNG
-2.0524064152570904,DCM
0.4949134156657527,BMC
-0.06411807354513586,LPB
0.13966364009962434,PHR
0.3290726394430422,EIB
0.4245196797004011,VTB
-1.0349466644671408,NVT
-0.038616142255850645,LIX
2.687635148616758,TDP
0.10322736719314841,TDP
-1.3821720443543084,BID
-0.08195588390798941,RAL
0.017275768872348746,TRA
-0.01677450126770854,NSC
0.14323637311474313,KOS
0.6655275161931186,VNG
0.9092522065124007,PNJ
0.3510610700375821,PAN
-3.091407841273088,PLX
-0.38287021191583576,TVB
0.13438074004338987,DAT
-0.5407219945892487,LCG
0.5497409122425683,HCD
-3.405175083530357,DCL
-0.03193702628664863,NAB
1.9625977244424673,AAA
-0.49146320710266717,SAV
-0.006848030183802705,DHA
1.4244027597133764,TCM
0.9012656614972646,BMP
1.797102953373411,JVC
0.3814350609547011,HUB
2.601390206523058,EVE
0.008777466983687194,UIC
0.48550986687358555,TCH
0.8504908010116291,DXS
1.480119705019425,HU1
-0.3817180825583055,CSV
-0.5624061276601193,SBA
-0.5073239267956764,PPC
0.40287896528729633,MSB
-0.7204296424030056,VSC
-0.2973554014774681,KHG
-0.8373840461940233,KDH
-0.3031182590322913,SMC
0.7180739290696069,RAL
-0.18412153615979587,SMB
-0.028599439991756733,ACB
0.012160565285822909,TVT
0.08915259504988128,DTA
0.009963128801333257,PTB
0.05839919686139687,HCM
0.0465330995688323,DBC
-1.1557245460944197,BMC
1.3280016611749408,TNC
1.1209778933646708,DPG
0.21717340304554605,MSB
1.6812939596505778,BTT
0.3915636467241283,DLG
-0.27579985064232426,IJC
-0.25337664469169263,IMP
0.6982431064288251,DXV
1.1652011388871901,OPC
1.6113639292606066,GAS
-0.12778445750126338,OPC
0.2291674418416281,ASP
1.9259696944452873,SRC
-0.4541656656390618,SGR
-1.5559262985419497,ACG
3.7399129392969885,GAS
-0.49157529468975036,VMD
0.2701950846801247,VIC
-0.4759399930473215,BCG
-0.21393666561540756,VFG
0.2465086743265992,MSH
0.6199764508297497,APH
0.14355115065982188,ILB
-0.8196261523406174,ELC
-0.8262460445358238,LDG
-0.7993148445661173,SSI
-0.008373754902828255,DHG
-0.06921627066873816,GIL
-0.03193702628664863,NAB
0.7721658099399865,HSG
0.0216565996698444,TCM
-0.5007658738183611,DSN
-0.04066022876370414,SRC
1.3418969028229073,TCH
0.9999477986858828,VIP
0.12010217966732313,HAG
-0.12071753133546655,ACG
-0.6243937816647774,SAV
0.3508771533228372,PJT
0.21597757392603145,LIX
-0.5670624270982986,CIG
0.023256748796257352,BMI
0.015640677262310918,GTA
-0.6382096833650879,SGR
0.5877788072939323,FMC
-0.7447691886508164,LHG
0.006453295359853701,GSP
2.2184818774304804,TNT
2.129580771471673,HAR
-1.9700034938033775,CTS
0.03381830412202131,TVS
-1.46877490654469,TLG
-0.06620564768605289,AGG
-0.011224436964656638,VAB
0.42519337286811115,DHG
0.3455802049678421,GMD
1.436945901930303,TLG
-1.511309749408124,HDB
1.9241177561613114,GTA
0.24705755199417515,DIG
0.7287194136557807,CNG
-0.1401855620769628,PNJ
-1.2864144351308935,HT1
-0.03284374958776131,SZC
-0.10924800390926727,FCM
2.910188359943341,MSH
0.4684717729691534,NLG
-0.3929755296336693,TCM
-0.10756419877918462,VIX
-2.110446423844471,DAT
-0.16737608722081912,HHS
-0.6485110825172202,VCG
-0.3072386258138025,BCM
0.005202653795539408,PET
-0.8196611869961046,TMT
-0.006974362964496282,SVT
0.6060128660269245,HSG
-0.49411315848619347,ACC
-0.4881052482653626,GMH
2.0844182708148504,VOS
0.2058006225779965,LIX
0.0011307821903262022,TNC
0.04545669419330155,ASG
0.4270279863112182,MHC
2.376423218765017,TN1
-0.009357836561759423,VSI
0.07857527985436054,AST
0.7642261156725618,TDM
0.43022047052367485,VCA
-0.09810502160068989,LAF
0.16450419932188004,NSC
-0.202020992598652,SHI
-0.3786645852271299,CII
0.2875217730499267,VMD
-0.040003774254101336,VSH
-0.29474247519752345,VNS
0.6575564439943682,TCR
-0.007402523705726499,OPC
0.06473843774787251,HII
0.31076530131455676,GEG
-3.0413244013697787,HVH
0.022876160959303934,AAM
-0.8427371615179642,ABT
-1.9680558536584305,VNL
0.5367527305842772,ADP
0.9606649260648519,BCE
1.6002324504840075,VNM
0.013465116801354671,CMV
0.4402188381128929,TMT
0.028112285754165734,TN1
0.915031123566002,MDG
0.19952817564049732,BSR
-0.8970722960075738,BHN
0.6856609921605916,SC5
0.3700114728357837,HAG
-2.10896195110057,SJD
1.9379490617381716,TIX
-0.6787545481164929,MSH
0.11004075179654733,NNC
0.8966807313340898,DTA
-0.6676597126699957,TCT
0.31582780585125614,TVT
-0.24986446114712638,VFG
-0.1732491919260462,HTG
-2.57528635076334,ABT
0.17423305629801256,VFG
0.3592681484515195,PGD
-0.2474658938427532,BVH
0.16372984640477836,NAF
-1.5423993517570662,COM
0.1440625457005468,ABS
-0.16543893681521513,EVE
-1.0934567654609506,ILB
0.7946115500032965,SJS
-0.5510686751903395,CRE
-1.7252961706667271,HDC
-0.18107287465359537,VPG
0.015672944538421517,DC4
-0.004385846804446878,DSC
-0.8762725931516566,D2D
-0.28428036609965857,DHM
-1.8216486070570774,SPM
0.17026319065426557,VSI
1.754066112783088,NHH
0.3803445638509133,DC4
-0.09537105384961138,ORS
-0.1961740185217689,PLX
-0.3128961275028652,DIG
-0.011749181320861488,APG
1.4893729562247742,FRT
0.152332994542214,DMC
0.7545773379467263,HNA
-0.9083314009149815,VJC
0.21731640538027341,TDH
0.2519798785756245,LIX
-2.79351116848426,SFG
1.2075521836583392,APG
0.12525340095582896,EVF
-2.1560569237993668,HQC
0.973168293425122,ADP
-0.42645422571409186,IJC
0.4586017942797819,BWE
-0.2358057332180254,SBV
-0.05785956667236031,TDH
1.0949481701448223,FPT
2.52783610083495,PGV
-0.4360985732865354,HDB
0.4001970153639615,CMX
0.43256854496924474,PGI
0.6030397007069462,KHP
-0.9343341625862455,GSP
0.6211423611173188,ABS
-0.40011638820399287,ANV
-1.9663029151661235,DGC
0.131289408884096,BMC
0.006316405241595661,TTA
0.14354625750991404,PAN
0.04550195069731325,PHC
-0.7274082103150455,TVB
0.255154525017137,DVP
-1.788337492828057,VPS
0.3857897931504195,SZC
-0.011224436964656638,VAB
2.527695059770952,LSS
-0.01574428151394302,CLL
1.291536637208713,SVC
-1.4170659415764282,DXS
0.34157972034232337,ACB
0.5044380066795828,DHA
-0.29071616990340166,HTG
-0.4822876593073992,MSB
2.560068767493286,TLD
0.72280452289624,VTP
-0.7534560804171356,CDC
-0.2647547346763432,TCH
1.4265100380833153,DTA
0.3847666497023797,TMT
-0.1804450867352473,POW
0.06508743741662477,PET
-0.4392767477347976,BCM
0.026296599896096524,ACG
0.723770248545846,BBC
-0.31829515854103174,PHR
-0.2806715832337827,CTF
0.9417367642522754,HTV
-0.13621366403725407,TDC
0.029854233670149912,BAF
0.2901612095035149,HHS
-1.4802673900985515,PNC
-0.006974362964496282,SVT
-0.5134131920318985,SCR
0.9306813525741434,SAM
-0.7819408462119725,FIT
-1.1452855494378515,VPG
-0.07230360396432904,IDI
-0.0006605313515093568,SSI
0.005916506007162316,BMC
-2.252097198869634,PET
0.013098078317394157,ST8
1.3539644394063866,VIP
0.7404888004229379,BMC
-0.04309374340560376,FCM
0.0022471575666348073,SMA
0.13986505243331698,SJS
-0.3743208445930796,C32
0.9717726091269152,HUB
-0.008063053544571389,MDG
0.030181399204709268,VPH
-0.6951511380713209,HAS
-0.3345484773615752,ACC
-0.03278322785512887,VPD
1.9016788398303521,VFG
2.4366961469857604,HPX
0.8105204354784522,SVT
0.2833086772053151,GIL
-0.3935986345083861,TNI
0.6574186802934908,SBT
-0.08443814010241929,HVX
0.06610763065669717,ADP
-0.6135853256665252,NAF
1.0189427349362015,HDC
0.6283153074627676,FMC
-0.11170558898259196,DGC
-0.03278322785512887,VPD
-0.000200210842177191,PJT
-1.214809582286065,SJD
-0.2404141870673169,D2D
1.493062206900921,ELC
-0.16915801077063783,SFG
0.6210774179479799,HTV
1.7592265146405732,VDP
-0.4488526564978328,SHA
0.014303895794980726,LSS
-0.3587417329560964,HAR
0.817480950107005,PHR
-1.941355863179637,SPM
0.1431628408450954,TLD
-1.7858877562249895,PNC
0.7611749675115106,PPC
-0.7527351859792697,OCB
-0.2573001325263517,AAA
0.1773180592943309,ACG
0.09581935445260249,BID
0.14080195204746015,FRT
0.9947372815159218,HSL
-0.19888253599526953,PC1
2.1440624571715596,BMP
-1.7656442396234884,VTO
-1.90746259643202,SZL
1.5115052833383735,PVD
-0.3458059849946734,HSL
-0.3353047802706553,TTF
0.15569633157469154,IDI
-0.1487488920136738,PTB
0.11000762187892373,DCL
-0.2955531964437736,VNL
-0.8027593591693934,LGL
-0.5241974944877921,MDG
0.5515805668821967,VHC
0.6643771534145593,KDC
-0.7937964915686618,HCM
1.0116860842997457,D2D
0.003671570062307575,HDG
0.24732145168186254,CMG
0.8466803826789796,NO1
-0.08604487646796197,VIP
2.4704691060359396,TVB
0.5044037832642917,S4A
-0.6067603749682011,CTF
-0.24481076870686047,VPH
0.45457691030480385,TDC
0.28391339449007214,TVB
-0.05245179365125457,VPG
1.064147074986274,DLG
1.5495878163785546,CII
-0.5246887865818844,DHC
-0.12359724216232697,DIG
0.01154022391128357,GEG
0.2092148120017815,DIG
-0.16813338183619106,IMP
0.38394684911303556,PGD
0.3508782677008858,SZC
0.18852398884098356,TNI
-0.7092343024111403,TDH
-0.9027437746379798,APH
0.06921776217150402,DXS
0.9979119373320933,DBC
-2.78421221025807,DGC
-0.15186040485650565,PVT
-0.21397925200645646,NKG
3.5917106173555555,TYA
-0.015585174148734268,NAF
-0.23785194797877016,SHP
-1.3649640114168344,VTO
-0.05763382176920103,TCD
-1.4320848706510028,BVH
0.06715384011419694,AAT
1.5370280745830542,VAF
0.6366336765256049,VPB
0.004558087972000823,ABR
-1.3558655617035293,DCM
4.436491104753429,DBD
1.8281861258374845,BTP
0.6811713279764118,BTP
0.012462185561779658,NO1
-0.1387349450091899,TCM
0.6350705445207565,ASM
-0.8243917162244957,DBT
0.2356121721460834,PMG
1.6512824309127758,VSC
-0.8379548642449958,GDT
0.49892719293643684,DSN
-0.5322892010186274,VRE
-1.0842339448437877,ITC
0.7774688810005259,VHC
-0.6050656049193927,SHA
-0.3925007712140631,PGC
-0.004864726025937184,MCP
0.5373301202242179,TCH
-2.94867632994351,VHM
1.0732741956112566,AAA
-0.6997737575996814,BCM
0.7896355912082957,TDH
0.5091659141334648,TVT
0.5365999227388067,BWE
1.154894085543965,VPS
-0.3109320032596089,TDP
-0.3685935673261441,CCL
-0.23267145988096286,FCM
0.5343356334704543,VGC
-0.5569950142318716,DPR
0.7882134932850294,BMI
1.674556323628036,HSG
-0.06201841866011547,PAN
-0.39435451335756183,PHR
0.480762797159441,BIC
-0.1446408575374669,ACL
-0.23503595234194946,SRC
-0.1064179625771356,HTN
-0.25837516684508377,VCB
2.549784616111626,PHR
-0.22318423096876333,DRL
0.17485166845937541,HVH
0.3822584338087257,GMD
-0.5711719535321214,HID
-1.216885079191662,C47
-0.010278857846892493,ICT
0.03724311386447903,PTC
0.24867882108690312,DIG
0.665339746122056,TTF
0.32004674186018256,SSB
0.48138767904776153,VNM
-0.5001015618508695,SVC
-0.26606954085934115,SZL
2.924002095477703,HAP
0.3563134282193506,ITC
-0.004716289416680875,VIB
-0.2842697219330602,CKG
-0.004864726025937184,MCP
-0.5701513666434195,VNG
0.23257400580519733,HTV
-0.09750833078915554,NBB
-1.7214762482561536,PTL
1.7043773883207634,STG
-0.5659863937636821,VIP
7.811246830181047e-05,ITD
-0.7207806202714231,CIG
-0.21089304158172742,TDM
0.7409004233551123,ASP
-0.625622413947197,AAA
0.3857533147297184,DLG
0.20399151743187122,VIX
1.113328354941578,HT1
-0.6541910974337243,AAA
-1.1871152762995636,BRC
-0.9167613310319467,FPT
-0.5052080863000298,BID
0.9316960970470832,TTF
0.6938744675075501,HDB
0.1052247084378237,SAM
0.004934028802701639,SCS
-0.05517752519453282,TVS
-0.012426651071205242,BSI
0.46729492985577264,CCL
0.6782748221435208,HHP
-0.8033372768296247,ACB
-1.7314823627966567,MSB
-1.3192402471012863,HTI
-3.383428157680154,TCM
-0.8933524695285775,SHA
0.3082368068702453,LAF
-2.5826317693991907,PVD
0.38489128982923054,HCM
0.5100418703483166,CRE
-0.13276085044317212,MSH
0.7174046511033302,HCD
0.8373109655481614,MIG
0.37166430278069645,ADS
-2.780784139211845,HAX
1.3417916761491673,KSB
-0.34524531306160533,SSI
-0.07864607938011799,VIC
-1.0693307205195226,GEX
1.101958431652066,RAL
1.2941761644273102,DPM
1.9802484393171222,CIG
-0.004694580843479522,LAF
0.24242463238889686,VCI
-1.1444634698128449,ADS
0.9403871449598353,TSC
0.21080201581009042,VPB
-1.031039473003286,PVP
-0.366873566013588,MCP
2.1683837391400638,DXS
0.17858575837004328,LCG
-0.6783994694851654,MIG
-1.775762744150661,KHP
-1.9778847188639774,HAS
-1.1513165573394188,TCB
0.3069940402480663,BMI
0.03025541020675791,DPG
-0.2634825194505251,CSV
0.18871737017425902,MBB
-1.7369004825902525,HNA
-0.529071693421036,BCM
0.9898968319941771,PDN
-0.12155100628886367,ORS
-0.3665650839079465,DSC
-0.5498772123915598,CII
0.609628413010443,SBV
0.011116422163687436,SGR
-0.8199267442728082,AAM
-0.40973723393298345,HCM
-0.27050384157184443,GVR
-0.009357836561759423,VSI
-0.01343741566151019,DRL
4.366859929379477,NAB
0.01074755616262742,EVE
0.25662152078324924,DXG
-0.23915395911710982,HVH
-0.7864926636015359,TVS
0.7894452359577324,IMP
0.0766707987976695,PIT
-0.18030394899063443,KDC
0.41925105725194306,KDC
1.8472820483013102,EVE
-0.14159443645475886,TPC
-0.06663023540761914,BMI
1.6030338521099303,KSB
0.1756711600996375,ILB
0.5832119982446144,TMP
-0.6262261308097131,TCL
-0.5151832953901868,D2D
-2.211680796697917,GMH
-0.21381703639527272,KSB
0.14598427966493677,VGC
-0.5928865999663364,YBM
-0.4593645195864903,FRT
0.09946078134079438,SCS
-0.6966064033855007,S4A
-0.01677450126770854,NSC
-0.3233679082041544,CHP
0.1783802327951739,ACL
-0.19589837523491566,VNS
-1.0767686916350534,VMD
-1.208728477351368,TTF
0.17535968850655886,DGW
0.4366399264169575,DBC
-0.01677450126770854,NSC
0.4239923493442276,AAM
-1.1111424286317853,DHG
-0.976172536681656,SGN
0.17204185729745292,PGD
-0.2944187840504549,TIP
-1.2434771913437233,AAT
0.8815484239061874,VAF
0.884247153639424,ACB
-0.7760404130490806,KHG
0.6829365591398877,VTP
0.01459725152390297,FMC
0.0612574714025042,HID
0.13018452835727368,GEX
0.18871309205985431,GVR
0.7562394869814895,CSM
-1.0769310521042395,VHC
0.47984105988130915,HVN
-0.000200210842177191,PJT
0.13023533955913583,VIP
0.5283547220393371,ST8
0.5836186973684253,TMS
-0.2936718213707719,ASM
-0.027069022218978625,IMP
-0.7192766276811704,OGC
-1.1010720836887635,VTB
0.20238583308051047,PHC
0.2011827547034818,DC4
2.2558194979131425,CSV
0.594948344813193,LCG
0.7656376459912478,NLG
-0.6781146605580228,VRE
0.6764680713926079,SJS
-1.6691354837532333,EVE
-0.5914439265460436,DHG
-1.4663403896504323,TCO
0.24211558492637375,ASP
-0.9735953686530444,NHH
0.06598206432300666,DCM
1.0198021740617746,TSC
-0.17250048545031335,DCL
-0.7427575607828464,NHH
0.3371731772045562,VAF
0.5319992634427178,VSC
-0.7714649071165283,YEG
-1.198153643082432,HHV
0.16467068125609963,TDH
0.017275768872348746,TRA
0.3195112324010735,FCM
0.19662620148598423,SIP
-1.104528541175139,ADP
0.024740980322053182,TIP
2.541847291362266,ABS
0.9396951686211102,BFC
0.13394510290815081,CII
-0.18252675677965227,ILB
-0.2695602225404322,DIG
-0.09818743082324626,SBT
-0.20829543872044434,RAL
-0.22439986503157613,TCB
0.6107057692083776,TDP
0.7768617881810567,CTG
-0.2782169320717273,CTF
-0.11490774909616058,D2D
-0.010278857846892493,ICT
0.2884550672473943,AST
3.2159234166269366,TN1
1.0345452695557362,VRE
1.2673461088607831,PVT
-0.44054986869598095,GMD
0.9161898384916604,CHP
-0.29204815295293785,BSI
-2.2866521848249644,IDI
1.2455235654440864,BMI
0.5870728067454234,DVP
-0.2997105564186356,SAV
0.5291256035642237,SAM
-0.16068975420207088,EVF
0.25982735053716743,GSP
1.2118057790907746,TYA
0.013465116801354671,CMV
-0.8649815905185283,CNG
-0.8920385247868627,TLD
0.041690769470247226,HAR
0.5357660079344886,LHG
-0.6819101924376599,TNH
-0.32476032206243205,FRT
2.1922831530841096,TNT
-0.6786030794075703,CCL
-0.0777426063232192,SCS
-0.13196069495320767,DHG
0.0022471575666348073,SMA
-0.36013732809477006,HTN
-0.3232737964166202,BMI
0.3271810524720079,NTL
2.9305920531945566,CRC
-0.0996056172066639,DHC
0.2555907793557569,CVT
1.951090631853057,CMG
-0.17724688536597757,TRA
0.09607454711070922,YBM
1.459517058460218,CLC
-0.04007052630584957,SMB
-0.36396079829048117,SFC
-0.006300765478296128,HAG
0.6297017351091017,CTD
0.2611960023315683,LPB
0.003030631788115741,SGN
-0.228444375989305,BTP
0.24086669215099243,KDH
-0.5947746469381638,DTL
-0.10036047603710656,SJS
-0.6285684479853567,DPR
-0.05688053959735339,SBA
1.0561078773086863,CCL
0.4430952830084592,C32
-0.4674705626638245,GDT
1.851281739113819,SFG
0.6502077626957027,CMG
2.1565809546034194,HSG
0.014104344966181522,TNH
0.37144545710738663,LSS
-0.3358716456066873,NVT
-2.286334708263864,FCN
-1.307353823267488,APH
0.022746471693790186,STK
0.4196148943105868,ICT
-0.09496103649184101,SVD
-0.950696375273584,BTP
0.16572136556935246,SVT
0.5415391456065536,ACC
-1.4406830282461762,C32
0.5864559134770843,CLC
-0.027069022218978625,IMP
-1.199699836178673,NTL
-0.6710242813528058,VND
0.35039654762929784,BAF
-0.003618052175033325,PGI
-0.3431511720657304,BID
-1.0256186344441898,CTR
-0.09820090571215903,GEG
-1.7952128375041931,SFC
0.7888403261845891,SCS
-0.7191452884617847,DGC
-0.9212057200626704,GEG
-0.649009720005133,TEG
-0.31588644896976653,ELC
-0.5571024901584849,HDC
-0.05925870108523933,CDC
0.028073826948156785,CKG
-0.629683216679144,LGL
-0.6214839174719603,PNJ
-0.49918466052027133,QCG
-0.18589584854180016,GAS
0.017192709580587395,ACL
-0.0242650436297302,DXS
-0.7421825537157881,ACG
1.0984988988870292,KDH
-0.7562179008129023,VOS
-0.672226503736379,DXS
0.019727751281224896,SFG
-1.3055581489793064,CHP
-1.6767717054741862,CLL
1.185544212771675,DVP
-0.21354065453229448,HMC
-0.6548034061612902,SAM
0.10982474072604939,VOS
0.004616794520872598,VJC
0.2213735645747127,VPH
-0.1854331493003234,HSL
-0.24787139504810823,SIP
0.8976711932407684,HTV
0.017192709580587395,ACL
-0.005877829023396197,FTS
-0.06853809638768207,SHP
-0.9290832702526775,SBV
0.03358587431716874,TEG
-0.6733992273711362,CLL
0.41053984775627056,DHM
-2.0675111061819114,NHT
-0.24964693656161077,HHP
1.3402194763934976,VND
0.7417703433827908,PET
-0.29379106440028613,SJD
0.70324633623038,CTF
-0.2603171915070081,SVD
-2.0652272750998746,CIG
-0.3036910947308401,CTI
-0.13972483782254877,ITC
0.7359942834196398,BSI
0.7973144187612388,SBT
-0.42081501129488685,TCH
-1.8598454769013815,TLH
-0.23466284466191828,VDP
-0.10403895468591824,VPH
0.49656245268279675,KMR
1.2515834784756168,PET
-0.46101925569788865,TLG
-0.024004075073633255,ORS
0.3239108278767844,CSM
0.03724311386447903,PTC
0.4443557756558819,TCO
0.27624579002368643,DXV
1.146493525377828,SSI
-0.5847886092378669,VNM
0.007161490546100228,HTV
-0.12084105833563794,SFC
-0.5998557967677465,TCO
-0.0442627812498559,GAS
0.7285055914197135,TN1
0.06917823925648343,ADG
-0.01574428151394302,CLL
-0.05925870108523933,CDC
1.379298107497197,HU1
-0.12850430034470003,TVB
0.9736202405957964,VNG
2.3167822319956737,KBC
0.8090765544746543,ANV
-2.0142406940208386,NAV
-0.36090311658602625,BVH
0.7011989555382048,MSH
0.02648727116462291,DXV
0.061135287759796854,SJS
0.12611004017163469,SSB
-0.1771786664692012,HSL
0.10327958163969618,SZC
-0.6914712419029232,HMC
-1.1891796217894286,MHC
-0.8027745185972698,PTL
0.6551412921991694,FMC
0.08958386019460444,SGR
-0.9201598710640008,BMI
0.19621545867838167,HII
-0.2174932449062833,VND
0.1833513034913736,FRT
0.1538772829733858,ADG
-2.383043974210544,TDM
-0.7528933982790702,CSM
0.1322801237762616,AGR
-0.324524182306027,TNI
0.8039138174689306,OGC
-0.6739104995570642,EVG
-0.8026330043463411,TDG
-0.33173385247001047,SHP
0.007956082369144593,HUB
0.5798774503863471,BVH
-0.9491481853323211,OGC
-0.400873766983224,PHR
-0.6383342630567342,HAG
-0.09708639511336821,STB
0.786204286947864,TN1
-0.5730045266098648,GSP
-0.5348863958041336,TV2
0.44437149535457343,CTS
-0.6454001785012661,HVN
1.7004304986280452,NHA
0.023976770320009815,PLX
0.6912950912198582,HAP
0.06715384011419694,AAT
-0.06345626579326227,CHP
0.25185473648937623,DHA
1.8384663233472793,STK
0.08820338840190436,MSN
-0.2577004906434657,HPG
-0.26136803277824555,TV2
0.7502742744472688,VTB
0.3026856298538384,DXS
1.8885899981310004,PGI
-1.2989180700406224,NNC
-1.1389665812656873,HSG
0.04268382270586351,BWE
2.1204686651728886,HAG
-0.3225190718039971,TCI
0.5322757201682419,ASM
0.1880765276380149,SBG
0.12865751298860328,VIP
0.9035142269464197,AAA
-0.7108512629912214,BHN
-0.6507396070547675,NAB
0.21856100112629173,ASP
0.37350404474055393,CTG
-0.14742045111827565,FTS
0.13380593645281302,NKG
1.092389974976908,VPG
0.16684581881295943,NCT
0.3826310930389734,FPT
0.34683767701434837,TBC
0.2523356518840555,GVR
-0.9500195448832636,VCG
0.6090750030521291,VRE
0.06318289016599189,PDN
0.7010107189616567,DHG
1.386228991899957,ANV
0.0044339515302701795,COM
0.6442404463321005,NAF
-0.19919097378582926,CHP
-0.222157775709914,MCM
0.2254087299671031,BWE
1.8925241937066313,TRA
0.4442023772683504,SFG
0.08492963317562469,UIC
0.04503576612743704,PLP
-0.9910301314006801,PPC
0.24810128152230687,KMR
-1.0601228342477738,SFC
0.026296599896096524,ACG
-1.435797788535984,HSG
-1.5081268127382028,AAT
-1.1456050597905005,DHG
0.14146045751620012,TVT
-0.04386165855295459,HTI
-0.8007423889332647,MSN
0.026296599896096524,ACG
1.5541319114436967,CMG
0.005463116548568434,ADS
0.8676393248064513,HII
0.20477422666626105,NTL
0.7975473448317938,BCM
2.343613824597923,PJT
1.1269814599675596,GEX
1.1947679840284855,CSV
0.17140181913171812,ACG
0.018123257665535648,SVD
0.905157012337398,TLH
0.0021460263351075802,PGD
1.6132394245033779,VNM
-0.914089485024341,HCM
0.025286651832193426,SPM
2.1690196815758123,C47
-0.1900010055912216,BIC
-0.5444012022192568,VRC
0.025286651832193426,SPM
-0.5569048501658649,HSL
2.160367122391825,DC4
0.6507045277832865,CSV
0.13708392278600764,HTN
0.26499767046120254,TNH
0.03358587431716874,TEG
0.579153093581322,BCG
-0.7893309542132594,ASM
0.12927664668666944,PLP
0.18053044766682394,TVT
-0.35072090581652154,RAL
0.0362638322978957,SBV
0.39679181107882705,HUB
-0.1629364583768566,ACC
-1.4385014635778912,OPC
0.7517162791059319,SFG
0.7120724969808225,DCM
-0.655356213681439,SZC
-1.1587406182888689,PET
-0.14692480794854107,HT1
0.3257087124014771,AST
0.39067768294161526,MCM
-0.5088190369297657,BVH
-0.5401051955009534,DGC
-1.1330624009964936,FPT
-1.35149467496343,ADG
1.0948122202374364,MIG
2.4717968459843935,DCM
0.11592186899602377,NT2
-1.2001957574018256,DPG
0.2565199333109748,TCM
1.7563926587653922,SPM
0.9706858752546543,SAB
0.2831302004939955,TCH
-0.04138732705292269,LBM
-0.2887591067015334,VDP
0.32186143301397807,TTF
-1.264055110052382,NCT
0.5258312302809216,GEG
0.47188378483543475,HAH
0.3850318632152286,SCS
0.936313511051057,VNG
-0.2807631882880691,EVF
-0.14442529130029552,POW
0.5531698796776976,DBC
0.02753552327857499,VSH
0.12216462351364495,CMV
-0.00719836091860017,TYA
0.02365177267205379,VCA
-2.198895372909012,SBA
0.0847769141239379,PGD
-0.3733392622436976,SHB
0.015255258796785395,HMC
-0.25404060836205616,HCD
-0.6213598988001641,DVP
-1.3807348698878734,NT2
0.2649150990738082,KDH
0.004603278282364844,KDH
-0.8317399347497306,NAB
0.06498218563453641,KMR
0.03900506491361488,GMH
-0.6172939505762018,LAF
0.15988551150020075,ICT
-0.11316828873037633,BVH
-1.6707522436801627,SIP
-0.0015343096101767507,BCM
0.824563162346155,LDG
0.3721728418970499,CSM
0.8278811884732867,GMD
0.5359901912889692,ITD
0.21739060981014433,VTO
0.10953539356893696,KHP
1.7823592939423143,NHA
0.3146993262097582,EVG
-0.35343857395295586,DLG
-0.08967524027033306,ABT
-0.45964681910736693,FCN
-0.3336122425914813,VDS
0.0010431538240905256,OCB
-0.3016105468732944,BTT
0.0633194619849285,BKG
-0.004205372210390653,TCH
0.012214087315748521,HDC
0.05279680925557399,DHG
1.2761632007196668,SAM
0.034665017933939175,TNT
3.1645608178949534,LBM
-0.06836025848186937,DAH
-2.2893475019724767,HDC
-0.5033170405393577,CNG
-0.5214219615250826,LGL
2.930755813723297,HVX
-0.6438691934515066,VFG
-0.07215044005133492,CIG
0.24294191340744278,BTP
0.13306336323965293,HCM
-0.7974198887624848,DHM
0.756632818920708,CRC
-0.4080541271053126,TDM
0.13278422110442062,MCM
-0.8537730364633378,D2D
0.5058460546660637,VPD
-0.04664940050100997,DVP
-0.8117506548265369,PGD
-0.13248261724368413,HUB
0.4425320566894035,MHC
0.33221215780590474,DHG
0.023976770320009815,PLX
-0.7598173857175277,SC5
-2.511838617307838,PDR
-0.30371726924772835,VSH
0.4233961433919561,CNG
1.4706325129790603,CSV
-0.1628542395039805,HU1
0.1009156425346083,VCA
-0.285980179333634,HHP
1.1048464540322462,VNS
0.5771599368059236,AGR
-0.5525495710449431,ORS
0.28641094320036387,VMD
-0.2887709595402431,OPC
-0.011224436964656638,VAB
0.49934105307828114,ABS
-0.044432526222221734,TDH
-0.11832326701327407,IJC
-1.3154873091729926,TCT
0.04545669419330155,ASG
1.995972451831922,DGC
-0.13919399762067297,VIB
-0.3231795430077372,HID
-0.9226720573460658,DVP
0.4091447461822589,SHP
-0.39842434793534265,GEE
0.14690012281447257,DXG
1.8754398877856664,NHA
1.3502167243831662,TNC
0.8183769621607435,HTG
-0.36983013957532146,HTN
0.6157692146631372,NCT
-1.3153093653747616,PMG
0.28708416779372753,LHG
0.8591537761533448,VCA
-1.3237959486897013,DLG
0.6392883479818612,CMX
0.38223018193654684,MBB
-0.10422046317174213,FCN
-1.2770951793258833,HTG
0.4028985829743618,CCL
-2.6494533957564457,KDC
-1.6046799639901814,HUB
-1.1384991587701774,SBA
-0.18744370456915785,GSP
-0.28061240710019303,TDH
-0.13075013019449813,SKG
1.0355182380893817,NTL
-0.04704174805067168,ACG
1.6456743838048529,NNC
-0.024699671355255956,YBM
0.9575857133555206,ASG
-1.078515056070277,FCN
-0.010290187609279433,SHB
-1.3104140187391742,SAB
-0.6945963862747722,DPR
-0.8112981131359348,DTA
1.0668166529397658,VDP
-2.489588073244693,CLL
1.1346014028674358,BFC
0.5181787858491474,TCH
-0.22556906149001466,KOS
0.1285862265424656,DGC
-0.5974322882118827,UIC
1.4194192625191624,MCM
-0.15083181446360813,OPC
-0.33950752405592205,HCM
-0.031912303747719216,TDP
-0.2359869366938621,AGG
-0.6068486002362143,FTS
1.497443151718525,TCL
0.72832096602955,VND
1.265337452593338,HID
0.2783872202364724,PPC
0.1202271436367747,SKG
0.258531441306378,ST8
-0.13141020279554294,CCI
-0.48768137731274047,VPG
0.03051574038609349,MSN
3.9137099034369993,SBA
0.5756120357042438,LBM
2.521403174360848,TNI
2.5195103426100927,BSR
-0.39656619317093833,SCS
1.1153114128838102,ADS
-0.04677377040858557,NNC
1.9833761131544307,VIX
0.4948254071921617,VNL
-1.0932397546431565,HII
0.3573964438184165,PJT
-0.654034452543522,TNT
-1.5825853860630485,SMB
0.8722590410230482,NHT
-2.201548524040771,HAH
1.7349543705113606,PDN
-0.17719333123618253,ADG
-0.8135150133521131,NTL
0.0044339515302701795,COM
-1.0600655813153166,PAN
-0.030829265911083176,VIC
0.012677815929662398,HHP
-0.7523863590634652,LPB
0.9491476719675603,PLP
-2.1229345312361785,OGC
0.365417102827722,VTO
-0.8745945217554241,TPB
-0.9407927399253817,PTB
1.0034428970466207,DQC
0.21200286034047539,DLG
-0.30538311597183837,DGC
0.19452806344966683,CMG
-0.08648740800324296,DXV
-0.502442796026375,DSN
-1.3077302788138787,VOS
0.41453174799729725,AST
-0.165531465393232,SBV
-1.79553928386386,VHC
0.3188062874308312,FCN
0.06029686878682861,VIC
0.33113029000672906,HVX
-1.2252221790813405,ACG
-0.5942691172159608,HT1
1.355923771870083,PNJ
-0.07466015596647751,KDH
0.6861216596982097,LCG
0.196329113987062,VMD
-1.3448222894752269,DMC
-0.3671719349991026,TV2
0.37326611154397027,SJS
1.104495617514073,BTP
-1.2874067616789608,SC5
-0.13860785691975047,PNJ
-0.1408491540884233,PNC
-0.1477997050633619,TVT
-0.0035793402573823466,DSN
0.4741990570978496,BMP
0.2506794696973521,HAG
1.0018237784635236,CTI
-0.11967971010243952,GIL
0.221017598806848,VCB
-0.26827683109500294,TLD
0.16454854891479256,TDC
-0.023440289354174852,GMD
0.3807063829776019,SMB
-1.8142384357817347,PDN
-1.3193129737432314,CVT
-0.472142861258288,HAH
1.8927570707375365,YEG
-0.21974074221962933,SZL
0.9282803786361657,NVL
0.7143839617231172,SHP
-2.3020505960429607,DC4
-0.1237856403681384,NKG
-1.0710393177041713,CMV
-0.7879776262004096,NCT
0.022372337832914972,NHA
0.2406805847661838,PHR
0.9254226954862035,TRC
-0.14783749282426756,VCI
0.5511033004620987,LHG
-1.052448125752191,VIB
-0.03629801188803617,MBB
0.4061974615430223,HAS
-1.7341215373923904,SFG
-0.07900927139130819,DMC
-0.3360115854981522,STB
0.2341716052434317,MSB
-0.024699671355255956,YBM
0.3828871304225304,HT1
-2.382511792671924,CLC
1.629979213679172,CTS
0.08388090451467234,SVC
-0.5724523603268225,SVT
-2.146967940747323,DAT
2.9081045708707762,VNS
0.3480674044322452,YBM
0.019727751281224896,SFG
2.077254425269081,VSI
0.23995220863018638,CMV
-1.7127687817093624,BCG
-1.773950416830279,DBT
-0.23687209162930103,BSI
-1.6785690403765479,KHG
0.09689024421173692,DPG
-2.9849635106046803,BKG
0.0139888896727529,VCG
0.236281495441969,C32
0.17644700692089113,POW
-0.011224436964656638,VAB
0.7514013929545362,HAH
0.3039954759090309,VNG
-0.3254825170621759,BCE
0.2921418652038657,CDC
-0.21156005150369792,SMC
0.3941259201183106,APH
-0.5800751147416905,LPB
3.1159231907260128,CHP
-0.08936983937311403,SSB
0.400227893689515,EIB
-0.7097164005614768,NKG
0.4337678312303196,ACC
0.001551846068671221,CRC
2.255550191729906,ORS
-0.05925870108523933,CDC
1.0968979991429322,MSB
0.8546976978025457,DPR
2.2725055969197863,SFI
-0.855884324073963,BKG
0.2593093690391221,VAF
1.7587830882026017,CTD
-0.7654418652600349,DLG
0.00866844301216053,CSM
-0.15858199557816285,TDP
0.16467567049841317,TDC
-1.108596604460743,GDT
-0.8273905102479733,VNG
-0.31483279064806274,SKG
-1.3390342785844846,AAM
-0.10492647911512201,PGV
-1.16384980138259,HDG
-1.119860250529033,NAB
0.13981763228197858,SAB
0.022746471693790186,STK
-0.16928577148397134,TDG
-0.12920892995197453,DPM
-0.004694580843479522,LAF
-0.7699294294588349,PLP
-2.973463542346639,AAT
-0.010278857846892493,ICT
0.1839886515047958,ACC
-0.006974362964496282,SVT
0.12094226681318307,DCL
2.5885563292997276,NHT
-0.290878058012604,ILB
-0.014124100804867113,TLG
-0.26974402188697494,TLG
-0.42732456156196835,KSB
-0.156409547423081,EVE
-0.44600469553637456,PTB
-0.07292025705733195,SHP
-0.2698309672657617,AAT
-0.02387954443431439,HRC
0.23008166654976195,IMP
-0.3351301406679371,CTR
0.32108853144834465,TRC
-0.7519416858688449,SVT
-0.3044972149514115,VHC
0.8352855953543251,DXG
-3.1791713067464147,TNH
-1.2714950574073474,HAH
0.032702393867099826,TCT
0.2909649271054526,CLL
-0.5931841993229041,NLG
-1.725901813387875,BCG
1.2150100626045754,DHM
0.2553160775709581,FPT
-0.07540914638851547,ADG
-0.32829544959996526,YBM
0.2059367085221282,CTI
-0.9568078911997938,TPB
0.34356232520344887,PJT
0.017470414537389668,DAT
0.02676723197583641,CVT
-2.151881951535883,SVT
-0.007542252784980188,VTO
0.12169181605314516,HAX
0.20084270619559402,TVS
0.3365116994523516,PVD
0.03358587431716874,TEG
-0.02627033401665442,S4A
0.10483878945603801,NHT
1.0164788692567606,PAC
-0.1380940394686596,SFI
0.005240834888945813,QCG
-1.9089799638231357,TDC
0.5842442491853588,FIR
0.029626090837454145,CCL
0.15346614028975772,IJC
-0.1601172539640234,RAL
-0.0037298741554064947,VDS
-0.55536078754886,VTP
0.3978395528817133,NCT
1.3154294105985354,SZC
0.20408203169215663,HVH
-0.11520358827627435,HAX
-1.0892916743955878,HHP
-0.5313382822717523,NCT
-0.34877967932718457,VPD
0.12263402237981623,CDC
0.7646474846722573,VPG
-1.0238624318400962,SAB
0.0341408805583172,HAP
-0.36130387562267136,DBD
-0.3131863125518755,EIB
-0.10115113988595284,VMD
-0.7779818953753175,KBC
3.9173798946642147,RAL
-0.5706027776371448,CTG
0.6796956173262076,BSR
-2.334344616077206,IJC
0.4120705645612277,NAF
0.1628715976694576,HUB
0.4607523982589115,VAB
1.8849560805318977,UIC
0.02622420446581552,PMG
0.006453295359853701,GSP
-0.2813647827499389,IDI
-0.18564960227365807,MHC
-0.727440580447811,PAN
-0.4232489110388976,DBT
0.4534492208289077,SCR
0.5835406492807124,OPC
0.2133527492384356,UIC
0.23603288660342908,KDH
-1.2065858542423014,CTR
0.20736491550969785,TNH
0.06369785986418565,HTL
-0.18249919584701968,SJS
0.19990537702874994,CMX
0.48732261055634885,VIP
0.10236770654382558,VIX
-0.9566738000466217,HT1
0.23686178500057228,NO1
0.2838580501291708,BCE
-0.03651321680886601,FRT
-0.5177744236385079,ACC
-1.6991829962508913,SAV
-0.816378251496725,MSN
-0.7943137143497456,TIP
2.1008562365627776,TMT
-0.025823844989583473,STB
-0.08381167032702089,ASG
-0.10463862569561058,BIC
1.1555514397354263,FIT
1.1803365114026074,SC5
-1.147397587726319,VMD
1.5340668871941898,COM
-0.2909118944778488,DXS
-0.5542002300902151,VIP
-1.5526568375136096,DSN
-0.19498747789986617,PGC
1.2632778364809003,APG
-0.22360266983983296,LDG
0.3650883396411294,SVT
0.27173235516381533,NCT
-0.20468157499263637,HUB
-1.7091060642243565,TSC
0.24425032912841044,PIT
0.18875675017836585,SHP
1.0427435828584377,BSI
-0.7642559527887899,NKG
-0.37311026304086037,TTF
0.03706341576841501,C32
0.43673100515247065,GMD
0.034482932483054084,DIG
1.9646192755366942,TVS
0.8359709168933956,TTA
0.15466247360922256,PHR
-0.011224436964656638,VAB
0.02603886054426455,VRC
0.02030769272218389,NLG
0.3183770574385235,DGW
-0.6093938672925541,MHC
-0.4181392161600472,ORS
-0.9379158359817215,GAS
-0.89967758162357,VCF
0.7027961109719171,TLG
1.9666849147548124,VTO
-0.815379697371616,APG
-0.18417331702181972,VTB
-0.9242492961173208,ILB
0.11116125355056168,GEX
-0.5862282475228736,NVL
0.026296599896096524,ACG
-1.5565522995737406,CCI
-0.031912303747719216,TDP
1.17241506606563,BBC
0.41515111788697334,DRH
-0.8469329025187168,NNC
0.873118062293306,TCR
-0.41246669365727057,DVP
-0.023989096304515546,VNL
-1.0195045577626611,DCL
-0.4338067564247859,HHP
0.7398874322444677,POW
-0.6964587245773066,SFG
0.22362640003705112,VNL
0.1730930582501433,SPM
-0.19985235395686282,VSH
0.6088337894598017,TVS
0.6801906949303916,BSR
1.4163985454316035,CRE
0.650091885159618,FPT
0.6514864992105689,DHA
-0.06635791735072984,GEE
-0.008373754902828255,DHG
0.11000012916234547,VIX
0.2043830551152513,PVD
0.6397396130471151,SVC
7.811246830181047e-05,ITD
-0.22970433999988454,TCH
0.5097142982480409,VCI
-1.128969666093978,GMD
1.6917833697630102,VTP
-0.6003679236853607,SHB
-0.3982045930246432,HAX
-0.04220018171487552,DVP
0.9930699750173237,MWG
0.7253959988783923,CCL
0.03765854497786985,VHM
-1.622541221838479,ASP
-0.7466733434110661,BIC
0.0051826703712155,CTD
-0.1439529927599227,DAH
-1.4220423744559316,FPT
0.4289688566544499,VDP
-0.37963230052152674,PTB
-0.016731769693568224,DMC
-0.02280336060692953,TRC
-3.2296680961250814,MSN
-0.8237467335419577,KHG
0.9135083317551619,DHC
-0.24756084987837326,CIG
0.032702393867099826,TCT
0.07096410317011903,KBC
0.2982142135194197,TMP
-1.5561763403933024,HII
-0.8916708634084994,NHT
0.032702393867099826,TCT
0.9408313171899181,POW
0.4484603394686341,CTF
0.9336827213003102,DPG
-0.23835060549884746,YEG
0.8380962120418164,TCL
0.11136768690390114,TEG
0.03975949529555367,PNJ
0.13212942372549066,LPB
0.43309356142711014,REE
-0.06339668244779931,VNS
-0.5233046409067571,KSB
-1.8426599708146114,QCG
-0.000200210842177191,PJT
-0.785543097775838,PHR
0.6615065974320983,TLH
0.3448557722624077,TPB
0.8667648818674405,HTV
0.02299732134407447,VMD
-1.5561503280116051,SSB
-0.4399179441799038,HVN
-1.009770315577024,BCG
-0.13056950467429992,CIG
-0.41342546697968924,PNJ
-4.048178699412102,CLL
-1.0913287557923954,BTP
0.02801443143050436,FTS
-0.9488558634512618,VSC
-0.18024145501695968,AAA
0.09895827198890553,SHP
-0.0678891578593616,KMR
0.403634027969286,VPI
0.27671930582892545,CMG
-0.21391633053398051,FCM
0.7865548916003015,BRC
-0.530973763316207,TRC
0.41142416195686893,DGW
-0.03692432644760676,PJT
0.5477668052437757,VNG
0.46326054286344637,PC1
-0.2532806740923163,ABT
-0.08804704751684626,CVT
0.059682975223018374,BSI
-0.17644502278752436,VTB
-0.41690379984176723,TCB
0.03942839082399665,NHH
-0.4391426724363295,CSV
0.5550077773897861,C32
-0.6290491084711959,GDT
-0.21469271252233893,TCT
-2.3194938392212148,LM8
1.2646520305636297,TMP
1.645271698096228,ABR
-0.025350898325838613,KHP
-0.42258949702924553,NKG
2.0891465548682944,SMB
-1.703277745809765,PTB
0.2636645515281645,PMG
-0.2163734831207904,ASM
-0.16677469268399586,TMT
-0.14286880904031427,NHA
-0.9054284652867046,PJT
0.30682052044116365,D2D
-2.011250436671928,BCM
0.021263913029223785,SSB
-0.009357836561759423,VSI
1.5548476442282837,C47
-1.2580095792281625,NAF
-0.0006605313515093568,SSI
-0.2879254717319878,SJD
-0.2936818414795184,VPG
0.020643279426379058,TCI
2.043347757857459,HHS
-2.374289481852967,VTO
-0.6876369806389563,CTG
-2.736094520339369,ABT
0.02032046579157938,CTS
-0.5983324469925385,VCB
-1.530045324447605,ABR
-0.3873098158998825,ORS
0.6165241253654626,CRE
-0.1598647623065211,TVS
-0.49468958196880214,GEG
0.057050465113566144,DSC
0.770508401963015,DXS
2.588618175313795,HID
0.1443225445214699,CTG
0.3487057255242263,HAP
-0.09036227996715321,ABS
-1.364198638220723,BMI
2.1620257047654636,HDC
0.13346082994635783,TCB
2.1070198743276767,HQC
0.6249331708592898,HAX
0.2538533953791147,STB
-1.0874226381774417,DPR
0.3602357979644165,LCG
1.5469966293220228,TCR
-0.10190705351374905,APH
-0.23140293671523757,HAH
1.2986664820671614,PAC
-0.23695649452791795,MSH
0.46822658180381715,REE
1.8970075693285002,CMX
-0.8707901867128555,NT2
0.008703668770632687,BTP
0.5782234496355148,VGC
0.9004664336199965,VNL
2.164264225162285,DXS
1.4583404786987166,VPB
1.3968171598348997,LPB
0.15581336983211433,TVB
-0.2103747988141654,PVD
0.26937026693568983,TVB
-0.6052467257674539,HUB
0.4850142457196826,DTL
1.9099895555384885,ASM
0.7605608623821891,JVC
1.1745308132037848,SVT
-0.8923838273827511,SHP
0.15187034153197893,VNL
0.43756514975883976,ELC
-0.16477961338710895,SJS
-0.695707134319812,NO1
-0.3589041924512135,GEG
-0.029746815385502973,BTT
1.04246060222079,AAM
-0.5351842068261822,HVX
-0.6869537347572579,SAM
0.4521002453253685,DCM
-0.13136229745758643,LHG
2.18877435100251,DC4
-0.06345626579326227,CHP
0.36201442989317606,FCN
-0.01768901764287977,VAF
0.9481024621678231,PET
-0.27207263820441885,HDG
-0.40369672812856966,BMI
-0.03610271785115435,RAL
-0.21889440313661038,TCL
0.4422890147379227,VNS
1.6791084667338103,HCD
0.047850746598393265,BBC
-0.08129442160475579,VFG
0.0053002998141508054,VPS
-0.3714990635808085,IJC
0.0964992523413207,HTL
-2.977347580543386,PHR
0.015640677262310918,GTA
0.35977280065815037,TCB
-0.1283779910505867,BKG
-0.693293415720601,SGN
-0.08466321563956895,SZC
-2.258973606605914,TMP
-0.5411262693748604,VNS
0.23711759298358887,TDG
-0.31021499584740453,VHC
-0.8681172478293134,BWE
2.4267477388328187,HVN
0.470330557470222,HAR
-0.40049246195943616,VPS
-1.065895836179277,PC1
-0.3647922086861283,FIT
0.34915296419404335,PGD
0.012160565285822909,TVT
0.731071106946535,NAB
-0.17019698266300087,MWG
-0.31751042908866484,REE
0.8920758800869968,NSC
0.08080220419043697,DXG
-0.04007052630584957,SMB
0.02030769272218389,NLG
0.02227599319932012,HU1
-0.2715442856373167,PVT
0.02299732134407447,VMD
-0.4681227030559359,HVH
-0.5666264976225606,DTA
-0.6617604256351721,SSI
-0.24533676772970828,BVH
-0.2675411005454652,LDG
-0.11578431793452038,DIG
0.5145443148423725,BHN
0.19648975497117055,APH
0.04928699074251836,TLH
0.5408374374194524,TCT
0.437673231485399,VTP
-0.4606398138614924,POW
0.4002660566305838,CNG
-1.5383944143283605,BIC
0.0051826703712155,CTD
-0.047786174048046644,CCL
-2.5185058112864174,PDR
-0.22640404146519114,VAF
0.6519508139587276,SCS
-0.2763081377335749,PNJ
0.03900506491361488,GMH
0.11860820438115383,AGR
-0.44936297028104605,PPC
0.43372806337694697,HII
1.6698655292067806,HDG
-0.8080777526072173,MWG
-1.7178625097729368,NSC
0.167018434672574,C47
0.24409782478062036,BHN
0.4315986874796971,ACC
0.13426194450815299,HUB
-0.7645328735380484,BAF
0.04503576612743704,PLP
0.7519301242628257,VSH
0.06473843774787251,HII
-0.004864726025937184,MCP
0.004558087972000823,ABR
-0.138078767935604,FCM
0.0011892775149193113,SAV
0.0362638322978957,SBV
0.2507359762400271,DVP
-2.539981942283155,AGR
0.6372798814747029,GMH
1.0324489946253885,FCN
-0.5801968213992761,LPB
0.882122040428783,SC5
0.9550948767061609,GDT
0.09974214198542707,GVR
0.9646825422823518,ABR
0.43647416380641146,CTI
1.1296521710019969,ASG
0.7849086828634215,ADG
0.7139286267288389,STK
-2.9392884503120404,PLP
-0.3992584746490251,BMI
-0.03611241160351432,TBC
-2.43982933267362,HPX
0.08374164704939809,NAF
0.2605161179206687,CIG
-0.4159496802239723,BIC
-0.4752104854067578,NT2
-0.08216114139985699,AAT
0.450794043769937,TCO
1.6206967995241581,GMD
0.12481665930357384,CIG
-0.10292115179074104,DLG
-1.2534993334734883,POW
0.3720753854468138,LSS
-1.168061140126359,BMI
0.9887468060238738,PNC
-1.4794098151804684,SRF
-0.0019336602746562672,LM8
0.1608990397359427,VAF
-0.01999046575745417,CCL
-0.663373654465813,PTC
-0.44190156282305176,PAN
0.6440002344784954,FMC
-1.30642517541491,PLX
0.024446818269452077,TLD
-0.012426651071205242,BSI
-0.2938721998218431,TCM
0.21456498926647058,AAA
-0.5632160732472897,HAG
-0.09719397912675777,ILB
-0.22332907686776052,ABS
-2.306061699083945,GIL
-0.22194663361148495,HTL
0.9480204184402861,ASP
0.6924909049794072,SAB
0.17021326329615002,BRC
0.22605291189446886,DRH
-0.1534446112873353,KHP
-0.2281837512284797,TCL
0.23406932084200613,CII
1.7875043900731002,MIG
1.4480043601950559,POW
0.34153818677651954,PLX
0.0612574714025042,HID
1.3839356839138288,TCO
0.37731649090459707,NHA
-0.27040339846677247,BMP
0.035676689866664224,GDT
0.1936984220184747,PGD
-0.3481035566269865,NAB
-0.1316906000889726,BCG
-0.6527934535559331,STG
2.79701935909817,MSH
0.14124646042932973,TMP
-0.05688053959735339,SBA
0.01811243066550267,CIG
-0.8628238564929014,TTA
0.3436945785705289,TLH
0.2583554007008319,BCG
-1.096046213176612,BCM
-0.5846539514364196,FMC
-0.7155598575720965,HPG
-0.12751448830891146,VOS
0.9993648744335423,BBC
-0.23639186576648355,DXS
0.7790712594640959,TIP
-0.459505302078074,KDH
0.19131485356488456,REE
-0.02609029168059178,CTG
-0.6113711739164849,VND
0.607211544552324,VNL
0.34152302539038637,HDG
-2.7085508384937587,DAH
-0.47310751244017446,C47
-0.8896598564261057,KSB
1.2503017142957313,HRC
0.29920080545556915,SPM
-0.027069022218978625,IMP
-0.34382681890035127,DSN
0.3354916893970309,HAP
0.24543984002833708,LHG
0.11879912992988376,SGR
-0.5043939293699063,GEG
-0.299792358542537,SBA
0.8093488650567472,FCM
-0.6047985138614566,LIX
0.2458399287470357,SMB
-0.0406913853511416,KOS
0.3270584956750972,DPR
-0.2797570211839645,ASM
-0.055798790032533255,SPM
1.4967335888668583,VOS
-0.705804344057789,HDC
-0.7238540758907402,HHP
1.3311243131715014,TNH
-0.45827510531558446,CHP
0.3663546297212862,TDH
0.023256748796257352,BMI
0.15665510366021657,SZC
0.004616794520872598,VJC
-1.1232959347383182,HHV
-1.633908725567435,VRC
1.8481337878316262,VPD
-0.5584427257721115,LCG
-0.12022936541567107,NVT
0.414617576044988,VCI
0.5531138114231122,CMV
0.9717123721622745,FRT
0.03613302467133759,TCR
-0.14288292689645635,BBC
-1.3979235725317052,VPS
-0.34436220617414015,CII
0.10443823707451001,CII
-0.04880182031900275,VPH
-0.12543046588080345,SRF
-1.4783768147976757,LGL
-0.014124100804867113,TLG
-1.0328500827750642,SCS
-0.22766666513871775,KMR
0.08436439761917958,HVN
-1.0144920943319247,BBC
1.5472637052661402,DRL
1.608003124594214,CSV
0.4486506820164193,HNA
-0.024437552020783782,HTL
0.024446818269452077,TLD
0.18735928245395997,SHP
0.0973457728513443,VCG
0.03560849666408137,BID
1.193889112467915,VFG
0.22103302744500422,HPX
0.005526522326290344,PC1
0.3948517695683103,PPC
-1.2430080789464184,GSP
0.4228016626455445,VSC
-0.43538330929743285,TCT
0.7774714984928981,VHC
0.63508478245539,SGN
0.6995819542278,DXG
-0.1289223846670995,TCB
0.08731027059879115,DLG
-0.483814046417559,CIG
-1.5065007351338244,DGW
-0.46388224152041907,ILB
-0.9668522068251085,OPC
-0.39833294055198987,MSH
1.4080073721834216,VSC
0.0751310491708476,PGI
-0.06024474370407716,DPM
-0.17073942765101024,BRC
0.015672944538421517,DC4
0.2894553419305661,AST
0.8307820366064975,SCS
0.2555629491333713,DHG
-1.7673061142228412,SAM
-0.01935751512280898,VSC
0.1658202896400079,DRH
0.21057673437756502,LGL
-0.5971785936251254,TCB
1.1057217843772418,HAG
0.1293529200399337,ILB
0.4857736156783045,VPB
0.23610508259232185,STB
-0.542935651499034,SJS
-0.4197405891040808,RAL
0.48782790287297123,MWG
0.41983645624396704,DXS
1.2680616872764057,FMC
-0.9662053437344188,TDP
-0.4050392127414041,TIP
0.0607675865471387,GEX
-0.38503381850074153,GSP
0.23784163890371313,DRC
-0.9716509869614722,NAB
-0.9140317285367839,AGG
-0.05886213722326006,DRH
-0.12888093173633763,PTL
0.004158505906995598,EVF
-3.9494421460080256,NNC
0.006316405241595661,TTA
0.07117580179109956,VGC
-0.010001346113462593,GEX
1.411655592884079,TCD
-0.13912868356814467,EVE
-0.04007052630584957,SMB
-0.1564163037985036,SRF
-0.8923388342245324,NBB
-0.32256750736935613,FRT
-0.39845529948008174,DBT
-0.31677497447357045,PGV
0.0341408805583172,HAP
-0.5393548130451958,VJC
2.264426150034119,VDS
0.10008294977500332,CRE
0.26673454507567623,LDG
0.19897195815559346,LGL
-0.1190920193492495,IDI
-0.2783579947596876,SSI
0.7940290607711296,YEG
-0.25374940729362044,SBV
-0.8515491145880433,SRF
0.44828796183980296,NAF
-0.12474198251597926,DPR
-0.7363184983521791,CRE
-0.5365474908879908,TV2
-3.032511112450789,CSM
0.6682964454281274,HTG
0.40630245686282346,HAG
-0.009357836561759423,VSI
0.07676093618129623,DBD
0.25170871447425325,DPG
0.9219463745702713,VPH
1.9800907121389517,TPB
0.015607452319873193,IJC
0.39033675994337114,HAG
0.5789955534856943,DHC
0.556344066606919,FIT
0.45160199878837975,TMS
-0.3954106486691868,TCL
-0.22843384611152778,SGN
-2.5374919212819327,HHV
-3.1510655405913126,TDM
0.48449228709121683,GEE
0.08022546965195558,TDM
0.014104344966181522,TNH
-0.284552803796364,HII
0.18786659097330768,TCT
-0.00044220447969351687,CMX
0.7840790159887132,VGC
-1.7946314404953392,ACB
-1.0431024606790749,NCT
-0.7490619532658165,ITD
-0.8861750973061379,OCB
0.808518411323046,TMP
-0.10192089433613315,DAT
0.366317229094974,BHN
-1.3452249974121688,TLH
0.025286651832193426,SPM
-0.5941153622526342,CTG
0.024935044751338096,ASM
-0.08287151874154834,GIL
0.44064552801669693,DC4
0.018790284058009407,SKG
1.4079060905844,HU1
0.5761232835916321,NHT
0.10335810936124541,CLL
-0.04248456289020862,HTV
-1.0532498328501871,VAB
-0.42569442075338987,DLG
-0.15239812894164476,THG
-0.5034270462926166,VAB
-0.24978424648426256,HRC
0.6922038971014234,ASM
0.4694506411572949,HAH
-0.0002576781687008662,CTR
0.5426241102191268,DRC
-0.10298488314396807,DXS
0.8788497436306366,VAB
0.12825454857155494,TCB
0.520219648368272,AAT
1.0563533222152148,TSC
-0.04089176404302594,PLX
-0.47187934147626026,PAC
-0.6060483466571231,TVS
-0.29437935747671556,HQC
-0.04613334019022306,NCT
0.13604328236800933,PHR
-0.2382799040552826,RAL
0.43172475842543706,VSC
0.15627960039083305,DCM
2.2709258409021165,VGC
-0.4166140541822138,SZC
0.1916563302417796,BTP
1.1545510615263155,GSP
-0.2735614175034209,VSH
0.8335932023888697,ADG
0.5771255730305797,SCR
0.130962313079693,GEX
-0.7135995198976213,VPI
1.1333194421467345,HQC
1.8701836707135417,MCM
-0.3266682237847246,NHA
-0.19986207286977464,VSH
0.051354330134984284,SAM
0.01802350198367512,POW
0.2534269388843159,NSC
-0.037805814762549884,COM
-0.1668844118338776,CTF
-0.7326770750659684,ACL
0.48018020261055383,VDS
0.2511011334448571,SRF
-0.21005518827836683,GAS
0.0021460263351075802,PGD
0.9619434441291805,DVP
1.5366871819391064,HAH
-1.5597490973172763,TDM
0.11664360881931457,FTS
-0.012218315893105276,VCF
-0.2973722949959139,VSC
-1.4556447460947626,SKG
-1.3259267248701225,BRC
0.8521063734906591,ABS
-0.01343741566151019,DRL
0.029626090837454145,CCL
0.7100275704721329,VTP
0.9844776311067374,TIP
0.13890262778019355,DHM
-0.1319757560477603,BMI
0.9709291672161705,TCH
0.07577926507903801,MSH
-0.5519541463187566,KDC
-0.5277606865252576,GDT
0.3065649725870632,TCD
-0.8426196031746205,GMH
1.1342971739478818,VTB
1.295618975414654,FPT
1.3784892938918538,ITD
0.06498218563453641,KMR
-1.1314905756108558,NKG
-0.5732908761892015,LHG
0.008703668770632687,BTP
-0.5043210173747107,CMX
0.6619380670953348,VNL
0.4196980199185736,NT2
1.647994652862936,AAM
0.8526312871775147,SJD
0.7200871186167385,TYA
0.1117475740181522,HDC
0.14300041697747187,KOS
-0.148997199937376,HUB
0.2161401568406461,HAP
-0.20585548062193212,VNL
0.194972366124675,DSN
0.1585004624495605,LBM
-0.323354937490697,CLL
-0.024699671355255956,YBM
0.12662561657840218,SSB
0.8435260962468546,MSN
0.5387770973663644,ADP
2.393245938706336,HHV
2.574279303460783,DGC
-0.7941738723154751,SBG
1.7452509367303413,PDN
-0.5699114255247248,SAM
0.6973703299695287,ORS
0.3618237589266365,NT2
-0.24346672169406258,DRC
0.7261277492397326,VPD
-0.09649874701553648,NVT
0.16996557526702294,MIG
-1.0365348217441763,BID
0.37200927590173327,VTO
-0.11582658491603103,ADP
0.3311904673908853,DCM
0.012619599338361128,GVR
-0.2495290028581912,NT2
0.9785087740522179,TDG
0.3336993595471506,TCM
0.01399729444144872,PIT
0.6021903186631902,HDB
0.4872055443608689,PVD
-1.4948442099253236,EVF
0.5247727841040104,HPG
0.613367811213267,DRC
-0.5631828983715785,ITC
-0.35020401703088666,BCM
-0.2899075265860275,SC5
0.15048687343073555,SKG
-0.6178947836237803,TLG
2.4518246063334534,VPG
-0.21513675032740906,HU1
-0.05925870108523933,CDC
1.3779134913642248,DCM
0.23148687463578096,DBC
0.8220649117361355,BTP
1.210939504909817,APH
2.1141008397125822,SMC
-0.268686985661301,DLG
1.7875863784087687,SSC
-0.008610516439201882,CMG
-1.822983399301933,BHN
0.536647154767947,VPI
-0.44661035518394704,HHV
0.021011504725503907,AGG
0.5263026460734868,HVN
0.11953605141915784,PLP
0.557435313578103,VID
-2.4742282544256455,NBB
0.39519647159870774,CRE
-0.857230482231804,DBT
-0.3020871822976255,TVT
0.6374960090286825,SGR
0.3481254505927475,VRC
-0.32679740646748723,TNT
-0.43454777743704337,TIP
-1.8779198276276936,SSI
-0.26676958343115126,ADP
-1.0319698406060394,HHP
-1.0567462937424452,LHG
-0.5232979831713829,HQC
-0.7939530110265068,PDN
0.20041354922125396,ASM
0.7776896938593525,TLG
0.598587594041153,DSN
-1.349151243975223,IJC
-0.06304427309653805,GAS
2.286087677952076,SFI
-0.1329646194830123,TIX
-0.42162609289938874,IMP
-0.7628272561350622,CLL
-0.7879333909047015,KMR
0.21274237712986563,TLH
0.8900242383243128,PDR
-0.7094396997672654,OCB
-3.0087978087180223,SHB
-0.3061891432611489,SFG
0.6999286948785622,BIC
0.2597321899120693,DC4
-1.440588178559852,LSS
0.6345726563557851,HHS
-0.3607057952948757,NAF
-0.14245879850902324,VIC
-0.8846603598018578,VSI
0.10125667831714581,VCI
0.8061715337914728,APH
-0.2851712894289328,SVD
-0.00032934254271416673,DBC
-0.9846364557601939,NTL
1.1590266008608963,DGW
-0.14856295158311153,VCI
0.08516808680981214,PGI
0.6111855970447129,PGD
-0.23864026284646303,HHP
2.3100876190666244,VCF
-1.2296616646684513,TBC
-1.8627820064630243,DPM
-0.10744960661447885,NAV
0.5634474979847409,ILB
-0.05527734862803965,BTT
-0.0658453640083525,GAS
0.6123322492749612,HCM
0.5336549359167532,PAN
-0.3984514519566188,VFG
-0.20368633310490683,CHP
-0.22423726152360385,TV2
0.7583049550040675,HMC
2.4631321356444897,FRT
0.7578000316860221,TDM
0.01399729444144872,PIT
0.2198855597153924,CLL
-0.8122776396072651,ABS
-0.126678533267659,HAX
-0.5238900802194558,VTP
0.041690769470247226,HAR
-0.00233886418680605,BSR
0.8355561720861884,FCN
-0.18883703247280642,CNG
-0.6205486287030223,NHH
-3.2748381481645503,CDC
0.32974964766878934,PLP
-0.7089272159558551,KHP
-0.6047089835490481,BBC
0.25822908492192886,HAG
0.46950128469167035,DRC
0.1926596772843586,AAM
0.8893033195612956,MWG
2.1144750210110153,PVD
-1.123216945882073,VPG
-0.7319604326876588,TSC
-1.7210812399221143,DIG
-0.8118585494484915,CTR
-0.10090603014358779,HAX
0.11145559275366966,DCL
-0.8682754770271048,HHS
1.6285217289739575,ASM
0.7320295844414576,HHV
-1.3676324351629527,LCG
-0.1512960526120686,BCG
1.699463509866377,TSC
-1.0034324469875608,TSC
-0.3705735109093566,HHS
0.7645830229221454,IMP
-0.21953219164252966,UIC
0.569898932987307,MCM
0.8051894318976558,GEX
-0.22690005034516333,TCB
0.3856248872220601,VNM
1.61663719523028,SFG
-0.3452041505631906,DSN
0.7868295876409406,TDH
2.4714670464694986,HVN
-0.5196905723406758,CTI
0.7597405456311265,BSR
1.5308005167500083,VFG
-1.3401678870255738,CLL
-0.663995104878111,TRA
0.2055945675969883,SBA
0.49461181616973243,HSG
-0.5596029856091442,PLX
0.0362638322978957,SBV
1.2378206402314562,HAS
1.420059858021408,TCL
0.17579308631095406,HAH
0.2716411083733226,NNC
0.40766173427977914,TDC
-1.6648908992873435,NVL
0.9037915374499885,DTA
0.004603278282364844,KDH
0.3222688603988582,KOS
0.580092573055125,HAX
-0.30897084998517726,MCM
0.12404483679289618,CIG
-0.014537026827334171,VNS
0.38302974765472997,HVX
0.44128607999579395,SBV
0.4158901745066075,NKG
-0.17006597910149793,LPB
-0.0815398899170949,STB
0.3623799918518777,VNG
1.00563655468001,CTS
0.34908162800614073,CTG
-0.3441280342448237,SMB
0.47392225092454965,STG
-1.2771438415139258,NHH
-1.1839621709792119,CCL
0.467617786545885,DXG
1.0437417186211888,BAF
0.014104344966181522,TNH
1.2815241803608042,SFC
0.3300873708247338,VGC
0.05155514458290133,LPB
0.38118399712938855,VPI
1.153512164545116,SCR
0.6131378565947302,TCM
1.8871735346940073,GEE
0.5580415685308553,CLL
0.08407007671644301,CCL
0.23196484487066277,TYA
-0.35517442118961234,NAB
1.5555458489743208,SC5
3.825854966373266,DBD
-2.2732589885970667,TTF
0.3477508493947585,DVP
0.017470414537389668,DAT
-0.02178517107389754,AAM
0.7694874676116601,TVT
0.860663185463386,TCL
0.2244999971875048,VOS
0.17473987843524952,ADS
0.24058139481061316,HAP
0.6014943539823078,VNM
-0.6145608947417722,GEE
0.025194249438446836,HHV
-1.8518579781550446,OPC
0.668259590470011,DSC
-0.17549989267127106,HTV
0.541969111318409,VNG
-0.4250982314651521,TMS
0.924335845924017,HQC
0.07836980191679149,DPR
2.307392025691092,TRC
0.6145169117504107,HSG
-0.4339293861914841,FCN
0.7421161358474092,PTL
-0.04066022876370414,SRC
-1.6720939630439418,DAT
-0.16866837061787882,KDC
-0.22405386038031677,DGW
1.1498500027118947,TCR
-0.21770008229114216,HHS
0.0005068046630349781,MHC
-2.2148113591545235,SMC
0.39739963669559425,CTI
0.060184868620538685,VRC
0.0216565996698444,TCM
-0.36659808141372396,KMR
1.2524829773118433,PC1
-1.0723633608008094,RAL
0.05411051525930853,BCM
1.6593702622399198,SRC
0.34794634297909843,VNE
0.45568633084136323,LIX
-0.028599439991756733,ACB
-0.2913106245380999,VNL
0.3230902789230618,TCM
-0.58820756905704,HVH
-2.1464754373828034,CRC
0.832486773386188,VCA
0.24885836767702157,DBC
-0.04138732705292269,LBM
-0.3569231353683465,HT1
0.21179787031893607,SKG
-0.009804542526258004,NAV
-0.5335938610852236,MSB
0.0216565996698444,TCM
0.02084168342773609,TNI
-0.20561131758454088,PDR
0.17203372744597553,LSS
0.08431642038130803,VNG
0.26738850456847796,TSC
-2.2223714979459195,FTS
0.27136969977271824,PPC
-0.18334546595980183,C47
1.6456166323774755,MWG
1.4738995009498783,SVC
0.4484784788657263,IDI
-0.004864726025937184,MCP
0.8900798943661081,GEG
0.735465308277871,CCL
0.1982294427238838,TV2
-0.6441491682504884,STK
1.2031471743306035,ACL
0.0139888896727529,VCG
0.6240083829242665,HVN
0.3893202325255236,VTP
-0.15916089117620844,GAS
-0.13261185483041169,TPB
-0.3757291603567796,SFI
-0.7539756898668187,VTB
-0.6567733218849316,CSV
0.5841046208803637,APG
-1.1138642771980345,THG
0.7404356154943534,CRC
-0.04066022876370414,SRC
0.8208358341364299,HVN
-1.5813007278473152,UIC
-1.9569456109029686,FTS
0.006207182326561493,MSB
0.020147548209148023,IDI
-0.3455775668758162,PJT
-0.44098917758169015,SGN
0.7079989703661449,TNC
-0.23976167095309375,BTP
-0.6174613731469659,TCT
2.031411574847811,HDC
0.6208008067505789,NAB
0.4915240813756881,IJC
0.021263913029223785,SSB
-0.9673366567424327,HUB
1.979793583587492,AAM
1.483080819593712,MDG
-0.4908261941484619,STB
-0.10533546925561534,SC5
0.6687704692530603,NKG
-0.5949380076262832,BVH
0.7748525503948746,PGV
-0.15026819547975184,NAF
-1.4685543269922623,NHA
-0.687510409780048,HDG
1.5734380594781587,TCB
-0.48095550844507273,EVF
0.3471838490395822,HVH
0.02084168342773609,TNI
0.08408349147413881,VIC
-0.004694580843479522,LAF
-0.3452589178130985,TMP
-0.30304446249196015,PTC
-2.4034385805114353,VNL
0.020018877658195575,KHP
-1.5638139483143272,DC4
-0.2976573005298736,SMA
-0.5287245049492135,TNI
2.1619119210298883,SSB
0.13435167299640796,CTF
-0.5783034917857907,BMC
1.7029653216923026,ABR
0.4525716873934475,IMP
-0.7683714517625289,LPB
-0.08878749162473396,CTS
-0.052262842975853645,NBB
0.5314310478000356,TCI
-0.02337097832192641,TCB
-0.21885392678541044,SBA
-0.40315697955569185,CDC
1.2478910588966081,BTP
-0.6861709399993419,DPR
-0.949575290688938,TDC
0.4021053874657063,LAF
-0.5151258073744749,DIG
0.960618631318889,NHA
0.33363280777056376,SAV
0.4115586901363773,HAG
1.5326351891169754,DGC
0.2278106719258007,BCM
-1.8835183149486563,SVT
0.05683971737160603,DHG
-0.4645824825282397,NBB
-0.0039068908842595125,TPC
-1.3905366923211007,HAG
-1.8021442070373792,CSV
0.028783708121259126,HPX
-0.12385119283802977,CTD
-0.0539449344878638,PMG
1.4543683440635622,SGR
-0.09215402276415731,HDC
0.28134669312596017,FMC
1.0875721957596178,CTR
0.6539437869826905,TCD
-0.22752248557908414,DBC
-0.015364705103247427,ELC
0.014475379580521927,VNM
0.3612889957157482,DHG
-0.005930102498459649,PVP
-1.916804569998736,LM8
0.8601484062671733,HUB
0.21618082510066394,HAH
0.9654077595447182,VPG
-1.9376016032128298,CTG
1.4096022881886177,BSR
-0.19366054376434574,SZC
-0.8021495179237657,BWE
0.051652246571912995,HRC
-0.34676236061630844,DLG
-0.4043185843343696,SRC
1.331034249465056,AAM
-0.6513210419227464,VDS
0.19115371594733443,DBD
-0.2648357767161795,ACB
0.5392985494622384,NVT
0.11383822599555918,ABT
-0.016731769693568224,DMC
1.027208798538819,SGR
-0.5344244765354813,NKG
-0.1633961710861689,YEG
-0.003618052175033325,PGI
0.05479246954272211,DAH
-0.6528329289749409,GAS
-1.1811940330216169,CII
1.9783211754663221,VFG
0.65255594473827,DIG
-0.015786383231160623,GIL
-0.008063053544571389,MDG
0.005202653795539408,PET
-1.0623884908126011,PNJ
-0.000200210842177191,PJT
-0.06209139195474481,OGC
0.16008040711549026,DPM
-1.9314755185799406,SMC
1.6065809695681592,HNA
0.810470106808536,SFI
-1.0812666655317584,TCL
2.4665920400540724,VMD
-0.005426357313927966,CCI
-0.020682664548655548,AST
-3.7357181856605575,CHP
0.00209073858101088,SHI
0.9072244290547572,SHA
-0.24714543304793662,HTI
-0.25838795616310994,DGC
2.137797395011074,VOS
-0.2601640236257648,DHC
0.035675814561297495,HQC
-0.19485053357732654,HVH
0.975974450464954,VJC
0.30733413492171924,PIT
0.8753276562909411,HT1
0.001551846068671221,CRC
-2.2725835789056776,LM8
0.04295096114441927,DLG
0.5121860289250587,ABS
1.2086112491642278,SHI
-0.04390640720452505,HTV
-0.36319355504079026,CSV
0.013036722046752979,HAX
0.312885645437865,BFC
-0.008610516439201882,CMG
-0.06425187431195274,LSS
0.22007103883419404,HAP
-0.36162605041972584,SKG
2.8475504764612727,PGI
0.045916802607294194,LBM
1.2563354600195393,NKG
-1.5730237136117577,S4A
0.35914686800547635,CII
0.7947707034638852,NVL
0.008777466983687194,UIC
-1.431343135217338,HTI
-1.8050201782985773,DLG
-0.4424330507053975,DHG
0.7256207447240771,FMC
0.4280414255682191,ELC
-3.4444686313207766,CDC
1.7257043936315166,VNL
-2.3977875726680224,SZL
0.13615971173711944,PDN
-0.21498937118234573,YEG
-0.3699796538778704,DXS
-1.7755768866636283,TN1
-0.6045908739907678,HUB
0.028073826948156785,CKG
0.42667699479186655,NNC
-0.004864726025937184,MCP
2.0580101951707754,DBD
0.6164922078375221,YBM
-0.3303177116707784,D2D
-1.3756834076725666,SSI
0.8446815046755307,VIP
0.4854521398627167,TVT
-0.009804542526258004,NAV
1.2343779696409662,HTL
1.4438301684193624,BID
-0.07679018326541345,CRC
2.6342902190841246,DPM
0.12920754297112705,BID
-0.13335200762878693,SPM
-0.17305292029230848,KDH
0.49984318061112765,C47
-0.4217950612078551,DC4
-0.5501347538968216,GEG
-2.285556106782601,SIP
-2.93083227004974,CMG
1.2281429590755029,IDI
-0.011224436964656638,VAB
-0.006974362964496282,SVT
-0.13487937184961166,MCP
0.01853429594566506,ITC
-0.016731769693568224,DMC
0.6832057851254755,GIL
-0.6575963020321924,SBT
0.29521721832221426,FPT
-0.5126477725748745,HII
-0.5238034675152857,THG
0.5855896104835139,HT1
-0.03848563293430293,HVX
-1.2795972736557237,PTC
-0.40519446804512643,PGV
-1.0000847997528006,FPT
-1.6488474770571784,ADG
-1.5249258009647488,SMB
-0.03514758090144569,BIC
1.3867703648342404,VPD
0.44464575467282275,HAX
0.04523473927360492,DQC
0.006453295359853701,GSP
0.8801083900248401,LBM
0.602842754974402,ASP
-0.02051230092712541,BFC
0.8662298531598428,VDS
1.3180770204559105,TVT
0.35734188382223964,SVT
-0.14001910136986545,PNJ
-0.6153345859462799,BWE
0.3848670674548529,ASP
-0.04427975609621726,TSC
2.4298713253304176,SGT
-2.440967406368803,ELC
-0.19137277497171212,VOS
0.8814059356519484,VNL
0.17529143784642517,MSN
-0.9848158721305375,SRF
-0.47839103343932704,BCM
0.025286651832193426,SPM
0.08941291804009521,SFI
1.5917795788677418,BMI
0.9381602426373282,BMI
0.013036722046752979,HAX
0.4100755369701781,VCI
0.042351034879254956,REE
0.013377725558469403,SFI
0.035676689866664224,GDT
0.6027096295730942,SAB
2.2548273291385104,LCG
-0.2696883961384714,VNG
0.5299111062043855,DPM
0.004558087972000823,ABR
0.3349773211893352,D2D
-0.8039592022101911,VPH
0.39856399805585363,STB
-0.10219997727907311,TLD
-0.1062030599413264,HSL
-1.4087152802506675,TV2
-0.04386165855295459,HTI
0.012306109280868427,TCO
0.9789724511613559,DQC
-0.29385614875545274,DRC
-0.1846819876889544,IJC
0.9821345810216012,PHR
-0.5793157461541307,MSN
-0.011224436964656638,VAB
0.013928113503173137,LHG
-2.753537023953511,APH
-0.9602323740492605,CTF
-0.5143856959645271,PHC
-0.02420169915191316,TVB
1.3252840545021864,VSC
0.7124351613056601,FPT
-3.53217329861328,REE
-1.537523966844508,AST
-0.14249188718518946,YEG
-0.5044727444912093,DCL
0.3097063515059997,FIT
-0.008094871487904687,TCL
-0.1189109846207728,HQC
0.06948825451056666,SJS
0.08459232119743186,VNG
-0.5320153633118563,VNL
-0.15599740132849316,ELC
-0.13267019826853602,SRC
-0.011071580345109812,ADP
-0.1549347889799988,ACB
-0.004694580843479522,LAF
0.014434707523524421,ORS
-0.1195060312836956,DRL
-0.6433876040328567,DGW
-0.05180748236906187,KBC
0.8707887123501193,TCB
0.3790411917812635,HHV
-1.4218524260457228,HT1
0.6707284154052366,CLL
-0.4185385547852307,VPI
-0.8473407768665362,IMP
-0.6545598407229964,HAR
0.26464968601719363,VOS
0.3027076632407074,RAL
-0.999641543226206,GAS
3.0948498737209467,SAV
-0.3258244404541477,EVF
-0.9917556816916752,BHN
0.52415509821324,PGC
-1.5297326595284793,SJS
1.7712454743072414,NTL
-2.15283623296071,HTG
0.3023087954911467,NT2
-1.4623425449007026,TMS
1.7556071240083941,CCI
0.04020842730107145,BBC
0.4346807366446625,HII
-0.24591537508841194,ADP
0.6754727874923309,NLG
0.16623671487143646,SZL
0.44464839123710204,DBC
0.556040352524812,PVT
1.9453924603539845,CVT
0.1443649095560509,VFG
-0.5357696596872921,THG
-0.6595470956320257,IJC
-0.5454644919580177,PLP
-0.11416117944422562,APG
-2.9223000940647244,OCB
0.1615378010069885,SAV
-0.3829449690836141,SCS
-0.28459942146940576,LHG
-0.011071580345109812,ADP
0.04208246150185182,FTS
2.4180629223989762,PVD
-0.14643179395227005,SFI
0.7359946414580019,SCR
2.1118410257726863,PET
1.3416298405866023,FIT
-2.062963337852972,SSC
-1.1825281353880113,DXS
0.10377336366321982,LIX
-0.8381718326137946,MIG
0.024320860789517625,APG
1.2959858944338492,AST
0.22995849158689521,HTG
0.43950158440542797,PAC
-1.28888441600241,KHP
1.368602579301112,ADS
-0.016731769693568224,DMC
-0.3609903009035194,HT1
-1.3855349877859697,ADS
-0.2578205643962889,VNS
0.9756587308174536,LSS
0.5293369450054344,RAL
0.04928699074251836,TLH
0.2733850101857763,BCE
0.5522881148725637,PDR
-0.07068592197851245,STG
-0.3126669269177839,SKG
-1.2556259926287867,LAF
0.03051574038609349,MSN
0.37159060506491853,VOS
1.549536030653186,BAF
0.34707941122836283,SVT
-0.6083410641498908,VCB
0.35688527277508625,SGT
-0.19018098990987772,STB
-1.3639327364232934,HII
0.0752135272313948,HDG
-0.0014816338040509857,PVT
0.9461144229690771,KDH
0.049568303495592714,FIT
0.34913217758807863,CMG
-0.45215622597115235,SFI
1.58783240673903,LPB
-0.1893113102882778,VCA
-0.4330573754410946,EVE
0.02676723197583641,CVT
0.7637081853345872,CSV
0.5729553047579097,TDC
-0.5230657638584708,TDM
2.110222848963454,TCI
-0.09685408462942026,MSN
-1.40259743615167,HRC
-0.2796341779401205,TNC
1.1491461611835085,DXG
-0.5969901813956965,GEE
1.3543994705850015,TCH
-0.28365142655835873,SZL
-0.9303368478339783,HHP
0.2663127241364725,FMC
0.2779149735175119,SGN
0.012274989498509439,SC5
-0.7761067842839843,PHC
0.08404469832292992,FMC
0.2829233473526164,TVB
1.2552270439818947,CNG
0.010454840687900278,GAS
0.45159619326032374,MSN
-1.400728672733933,TNC
-0.003618052175033325,PGI
-0.58397919563333,C47
-0.13950933885570202,DSC
0.5128426099210613,VIX
0.319709799117949,VIC
-0.815836567552318,FRT
1.4809251429236754,HRC
-0.8739705718460951,SCR
-0.33528910905550113,SHP
-0.544272999932182,DBD
-0.8212114480626788,CMX
-1.9036683946189878,VNS
0.013928113503173137,LHG
0.7471036307264144,NKG
-3.4970976339069755,LBM
2.7303955307372454,APH
0.10344711987080453,TCB
-0.1833576243788324,SGR
0.3097076862357315,DVP
-2.530468322700593,TVB
-0.004385846804446878,DSC
-0.011071580345109812,ADP
0.5272408340734888,SGT
0.014303895794980726,LSS
0.1318019907061931,ELC
-0.11055899841558268,KBC
0.12831755461501287,BBC
-0.7537540027834929,AGG
-0.30737855757667,LCG
1.9505673239137475,DXG
0.16205780466331698,TEG
-0.1417722039067896,TCO
0.34355058339308314,CHP
-0.16707495549005594,NKG
-0.12165599577341314,VPS
-0.471987463213736,HSG
0.3740922234199051,SFI
0.28924805386324964,NAB
-0.27633617573612,PLX
0.7371053656282476,PNJ
-0.3109556021380945,HID
1.6327959402397092,DBD
0.4667018590475466,PGC
2.2139329682168705,MHC
0.21656691162930528,AGR
-2.243009899972356,FCN
-1.7983778611431538,ANV
-1.9212379624821072,LDG
-0.020444028634569948,VPI
-0.017289947944049394,PHC
-0.7087570040091211,ADP
-0.172138812440684,HT1
-0.20432416673133041,TPB
-0.28203703406558384,HCD
-1.6186476086222084,GSP
-0.2164191125186972,MIG
0.051354330134984284,SAM
0.00866844301216053,CSM
0.14656643114529266,GEG
-0.0741309565888392,VRE
-1.417484396888429,ITC
-1.453546189148673,TDP
0.40495006890457974,MWG
2.8271953540829537,HVH
-0.8414929008003689,PGV
1.9787885120034219,CIG
1.0311059996485554,LSS
1.395385255731744,TCR
0.19777634510653486,TSC
0.06220076497231912,MHC
0.2370838110354388,ACB
-3.7843396753978924,VNL
-0.10520322803921406,LDG
-0.6919308793356984,SSB
1.2655400304916364,HQC
0.12314398967132996,DRC
0.9056823142580553,VCA
-0.19024760963033305,BSI
-0.4695748903845798,PTC
-0.04066022876370414,SRC
0.5993338027520245,DRC
0.4024914578443126,TTA
0.6761017578241076,TDM
0.45671345718243805,PLX
-0.4135042232598392,DPM
-0.48600647944688125,TNH
0.5197391818701635,TCD
0.0029509043181032784,DBT
0.01399729444144872,PIT
-0.14666797135364631,VSH
0.00209073858101088,SHI
-2.6517905254137655,VCA
-0.6017884372617087,TIX
-0.11320171055301032,SPM
-0.6699519437216531,TVT
-0.1468186490597328,POW
0.2501722549153987,PGC
0.05103845807445638,NCT
0.3661816007183643,PVP
-0.8996327202467493,MSH
-3.088987880354971,MWG
1.0124810446923145,VRE
-1.8924306688758046,CCI
-0.928595330545754,VTP
-0.21746972249795246,SBV
-0.2931947504854513,GTA
-0.10191142306902864,MSN
-1.726600469037284,VPS
0.7026961667528042,KHP
-1.0321585237114632,BMP
0.028317192504825214,CSV
-2.9495162634651217,TV2
-0.689321688620878,CCL
-1.0214692846618358,PLP
-0.038616142255850645,LIX
-0.3032361009643968,ITC
0.3661143721396626,TDP
0.09453425598699972,JVC
-0.16763004466592782,TEG
1.0598328614289685,FIT
-2.798973746318257,DQC
-0.07077689733905432,PTB
-0.4557976454014512,BFC
0.12435506221598681,TMP
-0.4477353851722945,ASP
2.077879218986654,DLG
-0.49411509084530625,TDH
-0.8807990939099238,GTA
0.3451698293002915,CHP
-0.060528239442328234,CMG
-0.44885562525113987,TSC
0.8301896195972294,DPG
-0.11259709632801078,VAF
-0.4712856944591072,REE
0.155647365739739,HDG
0.0570589546778689,ELC
0.30058614082882573,NAF
2.177290920461294,POW
0.5387546069709372,PVT
0.4480990571974362,VTO
1.2630593047625713,VPB
-1.07261823753687,BTT
-2.4734387605708625,APH
-0.041285678604387525,HCD
-0.28769758738074197,VMD
-0.27846038485171304,VHC
1.6299738108312367,ABT
1.3121639364495674,HPX
-0.11911866614611004,AST
-1.8943543204109217,MWG
-0.05256170619725309,UIC
-1.2251322668369025,VRE
-0.6120951689907728,HDB
0.9938587929516459,PVD
0.7866152973612165,GIL
0.5479393411254965,TIP
0.3332778089089591,ADG
0.003030631788115741,SGN
1.3712414694887796,BTT
-0.26300318433029585,PVP
-0.5066529935212225,LDG
-0.012564463189322535,NVT
-0.08979269716039119,ABT
0.4146314840301185,CTR
0.5552206408872595,DPG
1.8043799351798022,DRL
0.22167923857257077,VNE
-0.3054934287527553,GTA
-0.19527710147060193,VPD
1.525028965580314,CTG
0.7619895293307417,TNH
-1.423514682924219,NCT
0.020147548209148023,IDI
0.1107609601444056,DMC
0.02676723197583641,CVT
-0.1289079481286524,TCO
0.03051574038609349,MSN
0.4502630913692521,DAH
-0.3979837679381681,VNS
-0.03247980526021665,KHG
0.2669962863728594,VPB
0.5773117238237538,PAC
-0.13903491813560714,DCM
0.4872356097808255,TMT
0.04503576612743704,PLP
0.00866844301216053,CSM
0.0010431538240905256,OCB
-0.7683120194028409,AST
0.12396961011689783,APG
-0.06739318216195794,CTR
-0.2454362631815318,DBC
-0.3981488524077884,VNM
-2.958542702631962,EIB
-0.18823927878848487,DPR
0.0789241672586633,TLG
-0.26652991045858015,PIT
-1.3952389094309803,GVR
0.18734764301038143,HAH
-0.6115727710409963,TPC
-0.6533111865095791,TPB
-0.6583804720022863,ITC
0.24328565131773344,PLP
-0.2509236206955665,SSI
0.15635644186422543,PTL
-0.562855029930829,VPG
-1.4807445886014243,CCL
-0.5157178060523758,DSN
-1.1421709517600707,VTO
-0.020564292720653403,VIP
0.1742402951289933,PLX
-0.7763645958440482,DTL
1.4704489819527677,AAM
-0.27831922204418863,TCI
0.6050802203702975,TLH
-0.4324487971413627,AAT
-0.555002562176001,SZL
-0.7047843111411595,HDC
2.4950394343915163,SRF
-0.6634373289650916,ACL
-0.878061461648129,RAL
0.04523473927360492,DQC
0.006453295359853701,GSP
0.7461567839586117,SMB
2.4799122477447457,SBT
-0.1037776974335417,FIT
0.14203889410317147,FCM
-1.7080781504438867,PJT
0.4817719343620194,SFI
-0.04294927728495271,ABT
-0.5274052196220653,VCI
-0.18947297788340775,TN1
-0.8724993832494935,CSV
0.03900506491361488,GMH
0.198045873931612,DRL
0.03609131443961166,LGL
-0.5042385400312067,APG
-1.6132291434633117,SRC
-0.283695536230358,ADP
2.3455801024933494,SHI
0.1929131478625551,DHA
1.5425920628854184,IDI
0.11519418799458502,STK
0.6304767936833562,PVD
-0.36452944624866696,CCI
0.6360773174748006,DMC
0.1746318895531966,MIG
0.019727751281224896,SFG
-0.9936685513699873,SRC
0.20467582784689864,KDH
0.5149156062728194,LAF
1.4300247860481778,SRF
0.18725617663115388,SGT
-0.28052502094899984,DHA
-0.010886727105730258,VHM
-1.5935404108409688,BWE
0.12749288878756274,SRC
2.7889539537930945,STB
-0.45228513578867874,ICT
0.9781660480152373,TCM
0.6348006535794496,TN1
2.214774365774416,NKG
-0.09436709372496933,MDG
0.05479246954272211,DAH
-0.364963115060671,NAB
0.8483660586155783,NKG
1.5054922309421823,AAA
-0.44825888342576453,DRH
-0.11595465987969143,LGL
0.19650904990636778,HID
-0.0030895986419726996,SJD
-0.009723466868279393,SRF
-0.11613570015286875,KDH
0.08619587005596356,VNG
0.185542260005257,BSR
-0.0967379905583583,CTG
1.081012672892367,HVX
-0.6847193870195788,LPB
1.6138590870650722,ADS
2.076087366728589,LM8
0.683881825677966,CTR
0.36523240643304433,CTS
1.547611704625735,BMI
-0.13953107848502136,BFC
0.05479246954272211,DAH
0.32106434162631425,VAB
0.611500000499883,ITD
-3.7793095559224867,VSH
-0.41855268129778184,BSR
-0.5401627715136683,LGL
-0.8762357343156969,TN1
0.020086310615538713,NVT
0.6985037287769905,ABS
0.2501098524148411,HAR
0.028073826948156785,CKG
-0.06345626579326227,CHP
-2.581317385239739,KHG
-0.8251581586834562,IMP
1.2373723248664836,HVN
0.532516723192638,TPB
0.030897458812704198,SRF
1.5188093295267528,VMD
0.9879864590829659,ABT
1.4029334355795295,VRC
-0.414863730542558,MSB
-3.168416353132245,MWG
0.6571585802634269,ABR
-0.30869867472724427,PNJ
-0.24643067299615068,SHP
-1.144370234330018,SSI
0.9664808644739442,BMC
0.603377039881118,EVG
0.31484505994648126,KHG
-0.6151507395396236,NVL
-0.05374348821096541,TEG
-0.5016447855874839,CTF
1.189541819895795,ABR
-3.4727411705952154,VHM
-0.04066022876370414,SRC
0.0341408805583172,HAP
-0.5646111064145289,PVD
0.0875989544269058,ANV
0.8181487076195865,MSN
0.13366176815784608,HAP
-0.22373925036730336,SIP
0.24203961920278905,MHC
-1.1053676582319147,SRF
-1.2227040897144572,LPB
-0.2680362266747927,ACB
0.3025619446518888,VSH
0.7830833153309081,LDG
-0.6198356650144666,CSV
0.01853429594566506,ITC
0.40076851428076404,C32
4.37113290831036,GEE
-0.3351557192049161,HDG
-1.811131551792768,AGR
-0.3124207203874691,ACL
-0.2592764338230323,BWE
0.20818373490498704,DBD
0.033891742871444946,PGV
1.1378351369088318,VCF
0.022372337832914972,NHA
-0.9356009784854507,SRF
0.013098078317394157,ST8
0.22288332486590823,DBT
0.5571888093316217,SHP
1.1807152045516562,LHG
-0.1089874454020208,TBC
-0.5273494065124541,BMP
0.0029134709332133387,TSC
0.18921118553346555,VTO
-0.18243737505812313,TDP
-1.0467722451051893,TSC
0.31488803254012354,REE
0.5444464367243147,VIC
-0.08517075592902891,VRE
-0.749883159207148,KMR
0.7109616887982845,BMI
-0.017295779253476598,SZL
-0.07365129891289367,GIL
0.012462185561779658,NO1
-1.4359594983085324,SIP
-1.9998422710432513,HTN
0.5585417736650066,KMR
-0.03486714730648805,HDB
2.731572677544621,GEG
-0.05153331030242107,ORS
-0.301631235073453,TCD
-0.43969337655632745,CDC
-1.6657441786297351,OGC
-0.2939286702526323,FIT
0.9355082062435766,HDC
0.4749892633610201,GVR
0.34445988210384243,PHC
0.0996783373270356,SGN
-0.1649978075353785,MBB
0.1469555208480439,HII
-4.298063224506966,ACG
0.9156317272863597,PHR
0.1379539222743276,SZC
0.1353467347283051,CCL
-1.6570294608970024,HRC
-1.536306535727151,BID
-1.414217444957504,SVD
1.4022200820814523,VTO
-0.6646667211740003,GDT
-0.40043443882796237,CDC
-0.37141764901454216,CHP
0.1923546876321437,SSB
0.5347177145865958,GEG
-3.705468433685902,VPD
-2.0462182595229454,TCD
-0.1900914579626267,SIP
-0.03009035955860415,VCF
0.28721865112470113,FIR
0.030815330807135926,BBC
-0.40924539930694054,NTL
1.1229234997632556,VIP
-1.0073009311553256,HT1
0.007956082369144593,HUB
0.11909722444970912,TBC
0.690189035212592,SAB
0.7010046900860538,DGW
1.640503249299475,SSI
0.4879751015245313,LDG
1.551744656343209,TCL
-0.5363550308725827,FRT
-0.27326771623661017,ADG
0.259610056413018,MIG
-0.3885835441433485,D2D
-0.3267113456306661,STB
-2.2532323477994907,PET
-0.04115409732248038,TDM
1.0359587536556156,BCM
0.1438296262055289,GMD
0.6163799024554355,VND
-0.03796103738210988,TIX
0.23580158192916126,HMC
-0.7212162568587155,LCG
0.0044339515302701795,COM
-0.6629473495925788,HCD
0.4514108834355274,ASM
-0.6952367238759029,ADG
-1.8201123165435773,SC5
0.2225390321022661,VCB
-0.8555038037889755,DBC
0.39118377170261237,TIP
1.3258488874188432,SVC
-0.4973363627295047,FTS
0.12102007965763271,CCI
-1.748211692474766,ABR
-0.0030895986419726996,SJD
1.6248208497502619,VJC
-2.5836778612781637,PC1
-0.5275689896377753,NSC
-2.3036146819962116,HTN
-1.7413868792892817,VPD
-0.09280029007759105,DRC
0.12751302886308283,MWG
-0.5854318234510066,SBT
-0.9186520640558284,MCP
-0.5161767303007855,VSH
0.6736849549011658,TVS
-1.044093201021795,VRE
0.20247814797302213,LCG
1.3421771488160823,PAN
-0.3369333693311455,IMP
0.3361422552857603,CMG
0.3519325745597273,NHT
0.3683748063459826,DPG
-0.14139456163611983,VAF
0.44339925414544434,CSV
1.2247473025103797,SHP
0.7258396590765194,ASG
0.6435544669410099,DHM
0.2790203978191972,TDM
0.5734449528013769,FTS
-2.517679380876687,CSV
-0.13984887427355874,PAC
0.5063144158703592,HQC
-0.006848030183802705,DHA
-0.620550079145728,VHC
-1.7803098056879898,BWE
0.034665017933939175,TNT
-0.01809901290175495,HAP
-0.244226176152837,HDC
-0.571604390909318,SAV
0.5932666508534401,AAT
-0.366873566013588,MCP
0.06438243863948906,VSH
0.04295096114441927,DLG
0.06653048393032296,AST
2.5233335213229866,TLH
-0.979287551540446,AST
0.14788673853736212,PHR
0.20719612994604417,VFG
-0.23344619188997864,ORS
-0.2434817440549831,ICT
0.4261411533974125,DPM
-0.7864090278586023,EIB
1.1715760959805368,PHC
0.06284247288430525,CNG
1.3340878253074864,PC1
-3.223414445339267,NAF
0.84778092697432,ORS
0.750538772498046,KHG
0.21363953027438234,PHR
0.40478713893847545,SFG
-0.3487333634181064,NKG
0.7078023882409349,HDC
-0.12029445294539487,CMX
-0.12121466452786503,CMX
0.4399172913595217,CTI
0.16823264846717675,VIX
-1.621017434258725,ASG
0.02676723197583641,CVT
0.36195325241619425,DIG
-2.6434239655402827,ELC
-0.03611241160351432,TBC
-0.01803149338245371,HHS
0.3549759804323353,DPG
1.0649207400865093,APG
-1.8234192842484402,HDB
-1.1407828422461521,CTI
-0.11170941109350023,FIT
0.15886617901431205,TEG
-1.6882642879840648,DXV
0.5494429467352092,DBC
-0.5971974009220206,PTB
7.811246830181047e-05,ITD
-0.015585174148734268,NAF
-0.13436085088634694,VCB
0.031877776436495295,BCE
-1.43607112249779,CVT
-0.11747713426607231,OGC
-0.17073582847536697,EVE
-0.010278857846892493,ICT
-0.9875448065641196,TIP
0.95976248068677,PVP
-0.7891554122403743,TMP
-0.4464940490030669,EVF
-0.19523717936899015,TLH
1.0336905995015382,HQC
-0.6648790779057768,VIP
2.013866688975683,PLX
-0.267939407206447,CLL
0.3794215823494338,VTB
0.47706918191428316,TCH
-0.05209227830080504,PDN
-0.2061650283804307,STB
0.05181105009440017,CTR
-0.007402523705726499,OPC
0.7605176165179313,VDP
0.2790595740272541,CRE
0.17636874189606486,ILB
-0.4780149131595429,PET
-0.42632949192089764,CHP
0.9651993231393518,TCH
-0.6489027794223406,SJD
-0.09928930597922321,CTD
0.06959984122190237,ASM
-0.8967901998240245,PPC
0.12272865268816527,HAR
0.017192709580587395,ACL
-0.9944054975400901,TTA
1.5376952920074007,COM
0.02622420446581552,PMG
0.04523473927360492,DQC
-0.35583352562639625,VHM
-3.1997172142394823,SHA
0.7881256530113014,D2D
-0.8300879171203457,DBC
-0.9064130028775269,DLG
-0.1831457138965194,VJC
0.049568303495592714,FIT
-2.9709747948973515,BKG
0.39290641592309705,HUB
-0.30468511453397434,CMV
-1.5556102499314721,DBT
-0.40425243887175877,VPB
-0.0739590763693015,AGR
-0.23833213164574674,DHG
-0.6489129800621747,DSC
-0.37745756827016747,VSI
0.4042453539385897,DRC
-0.9513818452156854,SMC
2.2878042331732544,VNM
-1.6800383867909896,DBC
0.11060174994511854,VNM
-0.5771630879725843,SSI
2.2079340406399686,ADS
-0.10893535455028859,LM8
-1.792403330153615,HII
0.03900506491361488,GMH
-1.1752616588833746,VNE
-0.08236768969708973,TVT
0.8982901886400863,FIR
1.3108372316687986,VNG
0.1650748577258534,VTO
-0.024036413028313063,VIX
0.04872392117823581,DHG
0.21628179956288648,TTF
0.3460102776621741,CHP
-0.2565854346606913,IJC
0.03706341576841501,C32
0.7395139803828307,PVP
-2.536967396461724,PDR
0.7503604443491175,PET
0.04545669419330155,ASG
-1.0376612945037564,VPD
-2.458737983629828,TSC
-0.4692543869555965,TCM
1.5300579513175396,HAS
-0.5352991609367936,LDG
-0.0019336602746562672,LM8
-0.404990327731035,GMH
0.4636332459863449,ABS
-0.6925694207738583,DPG
-0.36970006656389615,BMP
2.469883855842053,HCD
-1.3844332943241915,DAH
-1.110939533864995,CCL
-1.7120487550832835,STG
0.884141349171492,LHG
-1.0840969697281762,AGR
0.31769668346370394,SBV
-0.06163298889375002,DBC
1.5199714501749757,S4A
-0.03629801188803617,MBB
-2.0053496219480147,PJT
0.037449764337897366,PPC
-0.6764692635207807,NLG
1.2900646197469534,VTP
0.3641773130992405,NSC
-0.2636071425111117,DPR
1.7337512468589509,SPM
0.5124376447283473,DIG
-0.4801687724505631,PIT
-0.2931001012884291,SFI
-0.6277340157059937,SHI
-0.9081514789706295,SMC
0.018951805322753378,HT1
0.19922133377393822,VCG
2.0210657794614555,MWG
1.6853730071561215,VJC
0.7290167312631471,VTP
1.0807462439261917,VRE
0.05170224232768506,ASP
0.18001576972412078,TNI
0.04550195069731325,PHC
0.14013500021413064,FCM
0.5063345421198244,HNA
-0.36390217945357395,PAN
0.8484334237523457,NHH
-0.6379760673320178,PLP
1.5144456083468127,ABR
0.049568303495592714,FIT
-0.5462859167920789,NTL
-0.0035793402573823466,DSN
-0.004385846804446878,DSC
0.022876160959303934,AAM
1.8079346360035888,PJT
-0.20961131072737565,ST8
-0.03773854081754222,TSC
-3.3636505555127316,HII
1.5641896726175022,PLP
-1.8045674547839947,TCB
-2.1843858129903846,DTA
1.3163453614251817,DSC
0.44015303597221556,TDP
1.1752666948688657,SSB
0.049568303495592714,FIT
-2.200937583534271,DXV
-1.6182473569440747,VAF
0.6584109703525621,VHC
-1.1323439939905444,KOS
2.09035051882719,EVG
0.1754094307708762,FRT
3.89956485495508,GDT
-0.06787956048766673,CMX
0.9085456765884893,VTO
-1.046276463326483,BMP
-0.13126846876728362,LCG
-0.8481803128492559,DGW
2.5294071225277697,FIT
1.7779358733939463,BIC
0.014846674365648113,PAN
0.03051574038609349,MSN
0.013377725558469403,SFI
0.3813981438016722,HUB
0.12712475730672104,KDH
-1.2990428287176476,TVS
0.28588114332934805,BIC
1.0476548170550153,VTO
-0.3018154904522504,ASP
0.2681614075784378,HII
-0.04115409732248038,TDM
-0.2951563760001607,FCM
-0.8741662119271357,KHG
0.5770200763044139,HHP
-0.03442921915365666,HNA
0.386892884166365,KBC
-0.13559306344456348,NKG
0.461129676729263,VND
-2.354240725358643,ITC
-0.035739001128254747,BAF
0.6133253745320028,DCL
-0.23306360574984802,S4A
-0.05729091462607265,CMG
0.3312250322561497,KOS
-0.3182494135439722,PET
2.9667021281361845,AAT
-0.14977070377663299,BBC
-1.7471565662696287,SFG
-0.16470708273391588,KDC
-0.954677738001653,DGC
-0.22733316158735004,DVP
0.7874591826307116,BKG
1.8491303409883315,STG
0.466865469971952,LSS
0.6548812111836902,CCI
-0.3722137472091795,DHC
2.14980914910509,HTN
-0.04677377040858557,NNC
-1.1590930307370366,SRF
1.5185831490505255,VPS
-0.04220018171487552,DVP
0.9964903757228225,TMT
0.29660417899182917,DRH
0.5051972868904868,BBC
2.338142639908981,BFC
-2.490384351398727,KSB
0.41300711800922224,NVT
0.03956661659568135,SHA
-3.327958938406038,BMI
0.432018857689884,TIX
3.008215059505103,ICT
0.8674443244757519,VCI
-1.8729631384246666,VGC
0.504653027512255,FCM
-1.16293832589628,HUB
-1.3440803205195302,HAP
-3.2569711504592385,KMR
0.005526522326290344,PC1
-0.014537026827334171,VNS
0.38405626216383143,CRE
-0.023440289354174852,GMD
1.11520942699911,FCN
-1.0420651542696686,MDG
-0.7914286662726566,TEG
0.04550195069731325,PHC
0.9679673711627198,TCL
-0.06323157688418678,D2D
1.2818553959640269,GEE
-0.0002576781687008662,CTR
-3.681785490941427,CTG
0.9781139575757649,AAT
0.8394234087596969,MBB
-0.006848030183802705,DHA
0.03358587431716874,TEG
-0.19163608103496377,MSH
-0.9532951484949979,CIG
-0.4331060744266403,SHI
0.6148346866053838,SJD
-0.5322235668476879,KHG
-0.9712935520482254,TTA
0.014303895794980726,LSS
0.14375648605057298,FPT
1.7696027878627698,SBT
-0.19491710919180388,NT2
1.4876539408468452,VIB
2.3999464754328987,ASP
0.39320910752867555,PTL
2.8991002928095906,HAP
0.08435721935097075,HVH
0.4165174049736891,VTB
0.8379806383899485,NBB
-0.0019336602746562672,LM8
-1.5184832414441607,MSB
-0.00233886418680605,BSR
-0.6209991880696711,PGC
1.70987023015117,DBT
0.017934634735435995,HAH
0.19292729463420188,LIX
-0.15645714182224937,SC5
-0.4454968373791268,SBA
-0.8768147498884417,SAV
-0.2749672228292104,TDC
0.4298025562345055,TBC
0.6148494778533861,NVT
0.02622420446581552,PMG
-0.4370006875849119,NVL
0.1017704847125209,HAH
-1.7248669886604764,SMA
-1.6417432046177869,MCP
-0.1042781190543755,CTG
0.7505160080029281,TVS
-1.030826205484545,RAL
1.4873970069667453,BTT
0.9979128783828888,DAH
-1.0769177558202454,DTA
-1.5184753969596771,VSC
0.05591913259359983,VCB
-0.6510606222477668,PET
-0.5346435690039546,HSL
-0.014124100804867113,TLG
1.1096833543337756,CNG
1.3176536363850748,TNT
0.32394032301464043,NAF
-2.178710491237452,DLG
0.07416591001679664,TEG
0.35876094283355203,VJC
-0.8406111740336895,VRE
-0.35612148780946873,ACC
-1.7756682848071743,OPC
-2.062266840470487,TPC
0.4035512971285889,HDB
-0.44497478137736396,C47
0.7054845454142847,VIP
2.0364017067966977,FRT
0.017470414537389668,DAT
0.05465655722112093,DTA
-0.9741433294248852,VCA
-0.00719836091860017,TYA
-0.06715602323176471,MCP
-0.3826720708537972,DBT
-0.28769877267886085,OGC
-0.11243929338327562,PAN
-0.06768485858931791,HHS
-0.039068905303655886,FPT
-1.9452390070052128,NVT
0.8130513377453742,PDN
-1.9365232802130905,VNM
1.3455783703365138,ANV
1.0332772743199883,VHC
-0.6908632108783712,BRC
-1.7281188256195243,QCG
-1.1560557565723448,BKG
-0.6067095300317311,REE
-0.09813884609844292,BAF
-1.6529124947793294,SMB
-0.6536244996300947,DRH
-0.00953636976089501,ILB
3.017494722035459,BMP
0.19151092458025118,AAT
-0.10550652218542285,CTG
-0.0473699167887616,ACG
0.6814419112946365,SC5
-0.006974362964496282,SVT
-0.01075329575248783,CNG
1.588433684194068,PHC
-0.6456878646825432,FRT
-1.4411367209304402,CHP
-0.035739001128254747,BAF
-0.21155545833474393,KHP
0.09041005639873831,HPG
0.8021499625859239,TSC
-0.440921325865694,BSR
0.36191654631164555,FCN
2.253750660814915,BMI
-3.3134923209769047,DVP
0.459782538823854,GDT
0.025194249438446836,HHV
-0.5806635625838927,KMR
-0.5714092660376197,TDP
0.09292972969719912,VNE
1.0930630080948838,VSC
0.01966832860068962,HRC
0.05465655722112093,DTA
0.7091896818974874,DBD
0.2311830068115044,FPT
0.24531647618623245,DC4
-0.5176483799569878,VPB
-1.1802087041054266,DBD
-0.05688053959735339,SBA
-0.34385441134308276,HHS
0.18850745060019833,ACC
-0.3729448444533422,HAX
0.5180904674136525,AST
-0.07798102271849187,EIB
-0.2760447270513938,ACB
-0.9811193517454149,GMH
0.15932602047406036,MCM
0.5564378467527389,VPS
-0.3569229732109527,HUB
0.01399729444144872,PIT
-2.228255522611892,PTL
-0.14095652888343593,EVF
-0.1250060057272804,DHG
-0.016731769693568224,DMC
-1.0814596637713922,CII
1.595716281254112,TMP
0.029208460341036874,NBB
0.025286651832193426,SPM
-0.3834628090892974,NO1
-0.49176089965282466,NTL
0.42564449352810063,CMX
0.057461547671626215,HCD
0.4688922479351191,IDI
-2.2230007006731594,TMT
-0.12183921743172188,PTC
-0.0191656674683709,BWE
-0.9619327145866094,CTI
0.041690769470247226,HAR
0.03613302467133759,TCR
1.260180263220064,MCM
1.27869932216539,LGL
-2.0421393883050514,VCF
0.5686139476204625,AAM
-0.48605502451290683,TV2
0.2239050505296264,AAM
0.959182013833391,TCB
0.1054962652581129,HDB
-1.2629193413128017,VPB
-0.010278857846892493,ICT
-1.8611948634223041,DRH
0.008777466983687194,UIC
-2.2329757530918273,NT2
0.11495063292181631,TCM
1.5340480217243078,CMV
1.5688246522207485,TLG
-0.11925512898051566,HDC
0.1470958419283261,KOS
0.21687207042240286,CRE
0.31343155479696627,VSC
-0.4263057660187904,HTI
-1.6529776103400826,ST8
-0.7645849381666184,CLC
-0.1574710107466639,CLC
2.739962936977806,VPS
-0.3626540840517209,GAS
-0.237746021834893,HHP
-0.3563085010455907,BFC
0.23226082170021878,SMB
0.1355852360777197,GVR
-0.10756093825888884,SIP
0.87020688933903,GDT
-0.6495032403365149,HDG
-0.5697938324737635,DCM
-1.7687041969542914,CDC
0.8792633146479804,ASG
-0.08962666802781918,NTL
1.4815909102191585,ADS
0.20748908328815457,DQC
0.0053002998141508054,VPS
-0.04573902274547264,HTG
0.04422408295220057,SVC
-0.8837765481600482,TCL
-0.8533503191702789,HTN
0.3811953084907015,MSB
-1.6035679206883087,NT2
-1.4446096269898567,TCI
0.16641535252285336,VRE
-0.3391620715679587,BAF
-0.2051967308417525,YEG
-0.6090070771126076,CHP
0.7668202291918866,GEX
-0.01862239905096696,FCM
-0.08100615947466609,S4A
-0.25586007430832475,FTS
-0.8151012424539893,HTV
-0.7060522544219971,TVT
0.16066582041520522,SGT
-0.31050879039612717,VCB
0.37245573040429764,GAS
-0.15639985867132564,VRE
-0.050510918499510754,GAS
-0.524519339812557,APH
0.04879141492248043,YBM
-0.14636492042973287,SGT
-0.8181970109056572,FCN
1.1076257664744655,PTC
0.2740957121815556,VPI
0.5626835680257121,VRE
-0.15765742772903724,VPI
0.19114456602564567,DIG
2.722585728701331,ACL
2.7497732699666693,CSM
-0.5133546032010919,HDB
2.7648155792480766,DHC
0.11786872876406934,TDG
-0.8415483678056637,CTF
0.5526886133049604,DXG
0.7937844678993273,HPG
-0.9018274358418457,VSC
0.6055191509849187,NVL
1.9516720127269251,TRC
-1.2310794400522178,CDC
0.026296599896096524,ACG
0.1297277451971749,SSB
0.16067769564913786,VAF
0.2595622476131255,LDG
-0.10181314629932736,VCB
0.03725911110027894,FIR
-1.4055167254832521,PAC
-0.3275602826723267,DTL
-0.10092696447829848,SGT
0.5866079136273383,CNG
-1.4129065642326355,VAB
-0.5407602288195763,VPG
0.4192196903815979,PGC
-0.04066022876370414,SRC
0.40824489576807793,APG
-0.035565685120100096,FIT
0.058831736705998686,GEE
0.3544072067352197,HCD
-0.4868680999430812,BMC
0.6680247264294819,PJT
0.03507299939540846,NNC
0.3857915705888852,DGW
-0.08765642490360735,VSC
0.5579436068506418,VRE
0.7225849897243904,TVB
-0.012630455276805784,VNE
0.27311568172670486,APH
0.11269722708448264,NHA
-0.6401849601858348,TRC
-0.11258711698604061,NSC
1.136115064551682,DVP
0.34145370931093644,LDG
-0.004716289416680875,VIB
1.0915934414365867,MSH
0.39782899843951564,ITC
-0.00953636976089501,ILB
2.4627956777842783,DBD
0.25659493700826536,CRE
-1.0575328052206372,VPD
2.811392694281916,SKG
-4.003529509223959,HTG
0.08398019061160986,LPB
-0.8022161178839505,TCO
-1.8335299351444407,NO1
1.052711799424736,VSC
0.1358458147032743,NAB
-0.6119035955621711,BIC
0.6594070285616785,HAR
-0.3120934402099442,DCM
-3.2099785777343115,NAF
-0.33875707483570067,PET
0.2384490843433317,SVD
0.030428795898334436,DHM
-0.37748738468967336,BSI
0.26099961827539286,BFC
-0.48935987955784294,VIC
0.045458267433321195,PNJ
0.5091461441721838,KMR
-1.9676100618266184,PIT
-0.4546283104432519,JVC
0.49378609308114957,HHV
-0.0006605313515093568,SSI
2.3171999674405344,DMC
-0.08312832887656793,KHG
-0.009171850304123307,SAM
0.0053002998141508054,VPS
-1.4025335927584228,EVG
0.8029959393700998,VTO
-0.240285830915971,VCI
-0.24213776899490588,CHP
-2.365143012928826,HAG
1.3361799234111549,PGC
0.17906256660067868,TN1
0.008078648031764968,ACC
-0.30723723731423985,VIX
-1.7222579604499508,ITC
0.1618671099896766,ASG
-0.03193702628664863,NAB
0.5191920847569179,MCM
-0.17256213624018013,PTL
-1.7827882764346832,TEG
0.49641710693577284,BHN
-1.0248522451240503,BFC
0.27967338501595024,PTL
2.784421097412202,AST
0.47140772652344687,HSG
-0.3007360351955275,CTR
-0.6166249133230921,BWE
-0.8439784742087647,CCL
1.481127008018042,VPH
-1.2499562299518838,PTB
0.03154598345416735,VNE
0.39880412708262425,PTB
0.29645361052221453,DRH
-2.840425417412425,ADS
0.9428978330624952,AAA
-1.5560175302199584,VAF
-0.4399559268998932,DHC
-0.649430359604314,BIC
-0.4300561320499322,SMC
-0.37010262803578536,TTF
0.8599683211528341,PIT
0.5431403456193641,GMH
0.058789418551729235,DHA
0.7912100195007724,NHH
-0.24270275266977773,HDC
-0.08608359042511904,SVC
0.03900506491361488,GMH
-0.2968362805013998,TNI
0.37630049795787746,HTV
0.0324173028238746,NHT
0.15346656705480827,PVT
0.23834827816134632,AAA
0.9699537734902985,CTF
0.9973753467103057,POW
1.3163557680410967,TDM
0.03609131443961166,LGL
-0.27610141249697057,NHH
-0.30618534836425526,TCH
2.3412536135611317,LGL
-0.27273429305460517,DSC
-0.04900665697171388,KSB
-0.34414696968103486,CMG
1.458296660022026,TLH
-0.039068905303655886,FPT
3.2501434828622693,PGD
0.01074755616262742,EVE
-0.05209227830080504,PDN
0.13906238022737177,AAT
1.6615636542745962,SIP
-0.24532402330723876,IJC
0.5914434452633084,DHC
0.02676723197583641,CVT
-0.07482060069340553,VSC
1.616761665850031,SPM
0.14648638467272945,FIR
-0.3052062025495121,OGC
-0.4362302374886114,SSI
0.5837532760772337,FPT
0.13510527408037182,OPC
0.41202079853101825,HSG
-0.24647483263697847,VSC
-2.6065545796347926,BCE
1.1078464113159947,TVT
0.014104344966181522,TNH
-0.21245620917939806,SHB
0.10975052816577456,DBD
0.7174011346458787,SSI
-0.8311839085632569,BAF
0.11424954374506953,VOS
0.8320264608838275,DXV
2.5851292840886066,DGC
0.12570963429821808,TIP
0.13335665651718595,CLC
1.2935314176163577,PGD
2.041832163960751,ST8
-0.9519352074541726,BMI
0.3903274893749419,VIP
1.3254648146062091,CMG
-2.7087140746984883,ABT
-0.5843149144118421,NVT
-0.000200210842177191,PJT
-0.12737116129004114,DMC
2.8032690670734706,NHH
-0.6045633505685798,OGC
-0.0019336602746562672,LM8
0.012462185561779658,NO1
0.8338096190784161,HQC
0.4811953479981248,HRC
-1.7465855040019038,NCT
0.606158636965998,DXV
0.26340484563915734,VMD
-0.028599439991756733,ACB
-1.139040597280222,MDG
-0.403461923366297,TCB
-0.168857764078272,ITD
-0.6472293833339628,SHI
0.04622657006645002,PHR
-0.27114688647445423,DXG
-0.6550999243078421,TPB
-0.8236872342946435,TCO
-2.207559869722449,PTL
-0.7618709004469257,SGR
0.10092263998236388,MSN
-0.5283477818395579,BMI
-0.08725955197224745,TCB
-0.6155893161142947,PAN
0.540439070617996,HCD
0.1807752038906042,NVL
-0.8995812605380341,LIX
-0.08082303272260467,TCT
2.643974667123103,SFG
-0.9979113484565396,NHT
0.18543299561382937,SFI
0.6655373790824646,CCL
0.8521670592682191,TCO
0.019263079553071816,HSG
0.8458672789457419,TVT
0.6582423728239548,NBB
-0.6350162458512781,HAH
-0.5210006275007313,VND
-0.17914616428883878,DPM
-1.6786265028494491,DGW
0.015255258796785395,HMC
-0.2682546900904118,TLD
0.13805824701783842,HPX
-0.8426571276211178,MSN
0.4096742474256996,GEG
0.045059397440728816,FCM
0.05574791319189526,HVX
0.1830716403917394,PGC
-2.360156690044934,ORS
-0.10126767467586854,NAV
0.23596421930614397,NT2
0.0324173028238746,NHT
-0.16040764015828435,SVC
-0.49338995600543006,SAM
0.04665604456150926,CLC
-0.4415859207992984,PGC
-0.29431335324835506,RAL
-1.2966082841502324,AGG
0.38558272807320687,DPR
0.4088605071873986,NHA
-0.0039068908842595125,TPC
-0.2868444695458685,PLP
-0.28675180061075894,PTC
-2.178128078978672,CTS
0.03706341576841501,C32
4.237583357632219,CDC
-0.5528215652892895,VNS
0.3968421760661522,BIC
0.4276713012001816,VSI
0.8655942657521405,PDN
-0.011071580345109812,ADP
-0.4796246436998758,VJC
1.2906518527686581,HDB
-0.4149358938463428,ACG
-0.7306808626701927,SAM
1.8834878680068168,CMG
-0.6199191825354774,DHM
0.5521181504584374,EVF
0.3221581593431707,TRA
0.7296595231813309,MBB
-0.04659391105325451,HHP
-2.457145945056364,VIC
-0.5460878872686331,BFC
-2.8014032731920735,VFG
0.03051574038609349,MSN
0.43037424302023464,HDC
-0.007836010785987953,VPH
-0.039068905303655886,FPT
-0.006610800981848937,VGC
0.28738173449011495,CSM
-0.10281233736085031,VNM
-0.8297284684136123,BVH
-0.18858602861571994,VHM
2.247967066438593,HHS
-0.3666065163309261,LHG
0.5369820833580846,VNL
-0.24991888993277786,TTF
0.8640529761628423,CMG
0.02084168342773609,TNI
0.1272598388281204,VRE
1.084515316971613,CHP
-0.3874267027828356,TSC
0.4262594632893556,KDC
0.05170224232768506,ASP
-0.6488497074450836,TRA
-0.01768901764287977,VAF
0.9691780483485065,DVP
-0.05891271526765946,STK
0.0011892775149193113,SAV
-0.2783065635095961,GIL
0.9854962436657784,TVS
-0.31755246819414545,VPG
-1.4618681835731937,VNL
0.20956944243409842,CTD
-0.19622432691977865,TDC
-0.0037298741554064947,VDS
0.08400927336645653,EVG
0.0362638322978957,SBV
-0.03606385425935267,C47
-0.3361257424333687,STK
3.8818370282507018,RAL
-2.5852377132461646,ASG
-2.0849812195053996,CRC
-0.03611241160351432,TBC
-0.035739001128254747,BAF
0.10870029535372908,STK
1.786213609423488,ACG
-0.15258749384527273,VIX
0.29421946743833477,DRH
0.18656103743824648,SHB
1.0002746850671482,DIG
0.5686906776654147,SIP
-0.3856574986756185,NVT
-0.22600488869723953,SAM
-0.4405400238063081,SFI
-1.7522172338547664,LIX
1.190925451465157,PAC
0.36477728082702066,COM
0.11930242655716732,GDT
-0.03193702628664863,NAB
0.08434528838068864,AST
-0.000200210842177191,PJT
0.39254111355878474,POW
-1.159767524531666,ACB
-3.384079618915321,ACC
-0.6580812835316371,HII
-0.3122986794247728,TNI
-0.17454977403904828,APH
1.0642944611992637,HAX
-0.33969480099505067,YEG
0.21239300340187828,LDG
0.056012087169806865,DHG
1.909200068599449,HAS
-0.47873560285190553,TDP
-1.4181297054669237,ORS
-1.5791797011681423,DHA
-1.0692288610751925,C47
-0.30008433113243765,CMV
-0.7464430070195525,HU1
-0.6718598323859379,SKG
-0.8046461055221564,CTI
-2.876875781216423,ACL
-0.5732839414103658,NHT
-0.22452385865962818,SIP
0.025286651832193426,SPM
-2.5031078664928876,TDP
0.21331753612249627,SHB
-0.6079047090306605,AAT
0.06715384011419694,AAT
0.46442523985221484,DCL
-0.6924834784638783,GTA
0.013098078317394157,ST8
2.3027990696467993,CKG
0.9424315880963293,TCD
-2.7552017526728334,DAH
-1.066383721051093,NAV
-2.8535733625498017,HT1
0.2159340522152479,KHP
0.2506313307244485,DPR
-0.34732532429951385,HTL
-0.12290042487946941,DRL
0.43566988539677814,PLX
0.8761247031127175,PVP
0.02648727116462291,DXV
-0.07128507803477191,VSC
0.8549930045658342,FMC
-0.6867496536489367,FPT
0.013036722046752979,HAX
-0.004835036487623733,SSC
0.9707039385074988,MSN
0.9859276019841524,VPS
1.5528723921009182,EVG
-0.20291840047345192,TVB
-0.4133239933557313,DXS
1.734684409235571,NAB
0.3928318847206584,ST8
-0.04066022876370414,SRC
-2.495884239555927,GMH
-0.26693248695341015,IJC
-0.35941310334282367,PTL
0.8770549646992701,HAX
0.14334821074912357,VHM
0.2212583375709953,HDC
-0.7250394351881435,TMS
0.1836691190672261,DTA
0.0889215938623014,NHA
-0.7183488040762466,VCA
1.668367276180352,VSI
-1.2290996523199378,LBM
-1.3971716274451833,HNA
0.011830004151621692,CTI
0.2908031680901251,HUB
0.0754438666471413,RAL
-3.169411133863697,KMR
-0.05925870108523933,CDC
-1.1293621744573556,TLH
0.6300386972447223,PHC
0.5861708878281692,SJD
0.08328585722784976,CMX
-0.5095195272637655,VCG
-2.072460778597668,PIT
0.5553700298376752,HSG
-1.6911166527180592,TVT
0.382726242088762,VID
0.5047911705570518,SFI
0.012210617965143007,DGW
-0.21275166246787003,AAT
-0.22053788454444248,BMC
0.18823957872517239,TCO
-0.9062349818039478,UIC
-0.41365491644998864,TDM
-2.267077593465298,DGC
0.024320860789517625,APG
-0.37841676022998705,BWE
0.20443079699879899,SHI
-1.0005315768259495,EVG
0.33240099368949355,BKG
-0.4040994866207757,TVB
-0.2520272204017512,CTR
-1.5775137557237884,PVD
1.7800886166143428,VJC
-0.0009499257658802867,KDC
0.12274266249811572,HII
-1.281521088782088,S4A
1.1151780128433109,LAF
0.008777466983687194,UIC
0.16302069937354569,ASP
-0.04294927728495271,ABT
0.24831065878806877,VDS
-0.7524972419554812,AGG
-0.4750768805208853,GTA
-0.3225645873267364,C32
0.3469905805806355,LPB
-0.09628630327455318,TCB
0.6761271525473128,DIG
-0.07292025705733195,SHP
-0.15989448595873978,DPM
-0.09058282147325682,TPC
2.1848385788933085,JVC
-0.7420010172718337,CHP
0.19008766558023507,AAT
-2.4248343718445495,VCG
-0.04299373463184219,TCM
-0.25351497225691955,CIG
0.3041090520969672,SKG
0.4803338668767101,VCI
0.8317714152190925,TVB
0.47124969475091083,RAL
0.46465408136950587,OPC
1.6497992621975917,ADS
0.9016498904536022,SC5
0.8566334492693769,AGG
0.012274989498509439,SC5
-0.6313083427647348,KBC
-0.07048597907781065,DHG
-0.023989096304515546,VNL
0.034681873757295215,VNG
2.5952144396312464,SBA
0.5160094977245843,TRA
1.4736192814380737,HSL
0.0668889254806343,CIG
-1.4773598722219479,C32
0.7577850221093052,SHB
0.1919669354635423,ICT
-0.020444028634569948,VPI
1.1121131598258958,VSC
0.2316632558009454,ANV
0.1439478926866148,KOS
1.119032423165359,HHV
0.10715782469364367,VRE
1.7018064606977503,PDN
0.4308511976645727,HAP
0.013036722046752979,HAX
-0.38042863666242444,DGC
0.2930019808274584,KDC
-0.10266170919714526,AGR
-0.7486908647384234,DGW
-0.498513700020829,GMH
-0.7297039741270819,SHP
-0.018411210625910134,BBC
-0.8409859800128945,GIL
-0.8394030784234437,ITD
-0.46655456131897416,VID
0.13603506642063573,HAX
-1.4675549452554417,CRC
0.08064286378339283,TRC
-0.01004722454884453,CTF
0.23370431918585705,VCG
1.4490246429122307,CTR
2.9322195739888195,VMD
-0.11685176151540715,YEG
-0.5206827807587849,LDG
2.2117446156638243,HAR
-1.0549633461245433,VRE
0.11171018471858668,TRC
-3.82678449439489,VSH
0.7373400858753844,YEG
-0.0944451639207754,CTG
0.16418886001833374,DHG
-0.21142627638940212,SJS
0.05665587800824313,VCI
-2.704358516857217,DGC
-0.16792065065990305,CTD
-0.19150042001892462,HHP
1.4524019114949713,VPD
-0.18672171769321302,VNS
0.40964676937353556,REE
-0.4870963901416836,VTP
-0.1319511114777152,GTA
1.3169046979991872,VPB
-0.0014287976065902627,YEG
-0.06472429034713746,GEE
-0.4685588513264143,BTP
-3.0522978098109754,D2D
-0.9642450133579865,NBB
-0.09273855413779956,NTL
-0.517873797961953,GMD
0.7528944042788597,DHA
-0.6697249823581575,HAG
0.1712976020369634,SVC
-2.9237604570180387,HUB
-0.30157923623402405,EVE
-0.5524447091149749,TAL
-1.9944256974007342,ELC
-0.05782178909700939,SMC
-0.8818682636459841,TEG
0.3672997942064122,GEX
-0.17134996292045843,KHP
-0.017295779253476598,SZL
-0.04066022876370414,SRC
-1.3018457685329463,HVH
1.2607313176423907,BKG
-0.93240979652213,CSV
-0.6736462819136856,AAT
-2.2246560328595995,VCF
-0.9311734418571312,ASM
0.37692197292610446,DGC
-0.3891344613133932,HAH
1.320963726177129,CTI
-0.10772777156306183,VMD
1.7264516404714432,PHR
2.328432473874418,TV2
0.7052031082756255,PAN
-0.01566176893035851,BID
0.0324173028238746,NHT
-2.822862931769133,VHC
1.3825487364548816,ADG
-2.0975706605845805,PLP
-0.21710592171459916,ADG
-0.3722779561869996,VAF
0.22028676010724893,TLD
-0.19837608466070422,TNH
-0.5461760044286575,HAH
-1.1888865593597948,LDG
-1.7005157229309928,SFC
0.26026703495449083,STK
-0.5504822825061482,GEG
-0.11196198097296281,NAV
-2.3792831951243643,IDI
0.024848883416702383,SAB
-3.3444721886841045,NT2
0.6218161277277727,KHP
0.6726313961415917,FCM
0.6262012072742149,LPB
-0.2966223821751605,STB
-0.41121871175918145,VND
0.7961148442689646,KDH
-1.8988662226249693,VNS
0.03956661659568135,SHA
0.25187018973876246,PGC
-0.18416052779945627,NNC
0.019263079553071816,HSG
0.04523473927360492,DQC
0.6162913043389158,PHR
2.2491773709428764,ABT
-1.1577584008199244,TLD
0.07733241785331788,PTB
0.0362638322978957,SBV
0.03618225777717025,CRE
-0.0264407812785305,VDP
0.8102256798099287,ASG
-1.1666495644057828,GDT
-1.5842061278850958,MHC
-0.009410963906315451,DPM
0.1778735672240653,NTL
-0.7068512570500872,ACB
0.30940828158690953,LDG
-0.11666991077065962,VRC
0.38224943654970844,AAT
-0.03360515139951386,DXS
1.7237119385195994,VHC
-1.7880215253596554,VPG
0.1341136847324134,CIG
-1.8476208789395774,BCM
-0.10797464531717774,HVH
-0.8453295988218963,IMP
-2.2868959834967453,BSI
-1.4024402972437635,SHP
0.037435169297777356,VFG
-0.31325487058219353,DHM
-0.011224436964656638,VAB
0.11889816717109104,TMT
-0.08626649007116766,HID
0.1499506292494248,TCO
-0.024699671355255956,YBM
-0.263526346360886,PGD
-1.3414029176727202,IJC
0.9788040107623945,HAG
-0.4606146039059659,DXV
0.25401845576866927,CTI
-0.6371142223301984,SHA
-0.35627440962787627,DBC
0.36990723326200925,DBC
-0.7039782872575816,C32
-0.6273189022804924,AGR
-0.5086661295243533,SBV
-0.17945187918012873,HPX
-0.396882144397397,REE
0.3675829313329589,VSH
-0.8617932640230438,SRF
1.7524513296894202,PDN
1.2425728455005955,ADG
0.1561048787347031,PGI
0.0324173028238746,NHT
3.0055626088728293,FIR
-0.5366539350044427,HPX
-2.0204378164510777,ITC
-0.75147842416027,TSC
-0.9299277223315303,HVX
-0.062001656979596885,HCM
-0.5785155564533782,YBM
-0.1275670713291599,OPC
0.5927403332583737,SPM
0.20422165471587483,LM8
0.3835088471423065,NAV
7.811246830181047e-05,ITD
-0.3309408115424223,MBB
-0.17592029162956202,FMC
-1.5308813050386914,GDT
1.3295085562898465,CMG
-0.739185971860997,VIP
0.4485457061312465,SRF
0.7029938506582016,SMB
-0.18308275308753383,SBA
0.02227599319932012,HU1
0.009963128801333257,PTB
-0.7102750171885861,SCS
0.006453295359853701,GSP
-0.5029645394929301,KBC
0.2347394580550514,UIC
0.4346578455663804,HID
0.36704103115073256,KMR
-0.863950043911014,VTO
-0.14215416505746717,TVS
-0.16819741297974972,NNC
0.33691737824255064,CTF
1.8124348427195849,FRT
0.03942839082399665,NHH
1.3884766498485892,DHC
0.3273988326612341,GTA
0.8542165680151763,NTL
-0.7285892382809721,BHN
-0.8263156604460271,SZC
-0.3486101996229806,C32
0.2551431020093186,VPG
-2.1575779542091627,OGC
0.012274989498509439,SC5
-0.21230882268768383,BCE
1.070235494594651,TNC
-0.0407213704040601,LHG
-1.5749803783617238,BSI
0.051354330134984284,SAM
2.0423412533594734,NBB
-0.0039068908842595125,TPC
-0.25957379535440106,MWG
1.3664348749868516,BMI
-0.6123037877150139,DXS
0.045059397440728816,FCM
0.07098894217892092,PVD
0.0023951870223284273,VTB
-0.57412814987855,NO1
0.4385130202646797,COM
0.1673989628139679,BCM
0.0029509043181032784,DBT
0.0007264038441690482,BRC
0.49717853590067584,KBC
-0.3333987073168127,DXG
0.6709087827539015,SIP
0.5048215332355104,TCM
0.29455679382326994,TSC
-2.099252573726606,NHH
-0.6844586538710934,SMC
0.16631791004337804,TDG
0.19489289617306696,ADS
-0.23774083118177844,VJC
-0.8782351997389655,RAL
1.102422388297762,ORS
-0.1845400086839511,TCM
0.3943511517933533,CMG
0.6174250959927455,HVX
0.09262561157921485,HPG
-1.6795501675601872,HRC
-0.04220018171487552,DVP
-3.5768183186941833,SBV
0.09092271289921852,EIB
0.5192297220987431,CRE
-0.0009499257658802867,KDC
0.9449338030835764,AAA
-0.25921594292145955,HII
0.3890139822198959,ASG
-0.61980537578429,ST8
-2.5150437718215737,CTD
-1.7852392508342705,DTL
-1.2998310520343768,TNH
-0.650348513822569,SBG
-0.4899081277025447,GIL
-1.614984497821619,TLG
-0.236031415354873,HHP
-0.370784524946576,DXS
0.06396697804725446,PAC
0.9037333139741701,HHP
-0.05358878110307854,DAH
0.7023622780710838,VND
0.0950324699618278,CRE
2.455217735214502,NVL
1.3180598683822342,TNC
-0.9626553605052103,HVN
0.7445644929714159,PLX
-1.1049392134427163,YBM
-0.35682346190217257,HTG
0.4328731062363288,NAB
-1.5391620019624945,LCG
0.206052816981496,MSN
0.02365177267205379,VCA
1.845757297310724,CCI
-0.6658418835595568,VIC
-0.1959913499167661,BCE
0.009963128801333257,PTB
-0.3799178488657084,VFG
-0.08871084744437877,NTL
0.01399729444144872,PIT
-0.05370939080302588,VJC
-0.19821520809857587,BWE
-0.010278857846892493,ICT
-0.031912303747719216,TDP
-0.7019803266833089,DCL
-0.14684362132583498,SCS
-0.011062049762442155,SBG
-0.41628552811497865,BTP
-1.0363827771505683,HCD
2.194934269767461,SGR
0.01399729444144872,PIT
0.36103150418165036,SIP
1.0577319763759399,VTB
0.1622522042896526,PGI
-2.4296257211868117,VNL
-0.7467831119756213,NSC
0.3982516800988776,JVC
-1.343509453309518,PLP
0.5774655661759559,CRE
-0.6415451439361841,GMD
0.5412547583867962,STG
-0.631114976817708,VNE
-0.008063053544571389,MDG
-2.8214382794497466,PVT
-1.4184560851418213,EIB
-0.8737912764785328,VHM
-0.3692614481925094,TNI
-0.5938706725077395,DAT
-2.967588503460334,HCD
-0.007590372163648444,OGC
0.5759913640316437,TMT
0.10882180756307634,NBB
0.27293530842053765,DTL
-0.50281287373709,VNL
0.057985363688534554,SZC
0.4497544587826288,SHP
0.24763842611095357,ORS
-0.32073870583605385,REE
1.0478449250212867,VDS
-0.008950780652485281,DPR
1.420094204868143,SHA
-0.994269005140357,HTL
-0.1272656587647955,VHM
0.5146807678280961,FCM
-0.4252102855754841,VJC
-0.26867790135269043,LGL
0.8630970170486647,VDS
-0.33862347240927637,FPT
0.6933802926368838,TLG
-0.028599439991756733,ACB
-0.8400228324258224,TDP
0.40437620293540755,BFC
1.9859772363023234,CTS
0.12258805530082777,VTP
-1.5337123433998594,TN1
-0.10984288990762857,DTA
0.8045586919213475,TRA
0.25183392333326704,DVP
0.2827043348201214,BMC
0.24246365770220157,SBG
-1.4111871151324324,VAF
0.20036750170760342,LSS
0.518841451468164,NVT
-0.13757378763652284,VPD
0.22909503800283754,SBG
-0.023440289354174852,GMD
1.8426509153969612,HDB
-0.31951041937343605,MSH
0.06715384011419694,AAT
0.9190435950130297,VHM
-1.1198168715753043,ACB
-0.4370686261381489,VID
-0.7389665874797955,COM
0.3687137352560738,CRE
-0.16973996721235585,ACC
-1.8823190173780835,APG
-0.04381486941156783,CTD
-1.1226639602667694,VCB
0.47375474111090843,HDG
0.14577227252812233,ADP
0.30794500312632356,DPG
2.146315714076537,FRT
0.545343012752721,TIP
0.6878861859812815,VNG
0.30034553568467864,PVT
0.700179414757904,NAV
-0.01343741566151019,DRL
0.1355646646007825,PLP
0.2859645903206744,BVH
-0.04115409732248038,TDM
-1.2503697051485807,ABS
-0.41247833416063234,TDG
0.46229927707574586,BCE
-1.2989858268199337,HTI
2.107016126322408,CII
0.45067437478341515,MBB
-0.35135066942895343,TCL
0.13299222983953274,VOS
-0.00524231739177125,NTL
0.9337862772478708,MSH
-2.3696762078955658,APG
0.5029821506360014,NAF
0.7510829828668141,OCB
0.22858499046746963,TMT
-0.14810187526035076,HSL
0.03635435560177146,LIX
0.6738499132840605,TEG
-0.597086614551201,VFG
-0.29442513250604513,GMH
0.1379059731260071,OPC
0.1071555292426053,VGC
-0.40123815567235244,SBT
-0.1050765873752243,SMC
-1.2460956592889232,TCI
-0.7458427552335111,HVN
-1.409030675467043,ASG
1.8486802494212777,VTP
1.188720728944634,HID
-0.6758005907902214,NO1
-0.7173965847221355,VIP
2.242974472331961,VPH
-0.03486714730648805,HDB
-2.115191196023705,SMC
-2.7167764839581743,APH
0.1314990439733257,SZL
-0.44857987748960015,CTR
-0.32890122012736583,HTG
-0.38294977224637533,DPR
-0.43992935864497285,MIG
-0.04115409732248038,TDM
0.3499585491298409,VNL
-0.14622070774582993,YBM
0.01645569009551116,HAS
0.19519648244511603,APH
0.37241670108751196,PC1
-3.196528291767428,VNG
2.066844480278202,TMP
-2.696221847939302,TVS
0.16978903267681686,VTP
-0.4292232271224244,LPB
-0.26334741059252476,TIX
0.06911487914764479,LHG
-0.07416996775001879,AAA
0.27917042639111544,NT2
-0.1832408678782791,NAF
2.6194919393674705,TEG
-0.05588705018641125,RAL
0.0324173028238746,NHT
0.47798377396345193,HDC
0.0053002998141508054,VPS
2.0208983010102313,NAB
-1.6493272507542216,CLC
0.23249649507927947,HTG
-0.9654870777204452,FCM
0.02299732134407447,VMD
-1.0848150610861298,DGW
1.4223468016185117,HU1
0.2591867657619321,PHC
-0.5739663598299727,DC4
0.0007264038441690482,BRC
-0.004864726025937184,MCP
0.6077866838145431,DXS
-0.8056753851995909,ITD
-0.23874260682779888,VIC
-0.9181980063095245,TPC
-1.2629817548144597,VHM
0.17885847855132164,SGR
-1.0804793504346741,MSB
0.012462185561779658,NO1
-0.618232607835134,VTO
0.08411552205396403,HTG
-0.38450552828974377,HCD
-0.25068487161361414,HSL
-0.2287583626291673,TRA
0.20726486147431705,TMP
-0.126248818022845,DC4
-0.3758260548034791,SPM
-0.0613693996190729,SC5
0.020644082801921166,LCG
0.004155022625419103,PVD
0.0216565996698444,TCM
0.6240453669849366,DPR
-0.07292025705733195,SHP
-0.7333964465298239,PHR
1.6701320782727482,AGR
0.022876160959303934,AAM
-0.05417200102444756,TMT
0.21400964133369235,HTN
1.1090798303253402,LIX
-0.32950876628097026,DIG
-0.09148772907294622,PIT
-0.16382305225818558,BMC
-2.752216036719384,HID
0.015433275483225834,PGC
0.03810814679064363,COM
0.6333254003544094,DBC
0.14427984939332955,PLP
1.0171144064490965,NSC
0.35322286659750346,KOS
0.8300836661016989,SGR
0.604688742034002,COM
-0.6469956709481534,TNH
0.6284359503106837,SRF
-2.341424235804697,NKG
1.3715903338599724,TTA
-1.3895399810543916,GAS
0.8086432064616627,VMD
1.2512906005626419,PLP
-1.731868829945924,HHS
0.1478861813852218,CCL
0.015433275483225834,PGC
2.9239059239660916,BIC
0.5278982174802347,TLD
-0.5024308869043329,GEE
-0.799796842521985,DXS
0.0044339515302701795,COM
3.0367752967396506,VNS
-0.010032372077994985,PNJ
1.403371245849291,VSC
-0.21962877557256708,PDR
0.5408498549659037,HU1
1.4248099413417197,SSB
1.2329199087793432,TLD
0.4979328669639607,SHB
-0.6377285407629646,TPB
0.6927232142581129,HMC
0.0021460263351075802,PGD
0.0216565996698444,TCM
-2.637694093182984,SSI
-0.004835036487623733,SSC
-0.13774875327595,HDC
0.107986857460538,PDR
-0.2110125097920482,TCT
-0.061355848505866,TTF
-0.508513195650706,BFC
-0.287576387329512,VNL
0.9235957573492968,CMX
0.23977052169781576,PGC
0.027434199616881812,C47
-2.2420237565565686,PVD
-0.8904432072082162,DRC
0.20966494619329895,MSB
1.2203166140811155,IMP
1.3416168282521386,TNC
0.6794368164328238,DQC
-2.3539104482284468,SCR
0.29263665272375194,VTO
-0.17938825046085183,SHA
-1.4018906695587037,TIX
0.22403901215894065,SCR
-2.271777917812406,DC4
0.398802219111474,HSG
0.07492503909371344,TCM
-0.00719836091860017,TYA
-0.016731769693568224,DMC
1.8880597247273558,BRC
-1.682780514347388,NO1
-0.5615531109217003,HHV
0.21118537454187788,CCL
0.45402891641082027,SHP
-0.020089983987835035,CRE
-0.23255380318592367,SJS
1.032453377886908,TCO
4.0009550952240724,DSN
-0.6145707058867514,VIP
0.9981590876687781,VNM
-1.421947690083,CDC
-0.31090576509433215,SBA
1.3711177855082235,VCA
-0.241675154969464,HSG
-0.1849394415027434,HHS
0.14580536246023457,ITD
0.06749265690747078,NSC
-0.6149923492471773,DPG
0.03515958215945067,VCF
-0.2535367919004786,SPM
-0.664210621782907,EVE
0.5772138953400306,CNG
-0.8158888708038796,VCI
-0.001485376116468616,DRH
1.9428322990100697,DIG
1.5978731039113057,NBB
-1.4138802977305385,SBA
0.8752024898166295,NVL
0.13547377116309706,FMC
0.02433516914757654,VFG
0.027469429844472124,NVL
-0.4301022832006972,DQC
0.5381940555469543,DBD
-0.301349749292951,TCM
0.2205699930047741,HAR
-0.1546903531485599,DTA
0.17363553696624928,AAT
0.030428795898334436,DHM
-0.10902853519627334,STG
0.4425934127833493,HSL
0.09147097121071936,SGN
-3.5134624751026204,TYA
0.051354330134984284,SAM
0.001551846068671221,CRC
0.4532666203312885,GTA
0.8690372421965123,REE
-1.0149434073896417,NHT
-0.20761209454617507,SPM
0.1640601975890713,PC1
0.309100930682249,HAG
-0.11907156431306401,CTI
-0.6843650654815732,TTF
0.8915217024458608,SVC
-0.6842366114998167,CNG
-0.07249179228319493,TSC
-0.06655372300314376,NHA
-0.14686330515523985,HT1
0.8024147623239932,OGC
-0.22039228666054778,TCL
-2.3314594774992012,PLX
-0.300980404101175,D2D
1.4172862979904344,AAM
-0.1789045495923661,OCB
-1.4322071764156845,SFI
-0.15033119830700836,BWE
0.31167685609283774,GAS
0.22032197142516347,SMB
2.386806886982311,HDG
-1.203743724180659,VCG
0.0022471575666348073,SMA
-0.15351059253657584,VPI
0.16156845665989278,HTI
0.40988746619694444,LM8
-0.010290187609279433,SHB
3.2849016106325513,C32
0.7501567826750197,HUB
-2.7547568063051004,C47
0.0023951870223284273,VTB
-0.19447561978875405,EVF
1.3263240127140672,BMP
-2.595436523525833,SRF
-0.21462758882391061,PVD
-0.006848030183802705,DHA
1.0113157866244344,VID
-0.043900548160177646,DBD
0.10862052489554472,BID
0.04545669419330155,ASG
-0.440113727619991,HT1
-0.09064283550954635,BMP
-1.3627869712531335,KMR
0.0021460263351075802,PGD
0.32110339576530994,TCO
-0.09352540495714645,HT1
0.8626080960824767,SFG
-0.4777015784367918,PDR
-0.16376220734225955,TVB
-1.2769458687586126,NBB
0.32209656419583144,DPM
-0.2827865113549967,LIX
-0.5436290670963032,CTG
0.2313590968211638,NLG
-0.17742115280077825,VCF
2.3104443790769404,TVT
-0.4265914381323213,ADS
0.2806349563997141,PVD
-0.2863220646736898,SSI
0.14052285802039255,DPR
-2.5595659244129676,SZC
-0.22278048801240938,TCL
0.34321779775324535,SVT
0.28434468261644275,TPB
-0.05876350521104314,BMP
0.032702393867099826,TCT
0.20748149502055865,BAF
0.03706341576841501,C32
-0.4400089134293668,SHB
-0.6645148466174928,TNI
-1.0352264278501493,CTR
-0.017295779253476598,SZL
-0.010023420587186551,PAC
2.2124451911556475,DTA
-0.010278857846892493,ICT
1.606382012320017,MWG
-0.3228519484070868,AAT
-0.43101747714128263,CMV
0.0029509043181032784,DBT
2.060577117751625,GIL
-0.5154519714024217,FPT
-0.07292025705733195,SHP
0.7546901350307011,D2D
-0.017662828690438694,NVT
0.987726142622931,PDR
-0.43869029669990167,NHA
-1.087373259092146,PIT
-0.007402523705726499,OPC
-0.1502586780933109,TCO
1.4197944765421957,BIC
-0.05323662234800829,TCR
-1.5696814457239725,MCM
-0.07945907110135551,BID
-0.09605130235264721,HHV
0.35756186122332667,VCG
-1.0551471751166372,CNG
0.13064821432548962,SAV
0.03613302467133759,TCR
0.3815114735665836,VNM
-0.00953636976089501,ILB
0.0023951870223284273,VTB
-0.9359188510163932,TIP
-0.2702689312794112,DLG
-0.4361185462930415,GMH
-1.2755878235555076,ASG
-0.9079390320239514,ITC
0.46239609396825143,CTD
-0.6915641045134144,HID
-0.8292442090491968,TCM
2.8391150801318887,VTB
-0.6913918896667947,CRE
-0.3225793108072787,DPG
0.0341408805583172,HAP
0.031877776436495295,BCE
0.023256748796257352,BMI
-1.4884443883692435,PET
0.7553197541631127,DGW
-0.006974362964496282,SVT
0.7332955201357616,TTA
-0.7815415811811629,STG
-0.2708243422499117,COM
-1.6373346991907576,AAM
0.6180088938576143,STG
0.007956082369144593,HUB
-0.12694956274777033,IDI
-0.00262911211976307,DPG
3.1261691586437514,NSC
-0.11185532408668719,FRT
-0.9005419339624011,NAV
-2.5976449707325573,C47
0.5871126858749756,TNT
-0.0406913853511416,KOS
0.037449764337897366,PPC
0.6562288132415889,SIP
0.21842450550019168,DHC
-0.603385995566382,PDN
2.1212252580045106,TMT
-0.0406913853511416,KOS
-0.8649130529693364,SRF
-0.6795958751485388,SAM
-0.3229872725137554,ST8
-1.3775321088310741,RAL
-0.33575384238716294,SMB
-0.41825309738591937,TTA
-0.2021680325390686,BRC
-0.46246725039555153,EIB
0.038292022597982894,PDR
0.22929096974340976,HHV
-0.1714016554726271,DVP
-1.3010427194925398,HTI
0.09904653779089151,TDP
-0.5418808195513759,NTL
-0.005426357313927966,CCI
-0.2027950019788693,SHI
1.546527806900459,VNM
-0.7808913518810305,TLD
-1.7245150872775608,AGG
1.0484725938008654,NAF
-0.3178909992295327,VDP
-0.5700105459286429,TNT
1.054579112617615,DLG
0.4451034497672092,TDC
1.3007866067076295,TCH
2.9768569247551873,KDC
-0.6847765976621188,MCM
-0.6279931546320002,MSH
-0.3878210022904364,VCB
0.009086502229505166,HCD
-1.4214542131100698,DC4
0.33908162823753407,FRT
-0.9034898932138855,TDG
0.09547812698582481,TDP
0.015433275483225834,PGC
0.5993973160020822,VPI
-1.3631237798938802,DBD
1.7102766043150506,IMP
-1.7278093430752117,VGC
0.17657527590296734,DHG
-0.0037298741554064947,VDS
0.0362638322978957,SBV
-0.9620893509299051,DHG
-0.01343741566151019,DRL
0.07925811094041577,VPD
-0.05514907935552944,LHG
2.1789148907228455,MSB
0.45519876993934666,VHM
1.052728666266705,HHP
0.4322473114532975,FCM
0.3638927588866432,SSB
-0.017617238915926134,VCB
-0.1676916255771735,COM
0.8935289276039134,DSN
1.141958816799944,CMV
-1.865791062637081,TLG
-0.8733073941370253,HTN
1.6422564730437361,MWG
2.7101854375371293,EVE
0.11356123594301162,SAB
-0.5560494588416219,NAV
-0.673241972090703,DMC
0.07694006456638955,FMC
2.665341265166329,UIC
-1.0994044367629727,SPM
0.6448070145335516,TLG
-0.6389906075132314,NKG
-0.18144431953886772,NAF
0.09845210685240917,VPD
-0.8870107150613054,TVS
2.2380903745098597,JVC
-0.18100593212591046,VIP
-0.027216118594928514,HAH
-0.11631664186196063,VTP
1.0579788359484863,PNJ
1.4080546640048157,SZC
-0.05521149234921085,CLC
-2.2126879233576195,PTL
-0.4033401130689927,ASP
-0.33222555567677936,LHG
0.012274989498509439,SC5
0.0324173028238746,NHT
-0.800875998008055,THG
-0.5382876832511778,AST
0.36861149404748694,GVR
-1.9728422482980528,NLG
-0.6216477123534795,BMP
0.16443544006452634,HU1
0.013377725558469403,SFI
2.260873373254438,VND
-0.41399370522992385,HT1
2.1227977310201345,EVG
-0.09228016851322657,OGC
0.20727975367044174,LCG
0.44905637597053555,EVE
-0.5194027991562813,APG
-0.8669116365393935,PLX
0.5870517811446203,DSC
-0.6297257229751871,OGC
-0.6437363707876101,BID
0.0324173028238746,NHT
-0.2727411190770643,HHV
0.05439762089943734,NVT
0.06498218563453641,KMR
-0.4027201167581991,CCI
-0.6448585200207948,LHG
0.7258966773640154,VGC
0.007161490546100228,HTV
0.4510287937748159,SGN
-0.8792926556909463,LBM
-0.06375969532957315,PAN
-0.10742747778783941,NBB
-0.9525677409918489,KDH
-0.17665296059892788,SAB
2.6706936690577656,GEG
-0.5977083963678131,KBC
1.5966850191268704,HVH
-0.0035793402573823466,DSN
0.9783399836508596,VPH
1.5406300966151902,TCM
0.019727751281224896,SFG
0.29442933282193423,SFC
-0.4620848840269241,LBM
-0.28388455655102657,SGR
-0.42741880918604097,PTL
-0.11581827403931645,TN1
-2.2672534585187436,TNI
-1.8807132841024656,BIC
0.6263215450529416,PGI
-0.4229120194990139,POW
-1.0659371465169587,PMG
0.6888173688666451,HSG
-1.2488070064878696,HII
0.013377725558469403,SFI
-0.4490846048150588,SAB
0.08726764678730722,CLC
-0.023989096304515546,VNL
-0.42797167456621255,KSB
-0.49567250816978436,CNG
2.950778435259893,SBA
-0.12366611325763177,NAV
-0.03514758090144569,BIC
-3.18141807430626,KDC
0.1541288451520476,SFI
-0.5553275814741576,LSS
0.5089141347598983,TCR
0.15766244327364226,MSB
0.04846137022766218,IMP
-0.45094661943289915,SZC
1.0313783194087887,SBT
0.22748660034742707,DHM
-0.10132895377309847,LGL
-0.6524784756226927,CRC
-0.05733561759808098,AGG
0.02603886054426455,VRC
0.03956661659568135,SHA
-3.486279868882365e-05,BTT
-0.5682725522972061,YEG
0.7957044541606135,HVX
-0.12151861218621574,TNH
1.6086221820967324,DRH
-2.832241994749352,AAA
-3.0112412293494626,TRC
-0.29428524148913504,TMP
0.2792349448747228,KDC
1.2529842620530953,DLG
0.07583513230552917,AST
0.02648727116462291,DXV
0.5881002049538427,ASM
-0.09073291069845905,AAT
-0.31082719811705284,KDC
-1.4911210148654253,CSV
1.0100494982444719,VCG
0.022372337832914972,NHA
-0.2522542433367038,TMS
1.8223492242425894,EVG
-0.11473634282197379,PTB
0.06715384011419694,AAT
-0.11722098649254371,HUB
0.034681873757295215,VNG
0.03609131443961166,LGL
1.9196147571361115,NVT
0.7059331914718906,TVT
-0.526378002175151,LPB
0.05574791319189526,HVX
-0.2036580183084752,SVC
-1.114851389295158,TMT
-0.48307961534591065,NHH
-1.8082801012942804,TEG
-0.2744117149972514,TNI
-0.7083164109584323,LCG
0.631285686147318,MSH
0.32796306927266516,PGV
0.03358587431716874,TEG
0.4975943537731127,HDG
-0.3285487811395533,KHP
-0.8586686733955304,DCM
0.11884865902621064,JVC
0.014846674365648113,PAN
1.308785434105736,HVH
0.20590914060695956,DHM
-0.26866776234744266,TDH
-0.0035793402573823466,DSN
1.6475371947008008,GEX
0.24079660139545986,KBC
0.4787889766404186,NAB
-1.7018052918694826,SMA
-0.2609371218924723,VIC
0.835757627564969,DRC
-2.0450340976904493,HTL
-0.023440289354174852,GMD
0.37022979898744934,ACL
-0.010290187609279433,SHB
0.43679162670984284,DRC
-0.866110872529403,VPH
-0.2735694399350384,BCM
-2.436394958124726,GEG
-0.267338725392244,TSC
-0.9189603470277746,VFG
-0.03486714730648805,HDB
3.2027058087201277,AGG
-0.7173159654897707,MBB
-0.4537325911555845,TCD
0.17171160095917576,VSC
-2.2791592576527733,VCI
-0.23446854618046953,PDR
1.9008171678390837,DIG
0.8815878585138529,NNC
-0.22054930902131273,PTC
0.6821995264398191,KBC
-0.28641146885898316,OPC
-0.5913403351183419,DPR
0.015433275483225834,PGC
0.12585210217730688,GEX
0.10582217278765803,CLC
0.8386143102006849,VIP
7.811246830181047e-05,ITD
-0.7286984710102108,PIT
-0.14537518102639546,BSI
0.2417891963597824,SGT
1.4707022782435,DCL
-0.5016662975622803,YBM
-0.06326497158589252,PET
-1.6152540450315602,LGL
-0.19813160643501257,GEX
-0.3019943067868144,CTS
-1.7086923985933682,PAN
-1.1211978536799279,SHP
1.2805112419854685,CCI
0.029626090837454145,CCL
1.853689174588826,SSC
0.42979059412027626,ANV
0.05479246954272211,DAH
0.8458745585720546,HDC
-0.9316870692829827,HTG
1.3709326903867043,BSI
0.47414843460218253,BHN
0.09102504825186845,DRL
0.08251703028465204,ABS
-0.770212202015263,TCH
-0.7829564363677325,SSI
-2.0292489361310504,TDH
-0.6133319294262437,AAA
0.43293615098994026,KBC
0.727687474860883,NVT
-0.21830724074828578,MSB
0.1258305787584881,SVD
-0.46863781283533107,KHP
-2.4100745709176894,TSC
-0.00827926827495327,SIP
2.0342356298524265,VRE
-2.3286115726088417,TNT
-0.3843590578449179,NTL
0.23860135988980655,C32
1.8474956181611382,DTL
0.26780390625267486,SMA
0.020644082801921166,LCG
-0.5451488097000144,DGW
-0.5087166030488603,OGC
-0.28768485349198963,GEG
0.03271593752182223,VFG
1.5557649935248214,HU1
0.03381830412202131,TVS
-0.3255029724688904,REE
-0.3924043999301868,VRE
-0.35509548583885703,KDC
-0.8173073250017366,HCD
0.2334329086412298,FIT
-0.29237701612985334,VSH
-0.19176051216933365,BRC
-0.33805964945086675,THG
-0.2696494923990803,VNM
0.21974953774602343,SBG
-0.010290187609279433,SHB
-0.8615464377611819,SHP
0.36175015954769196,DXV
0.2246299298698605,KHP
0.22358285315534393,CTI
-1.66935111966202,HRC
0.020147548209148023,IDI
-0.09873014821287268,SRF
1.5697408056863584,SHP
-0.24296054005361212,CCL
0.3503565603623473,HHV
0.7751685827597412,HPG
-2.2287490916006036,ST8
-2.3888019783875833,HAR
-0.2142474165244651,HHP
-0.22659562205317257,SJS
-0.4212899859072058,NHA
-0.08869244148277701,PGV
0.3785670385393989,ASM
0.3202432423755462,GEG
0.8078828643441005,TIP
0.012306109280868427,TCO
-0.6156907865353668,DXS
0.06560200924051787,FMC
0.6363402457580969,VAF
-0.02141062148425133,HVN
0.5712621586165157,AGR
0.3481321663786976,SHB
2.044541411328736,VID
0.05170224232768506,ASP
0.444150838239439,TCB
-1.1705855497385245,ASP
-0.12586974752643923,PC1
0.36097225608045846,POW
-0.006921818163786036,HVH
-0.23997425617942172,TMT
0.027434199616881812,C47
0.06774218235278344,MBB
-0.321653162602987,NBB
0.5835013892574454,SAV
1.0952003450454835,SBT
0.7850357693441443,MBB
0.0023951870223284273,VTB
0.1491538006488404,DLG
0.04545669419330155,ASG
0.07284217619818488,CLL
2.70937289873286,GSP
1.4174705506065859,SZC
0.7547270934760796,VSC
-0.11123514269642648,PVT
-0.42811368701657343,SGT
-0.033698677934811044,TNT
-0.0019336602746562672,LM8
0.9809404232834515,VRE
-2.4225502733706,NAF
-0.0030895986419726996,SJD
-0.7048093278728615,TYA
0.0010431538240905256,OCB
0.834658189801722,VFG
0.377450879150171,DHC
-0.6967329578425017,BIC
0.9481057705206463,CRE
-0.8565679830877065,SMB
-0.2643892177507759,AGR
0.15565097271681982,AAT
-0.2730152729147661,DGW
0.9551335952837361,NO1
-3.2177793361899045,HUB
1.6222050813283817,BRC
0.67696989376442,KSB
0.3163578605948079,VHC
0.029244601988469524,CTG
2.030326270352647,DHC
3.2648594550844883,TCB
-0.3419707175453757,BSI
-1.7544296086097306,DTA
0.9120722521427499,HCD
0.4386663738346262,MSB
1.2147884688236337,QCG
0.2411908199951437,SZC
-0.005930102498459649,PVP
0.13416733691213778,AAA
0.5579149971799932,TCO
-0.47708568811623353,PMG
-0.16075669985251095,VSC
2.6476592367249494,DPM
0.3115439658636855,PAN
-0.8375161640388805,BBC
0.003030631788115741,SGN
0.15635644186422543,PTL
-0.31607014220720825,HAR
-0.14581776450241332,SZC
-0.305118986996141,VNS
-1.5978324597793998,HPG
1.2723655132911968,TCI
1.280297552309836,KHP
0.6013677018315671,CDC
-1.62336875835782,HRC
-0.1045649494040068,LAF
-0.02964443290589395,TTF
0.21735709415419144,ACB
-1.743654732557052,SFI
-0.8447689720907022,BCG
-0.682850956439087,CMV
0.12267196573626563,HNA
-0.20897848832291255,SCR
0.11411236173345134,PET
0.14113434102116723,KOS
0.01802350198367512,POW
-0.2696384806736001,FMC
-1.0817926664223518,TCO
-0.8326514588312883,NO1
-0.47572261577374886,TCR
-1.3202478670765767,FTS
0.23673593365100604,VND
0.49331857676114843,ITC
1.9980235990254134,DLG
1.9370894245021395,TVB
-0.5741088455618558,BMP
-0.02997281154261069,AGR
-2.428727317509543,HSG
-0.6038129268325281,TEG
0.01074755616262742,EVE
-0.5928309486780718,MCM
-1.985887338980861,TMT
-0.10946461517677511,VPH
0.15215249983946458,CSV
1.1447470362770025,HVX
-1.025767178562573,MWG
0.8003267572216386,PDN
-0.22872616830764608,GAS
-2.123938845786455,CVT
0.02622420446581552,PMG
-0.38123998641697915,MCP
0.8462184252583824,TTF
1.1820419578334358,OGC
-1.3488144704468636,AGG
0.023256748796257352,BMI
1.3911989106116325,NHH
0.3686318768469697,PAN
-0.8774677877944788,TVB
-1.2980262495241879,DCL
-1.6618311737687175,KSB
2.001507054972917,OGC
0.26931904206176527,CTR
-3.050157693409332,CTG
-0.8919989390301724,BMP
-0.3658982129447923,ITD
-1.0146463689782403,KDH
0.22674326202514317,CCI
-0.003618052175033325,PGI
0.9308954768848273,CLL
0.11408364889367806,DGW
0.22160337195873134,VNM
-0.04220018171487552,DVP
0.8859448696632997,SBV
-0.2864698074982964,DXS
1.3368528224398448,TNC
0.33015301939117553,VNL
-0.6698088516220856,TCL
-0.043900548160177646,DBD
-0.6442664336724757,PNJ
-0.5618455256795695,SSI
-0.21381703639527272,KSB
1.3146975031380765,VCG
-1.661867004118135,HRC
1.0555158578363117,DRL
-1.3908205019387518,COM
-2.5723717539888407,DPM
0.22221842892074142,PGD
-0.0009499257658802867,KDC
0.044436160678291155,VSC
1.5291289798017362,SSC
1.0752096843243362,AGR
-0.41228596986703886,DXS
-0.548998798715253,SVC
-0.9209264804006031,CRE
-0.45787011389343885,ASM
0.8176592575726809,AAT
0.9670174600914145,VHM
-1.9015403910873747,DVP
0.2823697634701944,HHP
0.0362638322978957,SBV
1.8003710605510368,PPC
0.31503288915050903,SHP
-0.004864726025937184,MCP
1.2909161274028826,PAC
1.6641745235358878,MSB
-0.01659875065797871,THG
-0.168971811482034,DGC
0.3215341112610017,SIP
-0.21996693669911044,SBG
2.1448878169313845,PTL
0.307366682863977,BVH
-3.4204626589594302,SIP
0.22400158698305986,VTO
0.003030631788115741,SGN
-0.2080090395446199,TNC
0.005240834888945813,QCG
0.11547281975727185,VIB
0.3705224537060847,NSC
0.26968955375029446,KSB
-0.6117627267640453,NTL
-0.6016133720876106,PTL
-0.8560443459737181,RAL
-0.21805418638996657,FRT
0.48167483341571404,TLG
-0.5680587342051664,GDT
-0.6393573426351202,ABS
0.14109995923464774,FIR
0.0324173028238746,NHT
-1.6209758275431656,TMT
2.1293106930148364,ILB
0.6698268199170813,TMS
-1.5057558858596178,VTO
-0.36537451114268593,CTG
-0.07168998712767977,HID
-0.7573929847926296,VRC
-1.143095715332211,CIG
-1.0672785218975762,BAF
0.47493901640013003,ABT
-0.6275275286682453,TLH
0.2166466606798649,HDC
0.4266539375469635,HUB
0.3017729523192731,TNI
0.16532247331434322,GVR
-0.2761270031436063,SCS
-0.44653385090239994,AST
-0.6046343924372234,HT1
0.7387689561527074,TCO
1.6304096738938305,CSV
0.13653069033294157,TV2
0.18896155706842058,DHA
-0.08845324499772858,SIP
0.5136061317419524,VCF
-0.290725026653433,DVP
0.7083183797630433,D2D
0.02144605611736599,DXS
-0.39723842087499656,BWE
-1.415941868496258,AGG
-0.01343741566151019,DRL
1.1010961683533649,MCM
-1.036504039737059,ASP
-0.008094871487904687,TCL
0.013928113503173137,LHG
2.702049438453512,MIG
-0.040003774254101336,VSH
0.11016754582485867,BHN
0.049752781120580784,GEE
-1.2704855891387667,SC5
-0.41036467360731155,ACC
0.015640677262310918,GTA
-0.1710019362581492,TCR
0.009713457624341842,JVC
-0.14923706827622749,CSM
0.6720070526902389,HAH
-0.4160198840737653,KOS
-0.40041016586267053,HHV
0.6116546721567961,PHC
-0.020444028634569948,VPI
-0.32845327350688497,VHC
-1.9061811920146943,TRC
1.2717705071381273,VRE
0.5798164045960646,CII
-0.17762146008702784,BID
-1.953500679474201,BKG
0.04523473927360492,DQC
-0.3266279083463531,DHM
-1.617069809480662,SBV
0.03725911110027894,FIR
-0.32375509381019285,UIC
1.8504855022514197,VDP
1.4378140777266344,SBV
-0.035739001128254747,BAF
-0.16522954699632908,TLG
-0.11837644487649392,TCL
-0.05209227830080504,PDN
-1.4330804954543443,OCB
-0.03629801188803617,MBB
1.0116444430160683,HVN
0.5099754999247116,SIP
0.4053180131240605,BRC
0.6034139496169179,TLH
-0.00233886418680605,BSR
0.6813873921841634,HAG
-0.4597870506665851,TCM
0.2240943629887429,CLC
-0.5577388322321821,TDH
-1.5913613693757271,BCE
0.5092665713467789,KHG
1.2646883439012389,BTT
-0.3289307801105243,NKG
-0.9495675348284416,DIG
-0.34128199694511335,CIG
-0.32224895318615787,HDB
0.37829319273355017,SFG
0.5503874424490931,DTL
-0.6093493312009005,CTF
-3.3032916430495214,ADP
0.10585703088406166,TCO
0.16612469076107955,VNS
0.03706341576841501,C32
-1.349717824213631,SVD
-0.4611228390566513,DC4
-0.02141062148425133,HVN
0.08020447687321293,DHC
-0.0039068908842595125,TPC
-0.5120536945392348,HQC
-2.205343271686919,TMT
0.1652895309559712,VPH
-0.29364051427168053,PDR
-0.472082360886816,CHP
-0.1384720859736379,TIX
1.1313670352807947,CTR
-0.04007052630584957,SMB
0.024102646105110617,VIC
1.5788259769591468,DC4
0.7206824556254999,CTD
-0.3306328677342297,KDH
-0.4974034606077471,ABR
-0.5319746363813592,NHT
-0.01574428151394302,CLL
-0.09630994117099276,GEX
-0.15233997814369132,PDN
-0.7381616492238867,MCP
-1.5994254753676584,VID
-0.07463304636538542,ADS
-0.11300896172577882,LIX
0.607743047936882,KHG
0.37519761025598414,HT1
-0.3372639108388027,SZL
0.16606803784810834,IMP
2.378248544732721,VPG
-0.04066022876370414,SRC
1.5376463588633054,COM
-0.2745659643622036,TDG
1.5028095900595653,DBD
-0.043408769415732094,SAB
0.3016970248942118,HAG
-1.9778583390192033,EIB
-0.5807604053465455,ACB
0.17829543482271148,AST
0.2986679980412255,VAB
-1.3684412086140814,IDI
1.1188865897621818,IMP
1.075117346647193,DGW
-1.0285496137145265,VSI
-1.5989182487303237,HRC
0.3150583415508775,HAS
1.4973110372488276,TTF
-0.6310197744811094,OGC
0.3090416237631527,VCG
-0.10184736066775671,LBM
1.5539696548063697,VIX
0.6861136496699878,KHG
1.447429618368706,DLG
0.08672384733194988,CTF
-2.3544103250720023,TDC
-0.5733163946166866,PTB
0.2351634899300414,KMR
2.1392831151623404,DXS
-0.011094189285448176,CRE
0.26046567230856926,TTA
-0.5472486356868022,PAC
-1.0900604626529826,MBB
-0.4244755638851214,CRC
-1.0631995336915154,APG
0.7318644336764251,ILB
0.018790284058009407,SKG
-0.9420841598634297,FCM
0.02603886054426455,VRC
-0.05399417076132531,APG
2.166529955239092,DCL
1.0038272719032484,STK
-0.9344532892644672,PDR
0.272496321396171,HDC
0.06375951389962599,VSH
-0.07841458671920504,APG
-0.8028848820564781,SHI
-0.29782000267564634,VCA
-0.21684540200227564,SVT
2.8455187941818547,BKG
0.1715707149342011,HTI
0.018951805322753378,HT1
2.184839249000713,HAR
-1.7003324944833829,MSB
-0.26003123093510866,CMX
0.49233410308930137,ACG
-0.4201196016158859,TVS
-0.1785287975682536,HNA
-0.24686596392296403,NHH
-0.5300377038214045,PVT
0.4325606923725527,NVT
0.5147834967516984,FTS
0.16619363873384438,GEX
-0.43703799885025085,CSM
0.02144605611736599,DXS
-0.29504340485028996,VJC
-1.9309370565743462,TDC
1.5414322705985644,NHH
-0.20518780195899772,DSN
1.000566458728725,DLG
1.034702224981137,SBT
1.8299110359715718,SPM
-0.9937316828770355,AST
-0.0820093344105007,PAN
0.2843846986086717,HPX
-0.1034987166552823,VPH
0.026296599896096524,ACG
0.005240834888945813,QCG
-0.07336167862067973,DRH
1.0229310399846983,GIL
1.623885656297854,HAH
-0.22593244390289946,TCM
0.4130509946794379,MCM
0.3216023121623368,BHN
-0.46397838714907497,SZC
-0.8958379614184238,AAM
0.7194576648801818,TIP
-0.3217944244892772,HAR
0.004934028802701639,SCS
0.130434901036719,TV2
0.742219022474118,CNG
-0.40852439707313565,SFG
-1.3028511617384149,NVT
-0.4104277747192471,VNM
0.10296749772415437,CCI
-0.025817887263756313,CSV
0.699998364203402,GAS
-0.005930102498459649,PVP
-2.2796196670634936,BSI
0.3783084531795961,TCR
0.35673211376993563,ST8
0.520639754167792,TDG
-0.3396191425659682,TCL
-1.5327629005039696,SJD
-0.024659669708306412,DAT
1.397679733207996,TRC
1.7085956322140767,TLG
-0.06641077065425863,DSC
2.3017991974741863,CKG
0.08051948322659642,BMP
-0.21184436825661826,PVT
1.6518688232072558,BMC
-0.02656046170209181,BCG
-0.13013446893406752,TIP
-0.41638291296298824,TTF
0.2681266167063131,CTI
-0.31672225710224994,NKG
-0.4912175999305229,VPD
2.2179400364383577,APG
-0.45886717359088075,VCG
-0.4050369770426721,KOS
-0.1572475654598111,PHR
-1.1986228449912806,QCG
0.9312908125041593,DGW
-1.167336708683358,VPI
0.4498101909386942,CII
0.32234646666998734,STB
0.13534716079516645,BFC
-1.4341872619985259,KMR
-3.5156069870248046,VPB
0.19194765828184854,MDG
2.102382480432868,ST8
-0.3730141900648359,FCN
-0.01574428151394302,CLL
0.6590016235032881,BIC
-0.12994736556864825,CSM
-0.0030895986419726996,SJD
-2.3612798325706046,VPB
-1.0043550007776378,NCT
0.776474424804433,GEE
0.07954026563178355,DMC
-0.006848030183802705,DHA
0.7507546259147724,PVT
0.0667334049204212,FRT
1.0162371078671344,FRT
0.6885024590405999,ICT
-0.15172159514292638,NCT
0.9342437082382895,TCM
0.00209073858101088,SHI
-2.460159119124173,HHV
-0.01075329575248783,CNG
2.309412374207219,YBM
-0.130307770659036,SFG
0.36459146190051056,VPS
-1.6605586823845089,DLG
-3.2827853791115196,DHM
-0.6548703347871702,VAB
-2.4871351455241277,DSC
0.01399729444144872,PIT
0.06222989959766641,TCO
0.378725257463183,CMG
-0.06087108316703483,HID
-0.03796103738210988,TIX
-1.2743474866862634,SRF
0.34099552296383,BID
-0.7160318043672772,DXS
-2.3324250699397084,SIP
0.10871723099887502,DPM
-3.2981574526342055,SSB
0.7653984847671583,NAF
-0.09274162716261924,TCH
0.05574791319189526,HVX
0.5425065180342711,CTR
-2.269435843556125,TDC
0.9441316822405152,EVF
-0.000200210842177191,PJT
-0.0009499257658802867,KDC
-2.9141671577204855,AAA
0.0830045907548153,GAS
0.18920794284792747,HAR
-0.7362804287168533,DTL
0.2533196371306841,TTA
1.1248324569823303,TRC
1.12586916711816,TSC
-1.4530183693394247,TIX
0.13071869026887048,TSC
-0.9513086602683856,CMX
1.6168014423978383,DCM
-0.4561021043809982,EVE
-0.5610355294915982,NSC
-4.003039487047835,PGV
-0.11763574191763584,SZC
1.271071414341197,SZC
-1.1107810579998374,VIX
-1.259126101159834,HAX
1.2947312634133186,DBT
0.0010431538240905256,OCB
0.42567967756222447,HDC
-0.3607674389881869,HDB
0.12497238439173229,SCR
0.7689370061677879,ASP
0.9103607215566829,CMV
0.7242900653621683,HHP
-0.20266126600665757,CCL
-1.2167031079359556,APH
0.1822173082845863,TLD
0.38229716825829513,NT2
-0.47158412978742803,ANV
0.03381627507717225,YBM
2.0541007161231675,TV2
1.2504145942983746,DAH
-0.9164568273277811,NHT
-0.4444393267088306,PPC
1.0900410648479384,POW
0.7250640722426592,VAB
0.9017456191079056,PGD
0.20924198537243122,SZC
0.02648727116462291,DXV
-0.6996897419090086,DPR
-0.38306081822474136,ASG
0.020018877658195575,KHP
-0.6036454070049756,CMX
-0.10322501680918607,LSS
-0.4863744386678979,PAN
-0.5096918948920596,TDG
1.978579372820923,IDI
-2.3253197877520537,S4A
1.508816519606302,HAX
0.1566236739422765,HRC
-0.007402523705726499,OPC
0.20149721574626148,DBC
0.4166324600701293,NTL
-0.46255466215747615,VSH
-1.2765708246005307,NAF
-0.2920170766299156,BCE
0.6999179606311912,VHC
1.0763611898226646,TDC
0.006207182326561493,MSB
-0.5896654358156741,CTI
1.7993535700687353,YBM
0.14781062329449982,EVG
-0.22324906196652164,CCL
0.18895720251716164,HDB
0.6064822812347421,SAB
-0.08960076779416831,KHP
0.09936591742607817,CDC
2.0766372074392194,PTL
-2.4867055572352013,HUB
-0.008094871487904687,TCL
0.1283539562149711,HTN
1.33149314164152,PDR
-0.21358038646225924,NTL
0.2005313634307521,TV2
2.283109787953323,ORS
0.41268110597922064,APH
-0.3221469832748915,TIP
-0.3912643505554101,DHA
0.0341408805583172,HAP
0.4936457301805973,PTB
1.4748922857212983,LCG
2.4055041240156507,EVF
2.1292573288064824,BAF
0.4697808488792033,CSV
0.3243368361383166,LSS
0.5640989760568099,KBC
-1.9248857536890718,FCM
0.4676732220182945,S4A
0.5255450069788679,ACL
-0.015364705103247427,ELC
-0.6500811012136993,BSR
0.13423481545916077,NCT
-1.6315606773366425,EVF
-0.2098178599615522,NSC
-1.668482081523703,DCL
-2.599469164213614,ILB
-0.1715309978342357,CMV
0.8744823963547813,ELC
-0.5075913816405968,DVP
-0.22324216787628148,HHP
0.858746349167824,VIB
0.8663453339347773,SFG
2.252943900450908,DBC
-0.22344023529647106,SFG
0.5311155306856241,VRC
0.7246875537010271,NKG
-1.6121405625233238,HCD
0.10359672513546998,VCA
1.9549249881484927,HCD
-0.032572587287725586,CVT
1.274615622550698,HAG
-0.2978039183906201,MSH
-2.201681509459237,VIX
2.3970090577824323,PGC
0.7630458671633383,KSB
-0.2061783299080617,AAM
-0.36162605041972584,SKG
-0.3188399361118828,DPG
0.020086310615538713,NVT
0.006207182326561493,MSB
0.12707228610301655,BMC
0.006316405241595661,TTA
-0.7291470322685096,DC4
0.04563314874635906,SCS
0.015075088486803464,DCL
0.10311763849691997,D2D
0.43254083437104424,KHP
0.6576043546322681,STK
-1.287851545410266,MWG
-0.5187719380011828,AAM
1.9969702623108516,DXG
0.46884248743195156,VPH
-0.445080989631013,PHC
1.1691735471047848,NSC
0.568323841408622,STB
-0.9614290159267909,FRT
-1.227698069772316,SAV
-0.9681503123186002,ADG
-0.2510671239655093,DPM
0.5132282982420389,FTS
0.7669541359404108,EVF
-0.09952223998733668,VCF
-0.01343741566151019,DRL
-0.31818570586024,PPC
-0.024751085154507194,TMP
-0.461341362653435,HCM
-0.17126046650759896,BTP
2.555553755737765,LSS
0.8218408561007592,CLL
-0.643684572672229,HVN
1.413644353264558,TCM
0.48907201330201744,SIP
-3.3858349515819035,PGD
0.14853567640644028,SCR
0.06787772361162688,NHA
-0.8667552498032416,VCI
-0.7872327606259956,PVT
0.5352860018075628,ITD
0.6589289377385223,SIP
-0.12392150110825503,TCI
0.9515711468281718,BTP
1.4710017785673786,HID
0.012160565285822909,TVT
0.04608311046099352,LDG
-2.5748151808451096,VPG
0.14726499411383137,CLC
-2.64801532161072,TMP
-1.3171855153054681,GSP
-0.20295459615620073,HSG
-0.3205127106412331,GTA
0.6919401862790797,HTV
0.08520864322852797,VCG
-1.934234486854358,STG
0.4937797612944941,FTS
-0.010977080842714097,EIB
-0.30675804509879206,GVR
0.27294380313238786,VHC
0.2377761273524165,BWE
0.5243358737926018,GMD
-0.07436294912516023,CRE
0.5600157490578033,REE
-0.18671469664055934,TBC
-0.02002816655042015,VPB
0.6498548091844571,NBB
-0.03514758090144569,BIC
-0.7507810766131773,VSI
0.2675114366133144,GEX
-1.5108899018771542,LHG
1.693907434628185,ABR
0.2943921168566144,TMT
-0.7078296317451316,GEG
0.015672944538421517,DC4
0.017275768872348746,TRA
-0.020444028634569948,VPI
-0.488654323744774,FCN
0.003175982886676942,MIG
0.006316405241595661,TTA
-0.7071801942903705,C47
-0.008251299673647095,SAM
1.745758329605919,CRC
-0.395670101885017,PDR
0.40719446356609446,DIG
0.03900506491361488,GMH
1.0426223217420634,VSC
0.29472991502948026,VDS
0.18067051265334905,CRE
0.004613759615847612,PHR
-0.7604112252714708,VTP
0.16351230262463348,ABS
0.013098078317394157,ST8
-0.10269501689195852,MSN
0.42692805246833027,SCS
0.5824741056709773,APG
-0.4875326866993839,GAS
-0.1585137882138456,HAX
-0.20588005374264773,VIC
0.293814435750592,PVD
1.0907434950290422,VSC
1.1187848076517632,VHM
0.07849534720500184,MSH
-0.6699677533267245,GVR
-3.618197866547719,TCT
0.6328294821264794,HHS
-2.313089004827394,HTL
-1.4625622412967731,TPB
1.2005583973476532,TNH
-0.0009503050825391499,BVH
-1.2389519308612464,SJD
2.03423117219431,MCP
-0.009804542526258004,NAV
-0.6376628856913616,PVP
0.37147162213241086,VSC
1.8247729406467141,HQC
1.5902833188460321,VID
-0.01075329575248783,CNG
-0.11530535583164211,TNI
-0.5054559030150434,TN1
0.3844295425405776,FIR
2.7941785383778046,SZL
-0.36793434278779047,VNM
-0.10078169960685385,TDH
0.021263913029223785,SSB
-0.481658659156979,DQC
0.7241569674146532,VID
-1.9041393015016144,SFI
-0.9316517363324558,VAB
0.8769124648329715,SGN
0.014104344966181522,TNH
1.3700755696565556,ST8
0.24395627047258805,APH
0.4981764595274063,SVD
0.0029636586061703393,HPG
0.7670263894742915,QCG
1.4447847483530496,SMB
-0.12957341059518704,DRC
-0.29823182252835,ITC
0.12770708374015347,HVH
-0.9389890632638029,HMC
-1.5415240790528815,DHA
1.8660516820611182,LDG
-0.6000696587161427,EVF
-0.40582634227857145,KHP
-0.7830661950513099,VNE
0.4643554749532194,NVT
0.30237384105027787,ITD
-0.40170594906775553,PTC
-0.7350862952128048,SIP
1.5675719034727482,SC5
-0.006921818163786036,HVH
-0.06963479933068162,HAX
-1.2433470816154675,ACG
1.0956277260784875,DXS
0.03613302467133759,TCR
0.4039990657568247,HQC
0.14695035146810867,NBB
-1.2822866848990373,ST8
-1.7279193323857782,TLG
0.5363908088812214,NBB
-0.8479636278165705,OPC
-0.3518810824390211,HHS
-0.9607642938373682,DPR
-0.3507959224026615,GIL
0.8691719608739471,ANV
2.1947255990346695,GTA
0.24325612314140121,PGC
0.02144605611736599,DXS
0.5111232307418093,PTC
1.7296383936043689,DBC
-0.9770635500881067,BRC
0.3227660054683809,NHH
-0.5141392877399166,CSM
0.026049691326645925,VSH
-0.004835036487623733,SSC
0.006453295359853701,GSP
-1.266454193240407,LHG
0.9235899782222672,TVS
-0.3159836372561992,DXG
-2.177424224451374,DGC
1.0493886337775769,HDC
0.0007264038441690482,BRC
0.005526522326290344,PC1
0.02365177267205379,VCA
0.4982214448490876,MSN
-1.876769761486171,CIG
-0.1202595236508293,DGW
0.11986455758607933,VNM
-0.03155875716162512,PLX
1.6957724530295677,BAF
-1.4816057819049533,SVT
-1.5748499194643837,KSB
0.16340830183805508,HUB
-0.2095299584333494,AAA
0.018347376058329236,SGT
-0.8374156797303122,LPB
-0.19332530309527776,KHP
0.6487559989127866,MDG
-1.125555608033246,GMD
2.3968824279538894,TCL
-0.5564184487393096,SKG
0.004158505906995598,EVF
1.9377470657494031,TCR
0.186840359890159,SBG
-0.5955605689353157,HID
0.032702393867099826,TCT
1.0893465338774966,DRL
0.17191387952368128,LSS
0.13660213780772984,PVP
0.21104668156805084,HID
0.452423856060962,VCB
-0.000200210842177191,PJT
-0.01677450126770854,NSC
0.0570734140065791,STB
0.034681873757295215,VNG
0.5187185536339619,DQC
2.253393166967076,APG
0.797442276310492,CRE
2.191222981682996,ABT
0.49031945482641864,LDG
2.2750385071355588,DRC
-0.39791205051008915,THG
2.335953766499629,TMS
0.8646967557509546,SRF
0.19081513365180908,HTG
-0.8404181499968649,TVT
-1.6015323148222702,HDC
0.01645569009551116,HAS
0.19299024165814782,MCP
0.41685979397631406,TV2
0.134056462992267,SZC
-1.4720034034031082,HAH
0.03956661659568135,SHA
-0.9288311303606694,EVG
-0.4150615029400904,PGI
0.2907290778055557,VMD
0.49357329202162914,SFI
0.4157109361358899,EIB
0.23176193052952024,PIT
-0.23339057336882557,DGW
1.7398873085707642,PDN
0.17737596650842893,DRC
1.1292527743358265,HPG
0.5779355730249862,PNC
0.04503576612743704,PLP
-2.3125366872800748,APH
0.22153196919315335,NHH
-0.451738562102257,LIX
-1.1676846888975616,LDG
0.22420886575480525,DHG
0.1550668657767955,MSN
0.20806452389262808,POW
0.028112285754165734,TN1
0.34578334290993573,TEG
-0.5048072254468026,IDI
-0.9384969878520072,LSS
-1.4938554805040927,HMC
1.30399980301762,PAN
-3.2083547246190616,TNH
-0.6175673077449509,AAT
0.003175982886676942,MIG
-2.526452334033473,TVB
-0.5680427281407564,EVG
-0.9832613258276882,BVH
-0.35753930165237946,KMR
0.23292695667699873,STB
-0.32247960251301944,HDC
-0.2882059152332761,SAV
-2.0119201215149825,STG
-0.568821373158284,ST8
-1.1965320297714672,TDC
0.5658741590088278,PC1
-0.2061467994046886,VNL
-0.2664124987052993,BAF
-0.02800770061945341,REE
0.014303895794980726,LSS
2.0615570272048744,TCD
-0.336390720977942,TDM
-0.20474709588396608,RAL
0.45542567836699993,VIX
-0.5657110273808025,VPD
-0.014537026827334171,VNS
-0.03796103738210988,TIX
0.323848867840733,DPG
0.06825205026845108,DSC
-1.5578435912942568,EIB
2.01014424930379,AAM
0.5780957669474904,DHM
-0.6533020656839984,NT2
-0.954521988405817,GEX
-0.35333684383650565,BSI
-0.7420051084460871,GMD
-0.10762521348594843,ST8
0.025286651832193426,SPM
0.32222600718255556,SJD
-1.1018966578820575,SFC
0.3555790234725961,SGR
0.331415470049061,ACL
-1.8291866479588585,PNC
-0.017295779253476598,SZL
0.36371096177711504,HNA
0.06900052985677735,APH
0.1393753787524632,MHC
1.2791071413469248,TPC
-0.30827082597648187,SFI
-0.16158301870158506,C32
0.6485602432934332,BTP
0.07001317783742446,NAV
-3.486279868882365e-05,BTT
0.5032624309572835,TDG
-0.01343741566151019,DRL
-0.361062762462297,PVT
0.7396865121647642,VIP
-1.343915299628355,LCG
0.3915604634366261,NCT
0.5806081798532275,SGR
0.01811243066550267,CIG
1.5405042455394227,SAB
-0.6218186660046494,PAN
-0.6537619312169609,FCN
0.16580111629215583,GIL
2.8917849897437202,SBV
-0.08137035812264828,LDG
-0.010157513165326669,DCM
0.18618371303026604,NAF
-0.06688094417593592,BKG
0.4474672623047593,GEX
0.04617336654351431,CTG
1.4525703478502057,DGW
-2.9631982591324717,AAT
0.17842428615525227,BID
0.5156688286786328,TCL
0.20159886889565373,HNA
-0.01574428151394302,CLL
0.7152717927772234,SAB
1.4423953954436746,STG
-0.41241700843437223,HAX
0.028073826948156785,CKG
0.030897458812704198,SRF
0.04422408295220057,SVC
1.5797481427038877,BSI
1.704289968824922,TVT
-0.031912303747719216,TDP
1.0503875775206823,MDG
-2.836289865189246,CTI
-0.1783188865174341,SVD
-0.23741998655659982,GEX
1.4689944185977521,VDS
1.4474686624322899,VTP
0.675431025003133,ORS
-0.8331969565564664,CMG
0.4826528608427371,DLG
-0.6706655954455258,NVT
-0.9657547455609573,TIP
0.4853460137362515,TCB
-0.2671284284744376,GAS
-0.3761167256443329,TTA
0.12091727551839267,BCG
-0.2438321329651426,MSB
-0.1568152897153096,HII
0.015607452319873193,IJC
1.0616812414449082,DGW
0.03725911110027894,FIR
0.0021460263351075802,PGD
-0.05057034063086347,SRF
0.07113793829330498,TCD
0.1497897681435842,HAH
-0.3268132828479132,TCD
0.2985903644316984,GVR
0.3698367488791021,GEE
-1.0356910275418756,HRC
0.7038392501991303,FRT
0.952460993068082,LM8
3.6231300468466645,HMC
0.0021460263351075802,PGD
0.019263079553071816,HSG
0.5162741683020987,DXS
-2.754533241673289,TVS
-0.05925870108523933,CDC
-0.3778501153352202,TNT
-2.3234037119243607,ELC
0.32385509161767134,LSS
2.712299778162361,ADP
-0.7217897394696632,TRC
0.6895933490644557,AGG
0.003030631788115741,SGN
-0.20146944854332294,VIX
0.05301402030039575,PTL
-0.6878244527897973,HAX
-2.5812871706555254,FTS
0.4776099810000224,GMD
-0.015364705103247427,ELC
0.6029479912580673,CSM
-2.1677430791915278,BSI
-0.27158028464118633,NHH
1.1898285389644556,SJS
0.31701145770458206,DBC
-0.3688317035456123,CTG
-0.04138732705292269,LBM
-0.6290872666642626,HHP
-0.19505541596107845,DGW
0.13953180247176095,SGR
0.09996974588673979,LM8
-0.8373182795236792,NVL
0.5748245813770568,HAH
0.10962674458982954,YBM
-0.3122008012587565,EVE
-0.4100466898971475,BMC
-0.0406913853511416,KOS
-0.6729426992522808,DSN
0.8858496702395288,VOS
0.22423857515615478,ELC
-0.02002816655042015,VPB
0.17520068894826762,STB
-1.1870462612628232,DPR
-0.35723511184480544,SHB
0.21200659176250236,HDG
-0.17700521561629431,PIT
1.9052980144997422,DHM
0.688528989807281,VSC
-0.2537276616206942,IMP
-1.82245674698763,VRE
-0.17665151068109602,HVN
-0.3494648571063527,HHS
0.6273740810099019,NHT
-1.3228228423195736,ACL
-0.25963108754320713,TNC
-0.5552386471662392,TSC
-0.09187223457462987,SVD
0.39813036010239045,TMS
0.5243220424156024,DQC
0.7856869159150263,CMG
-0.011071580345109812,ADP
0.9055181864922665,HAH
0.7173282516712303,POW
-0.024751085154507194,TMP
-0.4156712053323732,HDC
1.4163412476201018,LPB
0.772232134321903,BRC
-0.41292597784941965,HMC
-0.616240208577606,CSM
-0.03486714730648805,HDB
1.0395994897806755,DLG
0.4966271173883042,BCG
0.510341785596497,DTA
-0.03651321680886601,FRT
-0.014537026827334171,VNS
-0.17041716972889653,POW
1.9292152943864322,ACG
0.2862062154596125,MSH
0.6789020165471353,PAN
-2.88632698614699,VFG
-0.33638261449941287,SC5
0.41036978033223936,VNG
-0.4391270662202671,HTN
-0.014537026827334171,VNS
0.24364352298971648,TLH
-0.25506391609195866,SAM
0.42972597770573645,VIX
-1.670252779445633,ACG
-0.11194369348200384,TNI
-0.14320299102798523,NVL
2.1228873634174383,SHA
0.946419265882075,BRC
2.984544668332935,BMP
-0.43905224516791724,GSP
0.6143417956977564,SCS
-2.4772610172152074,ABS
1.0220924745813544,PGV
1.182659864945835,LAF
-1.6454424808773482,LPB
-0.06411807354513586,LPB
0.4016090505548611,VNM
0.5134495401406551,CLC
-0.32690233133422425,TCR
1.1228275355405568,AGR
0.01645569009551116,HAS
-1.3648224006462701,TNC
0.031877776436495295,BCE
-0.9881913394631316,HNA
0.23887780457366836,NVL
-0.09282063989140225,LBM
0.9648378427233398,EVG
-0.9381071990234379,BMC
-0.4528674179363102,BKG
-0.14755206072431834,PDR
1.5382878232775905,VNM
0.12351171980976389,PET
-0.6408283296354623,REE
0.6541311470027754,AGR
0.26754374794345603,VHM
-1.2185042815973504,LM8
1.307292170627406,CRC
0.6677066919040918,PMG
0.024935044751338096,ASM
-0.7917750835980571,HSG
-0.3549414603065712,SHB
-0.5278729633407961,C32
0.6408155387577873,ELC
-0.05666835185481714,CKG
-0.00719836091860017,TYA
-0.40397960272003053,CII
-0.06918576028298046,TMS
0.5250798690986159,SGT
0.024320860789517625,APG
1.171081161882316,CLL
0.9685772195939487,DLG
0.7532003232449218,TVT
-1.9941499626001111,SAM
-1.7795651513296156,TEG
0.6826482732122078,HTI
1.8352214795384385,CCI
1.6075850429262337,VIX
-0.474082564127898,HTI
0.5229728011885224,DRL
0.8793128513486388,MIG
0.35805442684255334,VNL
-0.000200210842177191,PJT
-2.4908792275135596,TSC
1.7948520930140057,BBC
-0.6182656310236474,ICT
0.032702393867099826,TCT
-0.854215921301716,TBC
1.5401030765224957,PVP
2.6532911463784448,LHG
-0.7292337121616753,AGG
0.03706341576841501,C32
0.30378801860613186,CHP
0.1324263914260877,PVP
0.10340833427346897,ADP
-1.5737802091961817,MDG
-0.5954134607036332,FCN
-1.2313506269241954,BSI
-0.1178725769259577,VOS
-0.12210281577323183,GEG
0.03091372417729615,TDC
0.3999324639180048,BHN
1.082744948463932,MWG
-0.09729984150656229,HAX
-0.6281299085279186,EIB
-0.782608362905751,TIP
0.5993274065681505,CTS
-3.3891264756545527,PNJ
0.9240980683921158,SIP
0.6907821359410942,BMI
0.023256748796257352,BMI
0.03724311386447903,PTC
1.8371214390621153,DTA
-2.5817878677282953,VTP
0.1781522884494386,BTP
0.46987406120551517,SZC
0.3171642303596554,DTL
0.2037414847855955,KMR
0.8274480716799058,SZC
2.4601795994657336,HPX
0.015038873568294201,AGR
-0.1625512781461215,SRF
-1.2903570349984186,FPT
-1.407860473229249,SMA
-0.17468925501386218,TDC
0.03900506491361488,GMH
-1.209440332897546,DBT
-0.3836093837410228,PGD
0.4085381313405552,FTS
0.5901547858130762,C32
-1.0856086518036414,HAS
0.06971435875222229,VJC
-2.905457683098822,TN1
-0.7660618994076959,DPM
0.3434315386366743,HAP
-0.2237359479540242,BAF
0.20183973296084284,TCL
-0.0030895986419726996,SJD
0.06715384011419694,AAT
-0.491488432343295,PMG
-0.005930102498459649,PVP
0.04545669419330155,ASG
1.839477580920695,TCM
0.25566210685381785,TRA
0.5401031068226814,MSN
-0.4399935019426556,HMC
-0.4740372989320982,CTI
-1.4684092113690959,IDI
-0.039068905303655886,FPT
0.017275768872348746,TRA
0.30996521493824597,DPG
0.9536804234612192,ADS
-0.4970769275679376,DSN
0.6637304018118243,CCL
-0.435655991919259,DHC
-0.779952770935367,VNL
-0.6414929958077678,VTP
0.04545669419330155,ASG
1.0240785285538938,HQC
-1.2152532871785773,DBT
0.013036722046752979,HAX
-0.2565632795212474,VNS
-0.6477204352712551,TDP
0.520629426431743,HMC
0.597498734234125,MHC
-0.1663855258978746,VCB
-0.2155621516834275,AGR
-0.8453555836545139,DAH
0.5130742219535904,TNH
0.6019570076841083,FRT
0.13744918747510035,VCB
0.18943349810648452,HHV
0.3848842886175714,AGR
-0.17644426801562874,GEE
-0.2730629630449474,BWE
2.1598808380729295,TMT
0.27111257019735363,TLH
0.7963571093234446,SAB
-0.027069022218978625,IMP
0.6142830579460863,SGT
1.5180253077539512,SCS
-0.34918957924098576,VSH
0.5245442260776928,SHA
0.034422787801548956,TDH
0.013098078317394157,ST8
-0.3401463884443411,HAP
-0.05495472964579217,TNH
0.059179207846019995,ELC
0.04551978002521855,TDG
-0.47629183557425664,LPB
-0.13204443026136486,HUB
0.21866434527558268,BID
-5.226047067848915,DVP
-0.8901796889090143,NTL
-0.9906614719220271,BID
-0.8196505441611996,HDG
-0.2486618708256429,CHP
-0.6985377607134223,GSP
-1.2002129834914317,DTA
0.01889814935128961,DHC
-0.13883235455667886,HAG
0.034482932483054084,DIG
-0.505893492291336,VTO
-0.6667677626111238,SKG
-1.036003994283704,RAL
-0.02627033401665442,S4A
1.3506416664320988,HHS
0.17748655261225924,NKG
0.36682129051810985,SCR
-0.2538075123103301,CSM
0.5073482039753258,HDC
0.22808039113205011,ACL
1.0563304117542742,BHN
-0.9523070816420265,HID
-0.7712663304469691,PGV
-0.7289068378683435,HDB
-0.22628231698295953,CTG
0.015433275483225834,PGC
0.01227549044565495,KBC
0.45733694173148265,YBM
0.008703668770632687,BTP
1.0124597715885186,TCI
-0.27899933357640316,SJD
0.17977260083630225,VTB
0.3272241934796774,PGV
-0.4895490246877728,ORS
-0.22249386621446035,HTL
-1.0708713798714586,NTL
-1.2066451232904702,GMD
0.802017054488671,CSM
0.15761618176577696,UIC
1.0747344505539844,HSL
0.012677815929662398,HHP
0.31858660420275703,SRC
-1.8472163384367608,QCG
0.009208852275549986,TMS
-2.003256823504387,CLL
-0.7782932393269474,EVF
0.934604550805558,TDM
0.022746471693790186,STK
-0.15982401532823776,DTL
-0.1440231983792087,IJC
0.001551846068671221,CRC
0.2840487419135113,PTB
-0.06345626579326227,CHP
-0.07972176349610456,SMC
0.46753533614707743,HMC
1.538007336182357,HUB
0.006316405241595661,TTA
1.0396587811178972,CMX
0.5549831275291964,BID
-0.9330882851021767,SJD
-0.11825725633720735,BCG
0.801927231264155,SBG
-0.26156337685007724,YBM
-0.3320916466570933,HSG
0.16414714923903292,HSL
-0.29828153765450394,VAF
-0.0939570884528155,AGR
0.8094712041951684,NLG
2.6635576607528413,HID
0.5431372631234387,CTS
2.5038278027074616,OCB
0.12497377352362603,NT2
0.4481512801668034,KDH
0.6103476777736079,PNJ
1.1825295399493927,GMH
1.172863973552569,TRA
0.28898476283659447,PTB
2.5840022343701503,HVX
0.009086502229505166,HCD
0.7671075936515129,HCM
-0.3325295169191217,AST
1.0897726426248926,REE
0.09294252573756864,TCL
-1.0258179446858486,VSC
0.7580702100232648,TVB
-0.9922027553334772,STB
-0.3694516444495136,HCD
0.10537597501996808,SBA
-2.3999744896974446,AGR
0.31420217365914477,STG
-0.40831134850586004,C47
1.01887344497178,GEX
-0.2276409787180999,VGC
-0.7609726238326808,AAM
-0.7860996691314013,CRC
0.02299732134407447,VMD
-1.1007841504489395,TRA
-0.0030895986419726996,SJD
0.013928113503173137,LHG
0.6629602902046821,EVF
0.7661962076130548,VRE
6.076083732722476,DSN
0.4091077468888294,SCS
0.4081546003851276,TVS
-0.06172218846838279,TCD
0.3746636785433867,BKG
0.12871534168933152,CII
-0.16981502362560272,ITD
-0.30609955382461135,AAT
-0.610718813495693,DRC
0.035676689866664224,GDT
-0.34222974613789325,FIT
0.03358587431716874,TEG
0.2118061100979337,ACB
1.0608283996909587,HVX
1.0001938137633872,PVP
0.3334890797214051,TCT
1.331248002543773,NCT
0.15058984256859295,DC4
0.11114563848630442,HSG
-0.009410963906315451,DPM
2.259089037063402,LPB
-0.007402523705726499,OPC
-0.9306735728464824,IDI
-0.5707009620133433,FIR
0.06832184709444851,SRF
0.3817128026911298,PC1
-0.6263273277764559,NHA
-1.9746582564963098,NHA
-0.6893449714641561,LHG
0.3359679291075156,CTR
0.10378523583538492,DPM
0.12174917451777727,AGR
1.3065462638148848,HQC
-1.3407054098677282,OGC
-0.4702362455163798,VIC
-0.7478126429418149,OGC
-0.3347059754151996,PC1
0.012677815929662398,HHP
-0.4068188271884775,DTA
-0.07063360365324174,SFG
0.4063097556735726,TVB
-3.486279868882365e-05,BTT
-0.31614438796778954,VNL
0.4184204904396421,SHA
-0.0191656674683709,BWE
-0.25017938834798953,HAG
-1.4299502438414071,VAF
-0.18729908230222397,GMH
0.5411882282089384,HHP
-1.2040026302744482,DXV
-1.1546054046389367,BSI
0.7681567414485881,PDR
0.16700992425034983,KHG
-0.0702337252481972,YBM
-0.12368883498527966,AGG
-0.6069339282905734,PGC
-0.5919699552429014,VCA
0.02806338466406862,LPB
-0.3709534771270433,HDB
-0.5836351779193851,CTI
0.3053915003315845,SVD
-0.0708637432878365,GMH
0.7268187081866972,VTB
0.02014837469879161,TMT
-0.2338112587893276,RAL
0.00209073858101088,SHI
-0.328882871606599,SVC
-1.041852884699011,SAM
0.016179423314348886,NKG
0.46280929778196545,DBT
-0.7762219371985509,LBM
0.7679099944222326,GVR
0.7834483104312445,CMG
0.026941231610136597,MCM
-0.10890395858960543,SCR
-0.5918346777626831,SVT
-0.9117088658513417,VCA
-0.2518820216194489,SRF
1.176441352117959,VGC
0.311334901926625,CTR
-0.6392272675757372,FRT
-0.028599439991756733,ACB
-2.263982080768867,TNT
1.523204048373434,BMP
0.3830438130489281,VRE
-0.26176422219483264,HVX
0.2414485341388518,FTS
-0.23146032997559415,SFG
0.8403278901380118,ADS
0.15351070721125562,ITC
0.9469657181243455,SHP
-0.8656782696495319,TCL
-0.5222546147645144,HPG
0.25121956103074683,SFI
-0.3077730212596051,DAH
-1.3847661213829816,PGC
2.140329090542366,TCI
0.30117935476425955,NHH
-1.043386029881234,SCR
0.21705508687225963,ILB
0.015075088486803464,DCL
-0.010001346113462593,GEX
1.787029943668765,BAF
0.7137139416862174,MHC
0.012462185561779658,NO1
0.09541721623222141,VHM
0.10561060505681576,VPB
-0.1235011961961183,CTF
-0.5258444703032046,VPD
0.3398055235224568,VDS
-0.852535656528774,EIB
1.4140687268421905,TCH
-0.43505001118904874,NKG
-2.5479247925640824,AGR
0.5322826546032737,CNG
-0.3246795774446362,NKG
0.05473941379081132,TCI
-0.24692293520667621,DVP
2.9458414581010306,TNH
0.42691621318180667,HT1
-2.338414439576749,VPH
1.111072902718005,LAF
-0.394068702787894,VPB
-0.22555551068635427,CMV
-0.07515543464742623,MWG
-0.7042752960375869,HAS
-0.04677377040858557,NNC
0.9353267023961689,ELC
-2.104180780428744,ABT
-0.7044125019098595,SAM
0.44565681411970515,PC1
-0.6254120866691454,ICT
0.2000373855994611,VNS
0.25306898467804206,HHP
0.12998636241614617,VGC
0.4186240732499045,NAV
0.3437917585269951,VCB
0.7205558180306821,DHA
1.5811432728400079,VCB
0.5275815748821469,CKG
-1.3815983821329763,OPC
1.7568493340252298,CCI
0.58747247148124,SBV
-0.34629799687335755,LPB
1.4553491462441759,ACL
-0.06345626579326227,CHP
0.09686859815899801,MSH
-3.486279868882365e-05,BTT
0.6560009496770577,VSI
-2.3590678036823087,VPS
0.10569194609627244,ADP
-0.3009067604672006,PC1
0.37029950995988364,HAG
0.8089037125241437,MSB
0.09573822388973668,HTG
-0.8726938617266525,HTV
-0.011062049762442155,SBG
2.8685005611135743,BAF
0.15241947059699767,CTD
1.1705585700526344,RAL
-0.6153007203965722,SBA
-1.282078850439008,BCG
0.597820302344398,BWE
-0.2598108116878461,HTN
-0.5511177787501049,PTB
0.7645806624025568,HAG
0.9421673863685142,BSI
1.5301325898210865,SVC
-0.22139852207638006,DSC
0.5934660314246298,ANV
0.39250164373110635,HHP
0.1985697444188025,HNA
0.8474026887281677,SVC
-0.2387366660634143,VPG
-0.0009499257658802867,KDC
-0.06345626579326227,CHP
-0.006848030183802705,DHA
1.183702184389756,TNI
-0.5501621342291565,AGR
-0.166700913066024,ANV
0.9145084455397116,SJS
0.7015242361841101,TNT
0.43277504198487765,HQC
0.18800695064021108,HSG
0.634512022169871,PHR
0.004613759615847612,PHR
-0.2502533278665637,HTN
0.17776052552955127,PHC
-0.06345626579326227,CHP
0.5232671402624814,SVD
-0.3762704013252039,DPG
-0.07292025705733195,SHP
0.10275898535236914,SGN
0.13709457420343188,VCB
0.5948735376148442,CIG
-0.2755408971056335,TLG
1.4723887205625146,ADG
0.008078648031764968,ACC
0.3377628249475891,PVP
0.8493938463821392,DAH
-3.1658411615554654,CTF
-0.027942882892027922,VFG
0.5137504952662667,PTL
-0.11793154788868729,HUB
-0.13065640255140143,TCD
0.14612625016951453,FPT
-1.0458029996225464,POW
1.9576438151582944,CRE
-0.5457725779292332,ORS
-0.6704657277240518,SGT
0.4989389729080886,GMH
-0.08293696267372498,JVC
0.3682725295107282,HII
-1.1820941800656082,CHP
-0.11998173351319737,VND
-0.2758123652697618,TPB
0.5450865660419859,DXV
-0.5241293176291792,SAV
0.08622856067923963,DBD
0.1463490987604072,FCM
1.4358632859196494,SFC
0.27647274155888896,HAG
-0.9038562423186406,NAV
-0.6711748547451313,DSC
0.030428795898334436,DHM
0.10830161994515376,TNC
-0.0002576781687008662,CTR
0.2036845177661726,FIR
0.3531830567317133,TDM
0.024848883416702383,SAB
-1.1000224452022291,ABR
1.3641103055943757,SMA
-1.5345241961142826,STB
1.8564643011461943,CMV
-0.4047712208377008,DC4
-0.501589522553234,TRC
2.613863742131679,TDG
0.0362638322978957,SBV
-0.10427373596137127,REE
0.049568303495592714,FIT
-1.0519710813530325,CIG
-1.4695632435554888,TDC
0.19785798309684854,EVF
0.015433275483225834,PGC
0.6801337592814009,TNI
1.1306248817966762,HDC
0.07794617004905986,TLG
-0.7576599567221747,TCI
-1.0639735953967908,BCG
0.4359370026767109,HTL
-3.060053283396325,TVS
-0.1256361399081219,THG
-0.16364455238445785,TNC
-0.006974362964496282,SVT
0.05209753569319194,CTG
-0.01803149338245371,HHS
0.2363773670760796,VND
2.886078104143892,IMP
0.04503576612743704,PLP
-0.13368080550836686,ACG
0.16608040767984777,HTI
-0.8039544343396999,NAV
0.89399078767217,ACC
0.6937192696837386,PC1
2.5780447547998784,VIP
-0.54697165858679,TDH
0.6079629691465539,AST
-0.0691129866221755,DPR
2.089220095789263,KBC
-1.2586309851513071,SVC
0.6258675351683455,BFC
-0.010002566674339023,HDG
-0.30861394027724587,HPX
0.018790284058009407,SKG
0.14936744390833664,DPG
0.10637664716353065,CKG
-0.3455775668758162,PJT
-0.0010929923421224704,NT2
-0.36996537234370547,SCS
-0.1804450867352473,POW
0.722810550469438,DRC
-0.02480027620365238,NVL
-0.033694544952716315,ST8
0.09916474279580144,TLD
-0.046076060032822566,DGC
0.1393814771625681,HHS
0.5545498173418787,HTL
0.16874890291732766,DSN
-0.6027493897651037,HPX
-0.00719836091860017,TYA
-0.5932596721593852,TNH
-0.5863549645531619,DHG
-2.256087055752151,FTS
0.5939379821628813,BID
-0.20244725848083187,TDM
-1.0221994741645701,ANV
0.15432599637158073,TDC
-1.0410771725763321,ICT
-0.2897553009149869,FTS
0.43661984106214874,CTD
-0.830907661756277,FIR
0.020643279426379058,TCI
-0.15316628538717733,HAS
-0.010886727105730258,VHM
-1.1420123253352683,DBD
0.02365177267205379,VCA
1.0248052705527502,PVP
-0.7931051968956355,MSB
-0.8759847411003113,NAF
0.21048259861014723,BAF
-0.44866922170496853,HVH
2.0526479800701156,DVP
-2.15235252610526,TEG
2.7837600003040146,ACG
-2.291888319994513,SZL
3.5460739812069115,OPC
0.02227599319932012,HU1
-0.25421010616126677,PLX
0.2463459256195312,PET
-0.6284463481419693,CTR
2.7673552837904145,CRE
0.9682661632858247,GEX
1.9896310883713948,VRC
-0.12343069773761996,BAF
-1.0157718697353486,SGR
-0.590125725212918,HT1
0.9504665918130157,AAT
0.18008224752058918,HTV
2.570490368523283,DGC
0.4281945588887509,KDC
-0.08730669695423497,FIR
0.613140177199256,DPG
-0.3113316906941246,VNE
-0.17815272861101852,AAM
1.471025913621138,HVN
0.08368972626107449,TPC
0.5590788275724462,DPM
0.10973443381844344,SRF
-0.5990389640074915,SCR
0.21585510780530892,SCS
0.05815824248698328,REE
0.6250036783606134,DC4
-0.5852753680387308,BVH
-0.8266425532165758,VPG
0.7121843873873003,APH
-0.8754431118807846,HCM
-1.3916643278945582,YBM
-0.15849138899639054,VHC
-0.2631809384549465,NAF
-0.1725813400156415,FPT
0.5296321212526945,VIX
0.5228934723756504,EVE
0.741605462710443,HTL
-0.43148612124917096,DBT
-0.04955489091463603,CTD
0.9151955450219016,CHP
-0.004178447362447563,D2D
-0.4287631099326764,TDP
0.42151603575658536,DXG
0.5908297728415121,TEG
-0.010032372077994985,PNJ
-2.0884746048676925,PTL
0.009086502229505166,HCD
0.004934028802701639,SCS
-0.1667914858567394,DBD
-0.059019774160538066,GDT
-0.287518718915769,RAL
0.14276506546870193,KOS
-0.4829630930396138,CTS
-0.6889130384041136,VPG
-0.19525070638792819,FIT
-0.6841325238008051,KSB
-0.5345940189255087,VPI
-1.4429920255052817,PTL
1.4748616052544825,HTG
-0.8047486861820471,DSC
-0.0406913853511416,KOS
0.4382137242683247,AGG
-0.48644614695641963,PTL
-0.03442921915365666,HNA
1.183206624426649,NVL
-0.02740840308863427,ADG
0.12022954321668552,LGL
-0.09480461958687707,NT2
1.1200471296377303,QCG
0.633112666608752,TTF
1.3269477339390534,VIP
0.5799826896220809,HVH
-0.038616142255850645,LIX
0.5487117460775541,DHA
-0.49355150861666397,TCH
0.11578380963116237,TNH
0.731272670542303,VPS
-1.1580630850442346,STG
-0.0014287976065902627,YEG
-1.7446562286208007,PMG
0.15854654898423395,CCL
0.11760173722409899,VGC
1.9145582131767966,PLX
0.4602260369514489,OCB
2.414204062000594,TPB
1.1459742220708973,HRC
-0.04007052630584957,SMB
-2.1759200588947136,AAT
-0.27029011889676186,DAT
-0.3320502069848149,YEG
-0.5786997941620237,PTB
0.4824999748236706,SMC
0.3308272139126035,VHC
0.2857251366550839,PVD
2.4997630264266717,TCO
0.12880178986871843,ABT
0.4424966140800747,CMG
0.7500342159148735,CTS
-0.011071580345109812,ADP
-0.11283461925289455,MWG
0.20998730906592575,CTS
1.0439378678155424,CMG
0.5323481166942802,PDR
2.0533093802644222,UIC
0.008078648031764968,ACC
-1.4468613271049018,SAB
-1.147040944392719,LBM
-0.8711116725813036,TTA
0.1694926749234441,FIT
-0.4832017452707677,PGD
3.3141127987500187,HHP
0.02014837469879161,TMT
0.7573198494577865,VHC
-0.44105735664549095,DHC
-0.6359337315627392,TRC
-0.039068905303655886,FPT
-0.17757463577525032,PPC
0.6365654229214873,DBD
-1.8346737413333858,HHP
0.3016606009572474,DC4
-1.0919810513346122,ASM
0.13636669314708436,PLP
-0.5924591370549201,ADS
-1.6240686936149924,DAH
-0.3048199269156792,FCM
2.2657692418001667,TCH
-0.45607142917806803,LBM
-0.1542351904686707,TCT
-2.011937411665967,BRC
-0.24806092822774178,HHP
-0.29290344058006557,VRC
0.38383939290606156,DPM
0.1278694737598216,FIR
-0.5314887017977022,DPG
-1.0558718780164822,VPB
1.1792214284323506,AGR
-0.015585174148734268,NAF
-0.009357836561759423,VSI
0.05468376759962786,NO1
-0.032210660536681514,NHA
-1.295534072962544,DVP
-1.878984511971613,FTS
-0.9282641695235825,THG
0.04256307189322169,IMP
0.42890684608388024,BCG
0.27872244034441457,VCF
-0.3430743172809436,SCR
-0.19541328165085595,VCG
-2.475786854750263,DBC
0.13914639039748644,VNL
0.9514395470546987,VNL
0.05322638814317866,STG
-1.8811120967059254,QCG
0.2440479860991237,NCT
-0.5253116112865961,HMC
-0.2121573149544475,ICT
1.1790610841077216,DSN
-0.3416464698804846,DPM
0.6704628335598487,TMS
1.2583378726718657,SHP
0.8168986891499385,VID
-1.5883741057544079,VFG
1.4865127442173176,CTR
0.14325988738861992,HAR
0.583560156870761,CLC
-0.19233516210838078,PGC
0.27921786598531406,TMT
0.19029534965865263,VNG
0.16963883480796138,GMD
0.5184784886319823,GIL
-2.9903959296099107,PAN
0.7560758718544001,HVN
-2.849577116466681,VNE
0.25887166525778005,MHC
0.0022471575666348073,SMA
0.38762464890852394,HCD
-0.6490868107711546,TTF
-0.24091282478723752,DMC
0.20806689241540202,CTR
-0.18691357526117883,CII
3.0983883664535607,ILB
3.159452169455508,BIC
0.060514552089100775,PIT
-0.215035061997322,GEE
0.030428795898334436,DHM
0.7073046418447225,ACG
-0.12560656463194117,TPC
0.2273972064026013,HAH
-0.11429846233969394,IDI
0.39571647366747936,EVG
0.6888763478211165,HAH
-3.446357747178149,VPI
-1.2433937947696672,ITD
-0.6187772684984161,PNJ
-0.29348065589507455,DCL
-3.5002540186384703,GAS
-0.785305069402593,VRE
-0.5970516685538874,DVP
-0.19889484886246978,KMR
-0.1291274065303031,AAA
0.20361039856678392,DSC
-0.06441775760100873,VID
0.05799596355474321,NCT
2.0813251687026124,FTS
-0.12794778033227905,VDP
3.7717562651688197,GAS
-0.3797746818438032,DRL
0.06498218563453641,KMR
-0.0933890991263537,TCT
-0.15353659740315526,ACL
0.34160791112451955,TDG
0.3814501582552477,SSI
-1.0515247960777725,SFC
0.2382130356596061,TLG
0.18514271338299043,MWG
-2.6182069461174704,FIT
-0.6630722550755055,GMD
-0.43477729460939457,HNA
0.01074755616262742,EVE
0.5724851004488594,DXS
0.46419116309388925,S4A
2.7032222840301516,HVX
0.38581049994636335,AAT
-0.674721163471074,TV2
-0.37043281942253736,BRC
0.00209073858101088,SHI
0.6803832388167003,JVC
1.7549558965206966,QCG
-0.44280323889336537,TV2
-0.11997719699034178,ADS
-2.9931652773001907,PHC
-2.3462275851565138,HCM
1.0188925014901304,TDC
0.14465649421856808,KDC
0.27120267141698007,VPI
-0.00953636976089501,ILB
0.10555427010796806,BMC
-0.2683227610463068,CVT
1.1162074458404392,SHA
-0.5716538840747809,VHC
1.4984955659183057,CDC
0.671842266613656,ITD
1.040381655806789,AST
-1.1607076712956281,PGD
0.7893330361734616,SFI
-0.3642669575536954,TNT
0.6212665976573297,VID
-0.09221073958809553,MSN
-0.011224436964656638,VAB
0.11102380866386559,IMP
0.2702430650825741,VTO
-1.4110202277997415,TIP
2.426865318177156,GAS
1.7725189112848911,VPS
0.3549878484946419,STB
0.03154598345416735,VNE
-1.197818102212945,KHP
1.5387576737357977,KHP
-0.18403674318300578,DHM
-0.397220882573141,VIB
0.20156613437331358,VCB
0.9471865039982174,SBT
-0.4730902240252235,SFI
-1.38963233315514,CRE
0.3456413178451512,VND
-0.3881184443673158,LDG
-0.017617238915926134,VCB
-1.0964501606718489,HVX
-0.7631100733924612,KSB
0.18399247779894604,TDM
-1.3805911116788028,DLG
-0.1415441172708637,HAP
2.9445265832274425,CRC
0.01732707400716979,DRC
-2.3696051275372048,ABS
-0.9598508897315017,SKG
-0.885612968292456,DBT
0.2181434743296905,VTB
1.4933463228054185,HID
-2.4057440795036493,HHS
0.018123257665535648,SVD
-0.4434368549119362,TTF
0.024320860789517625,APG
-0.5079646273255041,LSS
0.01399729444144872,PIT
-0.5145763447108739,KMR
0.18508243563954985,ACL
0.5065752166915123,HVX
0.1877981236739167,UIC
0.12250971183561406,HSG
-0.007542252784980188,VTO
-0.5974017846414948,VSC
-1.6354987507215244,BWE
0.6869200856264144,SBA
-2.240833613150128,CLL
-2.727340864177402,SSI
-0.15080043968914733,LSS
0.1809535076031129,TLH
-0.15220369456348476,DMC
0.5830548009881682,GAS
-0.0014816338040509857,PVT
0.3118814090061931,DPM
-0.0030895986419726996,SJD
0.5718671914740996,PDN
-0.5147479028527655,TCR
0.0814712921128996,VNG
-0.3281063343154928,VCB
-0.14314935842291032,VSH
0.1234747094182031,NAB
-2.3087790719786954,DPG
-1.205468629767468,ACG
0.10929510443767823,DXV
-1.510319119489401,SFG
-0.7291215564043102,VCA
-0.03534322897333731,DIG
1.2932957445527147,PVT
1.5973678425780082,ITC
-0.2685097928093673,HHV
-1.3028841083199094,STB
1.029240425389485,KDC
-0.010032372077994985,PNJ
-0.11732442217446584,KBC
-0.3693285229987078,TYA
-0.2135677025839953,LDG
0.3729676946371183,VPG
-0.30454556829901575,EVE
-0.7771909939588728,ST8
0.13398792478668647,KHG
1.1918331709059595,AGR
1.1052337444227776,HPX
-0.05925870108523933,CDC
0.8983581019553731,SMC
0.30252580615117536,TCB
-0.3259421622812141,IDI
-2.622650317360345,TCO
-0.10934119418658522,GMH
0.5150581993164063,GSP
-0.16880061150809691,ABS
0.5579994576741165,NAB
0.9227003777903781,TVB
0.5735168442579605,VPS
0.02030769272218389,NLG
-1.7855588120370165,NCT
0.015433275483225834,PGC
0.3751720964339311,SCS
0.29882332437610387,BRC
1.967609132399257,VNG
-0.2908747110699827,CTS
-0.6701765436874703,HTI
-0.684382300933677,SBA
0.4956909334489849,SBT
-0.9789050690697102,ITD
0.5358613919081653,VIB
-0.7841756976598613,DCL
-0.46211879640203907,HUB
-0.6551675922651178,SSB
-0.5654531387371698,PC1
0.7826634798842718,HPX
1.0405419762803076,TCR
1.4387995210103548,DTL
0.0362638322978957,SBV
0.10925599521494164,VNM
-1.1152966613148285,SAM
-2.1681367863299226,JVC
0.36224203327006027,AAT
-0.10591702167852278,PPC
-0.20224674960282898,ASM
-1.336869197212546,TNC
-0.7305586775856246,ACL
0.4052081631867932,VPI
-0.7852445441836988,TVT
0.3705971430576662,HAH
-0.28641887630752355,SPM
-2.6772535503261192,TCI
0.16350630026556734,VNE
0.7226646298491924,PGI
-0.3871437342415391,VPH
0.9094496816786093,DHM
1.3085945032104351,PHR
-0.8602781625633253,EVE
0.058308702448407475,HSL
-1.7676420697095523,MCP
-0.015364705103247427,ELC
0.4681509062080389,GEG
0.5192066508446156,DGC
-0.6827319719599132,FCN
-0.8690241810745392,VGC
-1.8746280369603405,BHN
0.018790284058009407,SKG
-0.17857432984246904,CTG
0.13003767963352084,ORS
0.6413772612569673,CTI
-0.18105834756862713,VSI
0.9385565441868873,SRC
0.8728894361694198,JVC
-0.307410085457882,GDT
-0.23514137911832425,DIG
-0.12467506968359005,DAH
0.034231310067192856,OGC
-0.03278322785512887,VPD
0.9412397130482516,BCE
-3.0635356346860876,HAP
0.6197416263850266,PAN
0.5516431271199902,BIC
2.3378037021011715,BHN
1.8959579281481338,DIG
-0.5386167467449176,DCL
-0.2244494712172891,BRC
-2.859203412751984,KDH
0.7038317198000055,ADG
0.4034222457728293,LHG
-0.47713664628605273,TCR
-0.05925870108523933,CDC
-0.011403569795126774,VCF
-0.42488698077116077,PTB
2.51455154074028,NVL
-0.26427105947630325,AAT
-0.5366218698111386,D2D
0.5261632991429313,C47
0.7860144165424849,ELC
0.0029509043181032784,DBT
-0.01860023990550225,FIR
0.00209073858101088,SHI
-0.8391865718468019,YEG
0.7406813220894225,DHC
1.0409633170243116,NHH
0.3821663475788037,SCS
-0.5509354585085312,VSC
0.4531036600895592,TMT
-2.274110787200601,TMT
0.024446818269452077,TLD
0.7866501200354643,SGR
0.17589116061218726,ITD
-0.10382299720306805,D2D
0.38835273608989535,SKG
1.5636698280150574,KOS
-0.5828862921342847,DHC
0.3659168200436944,SBT
0.6024814647306193,TIP
1.2548729144819264,LHG
-1.1764733563374148,TNH
0.8992096586701568,DPM
-0.8091920017360485,CLL
-0.8375830714852492,EIB
-0.4593285868279096,NVL
0.5715678817706119,PDR
-0.33803081240553023,VIP
0.1628541446661493,DSN
-0.2082759849184335,HHP
0.0712462685327498,TDM
-0.9249570257243147,HHP
-0.01935751512280898,VSC
1.5893050541887241,GEG
-2.3025535197862945,DPG
0.5990028952805345,BMC
0.23267478475823708,DHG
-0.07292025705733195,SHP
0.19003125057056988,TNI
-2.541947201660355,GVR
0.008078648031764968,ACC
-0.370205240594597,BMC
0.34784022372422013,LDG
-0.6937738889351366,VJC
1.0239149021642848,TMP
-0.24027674847337968,PPC
0.24430777809832482,TYA
-0.4167350819200201,TVB
0.4491936768794469,MCM
-0.06345626579326227,CHP
-1.777798038351263,ICT
-1.8307894650551597,PNC
-2.071024345445763,CTG
0.013377725558469403,SFI
0.01966832860068962,HRC
-0.1805813079655074,MBB
0.2638036646410474,ELC
-0.48328139857914143,SHA
0.7442366042709118,BRC
0.36355289282790304,DVP
-0.5519509309968167,VNS
0.7698081731141155,DXV
0.04215231697484981,TBC
-1.6720228431044086,STB
0.34697577009382224,CTD
-0.07067838155911797,SC5
-1.012398860931765,PHC
1.0914321632657171,TCI
0.7722603473100969,BCG
-0.47565005990973125,ICT
0.5565272424940876,TMP
0.8736189192297789,CRE
-0.9724825193917283,SAV
-2.254821504713175,HAX
-0.09492753168312151,VCI
-0.3609071385590902,HUB
0.3709704010041371,CLC
-0.1948307684902053,AAT
-0.032466977251594566,HSG
0.20114136839807753,BKG
0.008777466983687194,UIC
0.6985466426228085,TRA
0.2801310250945718,DRC
-2.1037314568786707,LHG
0.4736000330327005,KBC
0.40173805172211285,PPC
-0.36269305177095545,GMH
-0.03651321680886601,FRT
-0.04678776518776394,OGC
0.3449189540608815,SAM
0.38126664205472605,VCB
-0.43211218284825603,SVD
-1.0326365510204403,VFG
0.5864982931422984,SCS
-0.14627200573565377,HT1
0.7780188022639676,LGL
-0.3356616781411532,SZL
0.017275768872348746,TRA
0.8141769599364342,GEG
-1.2344766077259517,CTG
0.20021809846659266,HVX
-1.3714895624298833,TNC
-3.913148337870668,NSC
0.3866625010239431,NSC
-0.16450074085198546,EVG
-0.2966756230293119,MHC
-3.03923195926815,VPB
2.162286057583166,ANV
0.5004301701378217,PTL
-0.8290818641576256,CTR
-0.36385557747113895,ELC
0.5706738058470346,SFI
0.01074755616262742,EVE
0.3442635523407916,DXS
0.3553736315203375,TNT
2.621315922877648,TDM
0.3180892678137293,TLG
-0.14176388665795545,COM
0.14942823348971462,TDG
0.935001026796394,DRC
0.0011892775149193113,SAV
0.08581885415206633,HPG
-0.4244036628388516,TCM
-0.33627957177297574,AAT
0.035675814561297495,HQC
1.4144936174004799,MSB
0.033891742871444946,PGV
0.08167561072803393,ACB
0.4639413392442995,YBM
-2.7201646189551556,HTV
1.4537089236759928,TRA
2.075609597054846,VAB
1.2539300597865715,TBC
-0.40250213584930394,VSH
0.004158505906995598,EVF
-0.2790401008223204,FRT
-0.06345626579326227,CHP
-0.07292025705733195,SHP
-0.11661090040575234,MHC
-0.22973857128997804,VNL
0.4107584415352386,NVL
-0.2228588986505842,VMD
-2.243527548787354,TCO
0.16099951376023575,SAV
0.07662522456058955,AST
-0.2607299350936171,TDG
-0.8898856558401874,PDR
0.1034607082624216,BSR
0.03613302467133759,TCR
0.3263626215139085,ABT
1.118963971184918,DSC
-0.22897459119438507,TBC
0.9459091193706364,TDH
0.17598942001481627,ICT
-1.0319566964461044,AAM
2.663288284456836,ACL
-1.243016102817153,HHV
0.12110974100423591,MSN
0.13875760132185766,GIL
-1.3222923609560793,DRC
0.3692563791239197,OCB
0.8414471064187837,HSG
0.5349569305348826,SVT
0.5078944067110535,HTN
-0.20771152355819064,TCL
0.7044168601169659,VCI
-0.05791626970290606,CKG
1.6157013720694922,DTA
0.3739588345606712,VJC
1.9517920274065614,VMD
-0.8049296824551234,PTC
0.17925561432553108,TCI
0.7896922738458311,HTN
2.7230670359444087,TRC
1.5301804206357028,SJD
0.5381971066591354,VPH
0.19421730921058905,TDM
-1.1133017798150848,MSH
0.08670867961687605,HPG
0.15780024860083056,NNC
0.11305378000265592,DSC
-0.920458030200784,KSB
-0.43250186979233113,VNS
0.6820603670471901,DRC
0.42939365347839176,TCM
-0.10031978404447332,TDG
0.01811243066550267,CIG
1.8086947181279696,HTV
0.33244431398292557,HAG
-0.17942104229240963,DSN
0.38059659596867845,CTR
1.3046337003559911,NTL
3.6829328175602876,DMC
-1.6922190511390547,KHP
0.8042175581097114,FPT
-0.10797037830719224,NKG
-0.9095856549992402,VRE
0.5603027365413192,SVC
-0.10964428945235713,GEE
-0.13961300571845853,ACL
0.268763297587335,LCG
0.16433438639758483,TVB
-0.5168318641414305,ORS
0.3485072242022388,OPC
0.2741011669021209,VTO
-0.1207520132381505,VNG
0.8157457641357696,PDN
0.11023013572876221,PAN
0.02227599319932012,HU1
0.6586494539985265,PVD
-0.34814017287592236,HTI
-0.5445330586292967,VRC
0.06839524545885395,VPG
-0.04066022876370414,SRC
-0.2873543978265674,AAM
1.083190321836961,PVD
0.11424777362700245,AGR
0.1094316256125314,VPI
1.2154998338293423,CTI
0.45378192423197067,FRT
-1.1380607083877945,BTT
0.9195321652117301,VPD
-2.858164017047308,CLC
0.8393789727444199,YEG
-0.8095164621416184,LPB
-0.5469018254272748,FIR
0.4742135910526515,NCT
0.3395839344612031,ORS
-0.0019336602746562672,LM8
0.6456411768676864,TCL
0.5175791789040299,DRH
1.4241799681731813,FMC
0.6852367264585523,GTA
0.6230994659806447,REE
-0.5935372524463229,TLH
1.046479872691709,TDC
0.41514110610792837,PGD
-0.572386900548557,SBT
1.5382198081132135,COM
0.6824488901224748,TNT
-0.04115409732248038,TDM
0.34280978777586707,HAR
0.09705428389641005,DPG
0.8120286250179943,GVR
2.87593913098255,C47
-0.7413332669705642,LIX
1.3882186839791364,CHP
0.9632729860056709,HAG
-2.079699391226215,SRC
0.3333440884323483,DCL
-0.6326197496418878,TVS
-0.8217900078408172,HAX
-0.19561481951872384,PPC
0.22913670060583027,HMC
-2.2320431551961115,MHC
-0.6115845374828234,CHP
-0.2900279820063619,MHC
-2.358914213594528,JVC
-0.4519519335665999,SHB
2.2673488945619535,HSL
-1.0985845045478018,ABS
-1.2057096482081162,OPC
1.2068983886439275,VIX
0.13549720270731455,SGR
-1.3035759048902338,CNG
1.0518958196715067,SSI
-0.05925870108523933,CDC
0.01452195539327564,STG
-0.2462079410381051,DBT
0.04551978002521855,TDG
2.501998976299506,GDT
-1.0163398246637885,HTL
1.1292140243564865,ST8
0.012462185561779658,NO1
-2.6403380752711354,IJC
-0.4199497975978271,CMX
-0.321037445198759,TVS
0.31390115798786555,PDR
-0.0030895986419726996,SJD
0.015640677262310918,GTA
0.12546786971672785,SSB
0.06473843774787251,HII
0.32182104179888915,TCL
-0.25647849503965003,BCG
0.7504075318149716,CIG
0.28666005088553626,ILB
1.5626510901763833,HPX
0.7608875353106237,HAX
0.37501230922255996,DPR
-0.44333581653370346,VHC
0.06839524545885395,VPG
-0.6506027570764645,FCM
-0.1399481610099635,SFI
0.2664079820182278,NNC
0.5961811069812923,RAL
0.317581864322032,DXS
0.9246089054451333,BFC
-0.1810056481749211,LIX
-0.008373754902828255,DHG
0.04232938800590612,AAA
-0.43165238449129567,SFC
1.1395279706653052,EVG
-0.7597677076143406,EVF
0.11191257378653187,VTP
-0.024437552020783782,HTL
-2.0180001851147695,PAC
-0.404597813200575,ACB
0.01154022391128357,GEG
-0.0407975168288407,HCD
1.4670536659649498,BTP
0.009086502229505166,HCD
-0.8084188191778471,VFG
1.2222014053910544,DRC
0.05574791319189526,HVX
-0.0009503050825391499,BVH
-0.07788849324049857,CTR
1.0030526931778487,ICT
-1.4482897634041314,IDI
-0.12635492817861058,LIX
-1.3470312375353288,PIT
0.00209073858101088,SHI
-1.4262819745708777,TCD
0.31758821909546675,VHC
0.0988412977715513,TCH
-0.1735080600975308,HNA
1.561398979967706,BID
0.2844957387479863,SZC
0.1375136659986874,KOS
-0.965415392928176,HVX
0.7211380676769091,APH
0.6193740620304066,SHA
1.464279688193404,TDG
0.0890857378318787,VPD
-0.11071032453733973,TMT
-1.1406274514503654,BCE
0.0051826703712155,CTD
0.2919286169146535,TPB
0.13218757548678764,HUB
1.3122213162250602,HQC
0.02014837469879161,TMT
0.32759526848887666,MWG
0.028813633490521434,VID
-0.006974362964496282,SVT
-0.45161477721254245,MSN
0.321683195970657,CDC
-0.886082790486318,CTF
-0.024699671355255956,YBM
-0.03651321680886601,FRT
-0.06759364726059776,DHC
0.8989197042825376,TLH
-1.9427542150312234,DAT
1.452495968406316,VTO
-0.35432767380606917,DIG
0.9353196659072339,TBC
0.35365374189491894,FMC
-0.2977979396762094,GMD
-1.2796011580744489,TEG
-0.3747085333867709,FRT
0.9472415675154304,VSI
0.8566607626297809,BCG
0.11716102487191841,UIC
1.6731727041530202,HAX
-0.5130932575453874,TTF
0.020018877658195575,KHP
0.21750245595315731,DLG
-0.741367232855409,AGG
0.012160565285822909,TVT
0.02227599319932012,HU1
0.025194249438446836,HHV
-1.7977502526342597,DRH
0.06473843774787251,HII
0.038292022597982894,PDR
-0.5804986325464471,TCI
0.7676034746314527,SFG
-0.17197865489797698,TCB
-0.20415523749566183,SHI
0.7862302395660246,SHA
0.14153092559876398,PTL
3.080376488073658,SHP
-0.027069022218978625,IMP
1.268067358354795,LGL
0.4970248069998826,DBC
2.3879993298209987,SVD
-0.29010240113938807,SVC
-0.4538750182440152,TVS
0.44199162445607704,DCM
-0.4625358244848127,PNJ
0.4467310986349107,NLG
-0.010278857846892493,ICT
-0.41151720465422664,VNM
-0.262785429715276,BMI
0.8878210083370393,BFC
0.81139952831076,KMR
-0.38518723236308944,TCR
0.1840889741990253,POW
-0.19317167231197868,BIC
0.023256748796257352,BMI
0.6116212045462642,SAB
0.5841486984805024,CNG
-0.21116821475593775,CCI
-0.4801704038701308,VPD
0.36842370963341864,BMC
0.320250970222237,TCT
-0.553418865542609,VPB
0.7035071899485293,PLP
0.40091830486101554,PNJ
-0.015329406519705928,ANV
0.9413348291525749,MHC
0.045059397440728816,FCM
0.0021460263351075802,PGD
0.4497029686139582,AGR
1.4574508626326679,NHA
0.6688665675308949,FTS
-2.2849069618903277,HDC
0.5594251154164153,DHC
0.45657549740621767,BSI
0.17875947569614514,PDN
-0.6190173000924992,DGC
0.42871109174678995,DPR
0.5198531242064454,CMX
0.2282335290176631,CMX
0.5205650038250045,SAV
1.2480838289051381,C32
0.23615535070054575,VTO
0.0011892775149193113,SAV
0.5945260320386117,LBM
-2.039355190062873,CIG
0.004558087972000823,ABR
-3.3994323302992333,BCM
-0.2486820433779845,CTI
0.09776573862951572,DSC
1.5974634681258872,YBM
-0.03651321680886601,FRT
-0.4613444022223565,NBB
-1.1075032667185776,OCB
0.5455886688264164,POW
0.44663261022557793,PVT
1.4480729536300438,DSC
-0.5106217254101705,VMD
1.7204974972325948,MWG
0.13072179211748802,TDG
0.024848883416702383,SAB
1.039929673033221,SHA
-0.22446578099116646,D2D
-0.11093155087628112,SCR
0.6409399941883233,HHV
0.40474704850144827,SVT
-1.6968532861841763,BIC
-0.5029117508327444,LHG
0.9318634228651212,PLP
-0.24026525981034716,CSV
-0.42253377863086594,CDC
0.5711489428338391,ELC
-0.40812575375651045,MSH
0.16294446721670147,CSV
0.3813376157410995,AAT
-0.558930793044675,TCD
-0.20580630183286985,BMI
-1.7183970563070274,VAF
0.22359073296989435,VPG
-1.0799351963344093,FIR
1.8975922742898816,CLL
-0.20609597669989824,D2D
0.2554743738178916,BKG
-1.355681189825308,FIR
0.003959303627979109,TPB
-1.582483359969662,COM
-2.4367468342973972,NVL
0.6733911743879487,BBC
-1.1715867661747106,LIX
-0.29486349798518313,SHA
-0.6649538140007955,BMI
-0.3146500259112174,SJD
-1.7819014747071336,ABR
0.5945449596585829,VDS
1.062802883536024,HVN
-2.317839001878476,ASM
-0.3029136931957008,DXG
-1.5659879815973663,PGV
1.161639437142146,ABR
-0.11849579791110668,NAV
0.29726379125404767,ABR
0.17902627669864168,ACL
0.030897458812704198,SRF
0.3262454753693302,LPB
0.6588291337056962,TMS
0.16600531658839635,CSM
0.3225159901999733,CLL
-0.4414053066206416,TN1
0.8921922100382078,GAS
0.034422787801548956,TDH
0.5994054161036954,FCN
-0.18110381292660122,HID
-0.33340057340675616,AGG
1.7953557896332868,TCO
-0.6165358506297209,VJC
0.4638248811990918,DPG
-0.004835036487623733,SSC
-0.04138732705292269,LBM
0.09987866073174939,SGN
0.3573599438762305,TCB
0.9645107841315281,DVP
-0.8150201353248806,LHG
-0.36614193157479225,ILB
0.09660382211357593,DHA
0.32597621742145194,TDC
0.16493117600640683,CIG
-0.7083745292623579,NHT
-0.042279280070659175,TCM
-0.15524548079374523,ACG
-0.10033910876409007,VNG
0.055922246138969324,IMP
0.590569147564658,DHG
0.33828687398222024,PVD
0.9522637763078463,BBC
0.02365177267205379,VCA
0.7675050201628544,AAA
-0.7491345211242476,BAF
0.24534405479349,LPB
-0.14292643501973318,NHH
0.7407872924573521,TCH
0.25643567497575764,HHS
0.37606215882832705,POW
0.013928113503173137,LHG
1.8647131869330598,NHA
0.5491419212498182,DRH
-0.06555102904771645,BCE
-0.4871338570941719,MSH
-1.3800206626048572,LDG
-1.2657395224569523,VIP
-0.5618600543990476,VHC
-0.6829097899358783,HAH
0.13689029610404474,EVF
0.6615669702355603,DSN
-0.11285729132992077,DTA
-0.7221832951978308,YBM
0.2478548265883121,SAB
0.2663237766049342,PVT
0.7542784031557949,TCB
0.24011029080679072,TLH
0.13524934983350165,VCB
-0.2780430964432112,SMC
-0.2848224837132761,ASM
-0.430942332609426,TIP
-0.2764389134671198,DMC
-0.11046400110053668,NVL
0.997904081199206,BCG
0.2101301762410982,HTN
-1.3872537256001172,ST8
-0.010886727105730258,VHM
2.3027067555180074,CSV
-0.5082780385076391,PDN
0.07370299045915378,HAG
-3.1689583634571883,GEE
0.17483050120144475,TVT
1.7302939733022604,VCA
-0.10348113721324882,AGR
-0.1350880739712257,DQC
0.4178681013030661,HU1
-0.5940548219752305,FRT
0.47586227800359054,DRL
0.003164573317012143,VCI
2.598842320710054,LHG
-0.03641071334008456,TNH
0.251989561765384,HPG
-1.1742101354490002,LAF
0.6078629334961717,CTR
1.038696463050835,SJS
0.4165743659455068,DXV
0.46596093780813475,HDC
0.22931102795907873,FIT
0.31041610972843264,DAH
0.07104595239202961,EVG
0.8240733932032831,VIP
-0.9146048716010057,BCG
0.021154017189485747,DRH
0.1674743982834231,VHM
-0.3635900466893757,DCL
-0.3468455041804885,ACG
-0.7502768624003098,GMH
0.11933891801494304,HCD
-0.09884774266244764,SRC
0.196329113987062,VMD
0.6736995703247872,DIG
0.13664355401032496,SAB
0.015255258796785395,HMC
0.27336173325470875,VCG
0.0967988737625181,NBB
-0.2998697097492411,PGD
0.14118401922476073,HAR
-0.15580754588187426,HSG
-1.2112292570061982,DXG
-0.5728292453305098,DQC
0.009963128801333257,PTB
-0.45507409496506757,PAC
-0.6343458685442908,TPB
0.6315247861499086,CTI
-0.6344757540029987,SCS
2.106840558203595,ST8
-0.9510036823144643,TBC
0.39971509779185094,NO1
0.4287174902151729,DXV
1.4032338118111132,VSI
-0.17503972617159663,SBV
-0.010278857846892493,ICT
-0.0030895986419726996,SJD
-0.2597071552180252,NBB
0.17561296674509813,DQC
0.03900506491361488,GMH
0.5309171193732262,KOS
-0.427577422690091,PGC
3.8673458632672553,CTF
0.26044548499500714,BTP
-0.7519312635910523,TCD
0.03797665505513759,STB
-0.402586090156673,VCB
1.9837337095661807,VSI
0.7341378641994953,TPB
-0.14077532155204336,MWG
0.5129225722449617,SVD
0.8490659712926176,SCR
-0.23047702445087304,VHC
2.2534346409598767,IDI
0.217730250666863,KMR
-0.004694580843479522,LAF
-0.57080052892867,MSB
-0.4876700601559087,TNH
0.004158505906995598,EVF
1.1207059010998646,HU1
-0.3751249727837067,SCS
-0.9577503608130801,CTF
-0.4179474449944167,CTD
1.1121290299684188,HDG
1.7274478275755696,STG
-0.0264407812785305,VDP
-0.26660123384367124,TLH
-0.09457073188234412,CTS
-0.8215277151509954,DRH
0.4484603394686341,CTF
0.16442402941419956,SVT
0.3639902193169905,OCB
0.7419837365467521,VFG
0.3036641646106314,TCB
0.3378543848087624,LIX
0.9215130039717903,CSM
0.16493671492769077,NCT
0.7809791349983639,TNT
0.015433275483225834,PGC
-3.510431172192996,ILB
0.48934035899450845,PGV
0.11010875626069093,PVT
0.02622420446581552,PMG
0.8688996051335958,PTB
-0.42421237195077655,HAH
-3.264955078824835,NT2
0.10664832733497533,TDM
-0.34632421074373737,HPG
0.5095140625158534,CNG
0.24890842296823715,MSN
0.08209229288474525,MDG
0.028751384517833874,SJS
-0.6444968764604908,FRT
-2.929098002481049,PHC
-0.38768402479381453,TLD
-0.6741326424364703,SC5
-0.15634681427355965,MWG
0.12639230142319244,DRC
1.3444547940882712,BHN
0.035676689866664224,GDT
0.034422787801548956,TDH
0.9029338206146866,DHM
-0.40809452368669324,BID
1.550144074404324,REE
-0.43934867408253137,EVG
-0.6540749353850162,VIC
0.31542573925137185,TMS
0.017275768872348746,TRA
0.16628047293498635,BHN
-0.1745625825257064,SMB
0.4477068100732444,HAG
-2.6894074521173,CLC
0.03725911110027894,FIR
-0.006222087480280274,MWG
1.6469201147661996,LIX
-0.3980252671528532,TCT
-0.40312160860456925,HAX
2.381313245960427,NBB
0.19764790109923303,DCM
-0.0010929923421224704,NT2
0.38655156294933113,FIR
-0.030520048324752653,RAL
0.21668249145192067,AAA
-0.317433677419175,FMC
-0.7079184575920652,VSI
-0.0456585965760148,GMH
0.00209073858101088,SHI
2.8422470683024854,PHC
0.015075088486803464,DCL
0.16814899051350155,LHG
0.1501904131391439,NLG
-2.9132090155706547,DRL
-0.23991508441255247,HTI
-0.5790655512329133,MSN
-1.7722447860913735,VPH
1.6242504467524908,DAT
0.017470414537389668,DAT
0.1008579383823355,SCS
1.1337698543603076,BFC
-0.15101410975154653,ILB
-0.055997062722480694,UIC
1.3625091489845118,SJD
-0.3086203800602732,NSC
-0.1493226206743774,MWG
-0.5977051513685836,THG
-0.16166392637526106,HCD
-0.04138732705292269,LBM
0.20740912146121687,MCM
0.0022471575666348073,SMA
0.014036268184765917,RAL
-1.3690243141461198,MHC
0.5712660081674661,VMD
-0.45554992486917584,TRC
1.541619215075557,VNM
-0.030829265911083176,VIC
0.03609131443961166,LGL
-0.00262911211976307,DPG
-0.5744224781644346,CDC
-2.015725412470749,PGD
-0.5427654146417321,CTF
-0.5010217433138552,EVF
-1.4796030086322318,TCO
-0.4613988516952166,CTD
0.031048946261416795,SCR
0.1650535204657145,C47
0.7886201113297503,FRT
1.5406458935539795,HRC
-0.739198033298347,HU1
1.460805010384703,HHS
-2.5787861349653083,TEG
-1.6261577447731443,NAV
0.2587513789003269,GVR
0.08634797532676669,HPX
0.2218913628799891,DTL
-0.16483217468096847,HSL
-0.004178447362447563,D2D
0.1543279776261677,CTR
-1.2374891804465176,VCA
0.06411104339345472,CTS
0.5837813016758319,MBB
1.544603345766625,CCL
-0.12179790582926822,TRA
-0.8446159337849161,ASP
0.9758164731735772,SSI
-0.5970969931114744,SSC
0.31359115498524415,TTF
0.18663919981098567,SHP
-0.5200813827401072,PVP
-0.984408341397782,NT2
-0.043900548160177646,DBD
-3.0948300412407947,UIC
-0.49140461439491145,TVS
0.01645569009551116,HAS
1.2956482772779212,EVE
-0.9819034886984103,NLG
0.1942178550381107,VSC
-0.14188604712518044,BWE
0.5720841824294298,HHS
0.42286702050694885,DPR
1.0279369948577959,NTL
-1.051230475639698,PTL
-0.2264996110665013,DLG
-1.710836716771514,VAF
0.9205660223644357,CLC
-0.3002262175393034,VNE
0.18224642865260293,GTA
-0.27394487452343497,DQC
0.03613302467133759,TCR
1.7124377859680513,PDN
-2.9169766580549368,GEG
-1.3941358487716151,DXV
0.09913739645107379,BIC
-2.765206165383227,PAC
0.015672944538421517,DC4
0.6214653641621591,POW
0.36485045230306534,CTS
-0.3136345550604093,AAT
-0.9658640689490926,HPG
0.7486887250161139,VFG
-0.5373415248157778,GTA
0.2612230244300146,FTS
-1.308996382918467,ITD
-0.1483661628466935,CTF
-0.4355576115708233,MSB
-0.48631144080342936,TCL
-0.19463784848946328,OCB
-0.3539116569643095,NT2
0.044831101166661544,DBC
0.3845659111140699,DBT
1.2529496516731602,IJC
-0.5303652482639536,MSH
0.728400014982929,VNL
-1.3137338990100507,NT2
-0.014537026827334171,VNS
0.1398279814743007,ABS
1.053361834895627,HUB
-1.8396148138952484,TDG
-0.7050092607595978,FMC
0.12769019807656073,VNM
1.611651558574659,SZC
-0.47418767958138375,DXS
0.7220543849426733,HVN
-0.7355738952263685,HHV
0.003164573317012143,VCI
-2.306538380186063,BSI
-0.2284184693036918,HDG
0.3499530684900751,NT2
0.38596162449228216,AAA
0.13711938688364575,DSC
2.0387859568805364,HVH
-0.08210252036587626,AGR
-2.0731008796007515,TCD
-0.29356319738662773,NTL
1.6322813022736995,HAH
0.47470365982129165,DSN
0.22317939456519192,CIG
2.663327146373685,SAM
-0.09236358518835203,KHG
0.3517182331928524,VPG
0.021263913029223785,SSB
0.017192709580587395,ACL
0.12578392547245412,ADS
-0.342928667646442,BSR
0.47619942403552457,TTA
-0.9445124236175261,MSH
1.8947237319484007,AAA
-0.5138851112789945,AAA
0.2865113721086778,SSI
-0.3059595699229439,FTS
-1.02284316691894,CMX
-1.6225322325504583,HU1
1.226351368071096,SVD
-0.20312007699758414,DHA
1.0843967371910912,CKG
0.1514507067340002,VMD
-0.11163064167534237,ST8
-0.5043249182362077,VCI
0.5244849813179104,SAV
-0.4116585480380352,ORS
-0.48242963473860195,TCH
-0.09408024914091723,DHM
0.5773430995779905,UIC
-0.004694580843479522,LAF
0.7119646980999419,CII
0.22784775409634042,NAB
-0.30967519661198806,ASM
0.18204854363125506,CNG
0.6612051161593915,BWE
0.24493567788700152,VPS
-1.5862218522486462,VRE
0.07840882513968753,ASM
-0.6348668601182225,BSR
0.6045440582252389,BMC
-0.12333833853282639,EIB
0.1471136476640495,TBC
0.09397521992056691,TLH
-1.9729532170301323,CCI
-0.6782871969051683,NKG
-2.4069189556194743,DGW
0.16042372751023704,STB
-0.011224436964656638,VAB
0.6555453487764464,SBA
-0.22032321774183328,PDR
0.40138658338570093,CMV
0.16227593352337005,IJC
0.647422670613823,CII
7.811246830181047e-05,ITD
2.2315695169089427,SHB
2.1228143010850173,ST8
-4.220584690683557,TDM
0.1815025900488343,TCL
-1.6288101910398332,COM
-0.06241946678386607,HID
1.9526870872753435,VRC
-0.8603876778664674,BFC
-1.2171394687440393,YEG
-0.17114195895111178,C32
-0.754335641295557,BRC
-0.04220018171487552,DVP
0.024320860789517625,APG
-0.6557311703298793,SJD
0.28902603188381304,GTA
0.022876160959303934,AAM
0.1872282154875997,POW
-0.0045751588509370545,SBT
-0.10740592905790049,DHA
-1.0478545333648466,FMC
0.3368915254569882,SZC
0.03942839082399665,NHH
-0.5064343969967301,BFC
-0.13446943782824372,ICT
0.11092866899509614,HDB
-0.5162912153468432,LIX
2.3820082961180673,KSB
1.4773143984961628,NBB
0.9111960666985329,GMD
-0.5769353345468327,VND
-1.136440878677303,ICT
-0.004716289416680875,VIB
0.8409271647495421,CIG
-0.1972637823745243,SRF
1.071539235821433,DRL
1.533504174187612,VRC
-0.42608145872918013,PGC
1.004935448405493,NVL
-0.22963928689314433,CHP
0.515945041617244,KBC
0.25604484328414073,KDH
-0.8916175823841566,SKG
-1.286235336019129,VHM
-1.7150183003085469,CTR
-0.6870537994970802,IMP
-0.19130031212130771,HID
-0.02141062148425133,HVN
1.5525478769193193,YEG
0.4093685927939218,HTG
-1.5296778058591975,DHG
-0.5712179544697898,PET
-0.020444028634569948,VPI
-0.40503883933579626,VSH
0.2978559523049123,HCM
-0.3110558734179711,POW
-0.10015380811485684,GMD
2.0067481675720034,TRC
0.8058998261051783,NO1
-2.4218160306825958,SVT
0.4494415412124265,GDT
-0.21169880311988887,AST
0.0007264038441690482,BRC
-0.895831878462207,DGC
-1.2446814681682958,DPG
0.012160565285822909,TVT
-0.43977334018866915,SCS
2.2637801134852356,DGW
0.5609934964866388,BCG
3.4128119948414217,SHA
0.21759554982152945,ACB
-0.015329406519705928,ANV
-0.07047255916712536,DGC
1.663925684495287,HTV
-0.01343741566151019,DRL
1.502965185714416,TMP
-0.0014287976065902627,YEG
2.888727597417215,HVX
-0.7251918036664563,OCB
0.057645725020512364,DTL
-2.4402354944972693,NBB
1.4852198826431608,ACL
0.0021460263351075802,PGD
-0.45197467954973175,EVF
0.5146875953977286,TDM
-1.218616865968383,HSL
1.2200751460437247,VIX
-0.22344538626394458,KOS
-2.360491562509376,VNL
1.3916463823604812,GEG
-0.004864726025937184,MCP
-0.37494039645599836,NVL
-1.6120479528018083,TLG
0.12744464281155318,PVP
-0.009804542526258004,NAV
-0.2405702675924372,OCB
-2.7850008798063444,HAX
1.1684968005207599,GDT
0.48914883796705383,VIB
-0.028599439991756733,ACB
-0.17839595786335893,LIX
-0.28956397800564193,KHP
-1.0608097066386364,CII
-0.406396351063945,TCH
-1.0551267493857792,HID
-0.9583915725458484,SHA
-0.3040303995733294,NTL
1.1583785270831333,HII
0.14128462199924266,EVF
-0.9073015447768943,SBT
0.022876160959303934,AAM
-0.4977053596881491,CNG
0.012274989498509439,SC5
-2.0503292335631955,KDH
0.25908320832126785,KDH
-0.7655406477468628,KHP
0.5865424029498949,ASG
-0.9520628429451818,HVN
0.19576922114824447,VNE
-0.38176099203251185,IJC
0.11758444757803448,DBD
1.5762407922591744,GEX
0.45126154849358907,PTB
0.00866844301216053,CSM
0.9845948450834662,SMB
-0.09303982403752126,BMC
-1.025878084873333,STG
-0.06955197398966761,VCG
0.30279780251525973,TNT
-0.7777149470582451,SKG
-1.9407592047024405,DIG
-3.3067218154230265,KMR
-0.1482687055411007,VFG
-0.5475637997175725,VNM
0.023379809947080592,DGC
-0.06755295412593003,PTB
-0.01574428151394302,CLL
0.12041147101028013,DSC
0.6705568355833655,PDR
0.3032964028218114,BMC
1.158834953619597,KHG
-0.25465441659502225,IJC
-0.47096266324404656,QCG
-0.8462280566760401,TTA
-1.0330694212088978,DRH
0.07531297190797703,TLG
-2.8248201228623975,AAM
-0.10842998124528075,PDR
-0.3703663792254001,VTO
0.5138972588077456,QCG
-0.28015946427349087,VPI
0.15451733840126375,STB
0.30982174765091974,NVL
0.5208125341414251,SGT
-0.5738110807903471,MBB
0.24286488864673964,BCM
0.21061087719021993,AAT
1.640641698009156,MBB
-0.0784822900514976,HTL
0.6012422670299314,VSC
0.6416395487760178,VCG
0.8065502648099445,GEE
-0.21532116903428425,ICT
-0.03933480556416933,TVB
0.7331768392481217,IJC
0.041690769470247226,HAR
0.134862701340151,ORS
-1.1948129620310164,VPH
-0.0264407812785305,VDP
-0.46987008828475363,VNS
0.6865768705383821,LCG
0.8025117228886235,AST
-0.3422472220392518,PNJ
0.6205391418343865,KDH
2.404160661880848,AGR
-0.12252831441637281,PHR
0.472549221360785,DHA
-0.0705767831402022,MHC
0.12201496130091634,GVR
1.1095895743667585,OCB
0.3230562425019636,ASP
0.16491950967274152,SAB
1.3694887243603067,GAS
0.39143156184620975,BMC
0.21448491684030196,TYA
-0.5613881748568823,VND
-0.09130918166521022,SHA
-0.02800770061945341,REE
0.1653313024274473,TYA
-0.11732032077560607,SFI
0.018347376058329236,SGT
-0.5596217181311852,DIG
0.11639658307289459,BCM
-0.014418223887514183,STG
-0.09178970240025484,EVG
0.3516082219506473,DC4
-0.39817071453202174,RAL
0.39929150645243433,ACB
-1.0817784691572825,VCF
0.16660116922071538,HRC
-2.18399346337148,DXG
0.06513358264892448,FMC
-0.9148355531608071,VSC
-0.16247352951875704,CSM
-0.14246104666258103,ASP
-0.812995073564653,VND
-0.348757433035243,HAS
-0.20523620300443032,MIG
-1.4825906190842413,HRC
-0.13232965161691393,STG
-2.4529149695051387,BRC
1.4276555108130908,STG
-3.7093407972748302,CTF
1.474036862844082,MDG
-0.957988656739677,GSP
-0.007402523705726499,OPC
-0.9584443339251324,VCI
-0.8718941081891968,LPB
-0.7890855502701233,LBM
0.548047504553471,TLG
0.3810619953044411,SIP
1.3841383310295057,SCS
-1.515556862221137,DLG
1.756260633712345,HCM
-0.3190855019844399,VTO
-0.692506936477215,LHG
-0.10619437165879408,TLG
0.7114846220961873,HAX
0.30072689628702926,NNC
-0.028599439991756733,ACB
-0.006222087480280274,MWG
0.03724311386447903,PTC
0.11889462770253802,DXG
-0.55208834210954,CMV
0.6139534005431161,SJD
-0.04187536631449742,DPG
1.0736916390888118,DIG
-2.4123603211419726,ITC
-0.5295454160020575,SJS
-0.8482957961956464,CCL
-0.01574428151394302,CLL
-0.29486130032785596,SFC
-0.17725289186912674,ITD
2.4757725966146955,KHG
0.8997515609740536,CCL
0.02227599319932012,HU1
-1.9536751304262467,VDS
-0.9184617918528033,VIX
-0.5376565739538456,SAB
0.5599985713926549,DRH
0.4168281906937075,BTP
-0.015585174148734268,NAF
0.04928699074251836,TLH
-0.35215399659929353,NHH
0.5833493294111127,VRC
-0.9377989554982289,VNG
0.2357098502384151,C32
0.3768222489771623,CMV
3.0127087867841427,BMP
-0.2688373705576088,DRC
0.6348214196635937,ADS
1.5396266091872994,TCM
-0.24896205501605934,PPC
-1.2414896564618356,VSI
0.36208734099305245,HAP
0.8503665789446451,DCM
0.19271077249089552,VOS
-0.07292025705733195,SHP
1.315229322667669,ASP
-0.1408755874895108,CRE
-0.10410970492903521,CLL
-1.9309113713505648,VSI
-0.2606671730282817,MBB
0.4082561873333571,DGW
-1.2846672806806345,CTD
1.070359352215919,TNH
-0.13268532998607846,TIX
0.9852514363388633,SAM
-0.23403945800794185,HHP
0.3622440957673595,CRE
0.017192709580587395,ACL
0.639770871207095,NT2
-0.5072008657871093,VIP
-0.34721761666855144,VCA
2.4715221075857565,FRT
-0.5103809208391684,ACC
-0.027579454080557238,SFG
0.5316768903852802,SCR
2.171137768655964,TIP
-0.01075329575248783,CNG
0.7316347176659264,BSR
0.2586652312820889,TCH
-0.3517900872320377,DGC
0.07311963436950734,KDH
-0.7666528730858153,MSN
0.7198594338772022,TTA
0.20779138213625215,HDG
-0.48672077398361224,TAL
0.04992746001927374,DHG
-0.5496956550292627,POW
-0.0406913853511416,KOS
-0.3602307483972647,HTI
-1.0884214860649661,PVT
-2.4198085289535345,VCI
0.14461497081854563,NBB
-0.0019336602746562672,LM8
2.8403775269611216,VPB
0.811476995095022,HVX
0.020086310615538713,NVT
0.020086310615538713,NVT
0.04523473927360492,DQC
-0.2773975695270718,MWG
-3.1616596973988136,MSH
-0.27649850622784056,CTR
-0.01004722454884453,CTF
-0.3614154638422514,CRE
-1.0219819953526086,VPD
-0.7792113181585995,APG
-0.023989096304515546,VNL
-0.10487663423850059,HVH
-0.0019336602746562672,LM8
-2.7769771359399824,SSB
0.27396591212879007,OPC
3.357594814504052,CTG
1.420925956375895,TBC
-0.03322188461333938,TTF
-0.06957486519103803,KDH
-0.3584755074894417,CLC
-0.7894625388057159,BAF
-0.26933623085031605,TLH
2.00049121344981,DAH
-0.5937394013249714,TLG
1.3953109057215851,GDT
-0.677107526327511,ORS
-1.0549729115802073,AST
-2.996903951004111,PHC
0.03295587734738822,GIL
1.5725703760455538,HU1
0.639975113256561,PAN
2.432912511077869,BMC
2.859713855592566,TNH
-0.6130024151848288,DBD
0.8340503825312909,CIG
0.7190087910317813,HTN
0.508519617871089,PAC
-0.4110324451479705,TNI
0.5146112297381761,DPG
0.43002156149119697,NBB
1.21398248720493,DCL
1.530953816048582,VDP
0.8534504514113039,ILB
-0.6666174744564339,AAT
-0.09370464348522393,MHC
0.011830004151621692,CTI
0.17599152644802277,FPT
0.258196331757897,ACG
-0.16067472468386695,KDC
-0.061933240836096075,DQC
0.5014067249630492,SMB
1.3398164922305797,GIL
1.0949463003982642,NKG
2.2026857843761527,DHM
0.014475379580521927,VNM
-0.9213828870625399,CNG
2.3650062699499093,AGR
0.060137806083324634,HCD
0.2301731753725289,COM
0.1339921647112932,AGR
-0.0877125218839095,DQC
0.03942839082399665,NHH
-0.3773621869899835,CMG
0.0021460263351075802,PGD
0.6718440662045448,NAV
-0.4154757502314308,SSB
-0.11747658809969468,PGD
-0.3893176337443499,LPB
-1.251634049881352,CIG
-0.009419720709676867,HSL
-0.04833838511297621,CTD
-1.650037711433488,ABS
-0.26570550925680303,CRE
-0.7357103770102205,VCI
1.1464799155000118,NHT
-0.34718935907724735,LBM
-2.4568512275431402,TCH
0.40605589841626083,NHA
-0.8026654948554346,MBB
2.021504691648222,PTC
-0.3185835829698279,PGI
-0.06403364020511565,HCM
-0.5579557975048592,TCL
0.944942349366225,TNH
0.5144572739264647,GVR
0.22812267731994354,CNG
0.14922492706249235,HTL
0.5288887519484518,VHC
3.060961608385115,LIX
-0.2749642465648423,VPB
-1.2787806889416047,BMC
0.28383229382887776,JVC
0.6815356298259059,ORS
-0.020682664548655548,AST
-0.008373754902828255,DHG
0.36463051410451447,TNI
2.5549741774695125,SSI
0.03706341576841501,C32
0.8156655502690892,PDR
-0.7165381596319668,SBA
0.3580376195515499,NBB
0.6845115601980281,MIG
1.0777180266097506,CNG
0.0021460263351075802,PGD
-0.06641175090205642,PLX
0.16166854806099779,VHC
0.18534575451928412,VPD
-0.8941319696736827,HTI
-0.895224322662232,DSC
0.32068972419526826,VCF
1.975023069352694,VND
-0.33106513210602573,DHA
-0.6826152282174891,PGI
-0.17901206892494848,MDG
0.20208815051052265,RAL
0.3227060266743413,TMS
0.022876160959303934,AAM
2.5678598597254334,LBM
2.227269240636817,BBC
-0.7469214209435545,ITC
0.027748198218996534,ANV
-0.10522430345771319,MHC
-0.9947683644849564,SAB
0.20071468933312483,DSN
-0.9459430243278683,AGG
-0.1426251133563972,CSV
-0.44833904139058833,BAF
-0.732707710131562,TMT
2.550859244712882,TCB
0.3387791158680454,DSN
-2.1821702311835733,DGW
-0.4998264322039698,PVP
-0.3507906874926496,ITD
-1.6688789350574431,TCR
-3.47806790416364,TPB
-0.5919527251166106,SAB
-0.22183306588457732,VCI
-1.7312890887321102,DBT
-0.25900515849249917,VPH
2.919396775552759,DSN
-0.1524963349568432,VSH
-0.33301597496067753,VCB
-0.03278322785512887,VPD
-0.5335907243665913,SGR
-0.11729151739446633,BHN
-0.04115409732248038,TDM
1.6311411455545477,VAF
0.0612574714025042,HID
0.17656021481037798,SJS
0.025286651832193426,SPM
-0.7184892833305985,GSP
0.04417694607843194,ADS
-0.25353342257984346,SKG
-0.02942988354474802,KMR
1.5222490824985617,HU1
-0.05125928113849877,TEG
-0.008373754902828255,DHG
-0.236044172526847,SAB
0.40112363606915113,OGC
-0.24667554311827622,HAP
1.5400972021520822,VOS
-0.13896633375466205,GTA
-0.010032372077994985,PNJ
-2.25916559353846,TDH
1.806272967015519,HT1
-0.549823488658164,TCI
1.9905291483922358,CIG
-0.21701384947647578,HU1
2.1667657660279964,SRF
-0.2649779589937405,BID
0.293701941786326,LHG
-2.768955632914547,BRC
-0.5794998604446411,QCG
-0.6048962448788846,VHC
0.03953862011854572,TVB
-0.38338028966412946,SJS
1.3199009775594255,TNC
0.05170224232768506,ASP
-0.8756199033906238,TVB
0.034482932483054084,DIG
-1.2643883804431555,HCD
0.3002627084210846,TTF
-0.0009503050825391499,BVH
0.03725911110027894,FIR
-0.020444028634569948,VPI
-3.245592495424788,HII
0.5044600409364122,NHA
0.21272614358207056,SGR
0.03154598345416735,VNE
-1.5600703820731538,TLD
-1.739322481729301,SMA
-0.11564713810386394,PDR
-0.4815197360967136,CLL
0.9796297075658746,CLL
-0.05405462361082554,HHS
0.018790284058009407,SKG
-0.1671578302093753,SHB
-0.9165338527284242,PLX
4.421718089456442,CHP
-0.302778511344276,BCM
0.5894395345763171,ELC
0.7847654267392493,TYA
-1.4378716787982944,PTC
-0.7744891982199691,GEE
-0.056158247636737595,HVH
-0.10514173383700812,HCD
-0.011224436964656638,VAB
-1.4423195447456327,MDG
1.2720800956991742,ICT
0.5638398894617566,TEG
1.024215358575411,HVH
0.07542523167444937,NSC
0.0865800577875478,PTC
0.01802350198367512,POW
0.8789234695220739,SRC
-0.01659875065797871,THG
1.867649715681704,HAR
3.155055143559582,NSC
-0.11245293630390525,PVT
0.17496564026166536,TCD
0.4660610832411516,VIB
0.35095772917162327,VHC
0.08280743415203567,ILB
0.00209073858101088,SHI
2.235443292374071,HHS
2.2027781844029883,TDC
0.713766503957552,SSI
0.01399729444144872,PIT
0.19926134821784935,AST
-1.3866420374304633,HVX
-0.281808721591134,CRE
-0.6851043906578143,CIG
-0.2549875352668301,VSC
-0.9345751544177185,DHC
0.9795312260902307,NVL
0.3469391037912558,VRC
0.2646059076443601,POW
0.48987950592520557,SMB
0.20394258516490696,SFG
-0.7274692345859821,SGR
-1.0312860256268592,TCO
0.031048946261416795,SCR
0.003030631788115741,SGN
0.11362143867427846,DGW
0.9713177878372925,PGD
0.04422408295220057,SVC
-0.8181941027231062,TMT
-0.11202555857099808,SAM
0.3835670759880139,ICT
0.7284207063013841,VTB
2.903909752342992,STK
0.11435103590517177,NT2
-0.7972011041762788,POW
-0.04220018171487552,DVP
-0.05753703420961733,HAP
-0.287741465243356,VGC
0.01154022391128357,GEG
0.5872598591967462,SIP
0.11736609252322969,SAV
1.6214877277482111,EVE
0.413737187614402,DGW
-4.159831844459811,VPD
-0.41760777046897174,HMC
0.4608241587677438,HAP
0.5115573584517709,NHH
0.11256767896564748,VCI
1.3020290901442002,SVC
-0.04138732705292269,LBM
0.04232938800590612,AAA
0.791096897281728,COM
-0.2127277576659691,SVD
1.2884099583303226,BCE
0.03490476373496119,BHN
-0.508038884110588,HNA
-1.0027648057502256,DRC
-0.648599954444802,DSN
-0.2067460200631871,ST8
2.620880725981378,VHC
1.1455546522305828,EVG
0.4956357215562265,CTD
-0.21139441866779854,HII
-2.9857091008128527,VIP
-3.6752768322993385,MSB
-0.4581729173683328,HTN
-1.6952244247651846,ACG
-1.5296312620319867,DRL
1.0538815555177412,FRT
0.0022471575666348073,SMA
-0.5389724950396845,TEG
0.14795659499965402,HUB
-0.2446957695840488,HVN
1.510978101239742,MBB
1.3345583504870284,TTF
0.04545669419330155,ASG
0.21008210243320477,PDR
0.259969967107225,CDC
1.5703562479477946,NAV
0.55181987593179,REE
-0.011062049762442155,SBG
-0.7868229214188117,GEX
0.015433275483225834,PGC
-0.8897121521574675,SHB
0.015255258796785395,HMC
-1.1454318113250834,HMC
0.9344704517450029,ABS
-1.362680215303808,VSI
1.1457631084932949,FTS
-0.9386126152270795,VIX
2.4018875549047563,CRE
0.003164573317012143,VCI
-1.3797749746360708,GDT
-0.06635791735072984,GEE
0.015756027169093047,CII
0.2779654282939954,SMC
-0.05209227830080504,PDN
0.10716377015793198,DXG
-0.15339858961065791,TDG
-0.1125052069421462,BHN
-0.1720211520463203,DXG
-0.22533152070414114,RAL
2.225089110630524,VNG
-0.07227572205626392,SAM
-0.8994817410857263,VCG
0.017192709580587395,ACL
-0.6381715359901124,SSB
0.8906146335771534,NHA
0.01802350198367512,POW
2.3265871682049295,HAR
0.7007886151249871,PLP
-2.646215906512629,ELC
0.2930632623573147,VNS
0.0021460263351075802,PGD
-0.020682664548655548,AST
0.3973693572000853,TCL
-0.3451072837509185,CSM
0.47168702279395675,SGN
-0.1822018129498598,STG
0.03500211899421181,LBM
-1.1599494933242014,HRC
1.9870756718806264,ACB
-0.5916582192862153,DPG
-0.27127883476807685,VNM
-1.0251511566434104,BRC
0.07950303418375576,C47
0.489467468785999,PVP
0.9601331768769817,TMS
0.16351004044731327,NT2
-1.867395827867491,FRT
0.32336009562929946,TVB
-0.30924934406094945,MSH
0.1672343195153218,HDG
0.2716026765061035,DPM
0.11932257069214287,SMC
0.218359513687205,VGC
0.05992582587156502,CIG
-0.3784383599887972,GDT
-0.21206278980856208,BCE
0.11636268199453373,VTP
0.6818607281299913,STB
-0.4031827569344779,HSL
-0.04115409732248038,TDM
-1.416978748601732,TCH
0.6152752021128075,HAX
-0.4293482114004556,DCM
-0.26211838768181933,SCR
-0.6976269642264127,C47
1.6789922167051368,LCG
1.4753999911445053,VPI
-0.2415753701244434,BKG
-0.212643069297128,HVH
0.3464885642102282,BFC
-0.6054688092710969,PGV
-0.0406913853511416,KOS
-1.4100023685143372,TTA
0.5831082998584831,SMA
-0.035739001128254747,BAF
0.020644082801921166,LCG
-1.1749015305330244,CNG
-0.5322520980858801,BFC
0.3411508048312505,SRC
0.26187958682389184,ITC
2.3049109049781658,VDP
-0.191797324109149,KSB
-0.4288903301049316,PTL
0.003164573317012143,VCI
-0.85684910168834,SCS
-0.8875275321917047,VNE
0.34514574189143127,VNL
1.6664560991317026,MCP
-0.9113896496988168,HTI
-0.04138732705292269,LBM
-1.2087113873443975,FCM
-1.3133250081275685,SAM
0.4432654477413254,DTA
-1.3479357952458673,HRC
0.4317851192684695,TDM
0.9270324128695375,CNG
-0.06917579009143429,VID
1.5988781894749302,TV2
1.070916152607735,DRL
-0.17452466661843205,TCR
0.03030330793480399,DGC
0.6258928551842112,SC5
-0.37445634978299164,CMV
-1.3148402950831246,SPM
-0.5969122054134953,VTP
0.16480762796483886,TSC
0.44581925228846575,LCG
-0.2517086655443224,TPB
-0.24734497279440804,FRT
0.33537168669984163,TMT
-0.3914801330632634,VIC
0.10052705026627398,NBB
2.706706471687364,SGT
-0.42276101822167234,NSC
1.4640980605485299,DAT
0.01399729444144872,PIT
-0.1415544735275659,SAB
-0.868330384536454,ABT
0.6047781365120959,FCN
-0.04066022876370414,SRC
-0.000200210842177191,PJT
-0.8054751915572125,TLD
0.025194249438446836,HHV
0.035675814561297495,HQC
1.0338934034195437,TPB
0.48090543392332386,PHC
-1.7665852265211368,DXV
-2.143980854130891,TCD
0.032702393867099826,TCT
0.1737374230788959,TCO
2.218762906026155,DHC
-0.17898855869357225,HHS
-0.8831572824623208,EVF
-0.47913882980735445,MHC
-0.2508453639207182,APH
0.9937839993978045,BRC
0.1929884187307874,YEG
-0.011224436964656638,VAB
0.3546598169124926,PC1
0.2905739054079298,BID
1.3386914041477738,BVH
0.3465274855288283,ADG
-0.6770771415598013,TRC
-2.771353698686889,SGT
-0.4733337280998421,MCM
0.013928113503173137,LHG
2.513127092556717,SBT
0.1418000244207864,BSR
0.791096218881469,BCG
0.8507077182555031,PHC
-0.37881866423211696,VIP
-0.009357836561759423,VSI
-0.0511164380435777,ASP
0.8239278938075794,CTR
2.0924877877270185,HHP
0.02084168342773609,TNI
-0.3324759719754977,DRL
0.0021460263351075802,PGD
1.9808747884648286,CIG
-0.4069135576644005,BMC
0.2805947438866307,TN1
0.004603278282364844,KDH
2.64693395038083,PVT
0.020018877658195575,KHP
2.561460201311325,BHN
1.2145042523463223,KSB
-2.236270454974145,SCR
-1.2072394958482828,VTP
0.6300192206107637,DAT
0.1956609348982594,ACL
-0.05521149234921085,CLC
-0.0264407812785305,VDP
1.2120143375890882,VNM
0.02144605611736599,DXS
-1.8034994760970233,EVG
-0.1739147157501058,SMB
-0.43581824036530553,TDH
0.05170224232768506,ASP
0.5160827888187578,PHR
1.1618018901677798,VID
0.24342107491206857,VRE
-1.6489938273043312,HAS
0.5972742434726165,DSN
-0.5225999099088486,PDR
-1.5214154552434926,NAB
-0.23719953005836839,SHP
0.015255258796785395,HMC
-0.6314134294988735,DVP
1.6270901479600541,SFI
-0.44422451669538526,CDC
-0.20645514648373206,LAF
1.3789982303044475,HAG
-0.0030895986419726996,SJD
-0.4969361158865434,VRE
-0.3769877698192949,HMC
0.22346620703433145,VPB
0.6366616142325094,TDG
0.9988520359886837,DLG
-0.3941884798799094,VGC
-0.48279514120273637,ABS
0.5771070643207197,NVL
1.512994054983933,BTP
0.1372453415157865,GIL
0.4135473030485796,HAX
-1.6397435515383434,POW
0.12525014288237185,SAB
0.4226053461390823,TMT
0.2213539217648884,PHC
1.5357374247079147,SZL
-1.0627850324874843,HDC
-0.011224436964656638,VAB
0.024740980322053182,TIP
-0.24611181162140133,DHM
0.26552595898664394,VPS
0.8218798209152102,CCI
-2.2613024778759523,DPG
-0.12329579675667368,TCD
-1.6181829186401726,COM
-0.40936641098032067,LSS
-0.11318582099128821,YBM
0.3185719682918855,MSH
-2.9566348750599514,TRC
0.05574791319189526,HVX
-0.00032934254271416673,DBC
-1.7945551198875107,HTL
0.7253470542606518,SCR
0.5905487379583005,HAP
-0.8115218205172761,SAV
-1.1396575140138514,LDG
-0.004716289416680875,VIB
0.13715887643598682,SFC
-1.2687044351603256,BCE
-0.2036487962135095,LBM
-0.5419367356982407,SGR
0.02622420446581552,PMG
-0.1652231916866029,DBD
-0.38721235483794025,BMC
-0.3716677975731274,NLG
0.015672944538421517,DC4
0.1612789129381834,TSC
-0.268100652140584,SIP
0.35731755947836147,VPG
0.2934762737973992,VID
0.1932133198576718,BRC
1.674799452723344,VPG
0.08675598062566366,MHC
-1.3926999063181742,TCR
-1.740523153864771,VRC
0.738245021524233,REE
-0.903682254026405,TBC
0.0021460263351075802,PGD
-1.0770237438979056,BKG
-0.27500138633530424,TIP
-0.3109983794589408,BMI
-0.24508380351634013,EVF
0.8912435718106436,SIP
1.2945161602772122,COM
-1.5546530396131917,MDG
0.5769096138243927,SGR
-0.6584400123597637,HAG
-0.0019336602746562672,LM8
-0.4524487284495655,VNM
0.2158475760649491,VNS
1.8638956608779063,NHA
0.39018631924090824,CCL
-2.2630150030555964,MHC
0.5093601641830713,TCH
0.5387313358902761,HPG
-0.016731769693568224,DMC
-1.784299907752809,TPB
-0.14059803937532817,REE
-0.7406161712071081,DRL
2.1634929748163767,NBB
-0.22218001180643243,SBA
0.3234654196316824,DQC
-0.5280843909040888,ACB
0.14087863825940541,BCG
-0.6922293025768165,LDG
0.35940745657904644,TDC
0.16449261800884835,S4A
-0.44567774945840993,TCB
-1.4438398570357907,SAM
0.314913411191042,TCH
-0.20221523282378664,NVT
0.486416674463122,DSN
-0.17127378464486717,KDC
-0.0009499257658802867,KDC
-0.29290269409767533,SFI
0.9212300463503786,VHC
-0.06555828830391978,NHH
-0.608511140800002,TNH
0.10882199530731437,DRL
0.3498199232421833,VAF
0.1601061051838291,SHA
0.4787456884590573,HHV
0.20393176014086373,VPB
-1.4836968652538536,DPM
0.9458480247380318,BHN
0.28246137681834116,VTP
-0.29848583419041796,VIC
2.0848546242172272,GDT
0.11017327158604419,SIP
0.711208749289659,BHN
-0.4450424282008468,TV2
0.00209073858101088,SHI
0.4749119682440064,HDC
0.05909975057017358,TSC
-1.308942838420988,CNG
1.9880854270345547,ST8
0.4420398465351817,TCL
0.08908649016105998,ACB
-0.42476348120380214,ACG
0.22505584132724377,CTF
-0.024036413028313063,VIX
0.011163059555882546,SZC
0.3075387368679432,VRC
-0.8679315912741746,LGL
0.06473843774787251,HII
0.2150119726714615,FPT
2.1162102858230827,VOS
-2.4971772947554713,YBM
-2.6426263965009302,TTF
1.2858522834450172,PVT
0.7752073041644099,VGC
-0.33799269812378985,NVL
-0.2310874694936877,DBT
0.13013090620982323,BMI
-0.274979733850387,SMC
0.08637648786135341,BCE
0.492417244595002,YEG
-0.15608442108295034,ACC
-0.21208189764421953,NAV
1.2518843198014025,HDG
-2.4037943483530873,TNI
-1.3385664675855797,SSI
-0.10510110985022504,NSC
0.0007264038441690482,BRC
0.3959397552509295,BID
0.3785749214501013,BSI
-0.0045751588509370545,SBT
0.017275768872348746,TRA
-2.373832600424525,TTF
-0.03278322785512887,VPD
0.5969474779743345,PVT
0.005240834888945813,QCG
-0.014124100804867113,TLG
-0.5292165334324481,CMV
-0.2199561413455307,PLX
-0.5501837141741088,SJS
-0.7484108116581651,BSI
-0.4446768569631349,TMT
0.07653940883900986,MSH
1.2580881246726743,NAB
0.12732584998623941,VCF
-0.2859859170271732,TCH
0.032702393867099826,TCT
-0.3608082584367098,VND
0.071221194722421,DSC
2.34339877858314,TBC
-0.4821319250106739,VHM
0.009713457624341842,JVC
-0.016948990932799834,TTF
1.3245113100804684,SZC
0.015640677262310918,GTA
0.20307053394124705,FTS
1.502874573351242,VPH
0.12517218080041992,BID
-0.5585383014574936,DGW
-0.7148525750079502,CII
1.0227630447810034,CTS
-0.22170171221851856,LGL
0.27915296579769966,NAV
-0.8714682121580477,TDH
-2.6245582428668777,VTP
-0.08877681040652864,STB
0.7678658821764334,NAB
0.42970849269786837,PLX
0.40551157978843194,POW
-0.1511810928178212,TVS
0.03154598345416735,VNE
0.47009266482761164,C47
0.1543925910086663,MCM
-0.4962338438719385,KDC
0.04523473927360492,DQC
-0.05925870108523933,CDC
2.989391043196582,DPR
1.6701746459053168,DAT
-0.5250656962485389,DRC
-0.3204541063362981,VHM
-0.07810686355532467,VMD
-0.1861169911690338,SSB
2.79555210115491,PHR
0.8461155692798932,TLG
2.115006632059567,EVG
0.6524295556936806,C32
-1.6179277402048757,NO1
-0.39260055972065183,GSP
0.06498218563453641,KMR
1.8815824718297902,VGC
-1.1734124937233987,SHB
0.8841776507605804,HSG
-0.21202377245865073,TSC
0.6216301799697606,YBM
-1.815775566448813,SZL
-0.116877148725544,CVT
0.08337794300287789,KBC
1.677403270437662,VRC
-1.0649957231981588,STK
-0.2937865337651559,SSB
2.364923008243208,LCG
2.1472514463767802,AAA
-0.5733425617460659,MBB
-1.3760602377904518,VPS
0.15744866707513608,CMG
0.2071087256412848,ADS
0.6030591975806775,POW
0.5353955565084266,ABS
-0.2282053129952002,EIB
-0.6325824266871442,CTF
1.2952999040898285,TMS
-0.008094871487904687,TCL
-1.926821071887705,PTB
-0.6997737575996814,BCM
-2.2322565678928017,FCN
0.017470414537389668,DAT
0.5221214960813744,NLG
-2.4075972243251202,DHA
0.734005006010426,CLL
-0.38041754677090617,DXV
-0.5165662365193242,EVF
-2.086441393599275,SRF
1.0932933640135012,RAL
-0.6637165882329584,ILB
0.2418052852744909,TMP
0.0059863585895343855,FRT
-1.0070941967000722,TCB
0.045059397440728816,FCM
0.13018070364924936,SSB
1.58898105782883,TYA
-1.067332173725126,KBC
4.3643892057150815,SGN
0.8297385234910353,APH
0.16647978728417182,EVG
-0.38514131495214876,PGD
-0.3064831615602615,VOS
-0.9228404074557274,TTA
1.155086057497701,CSV
0.24595008927246267,AAM
0.013465116801354671,CMV
-0.43373967773894445,PGV
0.034665017933939175,TNT
-1.1976419905693385,ICT
0.4562863820367802,VRC
-0.2420079332608641,VMD
-0.033864304394823054,ASP
-3.5937556114522047,D2D
-0.47831761358069796,SSI
-0.16254980714414424,EVE
0.008777466983687194,UIC
0.27622218637011786,DTL
0.17729302106231218,LSS
-1.1746757716906069,BIC
-0.6125263366668111,MBB
-0.2679837937485042,ADP
-1.6939570905146204,VPS
0.26538979099703613,SRF
0.2016643101296321,VID
0.6497738435260169,DRC
0.06715384011419694,AAT
-0.5172092491179219,NAF
-0.17351976318767143,VIX
-0.04294927728495271,ABT
0.04422408295220057,SVC
1.0113442142731461,PGD
-0.17072106365192258,CTG
1.3094966903896357,NT2
-0.13036955529398733,VGC
0.32623670424788925,CTR
0.3311184894096786,C47
-0.6488304817458723,TCO
-0.07773766258646078,ASM
0.601333620776634,TRC
-0.2431758434866669,PC1
1.7069940161967123,VCF
0.035675814561297495,HQC
1.2758010123956187,ACC
-1.2183978658894512,EVF
0.45833531356387125,VIB
0.41555349122150875,VTO
0.9576990313039595,VCA
-1.4892625174744951,TCM
0.03956661659568135,SHA
-1.5639386381012095,VNG
0.9916046921869405,VRE
1.256893396299615,TCM
-0.3418179613531199,CCL
0.037422354942959875,TDM
-0.1333729099946496,VTO
-2.3943871009908713,VND
-0.30876830029664487,BMI
-0.026582931680090422,PTC
0.9486136601719509,BSI
-0.41606783409214326,ASM
0.012160565285822909,TVT
0.04748254600777315,VPS
-0.2825229802934818,HCD
-0.03442921915365666,HNA
0.003175982886676942,MIG
-1.0698507382111493,ANV
0.2137024720697999,CRC
0.017470414537389668,DAT
0.2673146397485694,TCI
0.775628478035189,NT2
0.28934509443438505,VPG
-3.6516392718342856,TDM
-0.3942515137389921,DCL
0.2537744415450194,DGW
0.5105329201722127,BIC
0.09387380531140106,PHR
1.051883897804135,PAC
0.6768746916256693,HVX
-2.5289702037129174,VCG
1.0864411902986244,SBA
0.00866844301216053,CSM
1.0790761486356883,DCM
-0.023440289354174852,GMD
-0.9490174443260274,VIX
0.3478067175110576,VIX
-0.3285088788969717,VIC
-0.2950198412050279,DTA
-0.8922268370418345,KMR
1.1559715396110963,ORS
-0.19807938249022528,APH
0.1533176695640008,HAG
-0.11791820074199137,KDH
-0.2236685465122148,DPG
-0.4559183578885805,CRC
1.0918760653392574,DBC
-0.11672695626130677,FIT
0.6911379759010564,MSB
-0.4219577223935902,DAH
0.1050282372050394,MSH
0.7634969601008773,ST8
-0.5368579724541873,TLH
0.3260099855211352,ACB
0.019727751281224896,SFG
-1.2581486101603931,CSM
2.367059770295222,TNI
-0.052036829625188796,PTC
-0.4448428547573133,SGR
-0.015585174148734268,NAF
-0.5307221327951818,DTL
-0.0005338033022496504,TVB
0.09816396828526693,BSI
1.1842144783396227,ANV
-1.250494244865451,PNJ
-0.7693858639674334,DBC
-0.19232615388922075,DBT
-2.666231784105899,TTF
0.04351715425313511,PNC
1.0284481063301745,VPG
0.5833981723857736,FCM
-1.6546470310441617,KHG
2.1953490902499793,TNT
-2.3010490658269336,HAG
-0.13280711095403575,LGL
-2.0951550169164395,CIG
0.034422787801548956,TDH
-0.06762350004785816,HRC
-0.06454663660848134,DPM
0.069185036559933,EVG
0.46712537679490507,VHC
-0.35116393156557685,TCI
-1.9297800932085498,C32
-0.16617658426355356,KSB
0.053741083117376756,CCI
0.41244649529813543,SHA
-1.227330302367081,REE
0.2684755823136964,VHC
-0.7724621517710716,ASP
-0.38206752286897333,TV2
0.43021018321873183,ACB
-0.6134005129933623,SSC
-0.0035793402573823466,DSN
-0.33101905990306474,TDH
0.023256748796257352,BMI
0.07572269820454633,DRH
0.7406148787756461,RAL
-2.2108504267761346,HVH
-0.8244691614074445,SVT
-0.19878497753272842,HCD
0.06278655931273572,CTS
-0.45343689372584933,ELC
-0.12421914349268878,LCG
-0.7949213408980803,JVC
0.04545669419330155,ASG
0.2879206047105553,TNT
-0.362915712980725,SSI
0.132993916327804,FIT
-0.18803647787369634,HSL
2.0302466466213045,HHP
0.4136439797965129,DCL
-1.3086676967229873,EIB
0.0029636586061703393,HPG
-0.07292025705733195,SHP
0.8163419870266786,DPM
0.015756027169093047,CII
-1.957909015613639,CNG
-0.12317226301907216,DSC
0.1662445626542277,PDN
0.3177372365124926,CRE
0.15215304989659814,MSH
-0.23545285270361183,NAF
0.03609131443961166,LGL
-0.862084599039705,CRC
-1.4685643278230323,ADP
-0.05181852740688471,VNE
0.07797773283396513,SCR
-0.15516458725078125,EVE
0.21263679840370917,OCB
-0.5741841341693446,SVC
-1.9391992353203078,DRL
0.22366460875853755,MSB
0.22880340979909305,VPI
0.4524820037753808,HDC
-0.1924686010917346,CMX
0.015433275483225834,PGC
-1.824343352361719,VRC
-0.16612106898865495,SMC
-0.6864525211941513,DXV
-1.1113272968841892,NKG
-0.09574914414628313,LAF
-0.843771131212417,TCL
-3.3104012828211933,HPG
-2.825422414457035,TBC
-1.0261938732351297,GEX
0.24801344027461383,SBV
1.0725140262320978,BIC
-3.630928950932039,PVP
-0.11130311763789451,HHV
-0.22726229993016825,PVT
0.4217057855545583,VCA
0.003959303627979109,TPB
-0.2746497883906593,DHA
-0.12753562860000717,VSC
-0.6799370673305004,GSP
-0.002536527193645212,HCM
0.04503576612743704,PLP
-0.162453454573227,LCG
-0.04386165855295459,HTI
-0.8825415648496469,HPX
-0.13430869433420078,KDH
1.1228269998833151,NTL
0.01459725152390297,FMC
2.703901528940542,MBB
0.4174030724042465,IJC
-0.48320127218822473,VAB
0.6679855065406511,EVF
0.5716847622728435,KDC
0.6976486244321701,TDH
-0.037357118456821985,CVT
-0.4172939144586825,HTN
0.08942394477752569,CMX
-0.011224436964656638,VAB
-0.6760611081339765,BSR
-1.2776724757132913,PTB
0.05713088350188965,EIB
0.5815168095137339,VCG
-0.01635406979690992,ASM
0.0021460263351075802,PGD
0.137401203893809,HCM
0.358531905341165,TTF
0.7305938530503773,HTV
0.18406684370295118,PVD
0.0053002998141508054,VPS
0.01645569009551116,HAS
0.16399299372133885,DPR
2.4830406880732365,HVN
-0.006848030183802705,DHA
-0.04138732705292269,LBM
0.3593875866927942,HPX
0.7950588305275037,TIP
0.2216795932956864,SZC
0.005916506007162316,BMC
-0.9281190370917374,KDC
-0.5812261976711883,SHP
-1.573598285523489,SFG
-0.8349836862246107,VSH
0.1587688170603878,KBC
0.037449764337897366,PPC
2.6451384075909563,VHC
1.0490582640820854,HT1
0.013098078317394157,ST8
-2.3931057329684715,ITC
-0.8602164650113944,CTS
-0.8861168915958965,VAF
-0.4673993900285031,TCR
0.004934028802701639,SCS
-0.0009499257658802867,KDC
-0.21027844758037523,LGL
0.21405642277120493,EIB
-0.2817176975725841,DMC
0.16823059869450147,HAP
-0.7914004145253707,DQC
0.3624322381557295,SAB
-0.3012442561746892,HHS
0.3562062363408283,UIC
0.08251781232960173,PVD
0.6758742004101852,HTV
0.00209073858101088,SHI
0.046413996914984386,LPB
0.19720755586889244,TDC
0.5499225959289517,BFC
-1.1223817463813168,HDB
-0.35926049489120565,VOS
0.012160565285822909,TVT
-0.1140938361550937,D2D
-0.6229607151256129,GMH
0.32512329482440583,TDC
-1.4970161999665392,DHG
-0.16589826429648305,BCE
0.1506015078733258,TVS
-0.10638914313372426,YEG
-1.961250027477985,DXS
-1.1006435696825752,TRA
-1.9593331717500195,AAA
0.0022471575666348073,SMA
0.3708751574048442,HUB
-0.3008283708158967,CNG
-0.7941029899652559,ORS
-0.024751085154507194,TMP
-1.4806789848770525,VTP
0.01074755616262742,EVE
-1.9413020022349858,STG
-0.5457177403266732,QCG
0.1224036990576851,PVP
0.9152913413243822,MDG
0.028813633490521434,VID
0.09939519257441469,NTL
-2.029475957511599,DSN
-0.06345626579326227,CHP
-0.07663101035530719,SVD
0.6478098018400225,QCG
-1.4854034274880765,CNG
0.4323897492931289,PHC
-0.8174515967618818,GMH
0.5449211308896178,PIT
0.0011892775149193113,SAV
0.014846674365648113,PAN
0.1585910643295092,TLD
0.19312109139225606,BKG
-0.6373585544529152,AST
0.04232938800590612,AAA
0.24860597795993317,TSC
-0.314280172355748,PAN
2.4181557026703766,VCG
-0.34444247237584297,CKG
2.544917571217903,FIT
0.034482932483054084,DIG
-3.5922902493603415,TCB
1.5066839585859813,TNH
0.36920854865574204,APG
1.0323161614184435,DHA
1.014386243225712,NAV
0.12754615334858566,TAL
2.5215129884481438,HAX
-0.014450023382583742,KHG
-0.11079549519079285,BVH
-0.05716416741008722,TRA
0.015756027169093047,CII
-0.05353289048215843,STK
-0.22099130695295452,IMP
0.19024397660972278,TMT
2.325184896361745,FIT
0.3639954778551283,DQC
0.7576996839317058,VOS
-1.1592226325014372,TVB
-0.1487330401917676,VRC
-0.5444829765608619,HHV
2.49070274889871,SRF
-0.003618052175033325,PGI
-0.05738666349454167,CKG
-2.833007696242533,VIP
0.06400996068653314,VCB
0.5850345452695643,KSB
2.9527277263136718,VTB
0.0029509043181032784,DBT
0.2346496087274105,ELC
-1.5444570099259602,VCG
0.34758142774633616,BMI
0.14232307204644615,KBC
0.4807428269089675,DCM
-0.4374912891290268,ICT
0.8677005364549353,DPG
0.542060476532123,HT1
0.5484971424030056,SHB
0.10424894177853479,PTB
-1.679295905014228,KHG
0.37553782511163686,ITC
0.5915904268060587,TCM
0.0216565996698444,TCM
0.6182065140116284,GVR
-0.2495638244973796,JVC
-0.35442313732996517,DHA
-0.18301014158769555,MSB
-0.8958729389111415,VPB
-0.12892317121787963,TDM
-0.7112624547011356,AGG
-2.1547898427087095,HCM
-1.1885519957527928,DLG
-0.5203499697694298,CRE
0.9566723383372642,ABS
0.01367363242547087,SRC
-0.4608009353319099,IDI
-0.2182259440739734,TEG
0.0517550963407102,PAC
-0.9149188766429645,HCD
0.2742354858844963,VCB
-0.06302524622132802,NBB
-2.3616391807334645,VPH
-3.2570942709158914,SBT
0.21171580030203538,MHC
0.24024944375918691,DCL
0.8218668805276684,TTA
-0.11678133821492871,VDP
0.6616021922358136,LBM
0.1456075485549075,MIG
1.5907818158439297,BTP
-0.13973087627429845,HAG
0.30647329239052756,PVD
0.8669367989433554,BCG
1.2338105150020244,ST8
-0.019337463463892632,VTP
0.01399729444144872,PIT
-0.3809146878315124,TSC
-0.01574428151394302,CLL
-0.725820312849631,PTB
-0.06129770957679323,TDG
0.7207022060339273,GIL
-2.244537676159208,CTS
1.726424532272738,CRE
-0.31077892261505186,PTL
-0.6283192272108518,SJD
0.003959303627979109,TPB
0.14611586916543398,KOS
1.267508664216359,TRA
-0.11867168955552976,ADG
-0.9694192715044125,VSH
0.10432890923067781,ACB
-0.6561457922835856,DQC
-0.14520070803765936,VTO
-0.23525572557606503,SGN
2.1289474360779126,ANV
-0.9585420188215306,DVP
0.2810441992868219,PHC
-0.13804681619553302,GIL
0.8243325379781008,SBV
-0.21961041035238998,BSR
1.9976315511827638,PVT
0.007956082369144593,HUB
-2.357501571088018,ANV
-0.018855740652630272,HPX
0.1170311898847204,HTG
-2.5489812354069112,HCD
0.002173252341008279,SFC
-0.6840938585018232,PTB
0.7223273334923277,D2D
-2.616185524100875,TLH
0.48767522433753957,SJD
-0.9807793094397554,TV2
-0.8875094422420446,BMP
0.10432204815907183,DPR
0.028112285754165734,TN1
1.3607881888838629,KMR
-0.39267600153871707,BWE
0.49906921267035637,BHN
0.8029674912926831,VIP
0.030428795898334436,DHM
0.6712467333450017,NAV
-1.1357861031305958,KHG
-0.06969614815747352,TNH
-0.09879433668425454,ELC
-0.697426296482862,VHC
-3.50688010208457,REE
0.11276202391770691,OPC
-0.5603370041937994,HTL
-0.04613334019022306,NCT
-0.6103437917620823,CTS
-0.7282345557484229,KHP
0.02693047649189948,GMD
0.031048946261416795,SCR
-0.6737823886399776,VRC
0.766446396282175,DVP
-1.3581828424895723,VHC
-0.8792434060536852,PLX
1.1737057431170528,BSR
0.3403355919200211,SKG
-0.024751085154507194,TMP
-0.49850843202861095,PC1
0.00866844301216053,CSM
-0.0031815465942741,PNC
-0.06288797353518355,VTO
-1.0247941944253318,VTP
0.47280033283442585,DVP
1.6384811742795582,QCG
2.704462601308037,PGI
0.11053503611981916,HDB
-0.29763526167703835,PIT
0.12182898070918706,VIX
0.1050622490191085,NAF
-0.05327510503321574,VTO
-1.6905680746177132,MHC
-0.12354272141957644,CTR
-0.12614487531372845,FCN
-1.3442853260302194,HTN
-0.7186958419701349,CSM
0.5883609335785438,CTD
0.14110278950664193,TPB
0.14049050828434095,APG
0.1796796912858818,EVE
0.9808870473919974,FCN
3.644062742104032,TBC
0.8340335834779116,NKG
1.057342800451835,KMR
-0.322944737638935,VIC
-0.0406913853511416,KOS
-0.06627793313079398,PNJ
0.24785116965046627,HDG
-0.09427428511779883,CTS
0.737599645113414,MWG
-1.0217320550003193,HRC
-3.3723577656239314,TCB
-0.168117153066214,KDC
-0.7302766358870916,DSN
-2.7459907297406803,DAH
0.4943579561548675,MBB
0.2684982135513404,TVT
0.14847221486312218,BMC
-0.028103648655934402,DGW
-0.052245210170128724,DAH
2.288252381345018,HSL
-0.1870975476977571,ABR
-0.019670185250356347,LDG
0.0216565996698444,TCM
0.27181775223399424,MCM
-0.5666980872435009,PAC
-0.07292025705733195,SHP
0.8549927278464317,DCM
-2.8368658554090884,SGT
0.8574341647388338,PVP
0.16954700522635335,HNA
-0.027069022218978625,IMP
-0.23998512503124939,SBV
-0.6296764635580564,REE
-0.2889847225987861,CSM
0.042084220477162246,HVH
-0.05862286141747338,KDH
0.2239050505296264,AAM
-1.7630645684596111,NVT
1.2114831655591445,TNT
-0.00262911211976307,DPG
0.0858928973899156,S4A
-0.15767155064675695,C32
-0.09369964090012664,PGV
-0.14608360268879417,LSS
0.012462185561779658,NO1
0.15084852134085142,DAH
-0.1273118823375391,DRL
0.4325299768038006,DBT
0.1577959770291371,TEG
0.24119368867477217,SGT
-0.4648659193120179,DGC
0.45493307364440283,PTC
-0.24744283134689546,LCG
-4.157032906501146,VPD
0.8216711388544339,HAH
-0.03651321680886601,FRT
0.3175055797459542,GEG
-3.187973992993992,NAF
0.27364470502527083,NT2
-1.1117315870887123,MDG
-0.8934345476814506,GEG
-0.3124207203874691,ACL
0.02648727116462291,DXV
-0.6525415545976178,SHB
2.1738175171516403,NAB
-0.07523271746993866,VDP
-1.9474593910895832,JVC
-0.040003774254101336,VSH
-1.212182335463241,NBB
-0.21600300227216884,TNT
0.12614764138505064,PVP
-0.000200210842177191,PJT
-1.5213822786062046,ABT
0.07555955142703175,VDS
0.1345798237610717,AAA
-0.01803149338245371,HHS
-0.24633411021308368,DTA
0.024740980322053182,TIP
0.004603278282364844,KDH
-1.0773991803835516,LPB
0.24615204157700415,GDT
-1.353226401464313,CSM
-2.078387802477438,VNG
1.2602710562807131,SZL
0.008078648031764968,ACC
-0.207608393148527,HUB
-0.9663588370034357,TYA
-0.5058858598559723,TPC
-0.031063740388250632,CTR
0.1780851308954281,ABS
-0.00524231739177125,NTL
-0.18134549039910516,ABS
0.021011504725503907,AGG
-0.40835388868772793,VCF
-2.438871983450771,HPX
-1.144647206550772,DHC
-0.2726034830116966,CTR
0.8279230227121962,CKG
0.14260817431681788,LCG
-0.010023420587186551,PAC
-0.7346576869169447,VNM
1.4216650231399008,SSC
0.5067457201065937,BID
1.302484286621147,TNI
-2.1434843880953003,TNT
0.06679816132690745,CTD
-1.5264541779716707,CLC
0.07113793829330498,TCD
1.5985185112316727,NSC
0.10128725394080079,TDP
-0.5746035912360234,MCM
1.2203923695339167,GIL
0.03724311386447903,PTC
-0.21806595860567204,SHB
1.7595487346725667,VND
0.63467135047907,CLL
0.031877776436495295,BCE
-2.9341111900996166,AAA
0.023256748796257352,BMI
-0.48373305516348053,SMA
1.1323145525346965,VNM
-0.0039068908842595125,TPC
0.7445198830479687,LPB
-0.8885724053229531,CNG
1.2452640249357354,DAT
-0.15156733318996926,THG
-0.41877668492960296,TBC
-1.3601026186072862,PTB
1.2239024645704994,TDM
-0.10818032528544269,DPR
0.552051471542456,DRC
-0.27417413656400336,PHR
-0.6486854148089608,NBB
-1.5287447131750214,NNC
0.06148056740132437,ST8
2.9034939228112786,HTG
-0.029943820258303912,CIG
0.2629338656457138,DRC
0.4567875252925154,LGL
0.3515592105912283,HSG
0.27282495674142865,VCF
-1.0020688613835484,VPB
0.740432834623074,HAG
-1.755400185004061,HAS
0.06498218563453641,KMR
0.8818367333898609,TCM
1.6438285540416466,BMC
-1.9759192061466708,NHA
-0.07322413275424573,PMG
-0.7363754199480668,HCM
-0.01343741566151019,DRL
-0.09259991630448507,SZL
0.10968687493516197,DRL
2.000257548166101,DXS
0.3642905616719788,PLX
-1.6712236376438596,OCB
-0.7766295222782089,NTL
-0.004385846804446878,DSC
-0.7873760363015043,SAV
-2.371993066647089,IMP
1.6797177890564647,BID
-0.5413535952391072,TCO
-0.17233773106835812,HVN
0.28813169735417093,THG
0.8899204036179689,VTP
0.2213525523158465,DBT
0.7615263390517412,BKG
-0.5022717221980115,YBM
-0.3192448363280205,ITC
-0.9232733881033233,TNI
0.16644263041537177,CCL
0.5915028415219844,ACG
-0.16891200884761062,HHS
-0.2757707700855113,VTP
-0.8746254869700694,BMP
1.2036477038765863,ASP
-0.9989319010332456,TTA
-0.12614460640976763,IJC
-2.868502277532784,PLP
-0.6068764745467689,IDI
0.02144605611736599,DXS
-0.07761789314091037,PC1
1.763251184174287,TCI
0.19272368145272892,PAN
-0.8817699624763863,NTL
-1.8983685986955228,SSI
-0.49139445746272586,DGC
-1.8383454717339074,OPC
-0.17505009757097634,GDT
-0.4264452914283778,LDG
0.1694473628864003,PNJ
-0.3722069107289544,MWG
0.09071144762924592,SZL
0.23855712258578915,HU1
1.2802267410271915,MIG
-0.6072409852301085,YEG
-1.2966211432434005,VNM
1.1111149244599958,KBC
0.46151430165636165,LAF
-1.5398342803528577,SGN
2.302727199146763,ASG
0.717392468192958,NVT
-1.4937674191455337,PAC
-1.6054684019720216,SGT
0.5471320569669007,DGW
-0.0264407812785305,VDP
0.36947356586283164,TVB
0.6960038829661728,CTG
-0.7722438587923701,ELC
-2.5277997177074116,ADG
0.5314316576455542,CHP
0.1715640614050653,LHG
0.6319404657047814,VHM
-2.043630695041752,YEG
-0.8333978548159889,C47
-0.35890423896574775,HUB
-0.3994849078918412,ASG
0.021011504725503907,AGG
-0.004864726025937184,MCP
1.271625259743377,SVD
0.04545669419330155,ASG
0.14837677304372676,CLC
-0.26699230310643834,CHP
0.728996005239952,TCI
-0.04138732705292269,LBM
0.10104578154531069,TMT
-0.1890397358660138,FCM
0.11279817116728798,BCM
-0.17609227326459426,NVL
-1.3634738084127191,IMP
-0.3677691567157419,CNG
0.09623612702643074,CRE
-1.5960741933277947,PMG
0.1127323729090613,DBD
-0.9931193393003652,HSG
0.40697364498703953,GVR
-0.22328012678872505,D2D
-3.06639461163633,FIR
-0.685727890947593,DRC
0.009208852275549986,TMS
2.4410614011186413,BFC
-0.30937414187542756,SJD
-0.2253322314606645,CTR
-0.12905419334213536,BMC
-0.8484304733818357,PNJ
0.4644297354068439,BSR
0.6877360871536982,SAB
0.052236574810680426,HTN
0.5359854561061828,CMG
0.31109465533174663,SKG
-0.44612964783690995,HT1
-0.4601457284475141,BMC
-0.440363041196784,SBA
-0.015923654036465455,ADG
1.1130267344977944,VIP
0.2381913259434815,CMX
1.0439980060343883,VCG
-0.5900865992469264,NVL
0.8192486428193606,TVT
-0.35952621284859554,BAF
-0.4097607991639293,SRC
-0.2851888712624572,DXV
1.030541505508537,VCI
0.012160565285822909,TVT
0.8522313390775919,HID
-0.06093917580301142,HCM
-0.5082681211126864,YBM
-0.638852031896731,PVD
0.19351638063081386,DRL
-0.08344694696853666,VDS
-0.7516620735946303,MCM
-0.004835036487623733,SSC
0.44770087383496965,VIX
0.05696456816313875,PNJ
2.143482473409216,TDH
-0.017501190276330913,CCL
2.4776886650507253,HVN
-1.3205532237348825,DTL
-0.057449413342202174,SRF
0.12195139180685372,TRC
-1.3675007201373992,TRA
0.8617599217807361,TPB
0.28850701414969787,LGL
1.0370701452828557,CTI
2.9343204282392175,KHP
-0.24029923884137197,TMS
0.823744406143382,BVH
0.8810354010738956,KDH
0.0029509043181032784,DBT
0.00866844301216053,CSM
0.21560025458193574,QCG
-0.06844663231760863,TVS
-1.3332876186819933,VCF
0.24698677886720374,UIC
0.1018218868830057,C47
0.01853429594566506,ITC
1.1187298504086554,KOS
1.0164663537140948,TEG
1.444586728777551,PPC
-0.7835580143163747,NBB
-0.28532820487555205,VHM
-0.24458718693511197,TDC
-0.379133453385135,RAL
-1.4501006851006528,LSS
-0.10258245328255959,TLG
0.2156537119722879,SBV
0.5161632199626979,VPH
-0.44909252784134646,MIG
0.2095137134556315,VCI
-0.1539020728613609,NO1
0.19472958290334055,CTI
-1.9595276295775743,PJT
-0.7840275832199414,DHG
-0.17457020214744337,TDH
-0.5014689861567958,ITD
-0.6009423117590981,TCH
-0.9949736189127878,NNC
1.803148916511924,DHC
-0.6741316263493151,DSC
0.4798751535473063,NVL
0.22959621347331477,TDH
-0.3699676832497641,BCE
-1.1028672975606975,HDC
-1.2089720565334732,TTF
0.7749490149502635,VDS
-0.4718897298012009,VIC
-0.024699671355255956,YBM
-1.364478374380029,PDN
0.5931730477814282,SZC
-0.5849130204776862,VFG
0.6635251244576787,MWG
-2.5395925751394026,VPG
-0.8947289265303907,TPB
-1.1825871936146604,CSV
-0.0045751588509370545,SBT
0.42908874448970474,FCM
-1.4703857382741439,HDB
2.278517975271509,NAV
-2.7461077198476307,SJS
0.24785786121827802,EVF
-0.2223905828438044,SAB
-0.9447056432195989,BCG
-0.10859422319519363,BBC
0.9361955004899373,HDG
0.08251703028465204,ABS
0.9690257844046555,GVR
-0.08838966141382815,BMI
1.7810342006102111,DPR
1.7412600924622303,SFC
0.7087153759938806,FCM
-0.03286802537023715,PHC
1.7054588324804911,PC1
-0.040058370989178776,ASP
0.15452055275617688,TN1
-0.7655008100036443,OCB
-0.2333577043045418,CTI
1.0495668386202222,CIG
0.014475379580521927,VNM
-0.1952152498363548,AGG
-0.1763778569007843,BIC
2.0667974725279965,DTA
0.17394715006287237,TSC
-0.06855040094021765,DPR
-0.29152867889486334,OPC
-0.13764121017100425,FMC
0.14396604604125995,PLX
-0.7750394092717896,SVD
2.9840691533194157,SBT
-0.07511218987017038,FCM
-0.05688053959735339,SBA
-0.04007052630584957,SMB
-2.301755814656632,SBG
-0.3992905273915009,TN1
-2.660369790187415,TEG
-0.04390551528866998,TMT
0.7734597555156196,LGL
-0.14676576699292856,LCG
0.01645569009551116,HAS
-0.07043353830442457,NKG
0.08978680449473025,GAS
0.009963128801333257,PTB
1.6370578541949836,SSB
0.04545669419330155,ASG
-0.4844301748562459,BID
-1.1763371579500792,DGW
-0.2545933447981761,DCM
-0.21381543171803408,TCL
-3.188411006491885,PTB
-0.20846416772323792,ABR
-0.8813182363085993,OGC
1.8356589247976953,DMC
0.46216373963011254,SMA
0.4573665894484179,CII
-1.6501799772323937,CLL
0.18237933729370398,BCG
0.8304423105889701,ADG
2.4067532062304315,VCG
-0.3408473193920461,CRC
0.9338400653761862,HTI
-0.6533441686184932,TCI
-1.2331749780579928,DCL
-1.009735326669738,VSH
1.9783224708227096,PLP
-0.7723259367584541,PTB
0.502902180080457,SSI
1.115001471108176,HPG
0.01802350198367512,POW
-0.2601088485544914,NCT
-2.3552027159564886,MCM
-0.11883752481112145,TCT
0.6380964360844052,KHP
-0.21075249935866483,PET
-0.7402564010876707,STB
-0.3902322148376905,TDG
0.12734268299068133,CTD
0.2624908154265686,HHV
-1.5409553130061246,VHC
-3.199566100923118,HPG
-0.027069022218978625,IMP
-0.3979202706032387,YBM
0.008703668770632687,BTP
0.41325540972170044,DPM
0.3688754447478008,C47
1.0341166887935365,DC4
-0.03278322785512887,VPD
1.2963480926487068,BKG
1.4636168161672536,RAL
-1.0980736581165387,PET
0.3935871219183066,FRT
0.27769698880562843,CTF
0.8831085379758766,EVF
-0.17470591159495402,HQC
1.0089087567460673,BFC
0.9309318803585532,CLC
-0.8376134172796155,VHM
-0.5797136552277784,SJS
-0.009357836561759423,VSI
-1.2205715908208328,SHI
-1.111874615502582,DBD
0.6951237422734377,KBC
-0.050640930281562704,VPG
-0.9254137920898634,OCB
0.06715384011419694,AAT
-0.1334143836102217,VNL
0.7023649734220214,D2D
-0.7613548661818584,PET
-0.17511235560190297,TDG
-3.958102463712144,VPD
0.9859247615210037,VRC
2.828894120503424,SKG
0.9272818981349416,BID
0.39568419308140124,TNT
-0.29404014458030703,PAN
-2.71926594635363,LHG
-0.43588043789710623,VIC
0.02917734599492895,S4A
0.7228845824944211,VID
-2.1669157598458066,HQC
0.976018082789702,BCM
0.16904579037519696,PTB
-0.0009503050825391499,BVH
-0.6827508391421269,SGN
0.40020033344608774,TDG
-0.21430026973832936,TCM
-0.9443240207680345,VJC
-0.5620331097388916,SVD
1.3352275850023707,ORS
1.7720840643710183,BAF
-1.5300009443097262,LHG
-1.120265599601947,AAA
0.04422408295220057,SVC
-0.4602489286665738,VPH
0.8297558339063494,MBB
0.5217719810681569,ACB
0.4360745198654107,C32
0.24363683948561032,HTN
-0.5203635203906992,TVS
-0.32243249608190844,PMG
-0.4611468787058884,CHP
-0.1358252954735979,SSB
-0.25546493638207685,HTL
-0.48795665384328074,MBB
2.4440193138677335,TLH
0.01227549044565495,KBC
-0.7465814299743861,REE
0.3254233556384672,DBC
-0.7423783954360674,TCL
0.2561852195860868,SJS
0.02648727116462291,DXV
1.9316830451171167,BMC
-0.09081015112526901,JVC
-0.08862014929299342,HHV
-1.2120383196328792,DRH
3.709421687614067,SBG
-0.03442921915365666,HNA
1.6038194966230792,DAT
-0.6125529294299635,GDT
-2.5741317902875793,SZC
-0.2418541486942995,TLD
-0.4006497703854439,AGR
-0.2870721125060648,TCM
0.1349870585781447,BSI
-0.5720894197074561,FIR
-1.0867871621352878,FPT
0.8113558596890224,TTA
0.1924266518309982,BHN
-1.462658261510834,KHG
1.1498229396358008,VRE
-1.6347516505993742,DIG
-0.2304235025440015,PLX
1.193513079744552,SFI
2.265318620947166,HVH
1.504396238462473,ASG
0.6580822679933334,LGL
-0.0154884951958168,SCR
0.3162886101613801,CTS
0.2193986823793838,HAG
-0.0030895986419726996,SJD
0.975423462621829,CMG
0.9230983862646607,KDH
1.973315388128826,SSI
-0.9654227617748204,PGI
-0.7140847460948059,HTV
2.812457837057772,MWG
1.0821157789189126,HAH
-3.254149950163967,DBT
-0.8901456630831808,PTL
1.0898147554813962,DXG
-1.3988471430566791,VAB
-0.09361434086196349,LHG
-0.6791408949216775,TDC
1.8686185332920155,LDG
0.7140484604193956,FPT
-0.45346658362680053,DPM
-0.23435505628301773,PPC
-0.13002840379150393,ITC
-0.06292057612919066,HCM
-0.15993593319923535,CNG
0.5250914937006484,ACL
-1.3035273067411648,SRC
-0.4116393659347285,SAV
-2.4053068549987344,TSC
0.5331690655333603,CII
2.0916465914553295,TTF
-0.4076367409106847,PC1
-0.4528596237585184,SFI
0.9023156259347662,SGN
0.23050728863388026,KHP
-0.038616142255850645,LIX
0.13254558827635704,SBT
-0.1804388604516082,SAV
0.7209290852806466,TRC
0.3565803896777408,FTS
-1.0933236435572558,SJS
0.030428795898334436,DHM
-2.6283286328211006,FIT
-1.0069748548080055,C47
-1.1820739078009483,VND
0.21434452394902184,C32
-0.04852890346457222,GMH
0.5773699258107379,DSC
1.1737349900271605,VDS
1.4494777698576162,CLL
-1.8511553305366524,TCR
0.15611232628273428,VIP
0.23401443029312533,C32
0.1470981631966277,CLC
1.0132388686889957,HVN
-0.01343741566151019,DRL
1.328701044557552,JVC
1.0979045173136728,TDM
-0.03611241160351432,TBC
-0.14632241318270942,KDC
0.6718559619331209,VSI
-0.248216089895037,SCR
0.31446289170203473,HDB
0.01732707400716979,DRC
0.7601795570763941,PGD
-0.023989096304515546,VNL
-1.010275731596993,DXG
-0.4607347872451635,BTP
0.3111311107592969,TTF
-2.73315071059602,DSC
-0.04573902274547264,HTG
-0.47199390908884536,TCO
-0.01075329575248783,CNG
-0.12496652903761817,AST
0.089549076508734,CMX
0.6659651616715337,TCM
-0.014124100804867113,TLG
-0.5612125302716005,PTB
0.18884774746576038,NTL
0.22368671626556785,DBT
0.4088780272209866,KOS
0.29343783804289836,AAA
0.16576488160160113,ADG
0.034665017933939175,TNT
0.35295117401601644,PDR
-1.2792993758262865,HVN
-1.5753469419222859,BFC
-0.0009499257658802867,KDC
-0.00233886418680605,BSR
0.5880260776307831,DCM
0.22292402836119812,ICT
-0.3114679090500242,ACB
-1.346170232937841,ANV
-0.45133934032877954,VDP
-0.054589033746045144,FCM
0.5576041281016962,HHS
0.33703434353579836,ABS
-0.20958292801156017,CRC
-0.17487943835458775,PVD
-0.04007052630584957,SMB
-0.17103555196382655,ACC
0.7702567035292766,C32
0.17420929435711469,SVT
-0.07292025705733195,SHP
0.589570626120345,RAL
-0.23710309749122535,PVD
-0.2927933147267222,PVP
1.0674874435523198,HVH
-0.6109110491970833,TTF
-1.1479117358428073,VAF
0.44867243660133255,AGR
-0.40254042877346935,TYA
0.0978795592317136,SFI
0.9271174704059849,KHG
0.3190924219770289,OCB
1.6145112551515761,HQC
0.021263913029223785,SSB
-0.04220018171487552,DVP
0.014303895794980726,LSS
-0.6949627003176068,SHB
2.9166208243388128,SVT
0.06494869241600103,VCA
-0.5710174315876116,SHB
0.3735960190840341,NSC
-3.303485037716309,KMR
-0.024036413028313063,VIX
-0.06708489547974786,CII
0.1486306297002063,TLG
0.13662737585516951,PGD
0.05923289747198819,TMS
2.4377313843702106,TSC
2.641715411192424,DMC
0.9319972988166229,DXV
-2.2175420344232104,KDH
2.023810920974613,PNJ
0.7359045365527377,DXS
-0.04223600547949999,PLP
-0.7583274400858006,NO1
0.5817933960154423,LPB
-1.0120288933798156,PGV
0.14737866953012027,ITD
0.9286850012850071,TLG
2.4445715103385344,CMX
0.18351300553804595,DXS
0.5213819559307731,NO1
0.4750016419001775,DRL
-0.3186393287743477,HHP
1.322105961254612,TV2
1.1994967048281975,SHP
0.10670713177553195,ITC
0.012462185561779658,NO1
0.5649170903937336,VSH
-0.6719303271456506,KHP
-0.4508397385964551,HAH
-0.7743714417348171,ITD
0.03092987220120323,NVL
0.4172914919857352,VRC
1.1160604071937046,HUB
0.7440323735676817,PIT
-0.27467197560737483,HUB
-0.0672329684568848,KDH
-0.31969383095432374,CTD
0.0936174374371819,DRL
-0.716536282698206,VIC
0.39018966519828785,ELC
1.5958593174683022,VAF
1.6849200811580192,SSI
-0.8968188558476581,HDC
-0.38978092701547534,DXV
-1.0306926062186894,NAV
-0.008094871487904687,TCL
-0.17812864031352238,TVS
-0.8717693297978847,DIG
-0.7284111080346597,NTL
-0.29735988338377145,BMP
0.40418554685617175,VNG
-0.4516501803102252,REE
0.30619207545869565,HAR
0.2293549770952697,OGC
-0.10701141077338276,MHC
-0.4809463922903204,HAH
-0.0030895986419726996,SJD
-2.059030533023696,CIG
-0.06079213084602916,GAS
3.143566202702862,DRL
-0.6273080011474457,ORS
0.019727751281224896,SFG
0.1712579951984079,DSN
0.6481572802592123,BSI
0.8161209938807181,BMP
0.5034431459735407,FPT
-0.46277640001622034,HDG
2.4325722926034166,VCA
0.7807470919724452,TCB
0.7748893285732705,DHA
-0.5062622125954438,HDC
0.48652265954909096,HSG
0.3070338312747252,THG
-0.2579082081109516,BHN
0.1836570326973988,MSB
0.05574791319189526,HVX
0.15849393208565568,KHG
-0.02280336060692953,TRC
-0.8077121960292258,BFC
0.6058780189851696,HTG
-2.493016738573276,HCM
1.6837182669224806,VPD
-0.06411807354513586,LPB
-0.4576066861944115,BIC
-0.09328428833893093,VNM
0.0216565996698444,TCM
-3.66840794188771,VIB
0.7532643598740032,SAV
0.35939790224536833,VHM
-2.8749207290330268,KDC
0.03173760917463901,TDP
0.6904606033683253,ORS
3.1699266678188893,NAB
0.36952023256496075,TNH
1.0843384951590993,TNT
1.6122632632541911,TMT
-0.13217216981095345,CRC
0.013465116801354671,CMV
-0.12030478505108275,IDI
0.19888074621539226,BCG
-0.7892593949947982,CTS
0.8498886883186941,FIR
0.0410154439351657,HHS
0.9194124049952009,BID
-0.519708045232652,VAB
0.15780783544363713,DRC
0.9679985204581568,DPM
2.201138492207874,SGR
-0.7827735401135285,GEX
-0.07348306801069472,TSC
-0.6233123865937674,VIP
-0.3862430294130255,DGC
-3.73821893238629,BVH
-0.38782144779331784,HAS
0.40803977969225175,HAG
0.5081878641165323,VRE
-0.7820670922400038,ELC
-0.024437552020783782,HTL
-0.37445634978299164,CMV
-0.418713403656472,YEG
0.5037787159237873,NHA
-1.6200749969421882,HU1
-0.6527586985639853,JVC
-2.4764241842538155,ABS
-0.3711142465146365,ASG
0.1867448252886512,VID
-0.3845752517832483,HDB
-0.002536527193645212,HCM
1.6827685914100559,HTI
0.3108594610905008,VFG
2.828320231336538,STB
0.38008432111425033,TRA
1.7413837593971984,SRC
-1.542027640723985,COM
-0.1465728688106582,ACG
-0.5085931826592736,TCM
0.31239821337486123,CDC
-0.30294162969267885,SMC
-0.030829265911083176,VIC
0.5146517235991922,PTL
0.5567711291367292,ACG
-2.463616960431121,TSC
-0.3454238605596963,MBB
0.25361823883480566,CRC
-0.1552913655447223,CNG
-0.2396637883041475,DLG
-0.9533913113978715,NHH
2.1659804104719815,HDC
-0.8219926133663512,KHG
-0.6656805477446509,DBT
0.47555143546706147,HAX
-0.5063091806124677,HT1
0.5151644696577193,SAV
1.2870339436525424,ADG
-0.9995575809406485,FIT
2.422909854536844,SVD
-0.24662565625894883,VJC
0.42207679872554466,HVN
-0.04677377040858557,NNC
0.9802451692611498,BID
-1.6427491378795003,ACL
-0.9598527353655748,QCG
2.644231298596395,MSB
0.8266680446360829,CTG
0.9244631328797097,TDH
-0.9603218426495697,TCI
-1.494531694571812,TLG
-1.042019136465917,SC5
-0.9796361573823145,ITD
-0.5142123338382216,VPD
1.3246317912593708,SKG
1.5117690302791211,PGV
0.95347550338472,SBA
1.1697732670622085,IMP
-0.3875352077720688,VAF
-0.23196975192712083,SFI
1.0784420535874184,BCG
-0.3032361009643968,ITC
-1.5936260210316033,VPI
-0.01654067726108965,PHC
0.259652128636895,MSN
0.29928509300347317,TCD
0.034231310067192856,OGC
-0.29256483969567953,VOS
0.09775266547707886,VDS
0.23513417314476018,HMC
-0.07346868326514765,VCG
-0.04220018171487552,DVP
-0.13707224061532422,LGL
0.003030631788115741,SGN
-0.06662231042679556,VRE
-0.39508013392896485,NSC
0.14052357474356197,ASP
-0.9867638220389973,SSI
-0.31714634262128866,EVE
0.09153497627326596,DRC
-0.6346931214841984,VSH
-3.8275082971239707,TYA
0.600448691809203,VCI
2.1144459577646275,TMT
-0.3286266413288227,TN1
-0.9136257196195223,DRH
0.033891742871444946,PGV
0.10500068810812813,ABR
-0.04573902274547264,HTG
-0.8687490343089042,STB
0.5101411092097703,VTB
0.8658229102662038,HID
-0.2844021882810586,RAL
-0.2915711423732324,MHC
-2.0413188693274535,NVT
-2.331399010093477,ANV
-0.08391148483705523,HVH
-0.7780776626881665,MSB
-0.3662819196883133,PDN
0.6635499223442266,VTO
-0.25785811940254233,HSG
0.7685682236070157,HNA
-0.41264137339714196,SVT
-0.9271486711650233,NHA
-1.5757889047259546,TVB
-0.05478997787254202,JVC
0.10493153597440312,THG
-0.6337868482945583,PHR
-0.4954133091192442,NCT
0.014036268184765917,RAL
0.23303613591334313,GSP
-0.41022127137514247,CTR
0.028112285754165734,TN1
-0.28232781311449245,SJD
-0.17229091610575498,CIG
0.12246741037369262,CII
-0.4782097103051651,BWE
-0.3094766657328614,SGR
0.028073826948156785,CKG
-0.6647177267329528,HID
0.7233938717177351,SAB
0.324677367623014,SFI
-0.09896834710730834,SBT
-0.9518140737674488,HTL
1.4433449222064052,SFI
-0.5745323885170991,DC4
-0.3673206617478169,BIC
-1.160101003694217,ST8
2.7925127445352125,AAA
0.5840324108195359,HAR
-0.20894144413516383,HHP
-1.2107760206192022,VIX
0.32882556882548786,KOS
0.3065379079703556,VNE
0.6087670871697296,BAF
-0.8307258716290288,SFG
0.19785343570371108,DHA
0.15866290626870844,VPH
0.3679121113803661,ORS
-0.33725617302296634,VNE
0.5979123319895189,DPR
-0.5443564397484538,DSC
1.0174400811384716,SMB
-0.7276805553477377,ABR
0.4632140833461627,STB
-0.043737152403502594,LGL
-0.7204903270711903,TCI
0.4721989920298407,PTB
0.4363824642785002,CKG
0.3582440644675023,PGC
0.45857365372895287,SBV
0.4243669615021126,SHA
0.0007264038441690482,BRC
0.08895471670749212,AST
-0.9884009964629308,SGR
-0.24780608993925735,VPD
-0.10027045891423322,BFC
1.8839799295181014,TCR
0.2992938326192102,KHP
1.2773384825692853,VTO
0.4018891881283674,REE
0.3025760504438294,DAT
0.405510215555438,DRC
-0.00719836091860017,TYA
0.14301413472774452,CVT
-0.7753331802605763,VCB
0.02676723197583641,CVT
-1.5373009260636301,VCB
1.6208833785599162,NKG
0.0341408805583172,HAP
0.05225070581261629,TMP
-0.5759350261195402,VAB
-1.611977781410194,SHA
-0.21356674783634694,SFG
1.2207145075680694,POW
0.03900506491361488,GMH
0.5636993346294639,TTF
0.6190803765969227,CMG
0.03609131443961166,LGL
0.4588372290847499,ICT
0.032702393867099826,TCT
-0.6908632108783712,BRC
0.907764980202537,PVT
0.007161490546100228,HTV
0.1404443001295309,KOS
1.870465322030819,VND
-0.15102446280178217,VNG
1.2456297288178757,VCI
-0.7805855427595902,CLL
1.4293265381292044,ACB
-0.4685689614602616,NT2
2.515806940933293,VRE
1.7544560650561851,DRC
-1.2084403385421347,TCR
-2.0833178147616884,ACC
-0.24000592143929722,TVS
0.009086502229505166,HCD
0.6305014432084455,JVC
-0.6276882343926878,HNA
0.14968393650697362,HVH
0.045685424247691654,BIC
0.042030315331775765,CMX
-1.6080599397634638,TMS
-1.487309400421871,VNG
0.25188049609310126,GAS
-0.17337928157063107,VPH
-0.2657032220426129,VPG
0.2244895004559728,BAF
0.015433275483225834,PGC
-0.6854602600200761,EIB
-0.04115409732248038,TDM
-2.1533908140108826,ADG
0.03942839082399665,NHH
0.38855452742436747,KDH
0.3355025164159442,TRA
0.6373653471000174,NHA
-0.8918197819665435,TVT
-0.007542252784980188,VTO
0.5234756905884772,CRC
-0.7867831568068446,HVX
0.3382827564082451,PVT
0.503643901096417,ABR
0.30472613579708013,DC4
-0.6985475096086341,PVP
0.06836971743936696,NNC
0.34691815898727196,SSB
-1.1004599767750893,STG
-0.6086459285416203,PLX
-0.01004722454884453,CTF
0.5045209696997369,PC1
-1.1210112298415995,PJT
-0.8404389363545786,SCS
2.00636471074065,BWE
-0.010278857846892493,ICT
0.2736170688526038,PGV
0.015075088486803464,DCL
0.8179466057926214,BHN
-0.793414905728841,MBB
0.579648375642652,HPX
-0.004864726025937184,MCP
2.476123869364605,DCM
0.7463306667068765,HCD
1.5399309523757032,BTT
0.8045810151035702,FRT
0.04386318013285629,DBC
-1.6596367015472944,MSN
0.954701064811761,CTS
0.5916901739563113,DIG
0.747420183777932,VPD
1.5639350178501865,TLH
0.4905408137985218,CCI
-0.6954912410825116,DXS
0.022746471693790186,STK
-0.007542252784980188,VTO
1.9684940588397282,KBC
-0.6184547512438305,TDM
-0.414985302194648,KHG
0.1601196649848802,VIX
0.7022113973799773,VOS
0.4946193437335926,VPD
-0.08245035274638736,SSB
0.45932387508976746,GIL
1.3715107735410346,GAS
-0.9173098430824749,ADG
-0.861977816884446,DHG
-0.2228694946519697,C47
0.9326640010180081,MHC
-0.06709856525540632,VID
-0.13218548125174576,DXS
-0.8262163261464301,HAP
1.1498402847963276,PJT
0.4346802353047644,TVS
-0.03486714730648805,HDB
-0.035739001128254747,BAF
-2.6067100067598865,FPT
0.22046253561284676,ACC
1.0917884532103617,VND
0.4758795931408032,HDC
0.5380228035512034,KBC
-0.17129070331223803,FPT
0.5764965799336116,SCR
-2.187993475093398,ABS
0.3682470416046082,ANV
-0.38825688121853175,CDC
-1.4169182949535686,BMI
-0.6000820875083503,DHM
-0.31953507701817735,SJD
-0.1259287831929718,BAF
-0.32475981935081855,DHC
0.15299870920854772,AAT
0.637896682440671,VCG
-0.40862222975288204,QCG
-1.099770475284723,PHC
-0.08164089047660672,PAN
1.6175802251910774,TTA
2.390935164527164,EVE
0.9209184728232891,TDP
1.7796018841435286,GDT
-0.45314834894952727,IDI
1.8539784412396716,LHG
0.15375767303879584,SJS
1.3293723218286229,HU1
-0.010278857846892493,ICT
-0.04115409732248038,TDM
-0.11949634528952116,SZC
0.7081933155847178,DHG
-1.1605661415844382,ASM
0.05301402030039575,PTL
-1.5307799653007144,SJS
2.1465406272137426,SAB
0.35229163393015067,SAV
0.09661030301236072,VHM
-0.3093806162645967,HUB
0.16240295931534537,DSN
0.39470234014973565,DBD
-2.374584501012429,IDI
0.6030140929292681,SSI
-0.10916011142637368,TCH
0.11604015731976636,DRC
0.022876160959303934,AAM
0.720355497593947,VPB
-0.5128109800723653,CCL
0.9206313335571266,SBG
-0.6175246074802013,HVN
0.1358454455263191,VCI
0.34238036874883554,TNH
-0.9213250212741751,LAF
-0.15160774701152996,HTN
0.00209073858101088,SHI
-0.7799976638246192,SHB
1.5645684288303165,BBC
0.4913804867855343,VOS
0.46683072318237784,CTD
-0.2165074739037828,SJS
0.2955316465706837,LBM
0.10951681242181655,DXV
-0.36024210361572406,GDT
-1.107873841184243,TIP
2.039758926383752,PAN
-1.0014132401319986,GIL
-0.5046441979681097,VNL
0.30868129817253925,DRH
-0.23426779125111563,NBB
0.6493284894581057,BWE
1.5313997680041216,IMP
-1.174977701539309,TCB
0.18333485484286613,VOS
0.19693543666409297,SSB
-0.9949072785027884,VID
0.8512713337842577,TAL
-0.34131610171469207,STK
0.06473843774787251,HII
1.4446877819290371,GAS
0.48143629724488995,ABS
-0.004178447362447563,D2D
-1.9084180298807454,NBB
-0.35990356610151014,STB
1.2692993247536857,VSH
0.41574640455554773,FPT
-2.322901642387836,DPG
1.1751700271214027,ST8
0.16860223797427362,HTI
0.18456951723482115,NO1
-2.5428707976735514,VPS
0.144582645527394,VNG
0.15910216065955668,HCD
0.3714184297307767,SBT
-0.3959373610565899,YBM
3.85995173818162,AST
-1.146094372324024,TPB
-1.7278858600506721,EVF
-0.017617238915926134,VCB
0.008078648031764968,ACC
0.6053462996327247,DPM
-0.5537041907211346,VSH
0.5920908007568275,PGD
0.3941869001837345,MBB
-0.44854108418669303,PGI
0.01802350198367512,POW
-1.9179988354503545,DXS
-0.31839447198933407,C47
-0.5594546377417725,VIB
1.0585580383826345,HTV
0.3527204539149336,STK
0.6656166532526689,VIB
0.4158704811894301,CTF
-0.2115464897389509,SHB
-1.213913945965603,VSC
0.026941231610136597,MCM
-1.372537768030739,GDT
0.40739349656213,BAF
-0.1324490511707285,HCM
0.23034743622802104,DXS
-0.6083410641498908,VCB
-0.15999771305893687,EVE
0.530293220294816,HHS
-1.3443129551783508,TNC
2.110366124825718,SFG
0.8588738681414302,DSC
0.2324502686423793,SAV
0.24856252842262297,NVL
0.42272406507046856,KHP
-3.0276815758338973,POW
-1.4687534252266363,TDP
0.09406971646557778,GVR
-0.018411210625910134,BBC
-0.04294927728495271,ABT
-1.7459583404232804,SGN
0.01889814935128961,DHC
-0.11103180931606078,DBC
-1.8957382928694788,SGT
-0.6192041680088095,DQC
0.11006699137021,SAM
-0.5466108122736372,DTA
0.17392783999336228,HAG
1.0231767952602735,VNS
0.7221327039472133,TVB
1.9371983873162,TPC
-0.04386165855295459,HTI
3.2698917896407376,ACC
-0.030829265911083176,VIC
0.5430381378628769,VIC
0.18110955440981122,NVL
0.6667411084149283,OPC
-0.7899552073526555,VND
-0.5225193045890622,KHP
2.22091308232319,SGR
0.3381681272972318,HSL
0.4656446959082406,DBC
-1.9722832775682757,BCG
0.5541033120954945,BSR
0.7335823035951032,PGI
-3.0721239469161232,KHP
1.284025378312256,TMT
-0.5114934047024386,NO1
-0.6700555069713732,PLP
-0.04386165855295459,HTI
0.4394947044915358,VTB
0.2146436615518756,SGR
-0.26100102455033314,CTD
0.4081764677017954,SAM
-0.33328208418219885,VTO
-0.0014287976065902627,YEG
-0.03949653170735296,TLH
-0.47533653776620854,PGD
0.003030631788115741,SGN
-1.7926974389980037,ICT
-0.16846299056082076,ACC
0.4746185317402949,ANV
0.23669267784304365,TCM
-1.2653998054372382,FCM
-0.5910785364385265,PNC
0.20916011261466483,NVL
-0.5262371218535756,DHM
-0.022679114801860866,COM
0.014104344966181522,TNH
0.3879268904112909,CNG
-0.796952553433988,HII
0.2931963748318731,PLP
-0.06345626579326227,CHP
-2.553825464580032,YBM
0.18291678808884418,BRC
2.294697396618715,VDS
1.280896452286917,TNC
3.224339487228031,KMR
-0.39483668733681043,FIR
0.6417247332541154,HCD
-0.561860532785837,TCR
0.13977976493373648,TDH
0.1605520968913141,GMD
-0.7194603692207967,ST8
-0.27696932004384045,SAV
2.1168197347070628,PVD
0.27412830606524174,TV2
2.9302147639218856,TDP
0.2686023422440522,SIP
0.0044339515302701795,COM
-1.0232531916181693,SHI
-2.65273286597926,PVD
-0.8968975410396643,YBM
2.2334097513959716,BCG
0.00209073858101088,SHI
0.23226082170021878,SMB
-0.14482183528779707,BSI
2.026123926154632,SCR
0.0014695027303183023,ADS
-0.40178842839210244,TPB
-0.5155624366094425,BSI
0.0023951870223284273,VTB
-2.469101665809555,TCT
0.8381596250218343,VOS
-0.26936947623954627,TSC
0.4546566338246026,DCL
-0.18827400386644172,VNL
0.30319494459148216,SJD
0.5901599380642849,PVD
-0.17346489716837044,KDC
0.19334085926403424,TTF
0.2502783269471639,GSP
0.020086310615538713,NVT
-0.45436129107827483,DGW
0.16988469393959318,TVT
-1.3181459482618945,CCL
0.6264258584239856,SHP
-1.8469989084828933,LDG
0.003175982886676942,MIG
-0.7480425275683703,VCG
0.5918675644643897,DBT
-0.48689366765161984,BHN
0.018347376058329236,SGT
0.2903965220106434,IDI
1.388852283246256,PJT
0.01154022391128357,GEG
-0.4755006326397086,DHA
0.20464223593190511,HAG
0.9469256113847728,GDT
-0.054067557344282424,GMH
-0.17135389956270616,DGC
-0.10358084661985668,LDG
-0.026001916596275834,HDC
-0.0457573977803665,VAF
-1.045430633848373,NNC
1.9183228349690455,TDC
-1.0816450997279035,DAH
0.12880588507441224,CRC
-2.61312207998841,VHC
-0.18857222782300462,DGW
0.3156549627051573,COM
0.013465116801354671,CMV
-0.08990794514445301,ASG
2.122845060911582,TIX
0.10935057526248049,TSC
0.028813633490521434,VID
0.9458053078841381,DBC
0.29452449934147756,PIT
0.42500115821935674,TRA
-1.2909968142401052,PAN
-0.47174855039204316,TVB
-0.0002576781687008662,CTR
0.7521160017222868,CCI
-0.15197630230656403,VNL
-0.05197204811855143,DXS
0.06839524545885395,VPG
-0.4171976786294988,LIX
-0.6209121881236862,HAH
0.08634797532676669,HPX
0.39457954933396655,HCD
0.5449211308896178,PIT
-0.607116830314453,HSG
-0.004835036487623733,SSC
0.42720930095767,DRH
-0.7489451427044957,BMI
0.6924472146451099,PAN
-0.8174515967618818,GMH
0.33879320835215165,GMD
0.16984854715729522,ACL
-0.06568876763152333,KHG
0.026941231610136597,MCM
-1.615863790262368,VCG
0.015255258796785395,HMC
-4.316641316445214,TRA
-1.510178404051142,PDR
-1.5054977373944267,DLG
0.09200201490706561,BFC
2.1234235249040982,EVG
-0.0376024747573145,LM8
-0.22032496964792778,HCD
0.005253745296222214,SVC
0.22328527748915133,ANV
-0.18887180004551907,PAN
-0.7481200361820992,DMC
-0.06857476961364634,VTO
0.38138478752047356,BMC
-0.23389566198082673,HTL
-0.05168322809621323,LDG
0.5665856230656536,PGD
0.02299732134407447,VMD
-0.31958811499004125,ST8
-0.14125344732905062,TRC
0.9707600632377112,PVP
-0.9908019065745671,SHP
2.3828205521810784,PNJ
0.2526034822569426,DHG
-0.13031868929861512,HUB
0.7049792774917822,DRH
0.6093888225928025,HT1
0.9739208258006127,TNI
0.5230089264850162,ABS
0.7407286898224587,SKG
0.08173994882879972,SCS
-0.3212664324405096,LIX
-1.6043983765792007,TCL
1.0960262715089433,BAF
0.018123257665535648,SVD
-0.013836462262540325,AAT
1.2148347048111132,LIX
1.3058233157312336,DCL
0.02900635665547561,HHS
0.04545669419330155,ASG
-0.3674712760056645,PVT
-0.10743188396839154,TDP
0.024848883416702383,SAB
0.031877776436495295,BCE
-0.6368543281473641,TMT
-2.4056266042092385,BWE
0.02084168342773609,TNI
0.8434760147920394,COM
-2.9404460229427762,SKG
2.1696693999004277,ANV
0.024231712075414934,PDN
0.05625551679720651,DHG
0.7399945488793118,VTO
0.49219709009359364,PMG
1.1983302540022274,CMV
-0.4307487942454268,VSH
-0.27591513309519594,IJC
1.4103598697398851,STB
0.5032209025458863,HAP
-0.01343741566151019,DRL
0.12247206993014148,LBM
0.7166763187272646,OCB
-0.72828890564657,SJS
-1.034533348761215,NSC
0.19399378468785788,TCM
-0.01268160759929024,HII
1.2252382147587886,HUB
0.6846963209879736,TDC
-1.074784772879477,SCS
-0.6775458089906847,HPG
-0.0264407812785305,VDP
-0.07501737067952459,KSB
-0.7630492934377701,HHS
3.0172220875570663,HUB
-0.2342660654488614,APH
-0.16252135799476447,ILB
0.4934467637403471,HTG
0.164456821579777,DVP
-0.2710346235913571,DAH
-0.1538518750835929,GEX
-0.13383905859552134,VHM
0.19021229442779833,CVT
0.4582646939277155,VPH
-0.4402493855538015,EIB
0.12615762010434803,LPB
0.27038529334275224,STG
1.3571247210011417,STG
-0.3676826461048224,GEX
-0.47463468757461735,NTL
1.4680614747556209,BSR
-1.1591197787844085,NAF
-0.08496864100607615,BID
-0.03602977964165776,VPS
-1.0079134868495747,BCM
-1.1271571709056936,PGV
-1.0567424943670458,KMR
-0.2674869504398042,BAF
0.35792057574451724,ORS
0.13253568125972218,VNM
1.4201210719746333,VDP
0.022746471693790186,STK
0.5563763197983788,LDG
-0.015364705103247427,ELC
0.22999557000372137,LHG
-0.06401383990453346,TNT
0.15325586540609257,HAX
-0.9315873158727975,SCR
0.1936656551925766,DXV
0.31035208324201685,HAP
0.4628249865766047,CTD
0.19369051706452478,SFG
-0.5774204564666664,MCM
1.889856878924825,LGL
-0.48313795828675465,HTL
-0.030829265911083176,VIC
0.6132507682397925,DSC
0.09319691676987729,LAF
0.013377725558469403,SFI
0.7209268041100478,SZL
0.003959303627979109,TPB
-0.1671857633531548,SIP
-0.26741505503814406,TCH
0.8655446572464482,HAX
0.10352573205551056,CKG
-0.2766662968132988,RAL
0.7245185737827016,NSC
-2.1926311576768627,HDG
0.23141014963186876,ST8
0.0053002998141508054,VPS
-0.33563693888825025,VHC
0.015255258796785395,HMC
-0.6792069538495511,DGW
1.378236729436984,DRC
0.04545669419330155,ASG
0.005240834888945813,QCG
-1.01420826112752,SRF
0.4650563497763489,PVD
0.3743958197292194,C47
-0.2037477899840305,VIP
-0.0045751588509370545,SBT
0.702154429138166,SRC
0.6896421116380688,STK
0.5653111723093212,APH
-0.5258181369362551,NBB
-0.02257430387602418,HII
0.6589210980948694,TN1
-1.5804181601653837,COM
-0.8420817985558579,BSI
-0.2175976072672334,HSG
0.015075088486803464,DCL
1.3250917322789233,TDP
-0.20042331103106248,TCL
-1.414245715855558,POW
0.5147334481924769,DCM
-1.2499046441615298,SJD
0.03358587431716874,TEG
3.468396415379436,TYA
1.0310837264444748,TRC
0.38500805732842014,BMI
0.03204469255416242,BCG
0.07544015163893165,MBB
2.0604741700990052,HTL
-2.0538083094744732,VNG
1.2539314716637837,VPG
0.2427462884964874,SZL
-0.08256901622362364,NT2
-0.023989096304515546,VNL
-3.8282114752217518,GDT
1.1824248698507536,HTI
-0.920571081515721,TCM
0.0879992727028592,DHC
-0.2737908379877671,BID
0.09668063563894802,MSN
3.4738845003631034,BVH
0.016085037194864368,DTA
-0.4976463477413433,DSC
-0.3523775193647136,VRE
-2.0599008827093517,SFG
-0.20072564252359457,FIR
-0.16967095040586697,STB
0.25622276108853365,LPB
1.8037217098362008,CRC
2.902025914011556,PGV
-3.1503962485907526,BHN
0.4686294105296749,KBC
0.9405167141173971,PVT
-0.01659875065797871,THG
-0.14131822688971193,STK
-1.3552719780363631,IJC
0.5418337640457422,TDM
-0.21269386563504103,SRF
-0.593199736482696,AGR
-0.6560605583831752,MIG
1.1153556295979092,KHG
0.6062589534604215,HCM
-0.8692144176266351,DXV
-0.7282572226777816,KMR
0.4260453403986391,VOS
0.5275774880687105,BID
0.12900412027435235,GEX
-0.5353887244006397,SKG
0.3200901368449879,LSS
0.02014837469879161,TMT
-0.6237246457113511,VCG
-0.8176578961734629,VAF
-1.953983689750795,LDG
-0.54496900955024,DAT
0.9262082761409148,ACG
0.08634797532676669,HPX
0.8480040262792579,SZC
2.015063890911861,NHH
-0.02800770061945341,REE
0.2012863380547639,LSS
-0.3701258383796332,PVD
-0.13572716810757804,ST8
-0.5316798382509399,BWE
0.37177298460851727,HCM
-1.0691100923561792,D2D
-0.30307853606311014,CRE
1.3560925113663411,ASM
1.8985541108907793,VAB
-1.230164611896653,MCP
0.8921364490694269,BTT
-0.7816937837861784,NCT
0.21722862309384675,NHT
0.6176852247062101,LDG
0.8655512810835133,GSP
-0.6737823886399776,VRC
-1.4932690114871776,TDH
0.7971780674764971,TDG
0.2028215339746827,SRF
-0.20280371126311128,HDC
-0.26038668613884497,SKG
-0.25483146816919633,TV2
0.23100181366758982,HNA
0.48439855724304814,HVN
0.8860687961335062,CTD
-0.6909238069060003,ST8
0.8950449449546302,TCR
-0.023440289354174852,GMD
-0.016731769693568224,DMC
-0.7175787657428323,DQC
0.026941231610136597,MCM
-0.6242838373003291,HDC
-0.033750672522519745,VNE
0.04720464064662062,VSC
0.7629065741809812,PAC
1.016359168536705,BBC
-0.4758784065523119,DXG
-0.8498962327951738,CKG
-1.5016458651374796,NT2
1.7309994322365987,SSC
-0.01343741566151019,DRL
0.4358156508831158,SIP
-0.06132433574873485,HQC
1.2246355512882892,DPG
-0.16905213840666106,GEE
0.00209073858101088,SHI
1.4666720317686601,VPD
-0.3800810794219895,FMC
-1.379596533266474,HPG
0.8582882227623765,FIR
0.01645569009551116,HAS
-0.20976400026572833,DRC
1.502863537388622,VIB
-2.7298558017129335,CSM
-0.05452293698399472,TNI
-1.1404571787818092,MIG
0.23128055662666192,VNM
-0.24952073108666709,ACB
0.7995641548015605,VPD
0.8355287592186647,VCG
0.13771056299510367,FIT
1.7474939385293304,BCE
-0.14115259902405633,GEG
0.5305531282609669,BTT
0.9998733731221183,HTL
0.020762476156149852,EVG
0.003030631788115741,SGN
2.3384549833562724,CKG
1.2238003085675084,THG
-1.8067139423717575,BTT
0.5875147286295117,STK
-0.025533770845036777,SBV
1.4587540810435162,NTL
0.03091372417729615,TDC
0.020643279426379058,TCI
-0.01004722454884453,CTF
0.019727751281224896,SFG
0.16908125007327748,TEG
0.642191925032869,DHM
1.4104428029218663,ACG
0.8158266081180169,BIC
-0.16678239501116668,NHT
-1.2864170337214798,GMH
-0.5073021196572305,TLH
2.016746219904418,ACL
-1.659667135241853,MSH
-0.20034364952149064,VTB
0.23725365722239822,TVT
-0.3898310698889237,LGL
-0.9261255016252623,CII
0.28133690318997356,TPC
0.2817476553616809,TPB
-0.20653760097834312,SBG
0.1901882636267339,BMI
1.106612169530576,MCP
-0.024437552020783782,HTL
-0.06879573100734442,TRA
-2.182159225318885,TRC
0.15650343928020558,SKG
-0.5253988729263824,VTO
0.14557163717026095,PVT
0.22373471760603372,VPB
-0.6865640034251026,VFG
0.5453082575871955,SVT
0.013465116801354671,CMV
-1.5688680382616487,QCG
0.18221525664319996,ICT
0.3407876508309019,VPG
-0.3161529301606104,MSH
0.007161490546100228,HTV
0.0612574714025042,HID
-2.3487083503236152,SCR
0.33321198845869193,HTN
1.699571505353055,TDH
0.16839069096030315,HT1
0.004558087972000823,ABR
-2.5562150943698208,DBD
-0.6443651847553965,SCS
1.3191997218103126,SC5
-1.0490859903419854,TCT
0.031048946261416795,SCR
-2.5539872211875405,LAF
-0.48143532305586034,QCG
-0.4076677919719522,SRF
-0.31526723604478946,DVP
-0.12964438377418697,TSC
0.7523571138325671,NHH
1.4291098645346876,GSP
-0.2210127773080492,TRC
0.19742368578881717,BVH
0.11709756335259278,IMP
-0.1291186800655945,HAR
-0.10588119077921966,LGL
-0.40214089933208763,NVL
0.24859779973560628,HHP
-0.18427593262277034,PIT
-0.42200267281268844,MSN
-0.010001346113462593,GEX
-0.038616142255850645,LIX
0.5125692786674553,VNG
-0.5793523805993989,TCI
-0.22660428593726542,PIT
-3.0215295885153157,BCE
-0.1424396959139786,DAH
0.014846674365648113,PAN
-0.9493357648719274,GDT
-0.07130902440292781,SGR
-0.3716536751849486,BCM
0.376306227342725,GSP
0.022876160959303934,AAM
0.9682844015535731,DTL
-0.3009202453439085,LSS
-0.006974362964496282,SVT
1.039546710126655,DRH
-1.8340407208605547,VNE
-0.009804542526258004,NAV
2.392942865232751,CTF
-1.1056270701771531,DSC
2.0105512369012692,ADP
0.024935044751338096,ASM
-0.6343982128259986,VNG
0.17795046897956793,VSH
-0.021401135220634582,VNG
0.9594341782257165,HII
-0.00032934254271416673,DBC
-2.339695234252675,MSN
-0.47707150622942485,MSB
2.286719052330872,DHA
0.6713099448453621,TVB
0.3940811166341005,TCD
0.4440962086770705,PAN
1.78587440195326,TCB
0.02603886054426455,VRC
0.7759126795287788,SBT
-0.5072528351511402,VJC
-0.2909570595793663,NLG
0.12105869235534981,VIB
-1.6315325161313767,GEX
3.133036502509082,VIC
0.008078648031764968,ACC
0.9754469501137762,ACB
1.3679294860390245,STK
-1.5138196970283546,FMC
-1.9674329172864213,CSM
0.057645725020512364,DTL
1.0167818638866941,CMG
2.164381933560064,TDC
0.013465116801354671,CMV
-0.9003114908188886,KHG
-0.3079391682188234,DCL
1.2075064518764225,PET
1.8575802520888818,PAC
-0.23098650658157183,PHR
0.028112285754165734,TN1
0.6904130911764951,QCG
-0.4091457103098164,VJC
-0.054938090061326925,NVL
-0.3039134901338919,GEG
-1.1776287733840227,NAV
-0.3377121843744825,FIR
3.215510777864202,VPB
0.00866844301216053,CSM
0.18210726388774534,CLL
-0.0045751588509370545,SBT
0.1909661532347329,TCR
0.14076268710999884,LM8
-0.004054128149747867,TDC
-1.0015419102933938,ACC
0.7556368299260314,GMD
-2.0249095701870297,DGW
-2.6421874055214842,DCM
-0.023558574232857763,ASP
-1.1445379059729683,TTF
1.111584273670435,HII
-0.24235989333324293,VSH
-0.006257893924970689,TCR
0.3475917558086995,NSC
-0.1380954187578623,DHG
0.18423309285456949,BKG
0.06144734849591945,MWG
0.9152877967245069,BAF
0.20065197244539165,BIC
0.029208460341036874,NBB
0.23538802670328512,DSC
-0.027942882892027922,VFG
-1.6970601132689105,VID
0.18206083914318955,TNI
0.5425616194654055,VTP
0.15533521663069236,SAV
-2.610079597494534,NO1
-0.17384632948663797,VTB
0.26879323763215873,PC1
0.006207182326561493,MSB
1.692140672993847,DSC
0.06128233621904545,DHA
-1.7954168131406834,TCM
1.7518971780575114,VPS
-1.5550434078188982,YBM
0.4970436631229999,SPM
-0.3354502092551381,FRT
-2.68725342769553,CTI
-1.266886949908411,CMV
-1.0850541881218625,OPC
-1.2850705195473069,TDH
-0.004385846804446878,DSC
-0.30724052013107556,CVT
0.23348071374377655,BSI
0.0216565996698444,TCM
-0.3733304458463113,BCE
-0.20294545326546234,DXV
0.03609131443961166,LGL
-0.10496641429240117,MWG
1.6618845157638076,FIR
-0.08801024455661445,ILB
1.9932176216391846,DQC
0.9780088649269972,SHP
0.9929795592692098,CMG
-0.9484040338449323,ICT
1.2623684274884228,DTL
-0.016731769693568224,DMC
-0.9120932305192344,FIR
0.3811902328323985,DQC
1.2403801927590998,VGC
-0.38800203767537805,YBM
-0.2392230968550234,SFG
0.5562543559250481,TCL
-0.11656586116395713,BCM
-0.648383444465337,VPH
0.425922586860545,BCG
-0.3619476883285807,C32
0.4772732048757906,VSC
1.026845938978764,PC1
-2.452785467151603,HDG
1.4906587003063847,TCI
0.29855559957146216,VIX
0.48933602066722715,PAC
0.06044128782836522,BFC
-0.016731769693568224,DMC
-0.024699671355255956,YBM
-1.788692451711434,KDH
-0.16883317597617653,SSC
1.8999050110470335,HTL
0.012306109280868427,TCO
-2.4485536227747353,SFI
0.7626108892558601,SCS
-0.5554376203420399,EVG
0.0362638322978957,SBV
-0.6922761349163556,DGW
-0.7779094113675032,VNG
-1.5689118186155822,TIP
-0.2926659746636629,PJT
-2.5172472118648948,CTD
0.36824437263130305,KDH
-1.2388821617071286,ADS
1.507051786821834,COM
0.04084793664063814,MWG
0.13746618517738388,VIB
-0.2552215925332861,SZC
1.8744614352465292,GEE
0.6248012951757903,HDC
-0.06902659397755516,HID
-0.264713071146976,DXS
-0.7032197073254376,ELC
-0.018411210625910134,BBC
-0.010032372077994985,PNJ
0.4791404948166283,PIT
-0.02627033401665442,S4A
0.012462185561779658,NO1
0.014104344966181522,TNH
-0.8716043671223561,NHA
-0.7818888685457677,EVG
-0.4272974439951526,SHB
-1.7928732293031835,HDG
0.5005840693409008,VCA
-0.7103324811517745,MCM
-0.17092380181034317,TDP
0.8916233304284746,BKG
0.09400823589427007,DXG
-2.068642017959287,OGC
0.045059397440728816,FCM
-1.4952123520797294,HPG
-0.20788347774252744,PDR
0.22284335392089932,CKG
-0.38847422336827553,ADS
-1.3841937881529756,SC5
0.17950486116456932,DQC
-0.2271354969750637,HII
0.21786162595429365,GSP
1.3574029600983732,GMH
-1.1454318113250834,HMC
-0.46104322159561584,DPR
-0.8464492300360289,SHI
-0.1813986594770353,VOS
0.7372209860033583,DRC
0.21911534831722554,HAH
2.5085288370208625,MCP
-0.04294927728495271,ABT
-0.5169265420067205,PIT
-0.2625401425899481,FRT
-0.1475413468964213,HTG
-0.2990618660787458,TTF
-0.09632902652683362,DGW
0.5212766297251732,VNE
-0.153934652797251,AAM
-1.587874351826085,PGC
1.7524656349472614,ACG
-0.026900648016406785,GEE
-2.4781371178691276,SVT
-0.19992334128665865,JVC
-1.3754890123832222,FPT
-0.20112434381447442,TCH
0.5498781891015818,MBB
-0.15127629704320736,DPG
-0.058403556424593585,DPG
0.574621485757027,PTC
0.4655080179665033,HVX
0.4674281691824107,DAT
0.34470081674030195,POW
-0.5423210549540403,NAB
-0.6232465777752323,SGT
-0.2343040093071284,HHP
0.2495410737516241,FRT
-0.00526842168248047,TDC
-0.6894651765438397,SZL
0.027434199616881812,C47
-0.7429493144191052,VSC
1.6807347254160283,SZL
-0.09816317593315414,AGR
-1.9534791487321614,NAB
-1.9197295568081612,PDN
0.15762286392956606,VTP
-0.9002615879693995,BKG
1.0328195201683157,APH
-0.71409329982288,SVD
-1.2812329427414448,BMP
-1.3401516437178558,PTL
-0.765741555533399,FCM
-0.11776188763507074,CSV
0.7332710219809837,SBA
1.1914835846759344,EVE
-0.3834165030494184,NAB
0.16125846551847173,ASM
-1.323934569582664,SHI
-0.8877812914704502,VAB
0.8653238569062266,FRT
0.48601008010868496,PGC
-1.0567749028038245,STG
1.311174927297709,MDG
0.39266479166589413,CTF
0.0053002998141508054,VPS
0.1644823991330036,VND
-0.1557301283526663,ACL
0.581574491544564,QCG
-0.04294927728495271,ABT
-0.6031488834894002,ITD
-0.2425367430784664,IJC
2.477958064827647,TNI
2.643255621301514,SFG
0.149338326450246,IDI
0.18840459212888264,HQC
1.3216354668411336,FIT
-0.3952905591078968,BID
0.06403536797067133,SMA
-0.039068905303655886,FPT
0.319344807265459,VSC
-0.5756230288583308,ASP
3.0810069084544582,NT2
-0.05920263988711229,VTO
0.5285340826042128,FIR
-0.22588782434845087,SAV
-0.2948384135283304,EVG
0.14808099734215266,DAH
-0.055042112449134296,VTO
0.14240701663090966,KDC
-0.043900548160177646,DBD
-0.35656985841353483,FMC
-0.017662828690438694,NVT
0.729569249912081,CTD
-0.8474854949694192,BCM
-0.17266593826518709,CVT
-0.8811762241682157,TMT
-0.3237885182348604,CTS
0.3536194250640001,ST8
1.5986025978399125,IJC
-0.9883942697323453,SVT
-0.13792173235229224,GAS
0.17224171714648026,ACC
0.2244999971875048,VOS
0.5270761162840183,GIL
-0.8553794268123409,NHA
-0.4332383169039135,SHB
0.4405143374506042,HSG
0.6947258060914846,TCT
-1.5544347925520312,TDP
1.7732538546770409,HAP
-0.3496230299445084,PVP
0.5401567560913783,HMC
-0.19139846810633396,DHC
0.5639991057659359,ANV
-0.3117933402976433,TV2
0.6161342263890475,ITD
-0.12231033414209148,TMS
1.6918793095746225,TCB
1.2609105653026729,PAC
-0.7289226581682623,VCG
-2.9784637251019537,ICT
0.7505169981200934,LM8
-0.06289412711947527,TEG
-0.28140315096536317,TTF
0.6988481009251558,ITC
0.40262896094666095,DTL
0.14734244374214758,KOS
0.9883186528575165,OGC
0.4693316585322855,ABS
-0.7369777811077725,SHP
-0.3719799326891768,DPM
-0.5343246208595265,CKG
-0.1248043214358771,ELC
1.9197967146194495,DXV
0.7310967570176593,NTL
0.17617120380128573,ASP
0.2653955177190026,PTL
0.13079526594439292,APH
0.7990132029957598,TCO
-0.08451440599396241,CSV
0.45516312397625086,PTL
0.17982485966806785,VCB
-1.6194631203737335,ITC
-1.3411559646919935,TCD
0.9442247718115504,HPX
-0.2700497435812337,VCG
-0.040003774254101336,VSH
0.5577737907607243,SAM
0.35094691242925324,ITD
0.07744319114513677,VGC
0.8708753244890745,HDC
-0.38124214491855873,CTD
-0.5888904879815363,TCT
-1.2783057185265119,GEG
-0.2916039513027209,GMD
-0.019337463463892632,VTP
-0.36406923731867996,HVN
0.07572269820454633,DRH
-1.210605669299493,TYA
-0.35798232878029373,PC1
-0.5422557382278858,C32
0.2952150527149758,ITD
0.8641795020275261,PNJ
-0.01004722454884453,CTF
-0.16597540306451689,HVN
0.3601211965249799,GMH
-1.5369511976107517,EVF
-0.01574428151394302,CLL
-0.7679736214191183,BHN
0.0692824493497789,VPH
-0.5851901600847936,HAP
0.9875833700865131,TBC
2.07444225642415,DLG
-2.6882284330248205,BMI
4.730676097183258,SBA
0.5746481415263497,FMC
-2.2845303386979854,SVT
-0.5463692812908894,VSC
-0.26179413519884925,CVT
0.9470579517976031,SGT
-1.1744074748803148,GEE
-1.187669299197017,REE
1.4485062673136728,CRE
-0.07292025705733195,SHP
0.08227871182162728,HDB
-0.33714719152874434,EVF
0.5307251281151176,FRT
-0.6016279991704708,LAF
0.42880324505534045,DXG
-0.15758884454241862,TCO
-2.478299076898691,CMX
0.2867037952328764,ST8
0.2212853355312184,GIL
-0.9261376558832772,TCB
0.6636530238640183,ORS
-0.1795770395055092,HHS
0.49603871851410786,PGI
0.437495351465569,BMP
-1.8848870804502635,CTI
0.003959303627979109,TPB
0.4967802216470798,TLG
0.4763042674114441,VNM
0.4485398266224232,TSC
0.2259592909422597,PVP
-0.21039842522566662,SC5
-0.3820743145675381,ANV
0.46962366696412405,DMC
0.6633400311730405,LHG
-0.0049924012690083005,VHC
-0.03442921915365666,HNA
0.19332960807954977,LSS
-0.24634519492795917,CTG
1.7252263057131827,FRT
0.17785006848141363,PDR
-0.4228489383699152,TDH
-0.6522614481648582,PVP
0.7252654702013531,HCD
0.01889814935128961,DHC
0.1290327144334842,HUB
-1.6663304770015126,IJC
1.0494404134659774,VRE
-0.46573680914128557,FPT
-0.20707481991667318,TNC
-0.15555373719652582,MCM
-1.5372040723129354,SKG
-2.148424592678427,PTL
2.2260209626170866,TNT
0.8808461285936859,ASM
-0.011071580345109812,ADP
-1.0815713595765977,ABS
0.25792331567230686,FTS
-0.36765040169350216,OGC
1.0756638562036513,HU1
-1.5090958471103915,SVT
1.8731591890223651,HII
-2.0157595600534273,VHM
0.5008646754248819,SSI
0.08120912465617093,EVG
-1.1025066652844702,DHM
0.4560877798956774,AGR
0.47591226095418615,HTN
0.4491843960850709,LGL
0.5624954045065246,BCM
-2.520644818567566,IJC
-1.0298249665149004,FIT
0.3390137118428126,CRC
-0.37989349847801446,CTD
1.5430897372132282,FTS
0.16411041177516178,NLG
-0.3512199350414891,ABS
0.23577799875705674,HAG
-0.18923640629951072,STB
-0.4646130408698329,DXS
2.099165116518945,HTL
-0.20509196776753505,HID
-1.0269528035752051,CLC
-0.7971888401597838,S4A
0.037449764337897366,PPC
-0.43043918875896464,GSP
-0.21459422215146254,HII
-0.8712899311055208,VPB
0.2285971131898654,TNH
-0.20003444663400163,BCM
0.9428858107529955,DQC
0.03618225777717025,CRE
1.19042906974563,VRC
0.25389588486483217,VPI
2.952632914309637,HTV
0.6241162155717934,GMD
-0.04242427125486975,CTD
-0.6633703216568385,SJD
-0.07810279925229138,CNG
-0.25118430960104166,ANV
3.3584530749859733,FMC
-5.51598776939407,TCL
-0.0566987207673991,DAH
1.0263408913597754,DRH
2.3948000354196957,LSS
1.0037756351239915,KBC
-0.23415010028849326,VHM
0.6272461276855111,OGC
0.5374865754132097,EVG
-0.08993201280462487,DQC
-0.3075566544170372,HTN
0.6641171595406583,VPG
0.9335850102158254,DGC
-1.651214268094691,PAC
-0.46078887483735054,HDG
-2.471754554161386,OCB
2.144694739064329,SMC
1.3021353197148038,MDG
-0.5210769334319293,VPD
1.4448982605029939,TDH
-0.7310014185177423,VNS
-0.3619476883285807,C32
0.5932899736234332,FCN
-0.6038577421356137,CII
0.03381830412202131,TVS
1.4279609890473586,OPC
-0.6697159409569032,ASP
0.9059169641310287,NAF
0.009208852275549986,TMS
-0.2371556704970337,CHP
0.3114249240221898,NTL
-0.5265059690583828,VNG
-0.22834469160604395,ASM
0.3132152151673017,SPM
-0.5615049598570157,VPB
0.48762920807108606,PAC
-0.6020535844979652,HUB
-0.6192650369419876,TNH
0.05758224489955413,CNG
1.0369225227822503,HSG
-0.14277350398230354,AGG
-0.29402317773287706,FPT
0.4553952817556725,TDC
-1.4476998810688828,MBB
-1.626547278308479,PAN
-1.1437172320394362,HVH
0.34680011006751527,BKG
-0.648198313954754,CSV
0.4974554479787478,DCM
0.0023951870223284273,VTB
0.66908734304223,LGL
1.3804652985793235,AGR
1.7776938530586799,STG
-0.3443178772898111,VIP
-0.05427578122724081,TDH
-0.7418509516771944,MIG
-0.3425838217233019,TRA
1.419071028048909,DGW
1.1141966224732742,DRC
0.32146710487520597,DRC
0.25708669463854666,TV2
0.07257879572305459,PC1
0.15798068872946136,TNI
-0.004864726025937184,MCP
-1.5428580555772835,FIT
0.13263505085166957,TCD
-0.14958835421594494,NTL
0.9419923223896239,PTL
0.0324173028238746,NHT
-2.054168671664924,NVT
0.34462477798340657,VPD
-3.7253512048724993,FPT
0.39458902646708227,FCM
0.16042578765643928,HSL
0.3368541378425235,SAV
0.13189053287355595,QCG
-1.0866459312054166,DVP
-0.3403921294553353,NAB
0.0053002998141508054,VPS
-0.006974362964496282,SVT
-0.7789629159409504,BSI
1.9001323223078448,NNC
0.026941231610136597,MCM
-0.7499149973337641,HUB
0.27462588024871376,AST
0.001551846068671221,CRC
0.4301681831605715,BVH
-0.40554600710060695,HCM
0.5450208437611455,SVT
-1.4434800097360456,TNC
-1.3492352860909653,BBC
-0.4728334850770496,TTF
0.44825294298417007,CMX
0.23332893475891564,SRF
-1.012226419079566,VOS
-2.73031512960911,SIP
-0.5449482809534716,TCI
0.5056785585152801,VDP
-1.2113543786565621,HNA
0.38740241100984624,MCM
0.9742951712823263,LSS
-0.017295779253476598,SZL
0.3720866256711482,LHG
0.6846127027321839,BID
1.5973587487180367,GIL
1.2418270816818355,BWE
0.03154598345416735,VNE
0.049684173164901306,TCO
2.423727219052863,HPX
-3.316669078486115,BMI
0.1503759627426294,KDH
-0.08300428583309638,HAH
-0.1479524450016369,TN1
-0.2169268028872398,GEE
-1.6478330812023514,BAF
-0.017295779253476598,SZL
-0.07307189426187215,RAL
-0.00233886418680605,BSR
0.06812859919286623,CTG
0.5917955399312054,SAV
-1.3558531216403151,FMC
-0.12423520503867155,SGR
0.16433551337013316,CSM
-0.7018536260813139,DPR
0.2074683377722441,HU1
-0.028447939713307804,TCR
0.19082574282938364,LSS
0.17464396044780292,VPS
2.104811110591827,PTL
0.6059220527031677,EVF
-0.017295779253476598,SZL
3.91419160963963,AST
-0.8456339190700599,BIC
0.6207367631617411,DPG
0.7169237774430282,BCG
0.47673722391925955,PPC
0.16042230148969516,CTF
0.7332160711341185,SBA
-0.48745313663242823,PET
-0.3725694919208798,KHG
-0.41331890706151664,TPC
-0.6578232699039227,BIC
-0.4925442863907388,NTL
-1.1475490889004176,ADP
0.14686337485289358,HHS
-0.4750149335228545,CKG
-0.22190260233844575,BIC
2.5264715138382527,TCO
1.3969605334085533,HTG
1.2780780075809488,VCI
1.3397400474459737,CTD
-0.0006605313515093568,SSI
0.057645725020512364,DTL
-0.14942929203606448,TCM
0.43235151165621566,EVF
0.9983702509936125,FIT
-0.1608109713373864,PGI
0.8283700985345439,CMX
0.008078648031764968,ACC
-0.26024372826332054,SBT
-0.19275549084376364,APH
-0.5512541220617528,ASG
-0.4739970122156524,VCG
-2.1806685702140274,CTS
0.42915758876872495,C47
0.0007264038441690482,BRC
0.6813287692217109,SGT
-0.8489979708896814,TN1
0.38323551523318883,SVT
-0.15569889645711754,SBT
-0.4470538497505872,ANV
0.01399729444144872,PIT
-0.642864162150482,BWE
-0.22975992231493883,PHR
-2.198712510085995,PET
0.13517893190350272,HAR
-2.190119107105805,CRC
0.31251077630749224,PNC
-0.7402297634543729,LDG
-0.5034912444125943,AGR
0.8391329823089357,HHV
-0.07023277964745793,TMT
-1.835389493608517,ABR
-0.29932880177490895,DSN
2.989477461814294,CRC
0.015075088486803464,DCL
-0.044890656068632774,CTD
-0.397726902602987,VOS
0.023976770320009815,PLX
-0.238385369688497,CNG
-0.2253251829990243,LIX
0.3515732099929049,AGR
-0.4718310345039469,PDR
-0.9240627951400678,HTV
-0.09788187251434413,BMP
-0.06987567076921664,VND
0.222537699284014,C32
0.7983987657508944,BHN
-0.40649830251849417,SHP
-1.4373999449740182,VIB
-3.306484802859631,NT2
-0.9125284943524974,BCG
0.5297752158554325,BSI
-0.8299036304462851,VJC
-1.2053122435607702,TDP
-0.5364443656865308,DLG
0.998090259187037,POW
-0.23162183807376435,TDC
0.34120360312893505,GEX
0.4291134525186468,VIX
1.1534771325575581,BCG
-0.4725643885326734,MSN
-1.4666398058466512,PGD
-0.8257867534922936,FCN
0.5183122632872444,S4A
-0.09587170793522273,ELC
0.08582548281264782,TCL
-0.9799611189291217,PGD
2.7693671551201593,CRE
0.617966355636462,EVG
0.5198771823882642,ABS
-1.094869387609767,SGR
-0.20364620709356662,VIB
-0.2008128303751192,DPR
-0.23288806722409813,VJC
0.2761665208058847,VHM
1.8534024227946373,VNM
-1.371313288395155,VNG
-0.511038502038726,VDP
2.0208244222935705,TCL
0.2552361261477052,VIX
-0.31799970257341104,TTA
0.16637327509871513,GVR
0.2502992061341604,MBB
-0.8625549855456984,HT1
0.8511155949346543,ASP
-0.3115915403258114,FTS
-0.9933450655100705,TYA
0.1439478926866148,KOS
-0.4477157743600572,NHT
-0.08623927077754011,SGN
-0.7463684973194671,ANV
0.0324173028238746,NHT
0.003030631788115741,SGN
2.0662630575978302,TIX
-0.9715887310000837,DBT
0.10691164564198714,BWE
-0.06591765142839694,TIP
-2.9773026585978855,DPR
-0.20273981827488008,NLG
0.09253364497426221,EIB
-0.04251588552388645,FCM
1.8528293287294384,HVH
0.5809863502788808,DXV
0.895196212801006,CSM
0.4948203048089344,NT2
-0.2052899580476958,NTL
0.4834899041843818,SZL
0.015607452319873193,IJC
-0.0657239172743395,DRC
0.151282970839743,SHA
0.23628957991009103,ICT
-0.8535702336556673,SJD
-0.2986307102208609,AGR
0.0623620623091895,HRC
0.47463751211746663,NAF
-0.028599439991756733,ACB
0.7203779166985246,SVT
0.034422787801548956,TDH
0.035676689866664224,GDT
0.24399401935434298,VCG
0.19593412838110633,REE
-0.8024296220059711,BBC
0.6172027596409952,GMD
0.9887431958625323,CHP
0.24654758581179162,VND
-0.7900000120577862,ORS
0.020086310615538713,NVT
0.5745854512530809,TNC
1.1302405047534274,TTA
0.2943309970064277,TLD
-3.004127812896512,HT1
-0.4512585633895369,CDC
-0.08722594817627718,VCB
0.6071083698983586,BID
0.48697363665545096,CMX
0.8172859086160198,VNM
-0.8354069006724956,BCE
-0.03796103738210988,TIX
0.389522665586383,SCS
1.3403919097045485,STG
-0.6365184101644634,VPS
1.9100860249604352,VCB
-0.016244576366109025,NVT
-0.36968825941177197,VJC
0.23234770580645503,C32
-2.1902302761485934,BBC
-0.031912303747719216,TDP
-3.1290436713889136,VMD
0.00209073858101088,SHI
0.4828793868364957,VPH
-0.06904728236700747,SAM
-0.7052480579426479,TCM
-0.886082790486318,CTF
-0.5634864438110222,FCM
0.4307386975884908,EVF
-0.08615030751900414,BMC
0.21949534316789832,STK
-0.28574623575073776,AAT
0.13677306023135938,PLP
-0.780633764982274,NVL
-0.20590769983800455,TV2
1.0292002714194481,GAS
0.40671646198547695,IDI
2.0555233383556057,CTS
1.5569545670844445,SKG
-0.35383943311046157,PVP
-3.607691711229314,HMC
-1.529780061768734,QCG
0.7135366817417413,HAR
-2.257608314044388,DAH
-0.5357456617470581,DGC
-0.35401071291316943,TRA
0.8783785834751452,VPS
1.7352780762462896,DPM
-0.323354937490697,CLL
1.5939949554504182,LM8
-2.015890054660425,SC5
-0.10592818814111078,SZL
0.23628127986613193,BIC
0.7172976784769627,AST
1.218495073122393,LGL
1.0432173098666626,KDH
0.052471503909925596,ABT
-0.6277612987138947,NT2
2.819771424021544,CNG
-0.25051243229737086,UIC
-0.1368634360250863,HCM
-1.713317796652584,LSS
-2.058039950756238,PTL
-0.8923630879210743,SMB
-0.8028556314806028,GSP
-2.877067119158239,PHC
-1.3804653003331813,ACB
2.4058415356606426,SFI
0.03154598345416735,VNE
-0.039068905303655886,FPT
0.15145902671674524,BIC
0.6866840105000093,BMC
0.015672944538421517,DC4
3.0467110885172146,BIC
0.1950661007901562,TCO
-0.18537034159073384,HCM
1.2759323363896407,MHC
-3.1502907562813136,POW
0.05301402030039575,PTL
0.0324173028238746,NHT
0.015756027169093047,CII
-0.3438286150173633,DCM
0.16165835975473722,SC5
-0.3698710584752013,CHP
-0.9228739182448339,CRC
0.03154598345416735,VNE
-0.1248252147125235,LCG
0.06257195003122915,SHP
-0.388651180859678,FMC
0.20120017648732164,SSB
0.10951681242181655,DXV
-0.9665772785578434,VGC
0.015640677262310918,GTA
0.25857858206582685,PTB
-0.5269952298091334,DRH
-0.03625189756856241,DPG
0.040324663991315846,DCM
1.0104839152533402,TPC
-2.463068748067704,DBC
-0.06289263414386777,DHC
-0.04386165855295459,HTI
1.6120527519632506,CNG
0.24395560999641333,DMC
-0.5766469209351683,NHH
1.2916711748588934,DRH
-0.46242057420628385,ACC
-0.24132080255369112,CDC
1.2384391831541737,TYA
0.8877730410835755,APH
1.3143788142159578,SGN
0.8472548681977311,CLL
-0.11651332301822656,APG
0.6059102929597823,EVG
-1.0735529732507132,ORS
0.1268368524115644,CDC
0.041690769470247226,HAR
-0.202809002423838,VCI
-0.11462125006498936,TBC
-1.31748756662791,ACG
-0.5281531374179497,HSL
-0.44708791443687734,GSP
-0.7496992814213225,HAX
0.026296599896096524,ACG
-1.0639962623278918,NSC
0.012218108021401225,VSH
0.04608311046099352,LDG
1.270208931623227,VCF
-0.01566176893035851,BID
1.3219242498037906,TCL
-0.15883901959077948,NVL
0.4518212860606941,VHM
1.733890749498508,HCM
0.23783373008483913,TDP
-1.3195788955478296,CMV
0.39582674992943306,TMT
-0.11145491896843981,SFC
0.5038702079380343,TVS
1.8177986690368089,IJC
0.6071429892209654,SZC
0.19574706754184373,LDG
-0.4310117605047056,ABR
-0.2060660690162527,OCB
-0.011079680896905272,DXV
0.11150416187401804,FRT
-0.471095924729757,TLH
0.1030565230097809,VSC
1.02736717349158,SMC
0.8916679810162962,VPB
-0.643594889920505,PVP
1.1740457737724728,SMB
1.6624080443557743,VJC
0.5592362896267854,TLH
0.7796197000033752,DAT
-0.18438313089891725,IMP
-0.21164267343801535,SVT
0.9055337378209428,VRE
-0.4430657402930831,TIP
0.9113111837252869,KMR
-3.0276815758338973,POW
-0.007402523705726499,OPC
1.4239254118039248,DC4
0.5777718316347943,NHH
0.3032394232699371,HII
-0.8515128486585377,SHP
-0.2900093767460522,IJC
0.01399729444144872,PIT
0.16586656443653394,NVT
-0.2374331777213807,SAM
0.0164304416159231,SRC
-0.9133323433999243,ORS
-0.21175969840040917,DHA
0.7889537171676463,CIG
1.9200966926976284,BMP
-0.8338604568527545,TLD
-2.639696462148403,DVP
-0.9032921200316755,D2D
-0.8606583107209772,DBT
-0.435748792067658,MIG
0.014104344966181522,TNH
-0.666159913506956,CLL
-0.07840086024961139,DIG
-1.399343244557859,IJC
0.20831893504924257,YEG
1.3952147697836002,PVP
-0.04220018171487552,DVP
0.8158735330500394,VCI
0.035676689866664224,GDT
-1.4678606316448806,TRC
0.238556171902391,TTA
-0.6021414846412537,TMP
-0.3741237254830265,TCD
0.05909975057017358,TSC
0.01459725152390297,FMC
0.13399990919486068,CTF
0.35869609852559736,PHC
0.12215125255980461,DPG
0.23080475475161594,DRH
-0.37557378710002387,PDN
-0.16878716500425517,BVH
-0.47193380538131136,VNS
-0.4646726579634122,DXS
0.9514966200443167,DC4
0.017275768872348746,TRA
-0.17042633801615834,TDG
1.0158286335214883,YBM
0.6726846260606163,NHA
0.012677815929662398,HHP
1.9976861836236655,CIG
-0.0019336602746562672,LM8
0.06686348349919376,GEX
1.1217757859249677,DBT
-0.38202433364777694,IMP
-1.2617616653721635,NLG
3.1421939732096593,C32
0.5164205386409918,HAH
-0.5690420269053916,ABR
-0.03629801188803617,MBB
-0.7485234516462388,VDS
0.19176057450012945,TIP
-1.1463115355522298,MWG
1.0212124505294147,CTS
0.7620642576650868,AGG
-0.6410111614255222,FTS
0.2566555453565015,HUB
0.8696925074457291,CTG
0.33211647943191586,BRC
0.12142747967847366,GIL
0.2091423471381388,HDC
0.11495219527996427,DXS
-0.47881886304048527,FCM
1.0961283860230426,DIG
-0.27387061642479577,TCB
-2.1890481350551774,DXG
1.2823425227310086,VPD
-2.0613985520943165,DXS
0.4672882115698205,TVT
1.4071082602508942,DBC
-2.2127773399101627,SGT
-0.21192017148954745,PTC
0.37943927601720345,STK
0.3510189331325667,ABS
-0.28287643975048915,TCI
-0.00482463613328233,TVB
-0.7932587071049704,DMC
0.2691662130303317,HDC
0.003030631788115741,SGN
1.5107590728258855,GAS
0.025286651832193426,SPM
-1.1712017045923881,KHP
-2.0220583708715103,ANV
-0.28956687132723474,AAA
-0.04138732705292269,LBM
-0.5468386169869685,DGW
-0.04456789668457416,HPX
0.44813134512088126,VJC
0.7433960434131885,VCI
-2.4188118169246304,VDP
0.12245448561394785,BVH
-0.5909413435360896,PTC
0.3817249531462982,VTP
0.1379397221021997,VFG
0.6518245472627802,ADS
-1.3981512296794543,IJC
1.596046120204978,VAF
-0.19716031013189922,HCM
-0.14263572859257528,BCG
0.01645569009551116,HAS
-0.5826546531846174,SIP
0.003959303627979109,TPB
-0.22030873883248756,GSP
0.5078409372827268,CTI
0.480570246297696,HPX
1.2702345535142987,CLL
0.15078763782459467,TEG
0.016243362524014825,SKG
-2.3856180037069215,THG
-0.801961100236782,VIP
0.2889606139463261,TCO
-0.2888585846610079,PLX
0.35707842370534737,ITD
-0.36285691359754524,VOS
-0.982546604898466,BVH
0.23976156221945968,VGC
0.18932411694106904,CNG
-0.2258954498761238,TDP
0.2047983693854888,PC1
-0.2868590577600445,LGL
0.35439895881722405,HPG
2.008489630393714,SRC
1.1475954366927354,KOS
-0.6419568558913399,NT2
2.3413193712432503,ASG
-0.23393728485190113,GAS
-0.11902344938372163,CMX
-0.5624534409764749,DXS
0.5904385624321579,ASG
-0.3815551329234388,PPC
0.8192568935538079,VCB
1.5539226159789907,TYA
0.7279136073104648,THG
0.03706341576841501,C32
0.2024616081253464,NBB
-0.36172850512847504,DRC
-2.2833833055583086,FCN
0.06498218563453641,KMR
0.401186383177573,SHA
-0.5775962954965339,TDC
0.008703668770632687,BTP
0.4957184676949139,PTC
-0.008373754902828255,DHG
-1.2127031589589454,VIB
0.03724311386447903,PTC
0.06904898851637811,HVN
-0.48835949269812784,NAB
-1.0023957078957029,BMC
-2.3945476356329376,SCR
0.34403146173866694,LPB
-0.0038046280185152766,AAT
0.6104324681972789,SAB
-0.36335059668773156,VPD
-0.31324068813100425,CRE
-0.0014287976065902627,YEG
-0.07045125676528721,LM8
-0.032052652325111286,SZC
0.010052461188120178,TV2
-2.194262916541633,CTS
0.04613157431807294,EIB
-0.03442921915365666,HNA
-1.432319656983496,THG
2.734390571883717,LPB
-0.8392004350835639,SVT
-0.44793315314076937,EVG
0.04128408503271687,TBC
-2.653810207188012,SHP
-1.2133738714740938,BWE
0.44146940040945193,DRC
-1.122099474229774,BCM
2.184757946426638,GTA
0.3708673660971852,HTG
1.6323474052021711,HTI
0.22042676394603528,LGL
-0.19575849606572432,VAF
0.026296599896096524,ACG
-0.025419466230641608,NHA
-0.02280336060692953,TRC
-0.17220885250479398,SKG
0.37174868495727387,DLG
-0.43182220090114865,DVP
0.05214090731407867,ABT
1.6036849553590051,ABR
-0.3302258180788944,VDS
0.6547486445668607,ORS
-1.8343542741196444,HTG
-1.579970203200556,HQC
2.4338542781361117,TVB
2.185069777132005,DCM
0.6311173818384542,HAH
-0.2304697302657917,KOS
0.41430731899450485,GMD
2.56539173067179,APH
-0.10769623506219253,MIG
1.0828355095308897,PLX
1.0286999950145588,HU1
0.6308144205661126,VJC
0.13583565426241034,FCM
0.6599244778208985,CTI
0.3694833537717064,ACB
0.7952635846436623,RAL
0.0029509043181032784,DBT
0.6907158206074501,BTP
-0.15071083280837785,MCM
-0.0415689201823808,RAL
-0.4246637751219609,EVG
1.0597017550143235,GIL
0.3198918788201492,AAT
-0.44327900592191355,PVP
0.7737079509599538,EIB
0.8060695193200081,VPS
0.03706341576841501,C32
0.33366998495820693,PTB
1.3945499069865313,VIB
-0.13901851504063592,CTI
0.45031696766630264,DSC
-0.22345010454071967,DIG
-0.27850571675406477,BKG
0.3754646532949873,VSH
0.5200536281903839,SHA
-1.1945162249361272,HDB
-0.2566341027457881,CTD
2.2373915912167246,ASG
-0.8757482528213772,APH
-0.017295779253476598,SZL
0.034665017933939175,TNT
0.09119567254129358,JVC
0.3672120634445798,VIB
0.10838306753702007,MBB
-0.8190355352816119,BSR
-0.3698819270051195,HHV
0.08907138920504075,CTF
-0.003618052175033325,PGI
0.8741080685907787,VCA
-0.3730359397610442,DLG
-0.010235031288682047,VNG
0.11023134017981316,SMB
0.3778890457332382,DRL
-0.34708226416609383,MIG
-0.1052904206102378,IMP
-0.46117021975470235,TNI
-0.33980887080056627,VSI
-2.198321536644673,ITC
-0.4808920592328833,CRE
-2.2367973753592745,VNS
1.1507423242342085,S4A
0.05465655722112093,DTA
-0.45424199440983787,PAN
-0.1767068881707292,HPG
-0.49077886208400817,MCM
-1.7713726751217898,LGL
0.2530048352704262,YEG
0.26264559208038424,HCM
-0.13839704136870393,MCP
0.05209753569319194,CTG
0.09654206860831745,GVR
-0.5562168351172458,ACG
-0.04804975422624697,SSC
0.5875783455091216,VIC
0.4168731580030203,VAB
1.1155669826616916,VFG
-0.0030895986419726996,SJD
0.3592064522325302,NCT
1.0791454013568451,MHC
0.8140918383582574,SHA
-0.4300195462392069,SHI
0.9693694211428296,ORS
-0.057769003883801934,FRT
1.0809531037699123,VSC
-0.9422393134208106,TDP
0.8626295859533084,TTA
2.036500067263023,ABT
0.34851284518198533,SSB
2.108215573258656,AAA
0.8993880981950834,EVE
0.17863491796164793,GSP
-3.677697024419326,TCM
1.5431662937373518,CTG
0.606367559506926,ITC
1.3658273652210664,VMD
0.41577617610719814,VGC
0.009963128801333257,PTB
-0.008610516439201882,CMG
3.1268781460647146,TN1
-1.831148935953425,SAV
0.07031399555612082,GAS
-1.6833985833276404,KOS
-0.6409792068486042,ELC
2.2404791702819504,BCG
-1.1261973494358584,FCN
-0.38312404613375534,DRC
0.008078648031764968,ACC
0.1065925498132409,TRC
0.1460796108150663,VCA
0.6237142122552348,CCI
-0.8819199845366915,CII
1.034236855020363,ASM
1.9321033765269033,VPG
0.13115300326025434,MIG
1.7072203167225737,KDH
0.6473858085051046,NT2
-1.6427777294740262,BBC
0.026941231610136597,MCM
-0.011071580345109812,ADP
0.4708377537318503,NVL
-3.2162497865798767,ACG
1.4914617781385655,VHM
-0.16268055247563443,CNG
0.6844524456350105,TCT
1.4066659877307723,DXS
0.07307503254904295,CNG
2.053482208088471,VPG
-1.125568828918577,BHN
-0.41777028607435857,VHM
-0.7790943610838253,ST8
-0.14608923108576347,KDC
0.012677815929662398,HHP
0.23675657666848485,VHC
0.24571272145238415,PHC
-0.29704307239606914,ASP
0.24405117212586525,HMC
-1.3266725826645684,DBC
-0.15714147078977586,POW
0.9533551832416172,EIB
1.2902200751755366,SGT
-0.1651602167368318,DHC
0.7176898425835591,CTI
-0.3543298279951053,GAS
-0.27346044197079666,CRC
-0.10768935336932672,ASG
0.04545669419330155,ASG
0.07183872530255822,SSI
-0.03653896128548993,TPC
-1.14916052909178,DBD
0.5759536287048862,NHH
-1.2826000684213084,SC5
0.01811243066550267,CIG
0.14658061432849492,TTF
0.20923841517130934,ADG
-0.3784401873322759,DHC
-0.4009785794349419,BFC
-0.5818940581343539,GSP
1.9366362557698513,VIC
2.1120538187039712,IDI
0.01645569009551116,HAS
-0.8709303529315449,CTG
1.8794837027525368,STB
0.491116681984492,KHG
0.7360327279944561,CSM
-0.8355007290486253,TPC
0.4397213465237808,SSI
-0.09478904557085091,STG
-0.44291568517512747,DLG
-0.5375568869444536,SJD
-0.05307853066624077,HAP
0.09755020033638404,NVT
-0.5460788880083967,PMG
-0.00953636976089501,ILB
0.02084168342773609,TNI
-0.032806477190298916,YEG
0.3978713829407943,GEG
-2.11396601095364,BBC
0.27791243143441924,AAA
0.7151358710017934,PHR
0.3510095055631395,MCM
-2.759364978892102,TEG
3.1678995720021117,BMI
-1.1498775014235512,CRC
-0.01004722454884453,CTF
-0.1634942707329161,HQC
-0.37862354378160745,ASP
1.2818318233584771,TTF
0.30409304475931337,VRE
-0.2190137171206496,BVH
-0.5387989855679368,DXG
-1.8551037129549452,PVP
-1.0745690436368436,LCG
-0.9291851347009322,CII
0.05979890829996125,PET
-0.08377430179163001,VNM
-0.657001890445876,CLC
2.671658538703851,ADS
-0.03651321680886601,FRT
1.0334904466463526,CHP
-2.8754945323602725,SMB
0.9577148723712352,TLG
-0.6482143376180131,TV2
-1.0812680438327913,ASM
1.1081799782806074,NAF
0.36184135201830636,CIG
-0.7731013808662415,TCO
-0.18567556612716837,AGR
0.3690896216516714,BWE
0.2551412036787344,SHB
0.238107036446004,FRT
0.13960654753953586,VCA
-0.7187202864637736,LPB
-0.0014287976065902627,YEG
-3.025171510592894,VTB
0.2370870340853092,NHT
-0.11972705899236251,VHC
-0.3048642942278029,SSC
2.0693858515559747,TV2
-0.9653241614627354,DGW
-0.8226904980593162,NSC
-1.5091795658436271,CII
-0.5121856274275572,TDH
-2.73671475495001,SAM
0.5648210220883705,CTS
-0.0049924012690083005,VHC
0.8625459877146286,IDI
0.17070791358937393,ACG
0.42413836776351377,NSC
-0.08325129131192355,BMC
0.029208460341036874,NBB
-0.015585174148734268,NAF
0.7421217009101443,SMA
0.8252593717478435,NTL
0.3310410228019518,TVT
0.4444543547084597,PGC
-0.35822314480120176,BAF
-0.38394340301285207,KHG
0.24612893624425436,FTS
0.2827021481376208,LHG
-0.16762077183705928,GVR
-0.4966195087190064,VNG
-3.486279868882365e-05,BTT
0.05464612152356547,HTG
-1.2708260758071857,PJT
-0.10908585934005204,CTF
0.12372952801842006,KDH
-0.4016268898087627,CKG
1.0990522652014978,TCR
1.7313188381332223,SAV
0.6158420482442376,SZL
1.163838198803555,HAS
2.844916354549897,SKG
2.047169462726402,HHP
0.12962705339716965,AAA
0.21627288528846747,SBV
-3.013774681949814,HT1
1.1911936697866927,SKG
-0.06635791735072984,GEE
0.04931969202769326,CSV
-0.2055706890635197,PAN
0.8651702123826475,VNS
-0.00719836091860017,TYA
0.013465116801354671,CMV
-0.992945573255402,VNL
-0.426907652808191,TPB
-0.41056459053758404,IMP
-0.15434181154557586,MWG
-2.9880981232208033,PAN
0.1223455558621311,MCP
0.4192460746292202,TVS
-0.19838960267538494,ASM
-0.14953944461977334,GVR
0.45461188204526415,VTP
-2.426548160344133,LGL
-0.08093514835497545,FCM
0.8089037125241437,MSB
0.06917823925648343,ADG
0.41504507226244136,GDT
-0.08878056579454646,ST8
-0.22870379388484288,HCM
-0.6727676007399973,LSS
0.5546312909346839,VOS
0.4048559346902172,VCB
1.5187635773053383,TNT
2.2399939869985177,GAS
-0.90491185102204,CHP
0.2664269901336988,DGW
2.7486832989713035,TRA
-0.5928803299080311,PLP
-0.158325949992317,HII
0.008777466983687194,UIC
2.4054709648248487,TEG
0.8186107431085872,DBD
-0.05414771598016663,HVH
0.8533894869038647,SIP
0.11631585956191245,TCL
0.6210593396609381,DRC
1.4920568621562333,NHT
-0.4261606097394076,PVT
2.2386969061866244,DGC
-0.8444940194720266,TNH
-0.15139801945486883,ACL
0.7472937304290008,CTR
0.8634395990277882,FRT
-0.0015343096101767507,BCM
0.5478804589697898,PGD
0.37633487441423635,BWE
-1.205128689248403,AGG
-2.537247339953746,SIP
-0.4059675772228683,GAS
-2.3272745287946544,NKG
0.018790284058009407,SKG
0.9586961570877881,TNH
-0.4485727340378964,AGG
-0.009357836561759423,VSI
2.573648824522902,SFG
0.6510697532549159,CCL
0.028073826948156785,CKG
-0.3121187429840529,SMA
0.007956082369144593,HUB
-0.06320847569776304,HID
-1.6761421535405163,CTS
0.10200787957107446,EIB
-1.8050870603084455,PTC
-0.6150716678550093,ACB
0.5969625726543465,EVG
-0.4714741572062814,OGC
0.22297553816821924,VCF
0.22143276179066423,SBG
0.7480393477066759,TCR
0.33899719266414374,DSN
-0.5586453901223601,VNG
-0.5046832111957895,NT2
-0.4052980521039992,KHG
1.701625112408711,FMC
0.010052461188120178,TV2
-0.42452263187801076,LIX
0.03490476373496119,BHN
0.9843608636671848,DTA
-0.4445729038300021,TPC
-0.014758538099089393,VCF
-0.4276241907029278,DRH
2.7210960188467066,GEG
0.30466608160866215,DPG
1.547264151334797,BSI
-1.610388924031753,CTF
-0.23097915226935548,CDC
0.009208852275549986,TMS
0.3124150218406933,HDB
-0.37548283445118774,EVG
0.5567042578655224,ACB
-0.05696277480718531,FIR
0.22401542339527283,TCT
-0.5267216816885679,HTV
3.4355785797310685,OCB
0.15700327999623376,HAP
-2.568588265151679,CSM
1.991100423983366,CTR
-0.13585586204768615,HDG
-0.3699527903662059,VTB
-1.2573227624372292,VGC
-1.258623448837668,DHM
-0.9346432016011951,SJD
-0.18242494194634015,DGW
-0.09879736126353002,TLG
-0.6382119380733298,HSG
0.6096768159036696,MSH
0.06757523417215462,PET
0.0362638322978957,SBV
0.4613358513318509,CCL
-0.8944871519111754,MCM
0.0051826703712155,CTD
2.1385552077409127,EVG
1.332668031971304,SCS
0.7025892072266938,LSS
2.199674750853119,HAG
-0.4508650519300903,HAX
0.6275114981359743,DHA
-1.5653492707639316,VDP
1.1074412780019303,VIB
2.132618536166473,EVG
0.04914838870420198,PNJ
-0.05469475198803663,DXV
0.05211430168896021,NCT
-0.448174094472633,SGN
-0.5911604488256293,FIR
0.2747366661469713,HHV
0.12824694618171398,CRE
-1.2205227544650314,ADG
0.24159543803633315,ORS
1.3660253197501895,HU1
0.019727751281224896,SFG
-1.2109911872498254,CLL
1.544443341635109,CSV
-0.015585174148734268,NAF
-1.3706826300246215,ST8
-0.0406913853511416,KOS
-0.00827926827495327,SIP
3.2225540350892072,KMR
1.8826345603075796,DSN
0.2640050233035084,SJS
0.35114650770577155,SZL
-0.7046798880792461,ICT
0.12032783100331558,NAF
-1.0569223566840968,SGT
-0.9025921808606867,SAV
-0.233443886430964,SHB
0.6636249683088531,TLD
0.5636675545199543,TVB
1.0041510330716452,NLG
-0.03792875756055342,BCG
-0.3109559100598726,SSB
-0.13115931487081944,LGL
-0.11782475456125655,VIB
-1.7438033091915643,TCO
0.5981085270238216,PMG
0.13153083747375136,SSB
0.010052461188120178,TV2
2.225389221575377,TLD
0.320699410913583,YEG
1.0877622004855043,SCS
0.1413655244609496,KOS
-0.26586468329223806,SJD
-0.3006687736559752,HVN
0.10593086888443003,DPR
0.22168319889646776,PVT
-0.17065022264626561,GEX
-0.49606568896501635,IMP
-0.4831016602665866,HCD
0.02144605611736599,DXS
0.5832417849598511,CTF
2.348532337334709,HVN
0.4913935125676762,SGN
0.07401840576020992,TCM
0.07572269820454633,DRH
-0.48498438943690314,VIP
0.04503576612743704,PLP
-1.4883801879655523,TCH
0.334870652102345,STG
0.7185043226474982,PVP
0.10012074018885049,NO1
0.4682897230184711,ASP
2.302186686103307,HAH
-1.2866153113867589,C32
-0.7297885218134286,ASM
0.842977717182395,MBB
0.5783318635144467,NTL
0.006453295359853701,GSP
-0.1536940829372213,PNJ
-0.04393723603268654,PLX
-0.0039068908842595125,TPC
-0.445925913465628,DPR
-0.28338736118439556,VTP
-0.6841976914650751,DQC
2.44572968380514,PLX
-0.5419580310667177,BMP
-1.6561137417673442,OCB
0.10412593449012078,HSG
-0.06730158149996913,TNC
0.6828742521960816,SGT
0.18724435000051853,CLL
-0.5772799936314584,BWE
-0.21288116051912495,DRH
-0.2995234797862152,HTN
1.3209659493055395,TNC
-0.002329707142179974,GMH
-0.00719836091860017,TYA
-1.6540812401450933,TDM
1.04498152863286,TDG
0.3358618731060558,BKG
0.5070952328082627,BKG
-0.10132895377309847,LGL
-0.19482799716147253,VNS
0.31795893286985133,LPB
1.084297226216154,SFI
1.782689624145769,TIP
1.1298544975107911,HAR
0.9606207649077225,ST8
0.006453295359853701,GSP
-0.8817592005322012,BVH
0.20035029528886528,GSP
1.8326474710523983,POW
0.6701800557383603,DCL
-0.15045583119696276,CTI
0.02532553325489057,LIX
-0.1596424163157179,ILB
-0.0831212162376927,HTV
-0.5616172088745851,GDT
0.5025446353022321,BVH
0.3607018734918316,KMR
1.1256843606047624,TCT
1.9911809489615797,AST
0.43371705429197965,HTG
2.1718571916943485,ILB
-0.15985601050977274,KHP
1.1588354342980172,VPH
0.058370660579456515,TBC
0.18487432627775618,AST
2.7243779683280964,NAF
0.8696710987492986,DHC
0.01468769257699865,DTA
-0.01308294044311913,SAB
1.1590762009553675,CVT
0.020762476156149852,EVG
0.1684184611037756,MSN
-0.010290187609279433,SHB
-0.44747050972399527,FIR
0.987168654939212,HTN
0.020762476156149852,EVG
-0.0471458482976607,NHA
0.7280208434371144,ANV
-0.27752855633937495,HAR
0.9900389003428831,DRC
-0.19470712647302704,VOS
1.4480821000721893,MIG
-0.005426357313927966,CCI
0.02365177267205379,VCA
-1.9018996624066435,QCG
1.5742175164477594,REE
-0.9642105718971262,NKG
0.502549410395087,CII
-0.15154792495394956,ACL
-0.6473921736857168,RAL
-0.07845011629284045,STK
0.7973700233757222,DRH
-2.7065180954530783,FCM
2.8731198433119984,SBV
-0.12310565891568333,GTA
0.05465655722112093,DTA
-0.8527512742606543,HVX
2.7329698875927555,MSB
-0.4328405922278092,YEG
0.21166579017023,AAA
-0.3795501295864576,CTD
0.04528365041590317,THG
-1.1086999187960584,ITD
-0.018844144616995913,FCM
1.5894778786360275,HAR
0.8731577589551971,VCA
-2.1690295065981977,HT1
-0.5435273540690886,PDR
1.4000289769834615,ABT
0.8519110204390844,PVP
-0.37685298878675,VIP
-0.19219939965094038,DQC
1.5968751967945436,DBT
-0.40680910712639107,DGW
1.771605322353305,ORS
0.7233614590928338,TMT
1.3169151156778647,NHT
0.38661551662135707,SMA
-0.0264407812785305,VDP
-0.9634618942044219,ICT
-2.847860820448773,ACL
-3.6562269823876705,ICT
0.10812486563134527,VND
0.23262815068626844,HUB
0.6083372849201955,VNM
-0.3205060170018092,AAT
-0.12786846367296287,DRL
0.1433716773368168,BCG
-0.7218250670106596,CTD
0.1946671403409922,VDP
0.9847150910169481,BHN
-0.6911678031887835,BID
-0.01803149338245371,HHS
0.34425888368393814,TIP
-0.06275683120501604,VPG
0.7868330695052889,DXG
1.2045680682275648,TCD
1.1877163241801467,VHC
0.12324014595882524,TCR
-0.5006340980319374,AAA
0.009208852275549986,TMS
-0.4071622415993175,AAA
0.4170407940586137,FMC
-1.1645978686258571,NAV
-0.3515696517417513,AAT
-0.13367054263534958,VNE
1.5012887477482706,HU1
0.6848311962492123,BRC
1.0759441317938232,PLX
0.9574817232702835,KBC
-0.5266509246312145,LGL
0.09526911641258588,TCL
-1.7096111669449543,PMG
0.8546060616182639,VPI
0.08292617570543175,CLL
-0.033255527793116156,KHG
-0.11906472722155374,VDP
-0.11078528593925156,SMC
0.0029636586061703393,HPG
2.217736593394729,SCR
0.7009517302470749,LSS
-0.31187353886062236,FCN
0.33402348570110696,TDC
-0.44797713080640417,HII
-0.1699018067658132,VIX
0.03381830412202131,TVS
-1.1260742453205579,APG
0.4572576715748341,BCE
-2.6491923748803683,MCP
0.43692671814227885,YEG
0.5596417870037096,OPC
1.161111136670255,SSI
0.12195234171336927,PET
-2.3009755663244253,DPG
0.33385296006354537,BSR
2.608979541778035,MIG
-1.9226476305942914,ACB
0.8126302117867915,IJC
-0.00719836091860017,TYA
-0.3238714819953399,NO1
0.15958680727008562,ASM
-0.4332426871172921,BWE
2.0809405015347417,DC4
-0.2899021598944299,VIX
0.39600764770499086,BSR
-0.00953636976089501,ILB
-0.373699091039108,D2D
-0.023989096304515546,VNL
-0.5425473203481289,DXV
0.0719945117369565,MSN
0.017275768872348746,TRA
-0.7834984336159642,BWE
0.2923224363313201,D2D
-0.2499124303238232,SGN
-0.07254921480649242,GAS
0.37800098295855666,STK
1.8297636992081083,GDT
-0.06260106070797893,HVX
-2.840091775231595,MIG
1.0394125256995623,HDC
-0.0406913853511416,KOS
0.9264463417113734,ACL
0.04545669419330155,ASG
0.028813633490521434,VID
-0.38976849983336176,HVX
-0.3505031643255864,TTA
-1.3144499444424687,GEG
-0.05295922646624486,JVC
-0.514924115022634,ASP
0.2753835181777366,NNC
-0.21753965423200283,IDI
1.9310893116246013,BMP
0.4923367907958871,CVT
0.7921811972054109,FPT
0.3736565149604039,HAH
0.23430854187527955,SZC
-0.7039224314085182,IJC
0.029626090837454145,CCL
0.8730217506170973,HAX
-2.5088105664113507,CSV
0.003175982886676942,MIG
-1.8771694425137722,QCG
0.26510774459429554,HCM
-0.47226760882893876,LPB
-0.13208489532223,ADS
-0.09341182328739817,NO1
-0.06685045880237349,PHR
-0.35139035263269797,PDR
0.7996329110774236,DAH
1.7713105024853069,QCG
2.8400319773342306,TVS
0.15180280658264841,VMD
-0.19877192515733202,HQC
1.8714333063304303,MCP
0.43091352781301806,HII
-1.3435612413285245,BWE
-2.988756516628505,BKG
0.03080125194786874,KSB
-1.195734201256194,FCM
0.05909975057017358,TSC
-0.7698605517744741,CRE
-0.03555762985010979,PHC
-1.3154642219086528,CKG
-1.0011007300714576,HU1
0.97182098236267,CTI
2.4469940104626415,PDR
0.4015209498842063,PJT
-0.21628411631220315,MSN
-0.5046925740798927,HVH
-0.23330298998629886,CDC
0.27022177650483864,CTD
1.859734504987363,SHI
1.1161611026404974,IMP
-0.6295951778576508,PLP
0.008777466983687194,UIC
-1.8183901876243929,CLL
-0.8002827121632112,CTR
0.041690769470247226,HAR
-2.377469132169788,APG
-2.3748648458872608,DGW
1.8242637544498932,VCI
0.19712796512262581,VNS
-0.09978252195884289,JVC
1.374371264365679,FMC
0.5509303226688882,PHR
0.530201994945741,NAB
0.4149267037677465,DPG
0.2899938382959568,TIP
0.5780346747367356,PVP
0.022876160959303934,AAM
-2.6692035270114096,TNI
-0.1525164885588119,SSB
-0.4254336805976599,CMV
-2.778086024090775,MIG
1.612511275795501,SSB
-0.006222087480280274,MWG
0.13450902522859323,FIT
-0.5302395856036312,SFI
-0.16642450313626345,VPI
0.08870946232028855,SZL
0.006207182326561493,MSB
-0.6648205127251319,PGC
1.1266132885158915,TN1
3.4549651167526485,TCM
-0.00719836091860017,TYA
-0.6876707129012003,TTF
0.7097347594373153,CMG
-0.05058833284876582,PTC
2.114992388408158,HT1
1.111280562136152,DSC
0.3209308555256932,DC4
-0.344894939625068,PGV
0.43838764063390445,C32
0.1828281616791259,TSC
-1.2480913890211094,VND
-0.49405763979996126,HHP
-0.9906982943785848,TSC
2.56542688275821,NHT
0.017192709580587395,ACL
0.19544791584707227,DQC
-0.6671184619172965,ASP
0.012274989498509439,SC5
-2.8783091568785504,GEG
-0.33469743952976366,VND
-0.552391307599141,EVF
-0.4306137543659605,LM8
-0.003618052175033325,PGI
0.4444180328283015,PLP
1.2301518264780844,TIP
-1.235445664090463,CCI
-0.020564292720653403,VIP
-1.5989513012514094,HRC
-0.7132781328033411,GEG
0.21764885796366024,GMD
1.982780459105415,DSN
-0.01659875065797871,THG
0.021011504725503907,AGG
0.9968900306294225,VCG
-0.6894876640286192,DCL
0.40088926336358477,AAT
0.17426973145318425,FPT
-0.07893475162880048,DTA
-0.542798239177942,NLG
-0.8043982556570687,BSR
0.43095075317091325,VID
0.8610435843647525,BCE
-0.3490629584736859,EVF
0.31865411379355174,TDH
0.65505673913962,TBC
0.017758407100607606,HAH
0.37495749251963756,VSH
-1.1579974040705043,ABR
-0.6470694305135944,VCB
0.7740848970511828,PLX
-0.5609133031189318,GMD
0.24479491864992964,VPG
-0.10335594401916683,VSC
-0.42116999975869224,ICT
0.3074259406396537,SJD
0.014303895794980726,LSS
-1.2255511949843272,NTL
0.11219626951319306,DCL
0.07194023816964795,LSS
1.2983390490530782,PGV
1.2343814028306461,CMG
0.9628117083606921,HHS
-1.5234278520557247,RAL
0.692086519992937,GTA
-0.3118422501494907,LSS
-0.03193702628664863,NAB
0.018123257665535648,SVD
0.6488164578497101,VIX
-0.5738831768367552,TCH
-1.6737740304947708,TMS
0.28509849588361674,FMC
0.14273049409846572,TPC
-0.06616615332183193,DPM
-1.029493105006926,NVT
0.31229016209908056,DRL
0.001013232608016712,VRE
-0.11637157038103793,TDC
1.3801710854054057,LIX
0.02676723197583641,CVT
0.37957557255970825,VID
1.1341282735393148,HU1
-1.3798924894558346,ELC
-0.3602603332650637,CTD
-2.718210541876128,AAT
-0.004694580843479522,LAF
-0.35940186065376206,BIC
0.2898443299812728,OCB
0.5501379594367971,TPC
0.10637577900088263,BVH
-2.0342816057659783,NBB
-0.6007972529764902,ORS
0.2882408809593424,PGV
-0.9136354129443236,YBM
-0.6773887518142749,QCG
-0.2857775619979765,SHA
0.0362638322978957,SBV
0.0749375896947615,SRC
-0.26857487166369454,NVT
-3.3075913901526786,SAV
0.13720892388772354,DGC
0.35143334078047217,SMB
-0.03611241160351432,TBC
0.01227549044565495,KBC
0.7803257864832561,PTC
0.11486340084299825,BCE
-0.8686213377273162,ANV
-0.0871267487752514,HCD
1.0654697995907871,ACC
-0.10432500291061252,PTL
-0.010977080842714097,EIB
2.171200056069053,FMC
0.2845905842253032,JVC
-0.3991818124264249,DGC
1.2456491856642413,HAH
0.5910533795996165,TLH
0.5045451537921954,BCG
0.05162313544563065,VPS
-0.05517217557837257,HTN
1.719217085384745,TNH
-0.2868085747992753,SJS
-0.48737427833520414,DAH
0.29030276412260325,VCB
0.4226157457392247,ST8
0.6310852559892544,VRC
1.6956128292208654,ADS
-0.27616363615729583,CMX
-1.4075232739827743,TBC
0.15301636909951968,SAM
-0.07805646956611195,NLG
0.861172817120146,MWG
0.37109654175842766,VHC
-0.12637969277012578,HAG
0.8939414712306673,VIX
-0.25509682122294036,NTL
0.261384856267203,NLG
-0.4524070093354565,GVR
-0.8359400433107218,HSG
-0.20121426287346647,HCM
0.45187992205635563,DGW
-0.6621375648556441,FIR
0.10307382565373835,NNC
-0.22642853242047986,OCB
1.5719314014168946,SPM
-0.30005756396212924,LHG
-0.07488361550105098,SGN
2.964516515760385,DPR
-0.12042633094663671,NO1
-0.08327812663873752,ELC
-1.0089875152441303,TDM
-0.3275602826722885,DTL
2.498395395350705,NLG
-1.1693470842932983,AAM
-2.0358591561222443,PGV
-0.13532996022217955,HAR
-0.25104749516634917,SPM
-0.17144705906547214,OCB
0.11370253404156734,MCP
4.829458276379398,NSC
0.0476412743390923,VSC
0.020086310615538713,NVT
-1.5172910473820935,MDG
0.3571391822807879,PJT
-0.04007052630584957,SMB
-0.9961290739510432,SMC
-2.444144754081917,KSB
-0.9786210075542026,MCM
2.310026358173371,VCF
0.534152945690828,SZC
-0.8115414288409689,VCB
-0.03637012798470907,GEE
-0.13349724544664265,CRC
-0.10199289263726684,LDG
0.3376135287540752,C47
0.16287017139961774,HPX
-1.6692637293173467,HRC
-2.636894859089259,CCL
-0.5997412811350159,BCM
0.09972738863101041,TV2
0.1673920919151579,SCS
-0.5625479757523747,VTB
0.7727562453913257,PAC
2.6828467681828103,ILB
-2.264303210584211,DC4
-0.3265642952176101,VIX
0.288366904820119,DAT
-2.4029612784476755,VMD
1.6360223178903635,SMA
0.009086502229505166,HCD
0.2482044662749285,PET
-1.2007917418838179,DXG
-2.9672712098652303,HUB
-0.1401162234184791,CRE
-0.5900865992469264,NVL
1.702897551528786,TLG
-0.3266766802640374,MWG
-0.20968991968013534,BWE
-0.516103796804376,ACB
-0.08008790829271092,SGN
1.2879140426787306,DRC
0.9651968294110097,NHH
-0.03611241160351432,TBC
-0.2659503066210477,VNL
-0.14938235932187957,ASM
0.1539279114071269,DRC
-0.2101783356809847,NBB
1.0395888928841317,DRL
1.3094080118220104,IJC
0.031877776436495295,BCE
-1.5869468093400496,BFC
0.7737888566616552,DXV
-0.1947506545253627,KHP
0.2798084396345199,MWG
1.290359587791302,MBB
-1.9925424520192077,HDB
-0.3100804853693397,TLD
-0.26836005683433795,SCR
0.01721701842175594,BMP
0.0341408805583172,HAP
-0.43838970733787147,PVT
-2.1584351511639626,DXG
0.3691100092685572,TCR
-0.09317691432156716,ASG
-0.34842106992703553,HPX
1.724033938049573,VID
0.905874511878549,DCL
-0.26142806801057455,CTR
0.2614081774128821,VPI
-1.4598327733009706,BMP
-0.14460679909107277,VPD
1.0585258809203908,CTI
-0.1486312187476253,HAP
0.3479422011205641,DHC
-1.2926143319200394,CVT
0.14439630734250733,HHS
-0.2806018163020918,CMV
-1.0753331970519608,DGC
2.461218209222441,NNC
-1.6252737758083904,DBC
0.9069680626449627,BSR
1.796285590887654,HTG
1.5175424176876884,PMG
1.735030666281075,PDN
-0.005426357313927966,CCI
-1.7146112190614555,ITC
-0.535577703868856,NT2
-2.335564275824586,HTN
0.3513956277456755,NHH
-0.054998828943946414,KDH
-0.676936398519014,VJC
0.4495159079203296,HDG
0.3255339973968765,THG
0.18792201656433002,ACL
-1.190877783099334,VPS
1.4219316065182557,PVP
1.7898744135498894,LBM
-0.4036516311011414,KOS
1.4615513032044394,NSC
1.0447103308986707,VPD
-0.6474279272379725,SBA
-1.2911659975595993,LPB
-0.7551220118843595,YBM
-2.328749229327605,KHP
0.4130317637320426,CRC
-0.1499611720331332,BTP
-0.3201211802186881,TCH
-0.3426737265496036,NAF
1.8684732817853915,EVG
0.38995133232437634,ABS
-0.773919258166388,TCB
0.30734209619589764,VND
-1.1310714083589857,DIG
-0.4909908182291067,GDT
0.16882103845059518,HPG
-1.17800060661939,MSH
0.03091372417729615,TDC
-0.2043037559947048,MSB
0.3295020402915214,VSC
0.6808503169775797,QCG
2.3675090198116497,ORS
0.018123257665535648,SVD
0.8933224218915062,DXS
-0.6109518787191375,HVN
-0.4732939418966818,CCI
-0.5622856776325956,ACB
0.28539883352567896,LM8
-1.7970785710692805,VHM
0.37936611331117326,TRC
-0.3745086599778572,AAM
-0.38910411426098684,TDH
2.9688436871703874,ASP
-0.2979187020235341,GEG
-0.5106409552749416,KHG
1.0910246490187234,SJD
-0.2750977918717258,CTG
0.09576414609980664,MWG
-2.4028142215088724,GEX
0.49206318566107865,HTV
-0.2770042734057995,TLH
-0.3983707325047359,GMD
0.1053051651266623,JVC
-0.4752468954272195,HAP
-0.10684991018372024,VTO
0.018347376058329236,SGT
-0.2384797865355032,KDH
-0.2078573657859027,D2D
0.22348160980787496,GIL
0.34578331086374353,VCB
0.18584979627735357,HDB
-0.1677282429831519,SHB
-0.1639379721359527,TDP
2.077360096249035,SMC
2.467929016457041,TVB
0.47050953763635184,GTA
-0.07152638914673926,PMG
0.3763204247732212,VCF
-0.09567429374964548,CTS
-0.20854549358994054,VAF
0.8275428813764066,TNI
-0.17430092488527524,JVC
1.6038871962034533,SHI
-0.9069928084630954,PGV
-0.13032004580480322,AST
-1.9364827962763032,LM8
-0.16028029193663243,ACG
-1.036267963240405,HCD
0.22560629046405498,DHG
-0.8793204495037729,VPB
-0.7970276977002084,MSN
-0.14314560597745488,DPG
-1.7085084940986839,GDT
0.4642724664100993,SRF
-0.2330596507437248,IJC
-0.3286266413288227,TN1
-1.0429031467012975,CTG
-0.7974099829241003,LHG
-0.8967412238406725,NHT
0.4607523982589115,VAB
2.000149401467117,HVN
3.037823868719982,HUB
-0.5398830261753815,CDC
-0.3298297342421044,CTS
-0.07394230568237287,PAC
0.13318270945706745,MWG
0.878920069625785,TVB
-0.1117531092390576,VMD
0.1936922703554306,HTN
0.7209473267969463,KOS
2.892802119690981,HAP
0.6547027557007589,FIR
-1.4072962432635354,NSC
0.29148043300033166,HHV
0.029208460341036874,NBB
0.45803685445401815,CSM
1.6687985938156211,FIT
0.8464457896888189,CKG
0.541019906519494,HAX
0.04295096114441927,DLG
0.012677815929662398,HHP
0.27096483119882125,REE
-0.15750155957034667,OGC
-0.21320072755854472,GSP
-0.014418223887514183,STG
0.34253014331580917,LBM
-0.6256440589997845,BTP
0.31716423035963637,DTL
0.06661874554658466,LPB
-2.458965977612632,TCO
-0.16239547191702103,TVB
-0.3522605989221537,HAR
-1.6726488494339924,REE
0.20697647914089104,SHI
-2.3623021055584523,VDS
-0.15441018465024192,FTS
0.26811647973896463,SGR
-0.3564876025362416,VOS
0.09902886011224894,DXV
-0.9571733176021835,HAH
0.4953612964093483,EVG
-0.46080190779388314,DQC
0.5887056302354596,GAS
-1.4277860686677426,BCG
-0.06522903313608835,STG
1.4204290680568314,CMV
-0.662949679653463,BIC
0.46826435568546676,DTA
-0.4857874183075242,KHG
-0.29835273600328704,STB
0.018951805322753378,HT1
1.8986905746747182,REE
-0.8523883815391776,HHS
1.019245545344261,EVG
0.8651980613304451,TNT
-0.4319920866254423,KHP
0.28531199156379883,QCG
-0.08088331806567343,NO1
-0.016199134344265512,NVT
1.1311202378666576,NAF
1.053627296843395,NKG
0.6869003026386538,SGT
0.3967452949808324,MCM
0.0023951870223284273,VTB
0.31824549094571153,LBM
-0.3330163313473786,SJD
-0.1176035956455563,TDG
-0.05648751913401053,AAT
0.40949195915038616,ILB
0.009208852275549986,TMS
-1.3638197704311745,GEX
0.5497984245416793,SBT
-0.9760361892843742,CHP
0.0007264038441690482,BRC
1.6952390559998112,VNM
0.08681377233212,CTF
0.5505019718142928,SGT
0.5027423727471928,DIG
0.22851484006866096,OCB
-0.2377863612292338,CCL
0.023976770320009815,PLX
-0.6203481616842866,CLL
2.267844459062843,NAB
2.0508252547451282,CTS
-0.42451840422979836,SCR
-0.29964036676122685,RAL
0.020643279426379058,TCI
0.2938799223069048,CNG
0.7230276773823789,TCH
0.022876160959303934,AAM
-0.39408177134697064,SBV
-0.4044911317112679,VRE
0.4308704704597853,FMC
-1.0378842903758498,GEX
0.26561090517534997,TIP
0.9514309727180253,COM
-0.2523514813229869,HAX
-0.45694442665747675,GTA
0.30615417564278224,VSC
1.980051287126759,DSN
0.4511899406044353,VCI
0.6138123116612482,SKG
-0.9106684462523987,TBC
-0.055178920268855056,CKG
0.02676723197583641,CVT
-0.04115409732248038,TDM
-0.5065770748555974,DQC
-0.019337463463892632,VTP
1.0660261052650324,CLC
-2.7821502737563755,VHM
0.16978557201609834,SHA
0.2400229116488802,VIC
-0.9649538414192484,ITC
0.22554089852449188,DRL
-0.43845781321718313,CTR
1.9798787229300547,BBC
1.5825407310723807,TLH
0.5285308688287632,CSM
-0.14126858576518428,AGG
-0.11631109688933922,ACB
1.0323257198616391,IDI
-0.2897091112597544,BSI
0.08628208384425697,VPD
-0.9993836338995294,PTB
-0.004385846804446878,DSC
0.46763804310994256,ABS
-0.611783836643834,ABT
-0.7800494870905554,ST8
-0.8513419404219287,KDC
-0.1900479977754876,DCM
0.6045139842360084,ICT
-0.6113325852696568,KDH
0.7879217475076447,NHT
-0.1897732859529653,NAB
0.21994863052800825,GMD
0.10510460324431527,DCL
0.40495689174859606,PVP
0.008703668770632687,BTP
-0.7623931154881481,BCM
0.1566805892569985,TRA
0.031877776436495295,BCE
0.38627605910354185,AAM
0.031877776436495295,BCE
-0.04138732705292269,LBM
-2.597894468323795,BWE
-0.8051217438890832,VIC
-0.22317663600003984,VHC
-0.07292025705733195,SHP
-0.010977080842714097,EIB
1.3662992818629331,PGI
-0.714687600924881,UIC
-0.05925870108523933,CDC
0.21689633721111862,GEX
-0.1824180896366888,DGW
0.09767265248894631,YBM
-1.0716959781494246,ACG
-0.257687978812253,CLC
0.04550195069731325,PHC
0.033891742871444946,PGV
-2.2698351519149367,VND
0.8293605935212057,TCL
-0.3443729940338516,ACC
-0.12334315159398895,MSH
-1.83999909508004,CTF
0.008078648031764968,ACC
-0.009357836561759423,VSI
0.3445374853771535,KHG
-2.8574065972343727,VIP
-0.08116264817059644,DRH
-1.3914389997907803,TNH
-0.18205194522068147,HHP
0.10888554370924164,CTG
0.01645569009551116,HAS
0.004155022625419103,PVD
1.1126309709648718,BWE
0.021011504725503907,AGG
-0.03442921915365666,HNA
-0.5899306037716078,DLG
0.17205203554484277,PTB
0.7508118690887102,MBB
-2.212061553971058,DBT
-2.164117129206884,TVB
0.7827493381579539,PNJ
0.1540556039484745,NCT
1.2734556376889135,MDG
-0.1057750085539843,TSC
0.4320062074245925,VDS
0.5555846694498132,HNA
-1.7169413606753212,VOS
-1.2304428027621799,AGR
-0.4524816924929659,DXS
-0.6422889542433001,MIG
-0.19765835594765116,TN1
0.3181082718618233,TMS
0.3951475229876706,CMG
1.786284853929864,HVN
-0.8298493359299088,ST8
-1.3099397334693654,VND
-0.3658103480292167,HTN
2.235196078565499,JVC
0.034681873757295215,VNG
-0.6834576078723001,SGN
0.005202653795539408,PET
0.0633194619849285,BKG
0.37122980862784166,KSB
1.5112782785678904,PGV
0.6099206647842933,HVN
-0.4032143141713948,BSI
1.003772438174537,PIT
-0.24387606229782602,HVX
0.33245849215247214,DMC
2.3357353329312964,VCB
-0.4185118782978861,VCI
1.0238089459419526,AGR
-0.6433856059647856,BSR
0.6867495591022197,TVT
-0.4477706049843056,BSI
0.0979150764685906,NKG
1.359964284539342,ITD
-0.050141363716461114,SIP
-0.07031978237804234,HSG
-2.5825554877725767,VCG
0.5758757926602204,UIC
2.2483739119644603,APG
0.38283934235148237,VCG
0.5027293138030884,DTL
0.012306109280868427,TCO
-1.6818216031308568,SMA
0.27213297793167673,SHP
0.06417396769236494,VSH
-0.004864726025937184,MCP
0.5142255852643466,TTA
-0.031912303747719216,TDP
-1.238976090306012,SCR
-0.7547605565659942,TCB
0.3396103283706708,SJS
1.6122204608717106,PAN
1.7766534475256381,NSC
0.577766053250214,CTD
-1.1772790051815807,IMP
-2.5679134146848117,PVD
0.29764678453204346,CTS
2.0130460813791777,SMC
0.07602588414259297,SZL
2.5595381823044696,KBC
0.0023951870223284273,VTB
0.3833032999653481,SFG
0.6435369341637871,PAN
-0.006921818163786036,HVH
-0.15731563054781653,HT1
2.1652237644036094,CCL
0.009208852275549986,TMS
4.073154273130775,NCT
-0.6602979071586709,DHC
1.102444700622721,CTS
-0.7315148176745291,VND
0.18384878126063828,DBD
-0.38167170828179375,CDC
-0.3287521714406321,AST
0.5145446139147317,SGT
0.6221849795756641,PGV
0.23498116641478428,BSI
0.03091372417729615,TDC
-0.076334677104669,HDC
-0.26411319198621436,CTI
0.0029509043181032784,DBT
2.4162292472042566,BFC
0.42633005781067296,SGT
0.3994291385148116,TLD
-2.609005162285524,CNG
-0.2155494714996165,TSC
0.321492324801534,BSR
-0.8860830447485757,CSV
0.7492891687921082,CVT
-0.19663491312255468,DAT
1.3365123934474545,SRC
0.604203453563369,ST8
0.20078303217236373,D2D
0.3753239591878257,CMX
-0.011224436964656638,VAB
-0.014537026827334171,VNS
0.02227599319932012,HU1
0.05574791319189526,HVX
0.1710733905856916,ADP
-0.1331264788236634,PVD
0.639430199588454,TDP
-0.7776295685001766,TVS
1.453164298545611,VPH
-1.2507637267429899,TV2
-1.3286345581278578,TVT
0.10210543847856726,JVC
0.5017045620481932,CTI
0.8176083941415018,HCM
0.8831264547252127,HAR
-1.2581227968612714,TVB
-0.4251511136653382,BTP
-0.31590469307226476,PLX
0.40670800177874455,SFG
-1.1582454876163717,HAX
1.1441673586340695,TNH
-0.07292025705733195,SHP
0.021011504725503907,AGG
-0.7996564232089182,ACB
-0.028826699651882646,PTL
-0.8091317247835145,BBC
-0.3856602150976024,HPX
-1.9425032867313885,EVG
0.16581991508817612,DSN
0.3424318740508272,TCR
-0.7188078701945589,KHG
0.1774841666370766,ANV
-0.22747459232847064,VSC
-2.25773856943421,HCD
-0.8683125150684018,HU1
-1.3932581481275979,PNC
1.2565499832967832,SFI
-0.215769800801567,TCD
0.337600433304194,BFC
-1.4180249578140633,MIG
0.028112285754165734,TN1
0.21494111297979265,TVB
-0.43833859430851363,NAV
-0.4988419346433542,REE
1.278632623512243,NAF
-1.286341879312608,SAM
0.7174516299190103,TV2
0.09526371507640019,BAF
0.03725911110027894,FIR
0.16142223579206194,GEG
0.99451231609468,DXV
-0.4171323111745833,MSH
-0.005877829023396197,FTS
0.17584166179593297,TMT
-1.2781270706002366,DLG
-0.11803845036789723,VDP
0.013377725558469403,SFI
0.09038219597384271,MIG
-0.7363161631339784,DMC
0.29215308003611384,SBV
1.6501213245498974,HMC
-1.987981610141342,DIG
0.024935044751338096,ASM
0.3613538956411893,HTN
-0.39336305433505553,DAH
1.445332783021939,FTS
1.1060674606964132,DBC
-0.09552616396587951,LGL
-0.23537206499758342,TMS
-0.06412684204147992,VGC
-0.4763935942357286,CII
0.672943609236285,PHR
-0.21102443444074082,TIP
-1.185038527130895,FRT
0.46186772633579626,KHP
0.5745291439473568,SCR
0.8833170074285044,PDR
-0.7066611648515827,GDT
-1.7614461889203792,TTA
-0.040003774254101336,VSH
-2.560121222967705,CMX
-0.12826400843857189,VHM
0.07097119690853336,BMP
0.5075162302676592,ACB
0.09573155563543907,SMB
1.2213578200402568,CIG
0.19181141162206944,CSV
0.008078648031764968,ACC
0.12791451789242686,CDC
-0.3492519206456835,TTF
-1.0203059192461934,LAF
0.1273741294851745,CDC
0.6413539704578102,CTS
1.7969047000812952,TLD
-0.531148799736587,TMP
-2.105996351340683,DHA
2.4425409615599656,PVP
0.00209073858101088,SHI
1.646708059072338,HTI
0.11848206318288455,SZL
0.4451035614412187,SHP
-0.44626584069860137,TLG
-1.2298535425325001,SHI
2.802572731251422,PLP
-3.487751915598542,REE
-0.08768982772268326,NLG
-0.2217038070181319,TBC
-0.7253945704868036,CRC
-0.5224018644423237,VGC
-0.010278857846892493,ICT
1.932706354817123,BWE
-0.7967445727785532,TLH
-0.21127753445041159,BAF
-1.026479165422132,NBB
-0.19394511689336602,LPB
2.2229103359501865,TNT
-1.412535830210878,BTT
-1.512067491592362,FCM
0.4465893983188782,BID
-0.2018360589385067,GIL
1.0675122627438898,CNG
0.13829394039021625,VPD
0.5050723161739995,PTL
0.17862090848504217,HHV
-0.3519149063738244,VSH
2.3286569675469577,MIG
0.7325370056818631,VNG
-2.2681968120317584,BTP
0.04232938800590612,AAA
0.7377048826884578,FIT
-0.1926302357237672,FCM
0.014104344966181522,TNH
-1.1522576619819795,SC5
-0.6682055904426971,VRC
1.386314332225541,SC5
-0.02627033401665442,S4A
0.7325029942351376,HDG
0.9379779438976461,PNJ
0.5469838817247946,HHP
0.06022895109959392,MWG
1.7511816801440196,GSP
-0.3058265076641296,HTG
-0.15905429432568532,KDC
-0.5933710260169864,MCM
-0.005584804970615638,ABS
3.695273076486954e-05,HPX
-0.13784245927446473,TPC
-1.0893805572202946,SGR
-0.01768901764287977,VAF
0.22685429401992563,TLH
0.09897147553431794,TCL
1.390842561354554,ITD
0.3368193097139246,PC1
-0.01768901764287977,VAF
1.9629976980124373,PTC
0.14685743085970665,SAB
0.5955498054174874,LAF
-0.4555308813191928,VPS
0.42088706134084597,VCI
0.35822309302038036,CCI
0.2831328034495321,SHP
0.946823401068981,DHG
-0.04313359840117947,TMS
-0.09318988177461587,BSR
0.1659700651814763,HTI
0.033891742871444946,PGV
1.2057627485805846,FRT
-0.5792167869980465,GEX
-0.21725753780503682,PVD
0.24309185730355334,HMC
0.030181399204709268,VPH
1.0584037178242547,TLG
-2.533776725073486,GVR
0.0010431538240905256,OCB
-0.7934008579035167,BTP
0.3545966999145728,ORS
-1.6287379904935395,REE
-2.8670703982674075,TNH
-0.8630980172529393,ASP
-0.0035793402573823466,DSN
-0.49590793516999954,VDS
-0.4980165164962353,CCL
-0.8128043958346607,HUB
-0.2479761822814909,SBV
-1.9126826396982897,SPM
0.0216565996698444,TCM
2.2722379725701614,HAR
-0.14285483946005628,SAB
-0.05313285412495735,CKG
-0.01566176893035851,BID
-2.214351066835065,DBD
-0.603371408710636,ORS
1.0621849749485515,ASG
0.6415685656334965,MBB
1.8079886674413101,EVG
-0.2862269820753884,TPB
0.2715752476942423,SVD
-0.1881192598923487,PTL
-0.30596490006556254,PNJ
1.1383880008525862,PGC
-0.19518290144575892,PNC
-0.5919053084721286,VPD
1.9043322138336956,HAS
0.03051574038609349,MSN
-0.317742809725759,DRC
-0.7504851235022673,PVT
0.5391336505329862,HQC
0.9810640122984463,BWE
-0.18795097945896125,PLP
-0.03890243994342388,PHC
-0.34470686728237804,VCB
-0.5279836333633947,FIT
-2.024665071067541,VSI
0.4845544249999834,HHS
-0.8440448678456127,BVH
0.6163446466912124,SC5
0.0602974140001477,HCM
-0.49090251154971726,BCG
1.169436942559595,SPM
-0.09025737155131593,TMP
-0.027942882892027922,VFG
-0.9667858461599779,SCR
-0.8691129757165291,CTF
0.045059397440728816,FCM
0.1987938676129522,LPB
-1.6868423478021306,CDC
0.6465238572967007,KDC
2.1304619424816793,PIT
2.737385749715922,SBA
-0.010278857846892493,ICT
-0.27897864105720954,BAF
0.3060409741098043,HUB
2.1122102517028836,VTP
-1.4539546240180292,TCR
2.9193267462431045,VPD
-0.31580603848375866,SAV
0.009713457624341842,JVC
-0.5878784127118177,TCD
0.09354186873028818,SGR
-0.005426357313927966,CCI
0.42803547556088956,TDM
-0.36813591956659525,TVS
-0.9036240131001586,FPT
-0.7085264388102139,KBC
0.008703668770632687,BTP
0.06348845996905979,TTF
-0.3725925493523804,YEG
2.069911521504341,CSV
2.937505812196955,VRE
1.028538881688978,PAC
-2.9831945041127836,SHI
-0.16093011113659697,BRC
0.6490206448430835,TPB
1.5383695270790378,COM
-1.4611010889902594,SKG
0.8383965586449318,IDI
0.23887020864408728,HU1
0.7717805551560829,MDG
1.2341514784315069,ACL
0.13203364540790766,TYA
1.2959966241140832,TCT
-0.0035793402573823466,DSN
-0.27542295791805704,TPB
-0.45585893351336654,BWE
-0.3975760651056474,HAG
0.21310497194648825,FCM
-1.9882270142146743,SZC
-0.30510614019072263,BCM
-0.050029185239688446,ADP
1.3504991343170694,BSI
0.02084168342773609,TNI
0.028112285754165734,TN1
-0.33319359703466656,TCI
1.3227124733399045,BVH
-0.33051758614832727,VGC
2.3807543797082724,ACB
-1.9325340079867934,MSB
-0.4053914352257848,VPI
0.40291831207395207,SVT
0.10651365527803132,SAM
2.5384112629869757,TNI
0.49730084432203575,RAL
0.14669255428998992,DGC
1.8159410470422408,NAV
0.2934209208268498,APG
0.2230410397809105,OGC
0.7881485877323217,VHC
-1.4774941054472464,HU1
-2.1520297254603795,FIT
-0.2012169110834595,PNC
-1.0073654126535625,SHP
-0.429006102765013,BTP
2.0387808726771035,LGL
0.6506772102570941,ANV
0.004603278282364844,KDH
0.19491308066657256,KMR
0.1502390191160863,HAX
0.7625217340467014,PAN
-0.006921818163786036,HVH
-1.3348528145185303,CRC
-0.01343741566151019,DRL
0.18732919925085306,SHP
-0.6941878351386362,TLH
-1.8753883606718933,ITC
-0.00524231739177125,NTL
-0.918837263348508,DXV
-0.1822935705051484,LGL
-1.5355330486180931,CSM
-0.19639546639207794,CTG
-0.5873729753412428,VND
-0.6885187279296662,BSI
-0.13530696646484444,HDB
2.976504077994863,HUB
0.37125602464592183,STG
2.3434525292701887,LCG
0.024446818269452077,TLD
-0.17547901576400454,DHM
0.42789116297626023,AST
-1.6916133251286172,CLC
1.8530483077323598,STG
0.012160565285822909,TVT
0.17747151680141868,TDC
0.0021460263351075802,PGD
-0.4241297128577505,SPM
-0.20267313874568527,ICT
-0.2560638168079066,SBG
-0.06595677957531432,PTL
0.7433992255983093,BID
-0.9324524608448461,ILB
0.2794464540619419,VID
-0.9944952509247393,NAF
-0.05397125811589667,HAP
-1.4066663847973322,JVC
0.14809372347104863,RAL
-0.1695063074689246,HII
0.00866844301216053,CSM
0.25673669892091355,CCI
-0.7922801594688953,DGC
0.015433275483225834,PGC
-1.2685678470347816,SMB
-0.005930102498459649,PVP
-0.5658004057436432,DGC
-0.004694580843479522,LAF
-0.03796103738210988,TIX
0.12304005806023352,TCI
0.18475773727179193,TCB
0.9718145598952109,TN1
-0.52378377088263,SGR
-0.2658593865352097,BVH
1.3778992435239747,BMP
0.31837927352720136,HDC
-1.3552010446510647,CTR
-0.15731098571063346,BSR
1.451886802131725,LSS
0.018790284058009407,SKG
0.6672994919560493,VRC
0.13011355567969388,TCR
0.034482932483054084,DIG
0.2375993038681206,HCM
-0.5951831636732811,PAC
1.9467304610783907,TVS
0.3176916036228048,VCF
0.08745455659688488,TCM
-0.39356711818083506,IJC
-0.3986754339084383,DXS
0.4030096110305766,DGW
-0.1814758280161448,TCI
0.08766955823852148,HDB
0.5093489239424384,PHC
1.2613794044757982,PNC
1.5586302540215746,DAT
-0.2360555507113696,OCB
0.04182294632566996,BID
-0.486679802717681,SIP
1.2228933926566825,FRT
0.32736467822456133,HDC
0.5572895174474962,PLP
-0.11127145711207562,EVG
0.041690769470247226,HAR
-0.06239561589897158,VCI
0.32190906002526043,PC1
2.5956652155719997,EVE
-0.2224385680108438,DXG
1.429959987755414,VNG
-0.11334615365548578,GMH
-0.5355120858364795,DGC
-0.21200394861228494,BMP
2.0822054966974464,NAV
3.007397311819408,FIR
0.41048201804426526,VND
-0.010032372077994985,PNJ
0.5381395319046293,NVT
-0.10608108703049976,TLG
-0.2512758649563157,C47
0.006316405241595661,TTA
-0.014580267247684364,EVG
1.645816428077115,HTV
-0.007542252784980188,VTO
0.3897207237522501,TLD
-2.448080887092193,PGD
0.6127511727773779,CLC
-0.0686451835903743,KMR
0.6515449508684863,PVT
-0.9926857412392555,VRE
1.3283642193870793,AST
0.07917579205826614,TEG
0.057645725020512364,DTL
0.008703668770632687,BTP
-0.11206322006770646,MIG
-1.4210008875320819,BFC
-1.0414733075450875,KHP
-0.2814745471692447,GIL
-0.5975933026849158,CMG
-1.4070224195216314,VDS
0.7130413951246074,HII
-0.08975528527956686,TDH
-2.209081200946474,HSG
0.6918909886749561,HNA
-0.11692172530292858,VHC
0.4899768452868288,BTP
-1.9257556826351725,YBM
0.3991282358474238,ADP
-1.1372708628800057,ABT
-1.7545765000832563,PHR
0.5973902877516081,TCM
-1.977517986892093,NHA
0.09690867906068087,CTF
0.6848694246049981,SAM
-0.5490967100071128,DPG
-0.6259211398928429,CRC
0.2488839532266044,SAB
0.2556672249874161,BAF
-0.03000683273127087,PLP
0.738460227396137,CLL
-0.30488359434986395,SRC
-0.2758038922938612,SRC
1.1341813366828344,D2D
-0.20415523749566183,SHI
0.31545519464361077,DHG
0.5184896700623174,VCI
-2.438537369541435,MHC
0.3018286442870032,SJD
1.2635655213749983,DGW
1.3007460790221956,PJT
-2.567793039258546,SZC
0.47941358719693616,SCS
-0.14626148795216173,TVB
-0.7797460322860622,DSN
0.272908865289506,ABS
0.07966825486448012,NSC
-0.5029825507321304,VNG
-0.43113276320922583,KDC
-0.8190928476859188,SJD
-0.02002816655042015,VPB
0.018347376058329236,SGT
-1.0241517008751093,PJT
-0.40171576328437886,BBC
-0.2020867989698992,VNL
-2.157138690071221,SVD
0.1467379651884521,PAC
1.4204977914995556,NVT
-0.1849359312923129,VCB
-0.0878979952319082,BMI
0.28595485693258826,CIG
-0.09492001273855007,SMC
0.06715384011419694,AAT
0.3467974749284139,VNL
0.5180082571832658,MSH
-0.7078296317451316,GEG
-0.03796103738210988,TIX
0.8112419316136881,NAF
0.4454423774032666,VFG
0.4783085823642374,AAT
-0.30689241781461546,GMD
-0.7122153336127256,SFG
0.002173252341008279,SFC
1.5765103941188174,PMG
0.10009603186616037,PNJ
0.1943667856745383,DGC
-0.000200210842177191,PJT
0.22005873592589764,SFG
0.06118067063876039,BCM
1.0597597919873223,TCD
1.4536323400200986,DPR
0.05628689294465311,BSI
0.6151072223379813,VNE
-0.8450034932383571,HAP
2.911431184745023,CTG
0.39444124169764944,CTS
1.509119670319902,CCI
0.09742560017747758,ST8
1.0906537540720223,VIC
0.7922426002198362,DXV
0.12303048277417693,TEG
-0.06540285382985697,DBC
-0.24687514367881985,SCR
0.10517907878196295,BWE
-1.2111663513077917,SAB
-0.517891844651105,ST8
-0.29399675509686757,DHG
1.7504107396835549,QCG
0.027434199616881812,C47
-1.0756152790257292,IMP
0.028813633490521434,VID
-0.2809335444844662,MWG
-0.48634739951098427,DGC
1.5123253841918527,LPB
-1.4814735790846312,STK
-0.1795499548518216,TSC
-1.0876507145588337,TDH
1.3178695416015416,HAX
-0.0030895986419726996,SJD
0.09417378898965867,NLG
-1.5279289433426333,HDB
1.4512252149065963,DPM
0.42699625821828185,MIG
0.47517217917101634,DSC
0.45139197352940635,TCM
1.5524454233652811,EVE
-0.4468009993786889,LPB
-0.733964208729533,TCT
0.2480174623955064,VNS
-0.8451190082886615,KOS
0.026289145747329313,HHS
1.1844515728280351,LAF
-0.03514758090144569,BIC
-0.5215717659466613,HAX
-1.4426364974200974,DGC
1.5828122222895653,AGR
0.39198755751651,PTL
-0.3208467024260446,CLC
0.18951605583880174,DLG
-0.004694580843479522,LAF
-0.19287830927617428,MSB
1.197063841563397,CMX
-0.25910279291917643,IMP
-0.01677450126770854,NSC
0.2326957927779263,SAV
-0.6998155234649912,HTV
0.7642141097319731,C47
0.0007264038441690482,BRC
0.1346757740043662,HU1
-0.411566375395984,VCB
0.19065484566983415,MSB
1.9293415667706661,NVT
-1.5666987624049247,TVB
-0.6441659469684471,FCM
0.2756208762162541,HTG
1.1759765776702513,VNM
-0.9269387974102741,VAF
1.4043429060030823,IJC
0.02227599319932012,HU1
-0.02337097832192641,TCB
0.1261940046820532,NKG
1.4466336196342497,PGI
0.9882667273791892,SFC
-0.20689739409764715,VID
-0.08947228748260688,TCM
1.4938537636579492,DRC
-0.862550240087526,VMD
1.3098247211816032,GSP
-0.5346665683552472,HMC
-0.004178447362447563,D2D
-0.00719836091860017,TYA
-0.2725358069275287,DSC
-2.4317533606302293,ORS
-0.7049869828839017,IMP
-1.6910152199140842,HAG
-2.856259375741988,TVT
0.29361490035437143,NSC
-0.6350963975010583,OGC
-0.4774563599630883,SGT
0.6385333434248804,MCP
0.4664353449501201,PVD
-0.4825715797923034,TCD
-0.006921818163786036,HVH
-0.9872894189542942,ST8
-0.028599439991756733,ACB
-0.6171622467439717,LAF
0.37753918416907967,TAL
-0.801791624086742,OPC
-0.4425013568308968,CKG
2.8088750351164053,BWE
0.7433949942747872,ADP
-0.11320171055301032,SPM
0.7832744373924234,TDC
-2.4776786850674952,DBC
0.707026973165103,KOS
0.08251703028465204,ABS
-1.9439582322286444,PDN
0.8301104976826625,CTS
-0.39723948383242247,STB
-0.663702621124184,SAB
-0.716004228970279,JVC
0.02622420446581552,PMG
1.1366824683242396,NT2
-0.19604698002178453,SHI
-0.5709571898740724,TN1
0.1267004792510128,CNG
-0.7496434359742292,MSN
0.03900506491361488,GMH
0.7141786922751576,SVD
-1.2245253684686923,PNC
1.303733211599875,SGN
1.3578619377912997,ASP
0.04898106931924889,THG
-1.1143945300677107,TNH
0.5241167172125352,TCM
0.6027770804372601,SBA
-0.4848928042267671,TEG
1.2516351102057734,VPS
-0.888865542523778,NNC
0.8553490488169393,VRE
-0.36446093270137436,HUB
0.9027933670365613,VID
1.7325144153697158,ABR
-0.0264407812785305,VDP
-0.7515772709266078,GVR
-0.040322299800464395,HAR
1.2514079112502623,VNG
-0.09455130657043088,TMS
0.357424967871167,HAP
0.3989809458840737,BMI
-0.17202717031379114,VSH
-0.36029305597950617,SJS
-0.01677450126770854,NSC
-0.6254014419598203,LGL
-0.041971493676420696,ACG
-2.682702451928652,KBC
-0.38077894100457793,PDN
-0.637927352068821,VNM
-2.3475865521520554,FCN
0.24936382079340388,DAT
-0.0039068908842595125,TPC
-0.35834243239015656,CSM
-0.17048804369973453,TRC
-1.6076016902977717,COM
0.5643051566339681,CII
-0.19568021534820082,HUB
-0.5370485722749606,VFG
0.23540144855110104,TCT
1.071655928485023,PC1
0.15702009695133964,DXS
-0.4564560113160195,KSB
-2.5603092757099963,REE
1.5595117615109304,GEX
-0.1949001947022469,NAF
0.012306109280868427,TCO
-0.030829265911083176,VIC
0.03091372417729615,TDC
0.09815811273870466,JVC
0.5519091533018737,TAL
-0.08897264290177304,GDT
-1.0610217661829653,CMV
-0.5419365919473629,DLG
-0.7974127787231801,VCA
-0.14978450625965528,PVD
-1.1816021516214237,PIT
0.21744347255546975,VIX
0.8262737680810838,FRT
1.0213648525540924,ABR
-0.194485837075746,PAN
-0.42393911167935283,PVP
-0.1587932366499222,HT1
0.6894734186038656,GMH
0.4466497555119915,PNJ
-0.4890460708166961,SGN
0.1003322110507792,TLD
0.6329064330152129,TNT
0.9830761498964038,BHN
0.017192709580587395,ACL
-0.0796448922744537,DGC
-0.772837121703691,VCF
-0.11913316221157981,FRT
-0.7398456907781951,HVN
-0.13472695266011722,CLC
0.09280485798987653,VNL
0.060782273285741414,VIX
1.9846413001870606,CIG
-2.2860727731072763,TMT
-0.006974362964496282,SVT
1.3081881965746949,TCB
0.1569780836487425,SKG
-0.006974362964496282,SVT
-1.3908170016328392,DRC
-0.13431377999776858,HVN
1.2169439387855785,CVT
0.3715183501177977,VOS
-0.529115155886252,PPC
1.398870974662529,VSC
-0.07832947274121822,CTS
-1.18437329941054,PMG
-0.093859711817755,SJS
-0.18841628738682456,HCD
-0.006974362964496282,SVT
0.915515292105852,ABS
-0.16846299056082076,ACC
-3.900592489026429,PNJ
0.5553221301010319,VCA
1.6346467887840455,BCE
0.21174607627747294,TCM
-0.6746557089388829,PJT
0.906305574561953,DXV
0.37900283153443687,C47
-1.3690238226226252,HTN
1.0267967748377311,TTA
0.5748234228270036,SKG
0.30344472906854025,DXG
1.2288494311329707,RAL
0.5805277816863919,TNT
0.023256748796257352,BMI
-0.3463158121037232,SVT
0.10872082913022801,STB
0.9129598181962395,FIR
0.3035394399318504,TRC
1.6991448403001177,POW
1.0816329687577957,VCA
0.056371755575342936,NVT
-0.352706223794918,PVP
1.319353458419656,DMC
-1.0617147759894534,BHN
-1.2520523179163174,NBB
0.3634117828340166,FPT
0.3587245121721198,PAC
-0.8721328983435108,DHG
0.3705619255715289,TNI
-0.43045548674086476,SHI
1.0221433602444694,SBA
-0.009927000038004856,FIR
0.5179777547395912,HTV
2.253321442218554,YBM
1.183146180263808,SMB
0.7833035947923903,KSB
-2.553996247251571,NAV
-0.497683064300267,PDR
-1.1076059766138795,ACG
0.0029636586061703393,HPG
2.286854762679226,NHT
0.0849228910463671,DHC
-0.6902960162421469,SSI
-0.7235138242210492,SSI
0.4841659630840595,HQC
-0.42219237306902274,DGW
-0.07308103136360099,DHA
-0.7892868560977176,BMI
0.003030631788115741,SGN
0.8154387348854217,HTN
-0.20491295600200965,SHI
-0.7435728107126409,VNG
2.042679192040251,AAT
1.2512202387155027,SGR
0.37035918372486293,SJS
-0.4594936995518843,PVP
-1.4948976471695885,ADS
-0.03442921915365666,HNA
-0.2859523595224608,RAL
0.45835667506789723,IJC
0.021011504725503907,AGG
0.6880522744438461,NHA
0.2432701558170107,VID
0.6359301586664342,ABS
1.1136620060602405,DVP
2.020382821464723,VIX
2.323136493714238,LCG
0.8512858952859017,UIC
2.801872621826091,KHP
-2.3864816876597232,TDC
-0.4766469204966751,PHR
-0.8179540321338692,PPC
0.6728847672520368,REE
-1.5800029613579423,TMP
-0.04068164130570081,VND
0.4425742183138632,BWE
-1.2551734306187579,SMA
0.11150018429428632,BFC
1.373327536138553,TEG
0.9008832575787118,MSH
0.07830946650034235,TLG
-0.9566868737708496,TLG
0.027434199616881812,C47
0.6624705768991815,BAF
0.06233369640990346,PC1
-0.09858166963037039,TNT
1.6851622307797571,VPD
-0.11511363577179097,TDH
0.3184790827826583,GEX
0.0059863585895343855,FRT
-0.008063053544571389,MDG
0.7042912109610391,VCF
-1.2124282618228945,VTO
0.17106788833409003,DPR
-0.6843540311629132,ASG
-0.5840968880029762,CKG
-0.8243820044778275,TTA
-0.4631703469783093,VNS
-0.4170178323608278,LHG
1.1202957069145612,TPB
-1.623304069387542,KSB
0.13214330392348334,FIR
-0.7078548865002452,DGC
-0.08055716469359356,ST8
-0.903774283878112,TCH
-0.024036413028313063,VIX
0.7125776023620192,C47
-0.05521149234921085,CLC
7.811246830181047e-05,ITD
-0.03486714730648805,HDB
0.12361586617777653,SSB
-0.48369048510590146,NNC
-0.0682742795046736,OGC
0.38398395460824775,TCO
1.2312478298119967,BTP
-0.1710303358126617,VFG
-1.2256834882667713,KDC
0.2968729030587362,PET
0.31164011678877646,SCR
-0.07292025705733195,SHP
0.4387039152951082,ANV
-0.03193702628664863,NAB
0.1697958815936415,VAF
0.12278187827558254,BCM
0.3330842214027481,BAF
-0.7392819517877682,VPI
1.6443683384866625,SMA
-0.9914445818847287,TCT
-1.974681078238291,PGD
-1.243479143018337,HHP
-1.2432040879036366,DPR
0.5828989023306417,HTI
-0.20747980758492424,BMI
-0.10520601537676841,TLH
-1.5714818881100625,NVL
-1.4582663889617011,COM
0.35077294122043196,POW
0.26732701780030965,DBC
0.2799200784565835,ASM
0.13816319061502946,PLX
-0.17112933331198713,HCD
0.6685077308829248,NHT
1.6321082804299685,C32
1.7491022095734345,PDN
1.2252446236308576,PVD
-0.5383194797030459,HCD
0.15578665734573952,SHA
-0.1790622736047022,SGT
-0.7047140612739032,REE
-0.044006580099711666,CTR
2.454904760397707,KDH
0.0633194619849285,BKG
-0.879669603665536,HT1
0.22501747191953927,EIB
-1.6438138555612685,HU1
-2.2242727299001097,DTA
0.3180556698138667,HQC
-0.48838511698195747,SGT
0.014036268184765917,RAL
0.029626090837454145,CCL
0.7979692490196055,CSV
-0.5793693056133686,CNG
-0.2503724403988073,TVT
-0.020444028634569948,VPI
-4.403816501821508,VPI
-0.5469213339578028,VJC
-0.4972323463372325,SZC
2.07706595222567,SBV
-0.27418888795471674,ANV
0.11156592203689655,TDH
0.5000050242590176,TDP
0.28144096652838085,TRA
-0.02018575055886469,DTA
-0.5506006652496728,BSR
-1.4268626715245272,TNC
0.9052359859479726,SC5
-0.4584823888425956,HT1
0.5779323000445303,SGN
-0.05420831713845548,PLP
0.4661032788203895,PDR
-0.13104562135724254,TBC
1.6967545067905216,VPI
0.028813633490521434,VID
-0.3552996474443708,KDC
-1.5142637792056168,AGG
-0.07471196708234268,NHA
0.11971324953444201,STK
-0.8209371922931291,BRC
-0.8034398764049648,LPB
0.8221539229779375,TLH
0.19754781145833128,SHB
0.37754484655279635,HVN
-0.5641280991813222,HAR
0.1327886399725068,DTA
0.022746471693790186,STK
-0.16071218487030842,TV2
0.3625111724933865,BBC
0.026311973998604483,VIC
0.1018921999023621,TLD
0.015255258796785395,HMC
0.23635493516418754,SRC
0.326231264888598,BMI
-2.460375613109801,VGC
0.3386156343423653,ACB
-0.015585174148734268,NAF
-0.43638632762876284,YBM
-1.1233838649278785,LPB
-0.024318457671706616,NLG
0.33758070699039167,VDS
-0.38318599356386895,SSI
-0.1463080965637477,VIC
-0.577399877980429,NTL
-0.3342085396557163,SHA
-0.0039068908842595125,TPC
-0.2771773490695659,TNT
-0.9347348050027722,CTS
0.020018877658195575,KHP
2.6028814092768235,TN1
2.173487214969151,HAG
0.5496292539194357,HAP
-1.380815049399886,OCB
-0.47339932779043015,MBB
0.1078903926196466,DMC
0.5286381400238589,HTL
0.4839960332075751,PHR
-0.32232692626637205,TVT
-0.49626405786011535,SCR
0.4765322315001041,VOS
0.18729626287425147,HTN
0.8555899795189272,TCT
-0.2364103188697862,DHC
-0.9614120099863969,TCR
-0.9561623970255946,VGC
0.9074986897420729,ACG
-0.21229868472718305,NNC
-0.003618052175033325,PGI
-2.445082189422266,GVR
-0.01343741566151019,DRL
-0.35624689468938037,HVN
-0.008610516439201882,CMG
0.2255941614384551,HVX
-1.5585865231530815,TTF
-0.8980312635066438,DGW
-0.17512353821587104,CKG
-1.8616107152321024,APH
-0.5781627869309691,VND
0.1467087740582867,D2D
0.2695204492532537,SHP
1.2426769810693974,VNG
-0.41694674981419266,DTL
-0.024437552020783782,HTL
0.15378166347275726,KBC
-0.09691585304189812,YEG
2.7536600390794588,HCD
-1.313933386900635,SFG
-0.0049924012690083005,VHC
1.2915910575958032,PAN
0.3395487182461842,GIL
-3.476023788191108,MBB
-0.14363416345544625,IMP
1.466083074657661,STB
0.5011469201668571,PPC
-1.0134426950946014,DBT
-0.09523413148481631,NHH
-1.055815236485257,EIB
0.6906215794123332,MHC
0.25499221321201065,TCH
-0.074944922716015,PDN
0.026941231610136597,MCM
0.20397032688454536,SJS
-0.5282464921575011,DAH
-0.15173192708948668,HAP
-0.05612611718608787,VCG
0.1466923738400578,ILB
0.1686982641231556,BTP
-0.14133352081463132,PAN
-0.05018693806270113,HII
0.08663121999096782,THG
0.8779818158243847,DPR
-0.028599439991756733,ACB
0.47065113703538813,LGL
-0.0449135111654215,HAG
0.8198077019734157,KSB
-1.422348632378407,BCE
-0.3410462502292606,VPB
-0.6315476615876485,LBM
0.7051890534888771,SGR
-0.15520333163765282,CIG
-0.020564292720653403,VIP
0.022543665792532294,BFC
2.024293724852131,PTC
0.3342355128141603,VGC
-0.025115169104392508,PHC
-0.5464555937864395,BMP
-0.5900517750504456,HHS
-0.851878156149454,SJS
0.4715860847110199,DRH
1.8282683990950246,SPM
-0.7302342842451311,CLL
-0.7894670925742132,PC1
0.3418254233516687,VIX
1.3038013053805826,NCT
0.2755156318145727,OPC
0.012677815929662398,HHP
1.622853117549786,HMC
-0.0045751588509370545,SBT
-0.49546515691455073,BWE
-1.1773402277040728,NAB
0.4195597676796251,VCB
0.14338394320986292,SAV
-1.2343122784760678,HAS
-0.6475148534598988,HVX
0.09078400761901653,PVD
0.4776479850979819,ILB
0.001551846068671221,CRC
0.8835137551724744,LDG
0.5495634550255,VTO
-1.7953112218048277,VPS
-0.30018516449234744,TVT
-0.003477041262417976,TDC
0.014475379580521927,VNM
0.39282694944549057,NHT
-0.11549090973769331,IJC
0.024446818269452077,TLD
0.1399576432406222,MSB
-0.4696149395278509,NHA
-2.1937403881742688,DXV
-1.2093034942948833,TPB
1.5901427471730387,CTD
-0.5846525163384516,TNH
0.22347925715233447,RAL
0.11459378030681108,VPB
0.4026671065425345,HAX
1.1996127371188745,ANV
-0.9628316593869909,AST
0.5205175223024001,SJD
-0.5719464459377007,VHM
0.7887428132133353,PVT
0.15491347756266424,ILB
2.2797169925964744,HSG
0.18858121542434064,SHB
-0.6428494253816713,VIX
0.19397911593293704,VNS
-1.01427505008868,SGR
1.234801351223604,FIT
-1.5155345280269013,DGW
0.31526205137570174,CTI
0.43934077828280166,VTP
-0.2025053969228286,QCG
0.6131046905474928,BCG
-0.6714485442344186,BAF
-0.020433774415708605,BMP
0.11447251624932178,BWE
0.4302329468852557,PET
0.7033796961493056,PVD
-0.08508553019916812,VFG
1.4549859946582644,SMA
-0.1274045737790108,DSC
0.057645725020512364,DTL
0.20794940686063365,ASM
0.00209073858101088,SHI
2.9046466260213717,TYA
-0.359515827185376,DRH
-0.3486977221840664,CTI
3.248062237119743,VPB
-0.368018020194953,KBC
-0.42532273695299855,MWG
-0.3812939265124228,VHC
-0.5777809635187292,TV2
1.269759159976951,IDI
-1.3278529745339467,PDN
1.1113646155109016,CVT
-1.506438721467673,TCH
0.09228355751449135,PAN
-2.1464433937452014,SGR
-0.027942882892027922,VFG
-2.3461367660142716,VND
-2.4132145791627257,VCI
-2.966337936821635,CMG
0.011116422163687436,SGR
-0.6664885318245158,MSH
-1.5248118496360026,DHA
-0.1921164866590485,VHM
-0.880824299757846,DHM
-0.11072409966932474,DHA
-0.20458574829202317,TBC
0.1926888927611949,TSC
-0.17736900106614448,KHP
-0.25594892911643163,HVX
-0.16346758388329846,DBD
-1.0597220418209021,DAT
-1.6578145965296545,CKG
-0.3227177688214275,IMP
-1.1999376623351723,NT2
-0.8327851596715368,ASM
0.8044876659027275,SAM
0.8499479200599522,NAV
0.2966843051549736,ICT
1.1805583931235106,AST
-0.5262513040683113,SCR
-1.0930481558499754,MCP
-0.10358084661985668,LDG
0.5098202035816706,PAC
0.09526354864918674,DRL
0.18875377829860412,HSG
-0.038937676899900214,CKG
-1.5464633028392456,VCA
0.3669989345631632,CTR
-2.760388337198153,FCM
0.18029728720344343,HCM
-0.8403184710480645,PLX
1.1092989871054775,BCE
-0.6721734789466834,VGC
1.1494425872429128,DPR
-0.04677377040858557,NNC
-1.8624097817244127,AST
0.29670277406935486,VIB
0.13798857755410435,HAS
0.22162893835274675,DQC
-0.2046183000875842,KHP
0.5463020791734283,TCR
-0.9301823463353485,BCE
0.1560093056965993,SC5
0.8180573599980094,LSS
-0.46577584861856264,VJC
-0.334127041994486,MIG
0.04503576612743704,PLP
0.4078303400003501,KMR
0.27989954644660786,VTO
1.2452840271202534,DTL
-1.8236521099989713,PDN
1.7223366815031398,PDN
-0.14305887412830876,TCO
0.8358342755975064,STB
-1.911911815562186,NAV
-1.0348018546330269,TNH
1.033000347256165,PHR
1.3098247211816032,GSP
-0.37889778419999753,DXV
-0.07974359642242512,VIC
-0.3087439478252387,VPB
-0.27751024989989204,HVN
0.0011892775149193113,SAV
-2.535514934071789,TDG
-0.7942847935667907,DSC
0.9434900716762831,APH
0.2918363994951923,TCI
-0.028599439991756733,ACB
-0.13350968758836196,HAR
-1.047454793089503,KHP
-0.09567650608720907,HTL
0.6166164748747428,NAB
-1.0241044975475113,DSC
0.43560015695068105,HRC
0.32626646540917514,ADG
-0.1805422683010331,HSL
0.3768958098709016,TTF
-0.5676791950134765,VIC
0.23381934925026351,SHI
-0.15194640379049967,HT1
-0.10061245875972902,TDC
-0.8603610543288277,SFC
-0.7459901786345869,YEG
0.26147209280104494,ASP
1.482020612279204,SFI
0.6949081328416524,AGG
2.467727345686709,HDG
-0.8563219779145589,MIG
0.22183968319901187,SCR
0.0053002998141508054,VPS
-0.648908937395591,HAX
1.6297021346904217,AAT
0.009045953969214931,SRC
-2.1507226038541716,HAH
0.1479075502550283,DHC
-1.374885284879689,NSC
-0.5168368013839948,GMD
-0.975000425352024,TV2
-0.195564605058658,VIX
-0.7194193754163491,SFI
-1.8933771544683062,VJC
-0.25868221296129024,HT1
0.10722395044928959,MBB
-0.24656063773642914,DRC
-1.5581512607383283,ACG
-1.619015475128095,ABS
-0.21165121887885152,EVF
-0.628565476651895,TCM
-0.621965672606085,TLG
-0.017295779253476598,SZL
-0.6975730911934883,SCS
-0.2345008383930758,CSM
-0.3138423165595149,DMC
-0.01004722454884453,CTF
-0.3655484261110088,CRC
0.28394183671001744,ANV
0.0718144208495362,CLL
2.3997711237054538,TEG
-0.7702657365467009,DQC
0.02648727116462291,DXV
0.7898145296705079,NBB
0.39808680461603996,VID
-0.004716289416680875,VIB
-0.4007673224319472,ILB
0.22126765741124338,HUB
0.09599152460487341,S4A
-1.4538472217587983,ICT
-1.9370101466265286,SSC
2.328118476261063,PJT
0.17072095576001525,BSR
-0.8847391138495757,HSL
-1.4753758059897926,VIB
-0.5013034853764173,PET
-0.3855430329536111,HDB
-0.4243473178176579,CIG
0.3309155958139738,GEX
-1.344445106980821,PNC
0.43374621556413057,VNG
0.8221888700262314,PC1
0.30448355290885537,LCG
-0.49082898441676776,HUB
0.7819448421392938,DHG
1.553316539549016,MSH
1.5588717443634252,DTA
0.33964109071477905,UIC
-1.0821220948086419,CSM
-0.11221387910800819,SAV
0.019727751281224896,SFG
-0.6072285719319988,AST
-1.0924010825587303,NTL
0.9569913369874129,TCH
-0.794483193251657,KSB
-0.769984971321432,BMC
0.06127435590022311,NCT
0.01459725152390297,FMC
-0.4596121576503265,KSB
0.03706341576841501,C32
-0.13969069782077367,KHG
-0.11016815650938527,DQC
-0.7602398716773524,VNE
0.020086310615538713,NVT
-0.30087359812495246,ABT
3.3698668458928065,SFI
0.03900506491361488,GMH
0.3534787606918538,TPB
1.9844748929349891,SSI
0.970088944804209,BID
0.6800699195952693,SRC
0.9635530683630715,SHP
0.8393481469441452,VNG
0.46240907160002825,NAF
-1.0349841567767288,BRC
1.3150813480468018,VNG
1.7129046981120148,SBT
-0.6994490375248887,SAB
-1.2237553826148293,GVR
0.06414020847355757,CRC
-1.4180707636886243,DGW
-0.24221788368779898,PVP
-0.6782367142449159,BID
-0.5384882266198764,LDG
-0.37818160838459414,TSC
-0.3313930350978598,AGG
-2.378153569177206,IDI
0.49231851905612095,TYA
-0.030836948184372253,DC4
-0.010450723910646229,TEG
0.8197911030482748,TNT
0.14513764683519556,MCM
0.02014837469879161,TMT
-0.630354839789451,JVC
1.356014320770864,NKG
1.5930992007479412,HCD
-0.3164377802944111,TLH
0.21857465809632146,NAV
1.3130457388167784,CSV
1.3753730247522715,MSH
-0.3092761099427839,NAF
-0.6580461777303366,VRC
2.192582637298468,PJT
0.0324173028238746,NHT
0.17488181221955518,VDP
-0.25173560937084377,ITD
-0.024751085154507194,TMP
0.6452287805830119,IJC
-0.0030895986419726996,SJD
0.007161490546100228,HTV
0.012274989498509439,SC5
0.034665017933939175,TNT
0.9973260720697666,DBT
-0.4163887846300331,SGT
-0.1922360623639585,PGC
0.36539501642416744,TCO
-0.01343741566151019,DRL
-0.19333665263872885,DHM
0.4491256460967651,OCB
-0.08812616450763638,SAB
-0.20114370714911337,SKG
-1.0799329275323266,TVT
-0.16754658545341872,MIG
-2.112515896892267,NHT
1.278504389212858,SHP
-0.337735348745738,VHC
-0.016091474855030468,CTS
7.1667441746960865,SMB
0.11722087243284049,TLD
-0.06065114558409306,NBB
-1.0614876428081113,ASP
-0.3694231977352552,NCT
0.020643279426379058,TCI
-0.3024274249375097,HCD
0.028112285754165734,TN1
0.13656830728975936,VCB
-2.67650777823749,HDG
-0.004385846804446878,DSC
-1.9079297249666642,HDC
0.11145516763023461,VSC
1.0471648945274068,CTG
0.18122708380703023,HHP
-1.8587961466747536,VTP
0.011756480410744917,VOS
0.1878439871145148,ITC
1.544068046304061,VNL
-2.1798577994745414,DHA
0.5121761628696664,BRC
-0.2712722916944454,DTA
0.7325341437787676,C47
-0.13662734028517376,VPH
1.8128880793490973,CCI
0.25305393685742633,FCN
-3.4003776530464456,TCI
0.0810953550926536,CLL
-0.7897804068518404,VIB
-2.309457790462427,KMR
0.06339786223172993,RAL
-0.04386165855295459,HTI
0.4087476513102903,BRC
0.5901127647925627,SBG
-1.5164245929356752,KHP
-2.534144906247019,ABS
0.04523473927360492,DQC
0.22285037397815657,POW
-1.0007377505951662,STB
0.14623041753093372,BFC
2.152567553954228,CMV
0.14333080864220285,KMR
0.2972143952849571,VHM
1.043812275748091,KBC
0.3594956511797956,ABT
-0.06635791735072984,GEE
0.47575758380828115,HMC
-0.43320792257694846,HTV
0.12786656449942396,D2D
0.14463524801187966,VIX
-0.03486714730648805,HDB
-1.6900250722394383,SAM
0.120436525537814,LGL
-0.04445318636628469,DAH
-0.19879643610319553,VIP
-2.931567605565982,PHR
-1.955479498806878,HAG
-0.06402415974438025,CCI
0.24607046737516775,SVD
0.511844220753232,PDR
-0.06164326921022716,HDG
0.015255258796785395,HMC
2.5249871811539,TNI
0.20417701650996842,TN1
-0.25303054221328636,VIC
-0.6385151124958987,VTP
-2.1390723646950325,BFC
0.13809933568312405,LBM
0.05479246954272211,DAH
-0.06600416356336464,VRE
0.03051574038609349,MSN
-0.9791898660328716,CRC
-0.41089431008412336,DC4
-0.5800202869587695,JVC
0.016179423314348886,NKG
0.015433275483225834,PGC
-1.5248395977395366,HU1
-1.1292489135363226,LBM
-0.17111356505424136,KDH
-0.2160008273920544,DBT
0.8234420924391965,TPB
0.5387152828230246,CDC
0.18102584795680085,QCG
0.1438098840917246,ANV
-0.42206200766509433,NTL
-0.23426532055363206,BCM
-0.1311428306895288,DPM
1.2560167545704872,GMD
-1.3278751725247462,CSM
-0.13037239771693962,MCP
1.3305522263205776,ELC
-1.6998936678731198,TCD
0.34739315848952446,MIG
0.06560805440525538,LM8
0.2563905165212631,VPI
-0.3757015634691535,VSC
-0.32289300987057595,HHV
1.0337522839440967,PJT
0.011163059555882546,SZC
-2.313935095526924,TTF
-0.11302127928719577,ADS
1.5969116341984773,SGR
0.028810803156098286,FPT
0.2792395696559562,HDG
-0.027689421306444927,CIG
1.282738511345828,HHS
-0.2591100783483766,YEG
-2.44031687677358,HSL
-0.024437552020783782,HTL
-0.003618052175033325,PGI
-1.5444801225321068,VMD
-0.15628317985694667,VPH
2.4077866909095795,AGR
0.6363324908710809,ACC
0.16383550919079592,CIG
-2.2131433074114444,DXS
-0.2808115269978342,ASG
-0.015329406519705928,ANV
0.027434199616881812,C47
-0.2848049580202302,VHM
-0.0191656674683709,BWE
1.4265111574202367,GEX
-1.0165568149744417,PC1
0.005240834888945813,QCG
0.7040651618834225,FIT
0.13012026540251034,FIT
2.2557753116743853,SRF
0.12032840184529091,APH
0.2655472678961137,FPT
0.7922854384917508,TLD
0.594706047377523,PAN
0.002173252341008279,SFC
-0.2938228872460312,VCI
0.015607452319873193,IJC
-0.04294927728495271,ABT
-0.7086638993134817,PNJ
-1.2912269154956915,FIT
2.127867388634452,OPC
-0.3070836498148932,TVT
-0.8112004707198617,HDG
1.0515163533121024,KOS
-0.27573359139276016,TLG
0.01136462172924501,APH
0.06900052985677735,APH
1.3546857185737189,TCL
1.0713410704529793,VPI
-0.7320054192173718,GMD
0.0022471575666348073,SMA
0.552127734361366,HSG
-1.3936223519662598,SC5
-1.3906844005811856,HSG
2.2395831133823854,VGC
0.23872488565798078,SSI
-0.3665238264459146,BIC
-0.2009704832264571,CTF
2.0968232679904864,VAB
0.22036420616207625,VPG
0.5190275769410135,TIP
0.15853666315393902,ABS
-0.7751907523553982,PHR
-0.10183397221884832,HU1
0.07535348646476549,AST
0.39419823391221187,DHG
-0.03514758090144569,BIC
0.33844682702283296,AST
0.004616794520872598,VJC
0.1817732678173039,VJC
0.8288879326107862,SHP
0.15087502626981567,TNI
-0.13853558376630606,LIX
-2.027665286023837,HCD
-0.0030895986419726996,SJD
2.321028618196119,ELC
0.6169979629640854,MSN
0.07635151053472956,CHP
-0.5467397823918034,ASP
-0.05521149234921085,CLC
1.4453193451493889,SBT
-0.14822142851903092,BMC
1.4045427755191704,MHC
0.006453295359853701,GSP
-0.04007052630584957,SMB
0.006207182326561493,MSB
-0.23023630139603785,BSI
0.3257940260425242,GIL
-0.06345626579326227,CHP
-0.1903058065989206,PGC
0.010052461188120178,TV2
-0.003618052175033325,PGI
-4.1061817416641615,GEE
-1.1807589164813115,SFG
-0.6173707483349097,APG
-1.5796359616853402,CTI
0.47263278962724575,HTG
-0.2656519350597581,TLG
0.20636255275832505,VNG
0.8655029312841243,SGN
0.7596075048439302,MWG
0.14466493862647006,KOS
-0.5811591430336003,DCL
1.4917076943580763,CMX
1.6244094548412178,HVH
-0.006974362964496282,SVT
0.2190741355758345,HVX
0.25240945168065443,LGL
-1.2951639665235242,BFC
1.931747869885437,PJT
1.472865506663469,APG
-0.038616142255850645,LIX
-0.6983500595947696,DCM
0.527839194146416,BSI
0.06433771639282823,YBM
-0.03796103738210988,TIX
0.4281029242048316,D2D
-0.6536043398551897,ASM
0.08308181582196089,MHC
2.559711980962105,FMC
0.2269228142223768,ASG
0.3376935364451606,KSB
0.9891608505094752,CMV
-0.2390647929848104,NHA
-0.12129748244190755,DRC
-0.7230128626503556,VND
0.43830977972447477,TTA
-0.035205210973035105,ASP
2.3868752086250544,BMC
-0.34263172825101157,NHT
0.015255258796785395,HMC
-0.7455652834921066,CMG
0.20779138213625215,HDG
0.3605943038637887,TLH
0.4806084419960169,SAB
-0.040003774254101336,VSH
0.010454840687900278,GAS
0.2951421045664877,KHP
-0.0009499257658802867,KDC
-0.27582881193470515,QCG
0.6965025012757187,VFG
1.2723368232134076,TV2
-0.26715534361924653,PC1
-0.44567220645031347,HTI
-0.8864632272063482,BCG
-0.0999936905193834,CIG
1.1810521316043487,GTA
0.5888986267325245,SVD
-0.027069022218978625,IMP
0.06161028410906458,BAF
-0.1618396040387762,HT1
2.1210937004814046,TCD
0.7942781714983079,HCM
0.3610075153557996,PHC
-0.21141171924407107,PNJ
2.1689801300786096,HQC
0.596393638157419,HTN
-0.035739001128254747,BAF
-0.12539727858216473,DVP
0.8938309358661559,IDI
-0.5818725686612494,GSP
2.009433741728951,TCO
-0.008373754902828255,DHG
-0.45087674857485677,CTD
-0.1035422184633084,PTL
0.6938391132787805,SAM
-0.2235342816752476,SHB
0.09996334191512189,ELC
0.19576357948519885,TCL
-1.9333416186863257,VCF
0.1594272143406774,TYA
-2.5204686543237855,EVF
0.2884580492317728,GDT
-1.4897212405133446,VJC
-0.745601392321605,FTS
-0.5142977919938045,VNS
-0.135114211406018,PDN
-0.17392501806638186,VRE
0.027326706824290656,VDP
0.028112285754165734,TN1
-0.21480755210598462,SHA
1.4676777900466162,CSV
0.9902495621437611,PC1
-0.04979651787299422,ADP
0.012160565285822909,TVT
0.15625377720699773,DPR
0.007956082369144593,HUB
-0.0832552786213424,SHA
-0.21069679212212497,PVT
-0.8081884108296552,VPB
0.3300057273534362,TCD
-1.386180967944281,C32
-1.9999193875775942,BHN
-0.0009503050825391499,BVH
0.0051826703712155,CTD
1.1326846395871957,HVN
-0.028599439991756733,ACB
0.9483106505566653,HSG
1.191576718302295,VNE
0.001551846068671221,CRC
-0.2228694946519697,C47
0.7507059204429863,HSG
-1.177578049033556,HID
1.5410688658383567,PTB
-0.42043985375076953,VCA
-1.564233868945834,KHG
-0.9301738020567378,APG
-1.076555811747399,VRC
0.6042884459159866,VNM
-0.22308148787774046,ORS
0.2683962194623678,YBM
2.143808974708159,GMD
-0.7798382940288359,TV2
-0.005930102498459649,PVP
-0.8980608246807341,SC5
-0.020564292720653403,VIP
-0.1441813361598597,PPC
0.23850774240863143,ASP
-0.4096427962720361,VNS
-0.23132949493205504,DRC
-0.35982182780695937,CLL
0.01459725152390297,FMC
-0.5419233992477921,DGW
0.33074725860925536,DSN
-0.02219443985718549,PIT
0.8440814892204286,CTS
-0.7454536950991765,AAT
-0.16770215669296515,TMP
1.5119140678976315,SVT
-0.020221862194123186,VCG
0.752325890273406,PTL
-0.027942882892027922,VFG
-0.23115491845184594,CNG
-0.06250952806457741,CTS
2.626488396140711,CTI
-0.14018830791222606,LGL
2.6674384246676057,PVT
1.350362421646149,NNC
-0.08019821909988047,PTB
-0.5202051263647388,PNJ
0.4887647261382569,BFC
0.25222363350332927,FCN
1.1837216351769904,PC1
0.9223792340621375,TMS
-0.137067582488473,VPD
-0.11840460367636922,NBB
0.15960349035495944,DPM
2.442692751659627,SSB
-0.6796418051179353,SHB
0.7218880516833451,HDB
-0.1798613299550767,GDT
-0.10273538909761683,MIG
1.6509013974246565,YBM
-0.3498405411877085,TDH
0.4511193562988998,BCE
1.79241506850732,HSL
-0.7976640218915724,AAA
0.15816367417557087,CTS
-0.04007052630584957,SMB
-0.3028777255977319,DPM
-0.27640279224818465,LHG
-0.07511218987017038,FCM
1.0278945484248643,SJS
3.509802456554572,CTF
-0.9759260053533076,FCM
-0.1859618123551692,MBB
0.5186178306798226,GEG
-0.3758378814542915,TCD
0.24183104568297764,VHM
1.2842963846047029,GIL
0.9679529549187935,PLP
0.864986633559656,VSI
1.5593593755818176,CTR
0.719838514439973,ADG
-1.9399353359925542,TNT
0.107258477896964,VPB
1.5642822204455953,HRC
0.008703668770632687,BTP
-0.14390039556757625,BBC
-0.0028798044852410523,CMX
1.9585753748505361,CIG
0.18267415070629056,SGR
-0.12251618329237744,HHV
0.30307008312352574,VPG
2.685928226246,KHP
-0.5232224207195243,BMI
0.78339735669396,ICT
-0.217184524087677,UIC
-0.05925870108523933,CDC
-2.2738308031023515,DSC
0.13085213262979747,VIP
0.11486340084299825,BCE
-0.05659245914522922,HTN
1.1049347290435856,CTI
0.1419724420908227,HSL
0.12171814255482231,VRE
0.07694324268204876,CCI
-0.9513818452156854,SMC
-0.504386461579254,VCG
-0.4495898210339785,DSC
-0.7025850638762178,VTB
0.8031102272927227,TNC
0.11404043183418393,ADS
0.9103642620362231,THG
-0.0022214732115750343,SAM
-0.29619671557441934,DPM
0.07718138810760182,UIC
0.5413552024785655,HHV
-0.45063263773448764,MHC
2.39070576037578,SSI
0.2911881084818923,AST
0.1894212299868877,NAF
1.5199270766504087,VDS
-0.011715815741995558,DGC
0.40131619857835543,TCB
0.13835056128437823,ITD
2.287443462276922,VND
-0.7576488162868976,DVP
0.3095559670480485,D2D
0.4640678088690091,DVP
-0.004716289416680875,VIB
-0.12536074366170194,PLP
-0.618749072321674,DTL
0.2249636612472272,HMC
0.32357445144284064,TVT
-0.17307330879915508,TCM
0.16246154465726764,CTD
-2.311265812105209,HTN
1.2877035975022508,HVH
0.0007264038441690482,BRC
-0.2145145728468689,NKG
0.6824598989259655,GMD
-0.9456875131898442,DXS
0.004613759615847612,PHR
0.49445743668455916,SBV
-3.2032911686126493,BRC
0.30467113402210616,DCM
-0.03611241160351432,TBC
0.18068647901927704,HII
-0.9364355746268248,FIT
0.8232497128470091,VJC
0.2128842882085665,HTN
-0.09319613473787369,EVF
0.2791153563547065,HCD
0.34529263378904856,SBT
-0.41368197328548956,GVR
0.5527988139677995,SSI
-0.05901729110142906,PAN
-0.5586754869212579,THG
-0.6557182318754868,DMC
-0.7437413820932337,FIT
-0.33780823731688364,SC5
0.5400641423364015,TPC
-0.23241700730753967,VPG
0.9782892095914291,DQC
-0.6652719807076074,QCG
2.2018373208436954,BBC
0.12655067878681275,ELC
0.4338839662112316,OCB
2.9170322111143854,DTL
0.006316405241595661,TTA
0.6446219596612097,TCI
0.1769307480455965,DGW
-0.33404755672811703,CNG
0.15156198315550606,HII
-0.23801669119456717,HUB
-2.52113445071196,CTD
-0.44351733040822666,QCG
-2.4451817421210182,HPX
0.5318242249479883,TCM
0.15947747913177507,CCI
-0.6016798098115005,PET
-0.1444296939277721,NCT
0.5251462184692117,BCE
-0.12212385955727967,DRC
0.069808365172883,BCG
-0.20773904636469376,BHN
0.025940148763059764,CLC
-0.12697766397259266,DAT
0.9533214105529209,BFC
-2.4071957589399657,HAR
0.9312071274990018,TCD
0.7362336067219888,MSH
-0.4285008910196301,CMG
-0.49167807396655355,MCP
-1.553704524058141,DQC
-0.4743385290756754,HRC
-0.2920324432319127,ASG
-1.0867377112817305,TDG
-2.7811087620691497,SFG
-0.035739001128254747,BAF
-0.23054864344505427,EIB
0.22146300760631976,DHC
0.05465655722112093,DTA
2.4198073919282024,TSC
2.166213401799316,DC4
-0.030309756729659423,NHA
-0.18253784365212872,FCN
-0.4948579817893245,CTG
-0.9345535686214627,DGC
0.026941231610136597,MCM
-0.6876573636669839,TCB
-0.0650559778553663,BVH
-0.5927455872286692,TCO
0.6551106938335741,PAN
0.6049685670905911,VPB
0.3600316973400065,PNJ
-0.45285676443636824,VNL
2.135034863055219,TNI
-1.124589213484414,SFC
2.3608978602970296,CKG
0.18863823783004488,HTL
0.8579299022741753,REE
0.134750614538536,ORS
0.019740667757863584,FCN
-0.5235242306868998,PPC
-0.08244113667634946,TIP
0.018123257665535648,SVD
-0.6224121624949102,SHA
-1.452089638501557,CLL
-0.3434083264593932,OCB
-2.9920066037027993,DMC
1.9360195356004566,NVT
0.6217010781672418,DCL
0.5800971397864152,SFC
1.0831779895912097,DPG
-0.30880696335194785,CMV
-0.010032372077994985,PNJ
-0.3877890026169254,DPM
-0.23246320704900406,BIC
-0.13023480001264973,NO1
0.8850241803003892,ADS
0.7436144039869514,DAT
2.362251813019512,RAL
1.1497153780241736,ACL
-0.7653442416947559,CTF
0.011756480410744917,VOS
2.1498566389856073,HDC
0.7941548652124706,C47
0.3757470123792678,VOS
0.3075226264504207,MBB
0.06262737305955887,PIT
-0.2061564426119778,BTP
0.34578635149900194,TVB
1.0288228878091332,AGR
0.7389150056218171,HSL
2.0856428566033722,FTS
-0.16388951172725552,C32
0.4053948702257996,EVF
1.948409022297708,HAH
-0.03526785553661943,PLP
0.1361540161867521,ACL
-0.5837165739040634,HID
0.01154022391128357,GEG
1.3002612825453552,SFG
0.004155022625419103,PVD
0.11916277698207695,NVL
1.4967614391948025,OGC
-1.1641496820832606,BKG
-0.3018155735104221,LSS
-0.626495054205211,THG
-0.04573902274547264,HTG
-0.1846139778084472,TMS
-0.1047665341854659,VCI
0.3537057807129126,VGC
0.3671134722213744,DBC
-1.6043237933773375,PTC
0.15180280658264841,VMD
-2.007879154037451,VDP
-0.1745296746546084,ORS
0.003030631788115741,SGN
-0.8805729453127563,REE
2.8943905638992096,MSH
-0.2755620250916584,SCR
-0.5845042710514128,CKG
0.8317699476509286,OPC
1.3505882828675753,NHA
-0.1814466069849356,DRH
1.4215684031709523,PAC
1.3759898193336006,PAN
0.21100571420854025,TCD
2.2191244051676864,TDP
-0.3585740213288814,VIP
0.2045269972246011,SFG
-0.9953858284599116,DSC
0.04523473927360492,DQC
0.01154022391128357,GEG
0.4171051491526496,SGR
-0.35775866698636816,KHG
0.001013232608016712,VRE
1.1607682837005968,CCI
-0.438058341866405,VPG
-0.13240282997933936,TLD
0.04608311046099352,LDG
-0.07292025705733195,SHP
-0.04242569506041978,VPG
-0.5183935650173593,KDH
1.9761868973667538,CIG
-1.0754572429322768,SGN
0.5940948710251956,NSC
-0.5415052860793576,TV2
-0.12798969838039034,VIB
0.005482981889240231,HTG
-0.1362543546458167,HAR
-1.1580557461232923,VNL
-0.11081773550003607,GEG
-0.14056548042790687,SBV
0.7220816800302948,DTL
0.9785653196932751,HDB
-0.06835040711930628,GMH
-0.17367858952907517,HPG
0.6907923634976397,APH
-2.0913055259015296,YEG
-1.1713262479782875,DBD
1.8249221809018392,EIB
-0.04294927728495271,ABT
-1.3623152831021077,CRC
1.045994740211844,HTN
0.1394002340759793,CVT
0.49453178029955264,PLX
-1.1286372307408494,AAM
0.19987698296822615,HVH
0.30389548502127567,TLD
-0.08851658036385063,ADS
0.18745029760234547,GEG
-0.6908304849518516,GEX
-0.27171129564251495,TCT
0.7993039291094046,C47
0.004558087972000823,ABR
-2.431796171590287,HPX
-0.4429253887309336,TV2
0.05909975057017358,TSC
-0.17844116730094248,BFC
0.27147115834682156,NCT
-0.5329419214337581,NAF
-1.151372852797341,SAB
-0.12146537125752595,SSB
2.402469021987154,PGV
0.29290055917707264,DRH
-0.7722404800002328,HHS
-0.00953636976089501,ILB
0.9097785497569433,ASM
-2.4224239276386115,NNC
2.546132866504759,NTL
-0.109040817252253,TCL
-2.033996189958992,CSV
-0.011224436964656638,VAB
-0.7809906400719621,DRH
1.1038914884006803,DAH
-0.4722287432474348,TLG
1.217439123607528,AAM
-0.19659313241100765,SPM
-0.2598842006308047,TYA
0.10440882591823994,PNC
0.3339167343088491,JVC
-0.006848030183802705,DHA
0.15940063664219012,SC5
-0.007402523705726499,OPC
1.158312366932487,CKG
-2.613762148025264,ABT
0.10226555418152287,PHR
0.24195229243839333,BCE
-0.06249172341752506,TSC
-0.6993694353300152,ACC
0.9793823239673268,TMT
0.005916506007162316,BMC
0.13310118335954396,TCM
-0.02173852737659091,AAM
-1.1303990161612094,SKG
-0.362029254227951,MSB
-0.3584226311305659,HTN
-0.03796103738210988,TIX
1.2851689335815002,LM8
0.05166412612274053,EIB
0.8566513031658259,DRL
0.37737530661037,KOS
-0.006848030183802705,DHA
-0.009804542526258004,NAV
2.01600605469545,VIX
0.4127918369480692,ILB
-0.28251736372848046,GIL
-0.19354832669773384,PGC
0.3970132207370109,TLH
-0.36247647671164596,SGN
0.13073358595040574,HAP
0.24432103408896622,RAL
-2.5542309862809947,NAV
-0.5556594618094393,IMP
0.6856266912511664,NT2
0.018790284058009407,SKG
-0.5945940410556568,VPG
0.012274989498509439,SC5
-2.4968888195711156,HAH
-0.020682664548655548,AST
0.4253528925820252,MBB
0.12495923633930145,FMC
1.022753826759117,HVX
0.001551846068671221,CRC
-0.43863882061231174,TCD
1.0169574205355794,ADS
0.015607452319873193,IJC
-0.39580805614044245,APG
-0.44013778450391744,BMI
-0.4292885663896005,BCE
0.19776733892204856,BRC
0.783876811293371,PGV
1.1011148269631243,SMA
-0.09675318359208201,SVD
0.026941231610136597,MCM
2.2929498532154624,HSL
1.022676309963283,SBA
-0.7298614468244095,PET
2.905750854437698,SVT
-1.5751266809645885,PMG
-2.88340414328799,DQC
-0.25410080494618265,PHR
0.8631777982205833,GSP
-0.004864726025937184,MCP
-0.03611241160351432,TBC
-1.097416412967074,BSR
0.024446818269452077,TLD
1.4101388232542977,DIG
0.07265840224883334,KBC
-0.27209638176303697,HHP
0.026296599896096524,ACG
0.4049967422602291,NHH
-1.2027884982573687,GEE
-0.22349666874210902,HAR
-0.9961261321585445,ICT
0.2808424241565633,VPH
-2.3197332942079414,TNT
0.4126759553906264,VID
-0.11344998271693334,ASM
-0.529639438955918,MIG
0.2476821024155991,TVS
0.3411904129600147,GAS
-0.3892191269358482,SRF
-0.1259790445814863,TEG
0.27180230633773544,TCI
-0.017295779253476598,SZL
-0.3230133620440395,BTP
0.4263652040909841,TMS
0.43736107148225295,TCH
-0.5168185013913531,SAB
-1.048730759618935,SC5
-0.3843185839297836,VFG
-0.05917047834966057,HTN
1.2869203902878592,HTV
-2.4160252560885893,LCG
-0.061946293763261905,HVX
1.3261724593336002,MSH
0.44022717708947395,AAT
-1.667495494098015,CVT
-0.4189568839250904,PDR
2.6146914075807715,TDP
-3.486279868882365e-05,BTT
0.03613302467133759,TCR
2.1418608378012545,GTA
0.352447028576129,DHM
-0.7305234449607746,ACG
2.3181628842120814,CLC
1.4925494316451526,HRC
1.2648484706381875,SFI
1.1640238238102656,DSN
-0.48121413348456255,AGG
0.014104344966181522,TNH
-1.1900018828662204,DBD
0.14970538011229445,VMD
-0.6022315879996598,TVB
1.3595163829883052,VRE
0.17080379624480757,SRC
0.05170224232768506,ASP
-0.2294932887147579,AST
0.0029509043181032784,DBT
0.3758572310726727,HAG
1.2292049833918803,VFG
0.22657354276187341,DBT
0.057322171525578,PTB
-2.579714456863327,VPG
0.5761815098413835,GTA
-0.1266346348515382,CII
0.13312313818173596,QCG
0.1403461094257512,ASP
1.4263118874259024,SPM
-0.29378945935125383,OGC
-0.040845165961455154,HDC
0.7640828222067302,VNL
-0.011062049762442155,SBG
-0.25269263802309944,D2D
1.26346373366256,GEG
-0.5172381751508216,DHM
0.42507546038411287,TIP
0.48504412400365515,VPG
0.9414826747261632,PVD
-0.3887374109267445,VPG
-0.07845177871833854,GMH
-0.5124063633355561,RAL
2.364923008243208,LCG
0.018790284058009407,SKG
-0.04115409732248038,TDM
1.3554022026924286,CCL
3.2369606683316703,HMC
-0.00719836091860017,TYA
0.40218546084577694,POW
1.213123752582322,NHA
0.032702393867099826,TCT
-0.8737095193678502,IDI
-0.14896684272567132,VMD
0.34861490286676844,ELC
0.10409917198852002,HHS
0.2559629568718444,HAG
0.7401772134436485,HVN
0.716431341397805,SHA
-0.45537412761526624,SMC
0.020018877658195575,KHP
-0.45440668863262235,CNG
0.34491650381497324,BKG
-0.48989232959419576,ITD
0.849079682797857,SBV
-0.19480634842136688,VTP
-0.3841296126529274,TRA
-0.934408624828004,NVL
0.5495667982464412,GEX
0.14363577000414243,DHC
-0.8668930416073443,OCB
-0.01574428151394302,CLL
-2.4563915946538817,KBC
0.3096795046862889,SFG
1.0226340153918643,DRH
-1.6629957495255385,VNL
0.2855775884754609,THG
-0.2154923653422335,YEG
0.0044339515302701795,COM
-0.023989096304515546,VNL
-0.03247994330437731,HDC
-2.2775595496256296,PTB
0.5004481310848735,DMC
-0.5587653077273862,IMP
-0.03009035955860415,VCF
0.2777487715597145,ORS
0.018951805322753378,HT1
0.8176409682724308,HDG
-0.33972045529568384,NNC
-0.628315094199608,TVT
2.152880966937422,KMR
-0.07399410710135937,HID
2.068957329881657,FTS
-1.2208133466937328,ASM
-0.13675173936947108,SFI
-1.5387726573803953,PGD
0.6344919125729462,ICT
1.9381398237813965,REE
1.1176790353230428,DQC
-2.3276981357746913,GEX
0.3793192506350548,VCF
-0.6852306232623437,FMC
-0.5975479201336862,TMP
0.3836763176695932,PTL
0.500338017280434,VDS
0.24783143892363588,HVX
-0.3626299128317809,BMP
0.05640100922948587,SZC
-0.8208874707090967,GMD
-0.011715815741995558,DGC
-0.43208609157769684,DXS
0.17030388587661666,GAS
-0.03796103738210988,TIX
0.24332914631217137,BHN
0.2999764035567676,DPM
0.20570813514573003,VIX
-0.3251859583352858,VCB
2.10065157648886,TCI
-0.010001346113462593,GEX
-0.06384778496616543,DAH
0.9917730997780645,NHH
-0.4887998245932083,CMG
0.09227292585643598,LPB
-0.42868867148027023,PHC
0.5778473622987806,CCI
0.0908393413705292,CTF
3.329498349363654,SJD
-0.37883203229646795,KMR
-0.07350775286592719,VHM
0.23517468763046145,PHC
1.2491582622609916,CLC
-0.1634827369100173,DHM
-0.2584744125308595,TCI
-0.2207350501065684,TPB
0.1421967188467049,PC1
-0.8719730032356048,ABS
-0.21523666781599013,CRE
-0.03193702628664863,NAB
2.243278383532913,VPH
0.005526522326290344,PC1
0.08092449674074755,NTL
0.5809663634025725,SAM
0.01732707400716979,DRC
-0.3314463876919467,DRC
-0.19193803158320322,HTG
-0.27083656074993,ADS
-0.3740623411773598,IMP
-0.9763438387438224,FRT
-0.1260939115355249,APG
0.14687668968870285,ITC
0.5392147327009575,GEE
0.8302361870760906,HPX
0.3957622693874759,AAT
0.3137046506986749,KSB
1.5485268112518544,D2D
-0.14674564033030424,SAM
2.6449612642479408,DPM
1.036034725678169,HTI
2.4218870962086325,SVD
-0.05245341929755026,NBB
0.623378407820714,HHP
-0.3300413660914907,HPG
0.3810949929017785,PVT
-0.9220314108585094,VPI
0.45014186940266987,DHG
-0.21460954316441386,SHI
0.19391713359001134,PGV
-0.5345501574009398,REE
-0.11682383834556381,NT2
0.8212364945580308,TIX
-5.178750980585648,ACG
-0.6387275441758404,KBC
0.4140631104881014,VJC
-1.1848660290044,SIP
4.30336363529704,VCB
-0.5888183319727477,AAT
1.6239640772767672,SZC
0.725748489459548,STB
0.7889285205367119,TVS
1.4713694364716043,IDI
0.9855788918220079,DMC
0.14957037750741614,CCL
-0.7406085100559046,FPT
-1.3113733886003125,EVF
0.035676689866664224,GDT
0.14989004363972863,DLG
0.2877958760622428,HPX
-0.07259890953957447,SVD
-3.9139408823788897,THG
0.49542525206016247,CVT
-0.16099611820194792,TVT
-1.970047188871752,DIG
0.7995224998353735,VTP
0.060620151300296375,TCO
-0.0264407812785305,VDP
0.01853429594566506,ITC
-0.4059998887914308,SAB
-0.23005191468176045,CTG
-0.2437029979545592,SRF
0.2433308095657768,DPG
0.017275768872348746,TRA
-1.0576268095434993,UIC
0.05301402030039575,PTL
1.1553443778399481,VPI
-0.5381439053621916,TCM
0.19020879776712027,EIB
0.3882892789589677,NHT
0.4344615961785381,CCL
0.1239018759122801,TVS
0.5821296538868137,GIL
-0.254411286845713,PDN
0.5966608738333887,TDM
-0.3272696906427418,PAC
-2.7093219090512157,ABT
-0.023030177920444844,TTF
0.23437632594429914,VNL
0.20987035775039092,VPH
0.06598769118966041,HTL
-2.229238503234262,PET
0.6109012796568032,FTS
-0.040003774254101336,VSH
-0.0010929923421224704,NT2
0.03613302467133759,TCR
-0.006974362964496282,SVT
-0.2301183490221509,TBC
-0.14621413463715455,VNE
-0.027942882892027922,VFG
-0.35361193396262425,LCG
0.06061938644977253,VIX
-1.1810247336398787,BAF
-0.19689758531732093,HHP
0.26559281602620555,HTN
-2.4171229280104782,VCI
-0.6070840165271845,ASG
0.3098091716350157,PGI
0.14851874847429733,FRT
0.25449390470764033,MWG
0.12363248066923245,HCD
-0.7406473238937225,NO1
0.30656366767722254,KSB
0.14012869238053396,GEE
-2.0911030295158723,KSB
0.7958214499078395,LPB
-0.3046484533118197,DBC
-0.4858359407522958,FPT
0.9395263028715223,DGW
0.46819231079088164,PGC
-0.508179803810172,BID
-0.665157383111587,NVL
0.4549606995837524,SKG
-0.2829576206133867,TDH
-0.3458962418056117,TTF
0.14622194742607927,KBC
0.25899072877537577,CTR
0.05580578498668915,BCM
-0.7579831134010243,FPT
0.7331530070810145,D2D
-0.8970571632452626,GIL
-0.10566738117393933,VRC
-0.39322907724927547,DRC
0.018896980988899914,YBM
0.6562110508484044,CTD
0.6827591787866868,ADG
-0.4381387905768549,KHP
-0.36819563075138384,BSI
0.4123396511133034,POW
0.2458447358992357,CMV
2.244354362245799,HSG
0.14516425124715435,HTG
0.13983703691540322,FIT
0.40694859011661305,FMC
0.02603886054426455,VRC
-2.4715835561185524,DBC
0.44282742690688953,ASM
-0.2642972133860643,LCG
-1.9613752346808386,TBC
-0.8089560433398794,PVD
-0.03514758090144569,BIC
-0.22640905726490887,DHG
0.04710653690026233,SJS
-1.311972509414552,VNE
-0.1120619544768111,FPT
0.320250970222237,TCT
-0.31886650261375976,DBD
-0.22708189495610415,HTN
-0.2775749789406157,BSR
-0.13058010557677607,CRE
-0.05925870108523933,CDC
2.9965830886602838,LBM
-0.27146061110318237,HPG
-0.12168079452102175,TDC
-1.1015133933550247,APH
-0.0019336602746562672,LM8
-2.5737252303775646,ASM
-0.799884865382607,DRC
-0.8335684306166623,BSR
0.5509623063462392,CMV
-0.9971996248724588,KHG
-1.4702121244543234,VPH
-0.8359487457484518,MSB
0.14826159093167138,SVD
-1.2956958602372377,DXV
0.3885691388683867,LDG
-0.11692759899430082,IMP
-2.879010536741327,DHA
-0.010278857846892493,ICT
0.16108048824380947,DSC
0.8425881201466711,PDN
-0.2520669829156223,KDH
-1.2464817847070535,PMG
-1.2532896480260614,HII
-0.32389376823834193,VHM
0.986447998669279,KHG
0.18366711706135086,DCM
-0.11666454493269389,EVG
0.32182104179888915,TCL
1.3281105714731234,SFG
0.41748405530745347,BVH
-1.348145913660715,GMH
1.7365849056481246,TLH
0.01966832860068962,HRC
-2.6038171640829986,IJC
-0.87912974506059,BFC
-0.010977080842714097,EIB
-0.3864730394256923,HAH
2.238050105090997,DCM
0.7095499984457249,STB
0.10704680556212473,MSH
-2.9629528729460954,C47
0.4212352626633182,VRE
0.18794053205070801,STK
0.009713457624341842,JVC
-0.05925870108523933,CDC
0.02084168342773609,TNI
-0.4399179932635613,TRC
-0.3569835362664075,SGR
0.2389749519903595,HAH
0.021011504725503907,AGG
-0.7846558411203244,APG
-0.027069022218978625,IMP
-0.36441686302946075,VCI
-0.93257232106432,HTI
2.6732388520519446,HID
-0.47555563227996034,CIG
0.12408589225743574,DHM
-0.11546531054623155,HVX
-0.7978467049917848,CLL
0.43289237237151923,MSH
1.9181530909103384,SVT
-0.2396414534900778,TNH
-0.19232361062453263,SKG
-1.9025594644971262,SRF
0.1489416331602305,TCB
-0.2753797631753351,NVL
-0.22604770932875326,KOS
0.019727751281224896,SFG
0.02014837469879161,TMT
-1.0347093608286262,CCI
-0.42146911353087213,VNS
0.4407769285962667,VIB
-0.040003774254101336,VSH
0.37697940392317303,DTL
0.18798763835579121,BRC
-1.2969181304618957,GSP
-0.10991671381808216,DAT
-0.2084948459470005,GSP
0.3434480502004773,HCD
0.012619599338361128,GVR
0.19419655103106556,SRF
-0.7337519693227369,SZC
-0.017295779253476598,SZL
-0.4856630473009909,MBB
0.5810366438344259,TCL
0.4917324576424156,PTB
-0.2298268787932267,TSC
-0.04386165855295459,HTI
0.1686029072762421,HID
-0.5104544083901912,NSC
1.2911796899012724,SBA
-1.2456793960168457,BMC
-0.3408156508025779,DSN
-0.9080872500926277,PHC
-0.1503657248330621,GEX
0.2092373557497797,VPG
-0.3713530548302754,BKG
-0.41611945004719275,GEG
0.31723202329290795,DPR
-0.09465428509268699,NVT
0.030428795898334436,DHM
-0.017295779253476598,SZL
-0.016153805856574832,NVT
-0.009804542526258004,NAV
0.07113793829330498,TCD
3.193386986988178,DSC
0.012146290564133182,DXG
-0.480811618054984,VCG
-0.4451133843896681,LHG
0.6768661557016977,YBM
-0.011224436964656638,VAB
0.14732762841969807,BSI
-0.009410963906315451,DPM
1.7499190671835974,VNS
1.6295072928845658,HID
-0.33055689794329896,KMR
0.1493211328669815,GEG
0.9459221751492652,TNT
-0.08738484092772963,VPH
0.2182587126350869,VTB
-1.3606486668274076,HHV
-0.90782448749507,DXS
1.3355755484818992,BCM
-0.5922391959597246,HAH
0.18037197664931642,BHN
-0.20519349171502432,DCL
-0.09072240355887773,HHV
-0.40463173320838874,DSC
-0.6894336292907879,NHT
0.5926946058570314,FTS
0.49859667296022364,VGC
0.917577483720844,BVH
-0.15441203813809956,GAS
-0.5565839623941385,OGC
0.09659520640541149,KBC
0.017192709580587395,ACL
-1.1922746674021487,APG
-1.2531065995269859,GTA
-0.33380572332276476,EIB
0.2587419079953875,NHA
-0.040003774254101336,VSH
0.8854719740608539,BFC
-0.6090044633167974,VPH
0.8915940627301666,VPG
-0.4149679907569556,CTG
0.034422787801548956,TDH
-0.000200210842177191,PJT
0.33070826960106137,PAN
0.682118640856645,SJD
0.9825539500228915,LSS
-0.21296708834572212,PTC
0.620675838554903,SZC
0.6897037017711495,HPG
-0.07664925820912881,NLG
-0.17642007851737027,TMP
-0.12034324229335375,IDI
0.35831377879396803,MSN
2.67046476332929,CTG
-0.2852612959754259,ACL
-1.3614328681365702,NVL
0.08095391117870214,GMH
-0.5093680498882998,VNE
-1.072149996677769,AST
0.5224999936824896,EVF
0.134913796313491,KSB
0.7240300957364514,ASG
1.7507552369324395,BTP
1.1545251708881437,BMC
-0.6264167940047735,TEG
-0.5133740834112271,HTG
-3.543413752076999,ACC
0.18852398884098356,TNI
-2.0734370513987366,DLG
-0.32963226093933584,PET
2.6337727520847563,DAH
-0.5193591972442694,BSI
0.02365177267205379,VCA
0.8485502191323412,ACG
-2.7293833098979534,HAX
-0.5619879353651466,CKG
0.41452342483618576,EVG
-0.3048464223995978,SFG
0.022876160959303934,AAM
0.2697711240864753,CKG
-2.730479175270566,PAC
0.9333833948916205,HCD
-3.3693365708716243,GMD
-1.3765009823191292,DAT
-0.15199104008639341,VPI
-0.11951973789984502,PGV
-0.21449039461986424,DHC
1.1458357084943263,SZL
-0.5072563162496242,BTP
-0.19041811562233846,VRC
0.3446180045856159,ACB
0.7892033612687437,CRC
-0.038752522010104554,BHN
-0.5298215003645297,DIG
0.2393930014154424,YEG
1.856679548682549,STG
-0.11474621462067036,BVH
1.6520516738483828,TPB
-0.05209227830080504,PDN
-1.2123087976091818,VPS
1.5855766585733635,NNC
0.11952026122387051,LBM
-0.6504336067511909,SZL
0.2216080280283866,VPH
0.18030895068613073,YEG
0.18273447382849184,AAA
1.3437467237698317,HAG
0.014475379580521927,VNM
0.09525912333636742,PVT
-0.24475500991474886,LBM
-0.7846234207186541,TLD
1.2777053870619097,KHG
-0.05688053959735339,SBA
0.33860642361053594,FRT
-0.19283817970163775,BAF
1.9349213775008496,BBC
0.5291912631109869,VTO
0.7338912732123535,HQC
-0.4034435401862429,TCB
1.1124613175818683,VCB
-2.2792573836131114,PET
-0.4693887912209036,HAG
1.4512860329180985,LDG
-0.8662862124566876,ORS
-0.8181085022000908,PPC
-0.008094871487904687,TCL
1.5820015136570247,HCD
-0.12077586796344503,CII
1.7091797657822907,ABR
0.26397729013630783,TDM
0.4583722826534341,CTR
-1.7834594379195892,BMP
-1.858544298170843,DXV
0.5431855256828655,EVE
0.01227549044565495,KBC
0.2271267994237163,ADP
2.057669407284434,ITC
0.10067196656012017,CSV
-0.4595092151380487,PVT
0.6387334162312001,LM8
2.502463061880855,LIX
0.0612574714025042,HID
0.5948146585926455,DXS
0.5784496114418552,TNH
-0.04563988705982131,PHR
-0.3699800019675936,DBC
-0.7320619524767724,SMB
0.17489880916016953,APH
0.018951805322753378,HT1
-1.4004037044258917,HAR
-1.1605049085884585,CTD
0.4980551749157581,CMV
0.16869106802236572,HPG
0.43203346795581854,HAG
0.667703091206258,MBB
0.2861850432671521,CKG
0.7498311740596324,PJT
0.1313965584392583,SKG
-0.3428662613012894,PNJ
0.8573595860850646,LGL
1.768357569226192,TLD
1.0044279200649808,FCN
-0.04138732705292269,LBM
-0.07967292492204821,TDC
-3.3352192795749986,NNC
0.19356693118616633,LSS
-0.1632910267543428,PVD
0.8500776178250966,VPI
-0.5056787521967876,TAL
0.1615763781681379,TSC
0.0324173028238746,NHT
-0.5733009672207364,AST
1.2328617132594923,CVT
0.028112285754165734,TN1
1.957894320854771,GAS
0.03490476373496119,BHN
-0.10895048672925076,NKG
2.5757620148533014,LSS
1.897073257935387,PGV
0.18079435081185619,ICT
-0.6428806164739278,DC4
-0.4247275140612761,GMD
0.015255258796785395,HMC
1.0838876474788919,REE
0.26400733647243585,VHC
0.42150857570469336,HUB
-0.2510085814055264,DHA
-1.3114388311539256,YEG
0.6623751650133166,ITD
2.0501137707863912,HTL
0.3586520191134398,TCM
-0.7933805463059925,LIX
-1.0793478578463462,BIC
0.10228432286430462,TLH
0.47908091356251314,TDM
-0.25130612330530805,SBA
-2.233157513173817,VIX
1.1690082478167312,PTL
-0.48983091519608674,DAT
0.5409285278992837,CRC
-1.267114777240536,HHV
-0.8963659294924621,CSM
-0.09927945721561633,KHG
2.080905467760485,FTS
0.3076570931292972,IDI
0.3178490779520499,TCT
-0.06738904615150419,TMT
1.3176027339160645,KDC
-1.1891938842454532,HAR
0.05909975057017358,TSC
0.5535252195397483,VPI
-1.6955196486356952,HHP
0.13389408417554186,BMI
0.4011484178573136,AST
0.3804055626385607,BMI
0.04523473927360492,DQC
-2.374846440877568,NKG
0.009713457624341842,JVC
-1.662471845722015,CDC
0.7931369068974231,TDM
0.20615038420588894,VCB
-2.5100770270257455,SBT
-0.008610516439201882,CMG
-0.7743996852575639,BAF
-0.13660214938069634,HT1
0.14218025066438264,KDC
-0.6829066246578275,CRE
-2.6806754385839424,KBC
1.0819032533068709,PHR
0.4316378077351074,NAF
0.027434199616881812,C47
2.5678254784523573,TNI
1.060218056876535,YEG
0.014303895794980726,LSS
0.05479246954272211,DAH
-0.010023420587186551,PAC
0.34210764536492305,BMP
-0.677186816328688,BTP
-1.680097549474198,MWG
0.2654650471694941,TCT
-0.00262911211976307,DPG
0.3690973609854341,VNM
0.03609131443961166,LGL
-0.9022697646807726,GEX
-0.9956595478015665,LHG
1.8558352124651063,TCD
-1.727389337159455,VIX
0.1033669794993872,CDC
0.041690769470247226,HAR
0.0796170766981006,VDP
0.0362638322978957,SBV
-0.24263202035259554,DPR
-0.6673143472344083,AAT
-1.5288273889468604,COM
-0.014124100804867113,TLG
0.4845356809376808,SSC
-0.270021734170401,ADG
-0.2513211468034241,TAL
1.2852947233034084,SFG
0.25172867814244837,TLG
-1.2967728559565819,GDT
-0.08283521474602801,D2D
-0.4703599440496745,PTB
-1.2897002657797891,LM8
0.26219888111457795,HAG
-3.877179291126796,PNJ
0.7874407595562233,NVT
0.08672384733194988,CTF
-1.1130675886156338,TDM
0.0612574714025042,HID
0.8764990675842708,LBM
2.7497464148057116,SSB
0.42081812877668184,FIT
0.04928699074251836,TLH
0.1173027455188405,DCL
-0.4145968084246724,ASM
0.11589182658487529,TCL
1.900313445446321,VRC
-0.17736038447129546,CRE
0.13076388324951893,CTG
-0.0712628985064489,TRA
2.1621114477057666,CMV
0.2879361574527256,NSC
-0.2306726380763974,SGR
0.07904324397677263,VSH
0.37614174643684123,BIC
0.24022928565749882,HVH
0.0324173028238746,NHT
1.035559472088974,TEG
-0.43103444711596123,FPT
-2.554383529949154,VCB
-0.8532147827101507,PAN
0.04232938800590612,AAA
-0.1749686002941761,GDT
1.2635100868408793,VTP
-1.1556985611576116,HSG
0.012306109280868427,TCO
0.39153049546239216,SFI
0.43761334091259674,SAB
1.1063693216009014,CTR
0.6011304554756182,VRC
-0.2560951710881961,NHH
0.18212057674926257,ACC
0.1526326524553734,TMT
-1.1221029220498748,CLL
-0.011071580345109812,ADP
-2.1158743311705654,TVS
-0.4189117853060918,SGR
-0.09950743663085142,VCB
1.2713299045853668,VOS
-0.35725102628818156,PVP
0.02622420446581552,PMG
-0.7686473520918142,BCG
-2.5762146639720473,SVD
0.5886102060600398,TDH
-0.03278322785512887,VPD
0.34384816812731855,CLL
-0.2054326574664073,LHG
-1.6906368630209765,PTC
0.6789635799566877,TPC
0.03051574038609349,MSN
0.3867924783434481,PGV
0.21448452416150934,DBC
0.7899823072647674,MIG
0.17946288022123688,TNH
-1.9713429559567845,VSI
0.18981278374626934,ASM
0.4188158649946277,VIX
0.45531507091794776,HHS
-0.8972828985023165,TN1
-0.7724287971735592,HAX
-0.2466612204279484,HII
-0.37733959910909876,CTI
0.5482459417858555,SAB
0.3784574300365054,DHM
1.4169176007839641,AST
4.169652913148731,VJC
1.3764525687616718,REE
-0.10772777156306183,VMD
-0.09166113675759728,NTL
1.0158395946163379,HTN
-0.2982635460486496,BBC
0.274221540411562,TIP
0.532437796327261,HMC
0.5554232605725885,NVL
-0.5847154046375971,BHN
0.0612574714025042,HID
1.1572625545196102,SGT
1.450286728064594,MDG
0.4776640025275319,SFI
0.6683387389707675,DAT
-1.0925531196434939,PVP
-0.5941588303894341,PGC
-0.46105758398830565,LHG
-3.050096036497372,ASP
-0.1788437744692687,HSL
0.5806717299106963,NVL
-0.043900548160177646,DBD
0.8105319003602436,HQC
-0.22508087119832784,TPC
0.017192709580587395,ACL
0.22477647130765355,VDS
-0.8598389668483191,DGW
-1.7051632034079518,NO1
-0.05517160700536731,TV2
0.14209307650124628,YEG
-0.4222635661165663,C47
-0.5048267531137683,SZL
-0.48894760267249654,AAA
0.7444371256092777,FCM
0.03613302467133759,TCR
0.8607793055099584,CHP
-0.4511903989354473,PLP
0.15855232403667555,RAL
0.25464205564401193,TPB
-0.0778416239242738,HTL
-0.9871592200789319,SBA
1.5874307602997162,PLP
0.5646743756794318,LDG
1.168152492356426,CMG
-1.050145604412959,TCI
-0.32669388154110107,SAM
0.6186665443005679,CMG
0.5802039792802365,HDB
0.15791849785021186,EIB
-0.3439082773904583,DGC
-2.289460606902099,DPG
-0.7527843427958226,SVC
0.7678334909072324,STG
1.0438032457751556,ITD
-2.3184291349825137,GIL
1.0986547824611694,LPB
0.35128488162658134,TIP
-0.15241935203146723,TNH
-0.3005208895411092,ELC
-0.018411210625910134,BBC
0.08828199000354567,LPB
-0.09291944144399022,NSC
0.21249696533362647,VNS
0.35000740359755783,PTB
-0.34902413312509084,HHS
0.19942207572995055,PAN
-2.623262873217504,TDG
-0.13818452278632085,AAA
1.3469634911308197,ITC
-1.1183233153338341,HAG
0.10624810046469378,SGR
0.02622420446581552,PMG
1.0868591427537608,VCB
0.10298787601392939,TCI
-0.1195367874214284,VPH
-1.1511911130575379,CTD
0.32550442200452934,KHG
-0.40923092844546377,GEX
-0.3448093895951022,SAV
-0.14243482161616927,ASM
2.4338237353392964,HVN
-2.1922742463816527,DAT
-0.7474819470832457,VTB
-0.04294927728495271,ABT
-0.5076795047858778,ADS
0.49795959894826985,HUB
-1.1990059379243796,SGN
0.03154598345416735,VNE
0.35889679730191465,TNH
0.004934028802701639,SCS
1.6146766500072112,KOS
-0.4917532294082078,BIC
0.31598651869842487,APH
0.6293038350462946,TV2
0.3091491137323525,BAF
1.3400414301639225,VAF
-0.7181228310967481,TRA
-0.010278857846892493,ICT
0.017470414537389668,DAT
-0.57190497771743,SBA
-0.6507987270423378,PAC
1.3866577353752871,TRC
-0.35677621665693393,CII
-0.511751576678198,VPG
1.8838104224522207,LDG
-0.3697736026019106,BSR
0.7936485759651959,TVB
1.6292271614418603,VSI
0.013377725558469403,SFI
-0.008094871487904687,TCL
2.3395409311232456,HCM
0.3156799663404434,HAG
-0.31466504544881546,MIG
-0.20357086663107782,PHR
-0.00719836091860017,TYA
0.2516875579688023,GDT
-0.012426651071205242,BSI
2.34353631113682,TRC
0.8094395240397749,PTB
-0.1624476455899339,FRT
-0.08558305988479903,ILB
1.1272114990340776,PC1
-0.6008956543613483,VTP
-0.011715815741995558,DGC
0.5144499782558296,GEG
1.1826288842476973,HT1
0.7427165459828441,PAN
-0.748525130631642,YEG
0.18661634111104106,DGW
0.49216290955067893,VSC
-0.38466976367099337,TNI
0.0341408805583172,HAP
0.04178083985357432,MSH
-0.32024302278290995,PGV
-0.011224436964656638,VAB
-2.8612853955536455,VHC
0.4935474665784708,SMC
0.12240177218316269,VOS
-0.3061592114528239,TTF
0.026941231610136597,MCM
-0.9175799798196093,BBC
0.4878753118927627,TCM
0.07702190505584484,D2D
0.6311363550275508,TPC
-0.1551374978822268,HT1
0.10034949522828401,PGI
2.2162859247545823,GSP
-0.10474703320341253,HTG
0.8630516658635531,SJS
-0.29489681367456344,TDP
0.11126257134507586,TCD
0.12648305293608889,LAF
-0.6505814638321413,PIT
-0.8947486827088982,TRC
-0.14150174770214216,PPC
0.6516674087672771,HPG
-0.9742712400237691,ACG
-1.4609648553652115,VIC
0.05301402030039575,PTL
0.034665017933939175,TNT
-0.24164116286942086,HUB
0.5689420147616928,AGG
1.267113735884767,VSC
-1.0048757841461613,NTL
0.4678535610911723,GMH
1.2202057035634575,IJC
-0.5070222218920184,KDC
0.24659758530913842,PHR
-0.8442355185980703,EVF
1.3338091034993542,ADG
0.015255258796785395,HMC
1.9939300537480298,TLH
-0.4849694284537026,VTP
0.2278216064943598,HPX
-0.34175399244587024,OGC
0.26872139938171796,AAA
-0.16023903779503135,SSB
-0.1852600988600593,SBT
1.867033444217237,ELC
-0.7923835161646051,TDC
-0.42388767873467964,RAL
-0.1291791789172012,TRC
0.12158058041004109,HAG
1.6087763652743134,DCL
0.04550195069731325,PHC
2.2164684912135266,SAV
0.8548405507822949,HAH
-0.12995896927860914,DHG
0.0633194619849285,BKG
0.2263228635079674,LM8
-0.3063096509538333,SMC
0.6436602417029508,HSG
0.1429425460066412,HDG
0.06715384011419694,AAT
0.0051826703712155,CTD
0.03381830412202131,TVS
0.1728268608480101,HHV
0.7945940896098584,DHA
0.3524257202625433,NLG
0.23116889023920767,HQC
-0.17223647166293737,TCO
0.4375565796971989,UIC
-0.23422159653495583,YEG
0.07701464723095974,VDP
0.06348845996905979,TTF
-0.46670708058629223,DHM
0.06933586835902554,BFC
-0.06529494796041817,VCF
2.6242358774290797,SFG
0.5449443605826352,KOS
2.1009788470030117,DXV
3.8787237864416184,PGV
-0.07984828417401847,DHG
0.015075088486803464,DCL
0.5690837265623693,SHA
0.2878760612863945,CTG
-0.6328978611602143,CRC
0.3808550172592214,AAM
-0.4312881351259214,HUB
0.36244098520830803,PVD
-0.04007052630584957,SMB
1.306234894022298,TPB
0.22921777464627283,DBT
-0.17394871132911166,VPS
0.3963712912379974,SBV
-2.193509132673554,DAT
-0.7617044727759864,ITC
0.9314304132214484,SPM
0.25025769589949387,EIB
0.76449881812727,TDC
-0.13491764943473433,VIX
0.30088182416943415,OCB
-0.7563676714517282,GAS
0.4431317641907836,SRF
0.7870460066846248,DSC
-1.7074136944916964,CLC
0.7152632167188555,KHP
-0.2415710189882948,VNS
-0.2540768095171456,TNH
-0.014418223887514183,STG
0.7784359255664977,S4A
-0.8214305630727166,SC5
-1.1310620692115252,AAA
-0.8761416720299999,PMG
0.32412150885804236,BKG
-1.3230982665290196,VAF
-0.07110154226967225,PGD
-0.3498089051320781,MIG
0.24116230112144738,PGC
0.5263012169229233,HAX
0.15195249095383231,IJC
0.7004332701799704,HAH
0.8576906279170942,SCS
-0.26462338380408557,HVH
-0.25459047332395657,LDG
0.1555373687301025,TLD
-0.8583627845275362,CLC
-0.38303935197672573,DTA
-0.7097241935299713,NO1
2.1096584650375756,TCI
1.1699012958281299,NCT
-0.16412033248231012,BVH
0.6418782316008735,SJD
-1.438889326009033,CCI
0.3091048714216319,FIT
2.454305524222198,IJC
-0.8619232712131305,ADS
-1.1468076744045517,YBM
-0.9822257048280332,CMV
0.20184611420905382,FIR
-0.01075329575248783,CNG
-0.6128343285982906,FCM
-2.428488740395804,VGC
-0.9735274808800753,NCT
-0.7125928134406703,BVH
-0.009804542526258004,NAV
0.16727922532332481,KOS
1.903873928560308,DSN
1.2912589878400138,CII
0.03288315152464663,SMC
0.6235618195548503,VAB
-0.5349838263134237,ASM
1.9319472869739327,GMH
-0.27919063471677424,VPD
-0.14130942045920586,SSI
0.9938076796644855,NSC
0.6225956402234026,VIP
2.469038879590737,UIC
-1.3161113087055063,DBT
0.3809750535454801,SHB
0.009208852275549986,TMS
0.0362638322978957,SBV
0.3554626895702605,TNI
0.6995469610496865,BRC
-0.7414389845660306,SMC
-2.750410703014425,PPC
-0.07889879116914134,PGD
0.6989281635717944,DXS
0.7656523494203541,VCA
1.8019465950367881,APG
-0.8345850226419811,PLP
0.34633957534761134,ASM
0.8227558941931011,ASM
0.2450679611795053,CII
-0.529621183508753,SCR
-1.6535721312916443,TSC
-0.06882334551327642,HDG
0.11806876623797123,PDR
-1.2075076670614995,VSH
2.2775645768873543,VDS
-0.3889447721647376,GVR
0.16152608590876472,CTR
-0.20655844854242766,TLD
0.2550169150204437,BKG
0.1444201936174679,MBB
0.29181097855957344,TCM
0.015038873568294201,AGR
1.3543502631825202,DBD
1.0056435274527813,PDR
1.8681327122453966,BRC
-0.34404861989684793,BRC
-0.2442518442778974,DRH
-0.20669369112472455,PTL
0.46579335092931545,PVD
0.2431519105207089,LIX
-0.8704548839128924,CKG
-1.136657421110994,CII
0.6150771396989524,KDH
0.013928113503173137,LHG
1.1007357068042598,CKG
0.7407257650931585,DBD
0.5757944074482615,CTI
0.12680305707247716,VID
0.6562663557913263,TRA
0.07379067588546599,MDG
-0.2794386661632674,CTF
0.6110979788527587,VNE
-0.390567924545709,HVH
1.1041987299926663,ADG
0.006453295359853701,GSP
0.4947005626310256,VHM
0.39660630417016,TCO
0.9012945481257568,NCT
1.333743987032182,SZC
0.1470150378306237,MCP
-0.6797406945854986,UIC
-0.435291550221683,HSL
0.11675439762401939,BCE
-0.22238321710279413,TIP
0.1634739119762778,CIG
-0.5751953779986221,LHG
0.2252735546089095,GEX
-1.963028194938356,PDN
0.609219527385162,CTD
1.479620392981382,TCI
-2.0337902193760873,DBD
0.17169666106784554,SVC
0.5351395232002212,DXG
0.11298402244175372,VIX
-0.4570021725146403,FRT
0.2456596664469628,DBC
-0.3004471206994317,VDS
-1.8233660278685258,DCL
0.0007264038441690482,BRC
-1.525627031535452,TCH
2.3704651640941314,BMC
-1.4672179009859432,TYA
-1.0756088298474582,VTO
-0.11966613950711687,PET
0.028073826948156785,CKG
1.002880042213725,VTP
0.756103102929804,HAX
0.33571044410020306,GVR
-0.3665145051668734,ITD
0.7618813948125503,HDB
-0.003618052175033325,PGI
0.015038873568294201,AGR
0.2501868114206005,SAV
-0.0030895986419726996,SJD
-1.399716731862993,HVN
0.013928113503173137,LHG
-0.6298776226770512,STK
1.3351333068160627,GMD
0.045059397440728816,FCM
0.01645569009551116,HAS
-0.1946062230173122,QCG
0.5361205738949011,TBC
-1.7066946548642725,LHG
0.31793620756746044,TCH
0.760962155563631,LAF
0.2704414537750943,OPC
0.5906630208343024,TCB
-0.4975185415578922,SFG
-1.6782843091752262,SBA
0.2635923887179666,SBA
0.91473172283531,VSC
-0.20859175209716518,TRC
-0.755671136217706,PC1
1.5882389914601411,BAF
-0.5792498552018969,HCM
-0.006222087480280274,MWG
-0.0049924012690083005,VHC
0.10726333785130526,ABT
0.853673701673177,FRT
-0.033864304394823054,ASP
2.4165161859571582,BMC
-0.3254316204465121,VIX
-0.2786668521831225,TCD
0.15349080928652442,HCD
-3.0206721432813857,HT1
1.0281761108647862,BID
0.9049691024342483,PVP
2.320135480501618,TCO
0.28639680975639087,TV2
0.45850696787620077,BCE
0.01074755616262742,EVE
0.026296599896096524,ACG
-0.8586277780457232,TCH
0.13236763801388482,TVS
0.7392407181622236,BMP
0.44585117005997904,BKG
0.18813728875891472,LGL
0.015640677262310918,GTA
1.8810661048565978,DRH
-2.8084377051814826,LHG
0.020644082801921166,LCG
0.3503164935052813,CNG
-0.23895666413484049,ABR
-0.419577691062346,VHC
-0.16897842861081644,EVG
1.1455233950070478,PVP
-0.0014147906465623076,ADS
0.12016383358334032,HTL
-0.5994021396091966,ICT
-0.18779421246011607,ABR
0.11880408027157181,HTG
-0.45821599844319394,HPG
-0.12935401207722555,KSB
1.7794532941075618,HQC
-1.1271021245640473,ORS
0.04295096114441927,DLG
0.22804673663856506,D2D
-0.027344452237919203,FCM
-0.48452091735571035,TMP
0.03706341576841501,C32
0.09751283459956837,VHC
-1.956292766856612,SSC
0.34908110373094775,NKG
-0.37259791767946004,FMC
1.4808176677662004,PVT
-0.9223121300882418,EVG
2.057655845524999,TCD
-0.2490807577583109,GEE
-0.38252143921912996,ASM
-0.3108691423384163,CMX
2.245919616794974,VHM
-0.08921450535135178,HVX
-1.72052716387538,PAC
-2.222191441280706,FTS
-1.1319746230365517,GAS
-0.36192609332036735,PHR
0.15128207178334693,SKG
-0.28195924866195965,SSI
-0.17146201115215115,SBT
1.046298541630693,NCT
-0.2866903860101855,ST8
0.8767937590277302,TBC
-0.0684640898676192,HAP
-0.09374290917722389,PTB
-0.04037830681729807,LHG
0.7547438286891271,PTC
-0.031912303747719216,TDP
-1.0799795653373454,ILB
0.2143818938193986,SIP
0.18057179153258707,PDN
0.214806837717775,KMR
0.3065704602388685,HVN
-0.5461492551937188,ABS
-0.6940720461192422,DSC
-0.0406913853511416,KOS
0.5431878713036971,BFC
0.20340714165759036,HID
1.7716256334646698,HQC
0.0023951870223284273,VTB
-0.1900028454806602,SCS
-0.4125361645253191,SFG
-0.5168342809127237,HHS
-0.46959399525693785,HT1
0.18944598081226108,GSP
0.7395058507708003,GEE
0.5376181870538289,BAF
-2.860399852206553,NHH
0.34156446748671493,SCR
-0.8243917162244957,DBT
-0.3254435077726768,HTN
0.13876112726787423,FIT
0.3088284108467607,SPM
-0.2623624412163244,HCM
-0.05405761877475897,ASP
0.452714871955338,VPS
-2.1201257539334315,APH
0.018123257665535648,SVD
0.5438530687843676,DRL
-2.8426807736899637,PVT
1.789749101895754,CVT
0.01074755616262742,EVE
3.837945501890893,KDC
0.07119452248210768,KDH
0.24861411492575944,TDG
-0.33283458666822907,CKG
-2.117732514301281,YEG
1.9253594176238678,SFI
-0.19133846922614428,TCD
0.03891571290881944,BBC
1.2385321833841394,BWE
-0.22260088244847895,BSI
2.5087027942802473,TTF
-1.7270365413783324,PHR
-0.5378518208503767,DHC
-0.3094562670515154,DRC
0.1574304093917808,TRA
-0.3533860437953905,POW
-1.253560216443072,KMR
-1.5088185710629656,VNM
1.0869217244126597,HII
0.4435850651633904,PGD
0.4954217861509874,SHP
1.7387679986958504,PDR
0.4515335620654171,PHR
1.734645692616375,TLD
-0.5704696287154036,HVN
0.40302524885223734,VIB
0.4087980016712473,SHI
-0.4941523500308603,VIP
-0.9547821770374632,DSC
0.2703923197997827,SBA
-0.31553742664455364,ACB
-0.012426651071205242,BSI
0.3260459906371513,YBM
1.271414438283531,VNL
0.9113584195741486,POW
-0.35486967378952405,VDS
0.2350813590694367,TNH
0.5211735862896871,EIB
-1.4448763600354153,VDP
0.7245129334398654,CLC
0.6277919723667712,APH
-0.7223159537174472,LBM
-1.9929678012717318,SC5
2.8974615924286877,HTI
-0.10316756207766928,VPG
0.24186824507729443,DPG
3.625587989169717,NAB
0.004616794520872598,VJC
-0.1585607372343276,ST8
-0.7086634546819911,ACG
-0.4069975679160542,PGI
-0.14935591582218338,PET
0.4215437618594383,DXV
-1.823211712534059,SVD
-0.4857643197251351,TEG
0.012274989498509439,SC5
-0.8224449121048574,VCI
1.071301610372361,DCM
-0.04677377040858557,NNC
-0.12132069953876731,PLX
0.04556633458996567,BWE
0.18969294482651647,HTN
-0.2723924993548054,HUB
-0.04007052630584957,SMB
-0.5106656184412934,NNC
-0.27238306643795324,VNM
-0.08621322907330703,FMC
-0.4480217017891353,HDC
-0.3823909255355363,FTS
0.04422408295220057,SVC
-0.15171442940969293,OCB
-0.6612731237870157,HT1
-0.4463510748975201,DHC
0.9784719588124934,VGC
0.5497628977628728,DAH
-0.16951147771268155,VPS
0.4770092323270521,DMC
-0.6100646185525858,NBB
-1.847956449667064,DRH
0.3007313902284144,SBG
-0.17249464733213105,GEE
-0.17703065728753112,TTA
-0.00719836091860017,TYA
-0.36664453299101,HDB
0.07023193314575803,VDP
-0.29739061305318787,TCT
-0.1668923824153563,TDG
-0.14726500582921595,TVT
1.685005213259156,HTN
-1.092100762947173,VGC
0.8500994026514896,GAS
-1.0135266187904337,TAL
0.4220417128467725,MSN
2.3288676136420037,YBM
0.018347376058329236,SGT
-0.10571795845658555,MSN
-0.1350278769692856,CCL
-1.3594129294852901,TVS
0.003030631788115741,SGN
2.2967507088227572,KDH
-1.4953590103979029,DIG
-0.01004722454884453,CTF
0.40094785793690707,PAN
0.4354377296621314,TIP
1.2090717921412253,MSN
-0.2834134837890276,ACG
1.6983131683311228,ICT
0.6509908821774417,SJD
-0.16843809491974338,DIG
-0.028599439991756733,ACB
-0.4057907273765782,IMP
-0.7532220799476509,KDH
1.079088932110252,VPD
-0.014537026827334171,VNS
-0.7553287721827175,NBB
-1.0940257802285487,GMH
-0.024036413028313063,VIX
0.5823460157248057,PPC
-0.3289827594077687,KHP
0.24335639394215877,HMC
0.022876160959303934,AAM
0.009713457624341842,JVC
0.2669733233350731,CTG
-0.7225952828857377,ASM
-0.08874969222383469,SCR
-1.8089360105084142,HTV
0.7601922286548014,PVD
-1.1231896655326719,DTL
-1.1394656901159546,BAF
0.8989556633558042,VHC
0.6969836834235623,OCB
2.689158610277228,CRE
-0.27782635505252795,HHV
0.5098695269228136,PTC
-0.2582642854851007,DSC
-0.005426357313927966,CCI
0.40224725810769507,GEG
-0.6132176122982947,NHH
-0.5173190010096427,DXG
-0.15254133923551508,DBD
-2.0673536335739575,VRC
0.819886945858278,CCL
-1.836005898855199,PTC
0.10939945658022612,SMB
0.2609263798553133,IJC
-0.009410963906315451,DPM
-0.060759729099861076,CTI
-0.8752707398047602,CHP
-0.506968237887035,MSH
-0.033450308484670115,PNC
-0.267788830243877,TTF
0.141708656101114,ST8
-0.7865654805420198,PGD
-1.045049799940045,TTA
2.411243352981282,TCO
-0.5485091457640459,TPC
2.7581449508599274,SJS
-0.997978509715833,NTL
-0.9365877948659564,TCM
-2.1430335442960664,GIL
-0.819972295389299,VTP
0.5246247137774579,DAH
0.40663158947417005,DXG
0.024848883416702383,SAB
-1.466973808672105,SMB
-2.838523602019381,MSB
2.0816230518565577,NHH
-0.3334022282767092,BRC
-0.19577800062744113,SHB
-0.01574428151394302,CLL
0.22697390897737238,TEG
0.24294191340744278,BTP
-0.28348996686231126,CTG
-0.3082130780387721,TNH
-0.10399195964623045,CMV
-0.06345626579326227,CHP
0.227167381952959,NLG
0.20503421285066692,SHB
-0.21162954983230184,VAF
0.01580114813498204,APH
0.5584508474811846,HCM
-0.10976916056669768,MIG
0.025286651832193426,SPM
-0.08305295214977179,GEG
0.17098112520406086,HT1
-0.45862011335704755,CSM
-0.04386165855295459,HTI
-0.08694578717692018,SAB
0.9728894699139544,TVT
0.5466453749634729,CVT
0.33331117474508526,C47
0.10256800622335566,NKG
0.8879666650959768,SFC
0.5887337193077996,SJS
-0.2393086860164073,ICT
-0.2985977561848583,DBD
-1.6766853748665833,SKG
-0.18653385614518986,TDC
-0.3353761011532202,VOS
2.385466951051066,HHV
-2.037835458919363,SHB
0.4120780408743438,BIC
0.34711985858675826,HID
0.03288315152464663,SMC
0.9419799149194813,GVR
-1.6057143305656634,HAX
0.571145950348686,HDB
0.26919233806392806,TDC
0.03538881891960195,VHC
-0.2648192608036799,YBM
-1.1124317131774213,DHC
0.7550773153918094,FPT
0.25916441125761375,VIX
-2.315701280583136,ITD
0.4371547901031131,TCO
-1.0015492540659419,TLG
2.269948785749988,STK
0.12356554181019665,STB
-1.2362961214873116,OGC
-0.03442921915365666,HNA
0.28409258011479754,TDP
0.16073254961874797,HCD
-0.9757423406482008,SAV
-2.6803178041382747,DHG
0.3123413402943377,TMT
-0.17887058732249927,LGL
1.2790331221987106,TTA
0.028813633490521434,VID
0.2723966132330897,FPT
-0.47600265872057185,CSV
-0.17070241093761415,BFC
1.1547892994030122,FPT
1.2623206364405535,DXS
0.39727224797328076,SSB
0.28787100480678723,SAM
0.6047560886587243,EVG
0.6941585714205264,BMI
0.031048946261416795,SCR
0.12800358821148491,HTN
-0.5172730664636663,SPM
0.01802350198367512,POW
0.11454877783412111,VIC
1.0144158369148668,DVP
-0.09329958395616729,VRE
-0.9697924283979075,TTA
0.4054951772796333,HAX
-0.36196805329828086,PJT
-0.6033050119678459,PPC
-2.483965220882887,ABS
-0.1274045737790108,DSC
0.15334958833583096,NHA
-0.6198224931450859,PPC
0.27959303089003895,CTF
0.014036268184765917,RAL
0.0139888896727529,VCG
0.0023951870223284273,VTB
0.8157851411092639,KBC
-0.5876903236581926,DHM
0.041690769470247226,HAR
-0.2282053129952002,EIB
1.882935014441093,CTI
-2.8007699994913806,DGC
1.4550852176171272,BVH
0.6814580362483093,VHM
-0.30453615302323633,SJD
-1.9973222778855022,DSC
-2.325790846680517,IDI
-1.2280999150932757,PGI
0.03154598345416735,VNE
-0.6276972771908909,LAF
0.6231471157110139,ORS
0.06473843774787251,HII
-0.2129390894422103,ICT
-0.007402523705726499,OPC
-1.0971238241960355,TNC
-0.8991652613856472,APG
0.6854211581362508,CTR
-1.8868986779154995,VTO
0.4205172254551434,CTD
-0.7968552640338353,DHC
0.2356819047291622,ABS
-0.24603860754343798,PAC
0.06984515106537689,KDH
0.31598179596475023,BMC
0.9184983286296915,CTF
0.29560495763795536,PNJ
0.006207182326561493,MSB
-1.769621068879628,BSR
0.06661085184330615,VTP
0.05574791319189526,HVX
-0.8686818537500977,CVT
0.090730346861599,ILB
-0.27111952606374706,SKG
0.05379349267227358,BFC
0.1682000223061599,SVD
0.7362811369940191,DLG
0.1319477828072521,DC4
0.004155022625419103,PVD
-0.5317444451222364,ST8
0.6819178836147958,VPH
0.4040864616270764,VIB
-0.3110569057958946,TDC
-1.1175164669401658,SAV
0.4366593111498639,CDC
-0.907150090957027,DXS
0.29595391713801694,VSH
0.03182490165875157,HTL
2.7272524225492005,GMH
1.030492052804947,DCL
-0.000200210842177191,PJT
-0.7491623794702166,KHP
-0.11181975241602886,NHH
-0.7751409382045314,TCI
-0.6828559590317977,PDN
0.20161647576860386,VPD
-0.3189541954824379,SAM
-1.2861017517847073,LPB
-0.19040925938989825,VIX
-0.06613981564409009,HDG
0.10794535829815212,TDC
0.1853300475026482,AAA
-1.4250672403283915,ICT
-0.07989980539332792,VTP
0.3901267439301175,SCR
-1.5185384081368032,TTF
-0.792298740987818,DC4
-0.038616142255850645,LIX
0.458156939481665,VDP
1.566558909954269,VAF
-2.585397271000133,CMG
-0.2912905133225898,DBD
-0.4189344135328885,TMP
-0.19906832720387166,BCG
0.23254138085354928,KHP
0.5708797249749937,DXG
-1.7739055509121773,PGC
-1.252442288595857,VPH
0.18153635352468445,ADP
0.3134371516470602,IDI
-0.012426651071205242,BSI
-2.0055562443496453,HAR
0.026296599896096524,ACG
-0.503909090047542,SGT
0.01853429594566506,ITC
-0.9145800718120229,ANV
0.13865005235840508,HQC
1.0141444641353818,VHM
-0.2256069629407757,TVS
0.8057947099853623,DBD
-0.28229158171704105,HSG
-0.027069022218978625,IMP
-1.1492648240667271,HVN
0.493250971050039,DBD
-0.05688053959735339,SBA
0.09095490570756758,CRE
0.13866117583307752,LDG
-5.874415528740813,VAB
-0.030829265911083176,VIC
0.1793286997658564,PNJ
-0.44516164169442035,ASP
1.4771628546018865,CTF
-2.831742064836368,VJC
0.05409776977833761,LSS
-1.5809917167959868,TAL
-0.08644662162016897,CTG
-0.72186209411162,GSP
-0.5525353092337629,FCM
0.3089221257046741,C47
-0.5382569844500068,SVD
-0.6788809917527144,DC4
0.5398778252117598,TV2
0.32585280541741896,VIP
-0.12130235024933361,ASG
1.2963430743214654,VNL
-0.4206539759540682,BCG
-0.2166982300713068,VTB
-0.5606616181776384,NO1
1.2854610897414693,PTB
-2.33613650125597,IDI
-0.1691030772318311,TVS
0.7555248253869846,GMD
-0.2841064893017998,CDC
1.1911273722021587,TNH
2.5148883799222643,NLG
0.348456845417503,SGT
0.049568303495592714,FIT
-0.6158504367150796,SVD
1.6524883220236817,JVC
-0.6638235891122304,DBD
-0.17721113785529727,AAM
-1.1962178320241241,STG
1.7260240781113683,SFC
-0.22510547113642426,VHC
-0.6137996306796555,DSC
0.27788389400444474,BCE
-0.05688053959735339,SBA
-0.01343741566151019,DRL
-2.6562378111408167,PGI
0.10158187768623358,SIP
0.33135281992627597,DCL
-2.437685698994996,MHC
0.1630233435252123,ANV
-0.9708460811602783,PDR
0.5167851524984357,STK
-0.10066552347738578,NHH
-0.9151051620730141,TVT
0.6130222237318137,AGG
0.1899003463995375,BSR
-1.5561181188917863,FPT
-1.5266125447655072,SCR
-0.010023420587186551,PAC
-0.18815019425539947,SVT
0.21261307548998037,SBV
-0.237291323617178,PHC
-0.30045143610989156,TNI
0.549237300036545,SMB
-0.005930102498459649,PVP
-2.701477951404342,ITD
-0.03611241160351432,TBC
0.6815331877628504,SSC
-1.582320160493293,NLG
0.5802814850303799,TDG
0.8650101000137375,TDH
0.5188174040294791,C47
-0.501815657262581,GVR
-0.23624885581350277,GVR
0.009208852275549986,TMS
-0.29590624484716577,ABR
0.12039095338648885,ICT
0.1969993248049236,LAF
-0.8037532912594408,AGG
-0.9021206023990488,VCG
0.17419860527437017,SFI
2.4051417601775946,KSB
2.9680507890791294,MWG
-0.6098182457043014,CHP
-0.02002816655042015,VPB
0.010052461188120178,TV2
-0.18169291581253647,NHA
0.25166479651254775,HAH
0.06827305515760197,SHP
0.45831309323233793,ILB
-0.010278857846892493,ICT
0.006453295359853701,GSP
2.6357410123077494,SAM
0.11601698090737331,BCE
0.37980114757679817,JVC
-0.1153833197291239,HTG
1.9245939141393498,GDT
0.01802350198367512,POW
-0.08891441012528371,PMG
0.5587719785902673,BMC
-0.33030636013392534,NAV
-0.17934630622107292,DXG
-0.5805522433616636,TMP
-0.4544067837046221,TIP
-0.652095958420002,DHA
-0.37185632946908814,HTV
-0.544737292530046,HVH
0.4784257860320459,TLG
-0.30283126910539193,CCL
0.25992785381293704,DIG
0.1900144490736579,VCA
0.03613302467133759,TCR
0.4912571919057479,LSS
1.690517895545595,HAS
-0.11407998922239229,NHH
-2.7681110821295083,DGC
-3.195486077826334,MSN
-0.04066022876370414,SRC
-0.05930869643688601,VCF
0.08235091315992339,HAH
-1.971675209383793,VCI
0.3138298399072425,NVL
0.3495405245985691,POW
0.26498577396185363,COM
0.14061505986769154,SSB
-0.16333125441487323,TTF
0.08393759014360046,ANV
1.8798554922585669,ACG
0.16750286461220573,PVT
0.11385342560239521,CDC
-1.0701232373966267,PVT
-0.13745508346158597,TCM
0.0021460263351075802,PGD
0.5077352369768345,VMD
0.40014455959942447,MBB
-2.4529671848411403,TCH
1.238805372988743,SVT
-0.45143959953843,DRL
-0.010001346113462593,GEX
-0.8673517182986058,TDM
0.5314344851981249,VPG
-0.3609057231519174,SJS
-0.03736852291709264,VPS
-0.09885249717611905,BAF
-1.246502738133835,BIC
-0.1728123454564672,BID
1.5791666886479927,BHN
-0.024036413028313063,VIX
0.011116422163687436,SGR
0.19371060952257566,TSC
0.7027895639074255,DTA
0.004558087972000823,ABR
-0.49833426190328317,PVP
-0.13069518549827835,LCG
0.011756480410744917,VOS
0.015640677262310918,GTA
-0.06715245023113085,AAM
0.5646375455851912,HPX
-0.9907297599964479,HAX
-0.06042299255357894,SFI
-2.1988842499059578,MCM
-0.7226829103061961,HCM
-0.7141731811275992,SVT
0.5995537343239541,HPG
0.01227549044565495,KBC
0.8757468729056657,PTL
0.3255890736000534,PHR
0.5425605258634063,VND
-0.06659261336295573,KDH
0.12194360656178137,VPI
1.678577963998008,CTD
0.9605766350105241,TCR
0.12359558368278209,VPI
-0.6383004603951499,VAB
0.2260493187106269,SAB
-0.33710774161469503,SFI
-0.4174753710302192,NSC
0.8511059038525086,CSM
-0.008063053544571389,MDG
0.22091584802843817,BIC
-1.614206123345814,SZC
0.2405392016265275,TDP
-0.1704633214217876,DSN
0.10470160458416876,DPM
-1.4068907598014737,ACC
0.931361712145361,FRT
1.8683004542625625,VPD
0.1357401556729161,BMI
-0.28543196329819265,TAL
0.24645832874187754,VTO
-0.40796489352983234,GTA
0.020018877658195575,KHP
0.29844574615837066,HDB
0.9429351051355919,OCB
0.5799746114032943,TCI
-0.6573819498377542,GSP
0.24495210550743574,CLC
-0.07292025705733195,SHP
-0.45734625875164553,EIB
1.09393688670026,BID
2.2274714818863663,VPH
2.4717517103088325,NHT
0.004558087972000823,ABR
-0.20702412067356524,SGT
-0.1758464073097826,HPG
-1.237117869664022,PIT
-1.021561903611261,DCL
0.704553497137361,HMC
-0.5603909638250001,D2D
-1.0293387399306675,NLG
-0.8606134710895212,VPD
-0.11240396118751281,TBC
0.014036268184765917,RAL
0.16181064809316661,HT1
-0.4610457000017969,BVH
-0.1880485675262126,VCB
0.7717098898761089,AAT
-0.36401894611657815,GVR
0.2416222008480565,VSH
0.1799885931002478,VNS
0.7452447844882644,SVT
0.7483136696346808,SGR
-0.42820078269975315,DHC
1.0316547611166995,DGC
1.0817193151292972,SBA
0.2155027299424135,CMX
-0.7907118633645016,SMA
0.9570833131288565,DGW
0.531922484895924,DXG
-1.084371038707546,PVT
0.35007910681529475,MSH
-0.21270948748209037,SZL
-0.04677377040858557,NNC
1.261685455985314,BFC
-0.25865257950722764,ELC
-0.4218011639618419,AST
1.012253520976553,DHA
0.3297951190896192,ACG
0.6903456171957868,VOS
0.3079503300678266,VID
-0.41748188180687473,BAF
0.04550195069731325,PHC
0.1621380912883868,DPM
0.4950830783052131,SHB
-0.5234705049726329,DBC
-0.27697571805940213,PVT
-1.0628366055597358,KHG
-0.8285616339546672,KSB
0.04427178763925579,REE
-0.05876350521104314,BMP
0.9406447498169329,SGN
0.3350782351494698,CTI
-0.748480697493065,CRE
1.092388977482012,PVD
1.6523738132888601,VIB
0.6865241697383545,SSI
1.1251151258847014,PNJ
1.0062522872725475,NVT
0.2286941582710181,BSR
-0.31533802285408347,HTG
1.064398601433096,PDR
0.49394224593549646,CII
1.9887738442579979,ASP
0.6856152560077561,TVS
0.0011892775149193113,SAV
-0.2639325846644123,HTI
-0.04220018171487552,DVP
-0.05521149234921085,CLC
2.1451288383837275,CII
-0.006610800981848937,VGC
-0.08034397928106073,VPG
0.48226840479164335,HDC
-0.3226396583429075,ITC
2.3758522801176087,NBB
0.4612178767057902,DRH
0.04422408295220057,SVC
-0.40640749366038487,PJT
-0.4111655878318554,PAN
-0.010157513165326669,DCM
0.5612559827884434,HVX
0.42024568245634075,TPC
1.886758055522652,SVD
-1.1612865775419727,CTD
-0.6321423360677866,SFG
-0.7453091389168195,TDG
-0.45606792066880997,TCD
-0.4949497429158445,KDC
-0.12821326312577216,SC5
0.6767612258410957,VIX
2.0811288332057387,LM8
-0.4659587035791435,YEG
0.2196128053868558,GSP
-0.4124462786923961,SAM
0.01811243066550267,CIG
-0.1444411607874587,DXG
-1.8152973324430666,ILB
1.6516817934663168,HAS
0.23663541986288483,HTL
0.8456913558931023,FIT
0.01889814935128961,DHC
-0.005930102498459649,PVP
0.35822275444834395,AGR
2.880162708887559,BKG
-0.5215375885470501,VIP
-0.40450381987355816,GAS
-0.20881994168796225,TCB
-0.030829265911083176,VIC
0.23323587346071933,FPT
-1.1415465666244984,FCM
1.0703135128762051,DC4
-0.3313913784777856,KMR
-0.7328690595246018,DPR
-0.6151785468950611,DHC
0.6919056601223106,FCM
0.17817074443902953,GTA
0.10632298761404911,NAV
-0.4909667036016718,HHV
-0.7336767946311916,EVG
-0.03611241160351432,TBC
2.1888727826722554,DPR
1.293536764959119,FCM
-0.7295511877419116,KDH
0.5398533578739341,BMP
-0.03776776683319355,PLX
0.9669657078751119,GEG
0.8722676847030129,VRE
0.003030631788115741,SGN
-0.48992221778553097,ACL
-0.29581478385029325,TCI
0.9702365095996284,HDC
0.20368014104706597,GEX
0.20961496179467246,DHM
0.10296382043584312,VPB
-0.7424162065493112,BIC
1.3883142821857195,NAF
-0.571937539425029,MIG
-0.0030895986419726996,SJD
-0.011224436964656638,VAB
-0.8829587879134289,BTT
-0.460886540153035,TIP
0.41074129969732,VJC
0.8240550511299214,VNG
2.1423027820554585,HAR
-1.187375013904732,ABR
-0.9198601015560176,ASP
-0.2462079410381051,DBT
-0.3271929285509306,HAX
1.9629161555771952,DXV
-0.19133929663633933,VNE
0.26577955269466824,SAB
-2.185125769248132,FCN
0.28409238754595467,VID
-0.3465014228736145,PLX
0.08293690751437348,TNC
0.626476597363753,OCB
0.051118750154110285,DGC
0.7090535751682953,EVG
0.45848511812421594,CTS
0.7152106417291836,TYA
0.08058273845813088,VPD
0.23089720936382815,DHC
-1.3079897720051032,TMS
-2.360351475952666,HAR
-0.5815494276398471,DHG
0.7503558810642091,BWE
-0.5242836963953563,BKG
1.7543384882193869,PDN
-0.2691296355092842,MSB
0.18133306702907773,VAB
1.0545571660188802,TCR
0.8807646846894255,VAF
0.5808553532902594,CCL
-0.08637431481271196,SFG
-0.6504046228305441,EVF
-1.3584268767054237,SC5
-1.0493564057193585,HDC
-0.11147696008722699,TNI
-0.04386165855295459,HTI
-1.2140244609629658,DRC
-2.3297372142615846,PNJ
0.05967567776333215,SBA
-0.5556705039933543,TLH
-0.8887867458670695,OPC
0.5398869636978801,VAB
0.14701390419534455,HHP
1.713636955681996,VTB
0.5245111123781632,KBC
-0.40221325312712364,SHP
-0.9336183484288467,KHG
0.031862733502017904,HAG
-0.15486498185056954,ACB
0.5380667945831463,VPS
0.1597253422250657,PVD
0.45870105778593595,BIC
-2.393964613652454,NKG
2.0978273479739333,TMT
0.29654776550535716,NAB
-2.6266239500040345,SRF
0.004558087972000823,ABR
-0.7522491116034948,HAH
0.39668940797642427,VHM
-1.1458173503107103,SJD
0.15187712144215665,PAN
1.6445292668037954,TDH
-0.023989096304515546,VNL
-0.8616417663874187,VPG
-0.00719836091860017,TYA
-0.42858998494997064,DHA
0.8038013027165782,SIP
0.8986857299618649,DBT
0.10796524032204352,REE
-0.2594821627913368,LGL
0.9502833738709657,GMD
-0.11959412752188166,KBC
0.1484195220633313,IJC
0.2454045510234622,KHG
0.2282140866071668,CMG
-0.2643373983795113,PAN
1.410143002554713,C47
0.9368250131723747,VJC
-3.4321126532831134,BIC
-0.098915897664317,TCT
0.11594943071315489,NAF
-0.4631703469783093,VNS
-1.0774350042939964,TNC
-0.15708136907478154,SHB
-0.9439427900439098,PNJ
1.1868037338490947,BCE
-0.3175870306062602,TVT
-0.5169693601923877,ORS
-0.0604412121290169,VID
0.7776857886105835,PTC
-1.76102353832844,SC5
-0.1706423630898097,ST8
-0.19556520610351502,TN1
-0.6561800548799275,BVH
-0.5263242494160361,PLX
-0.29139088314631734,KDC
1.1148173570453763,DBC
0.3118032442349889,HUB
-0.33834024175044575,MCM
1.766266316952818,QCG
-1.5591214431556106,VDS
0.034422787801548956,TDH
-1.1222546987269595,NTL
2.692470814561182,VTO
0.9907357956826071,BCG
0.017192709580587395,ACL
0.26349380254921195,VMD
0.31971902752183967,EIB
-1.0464485823768463,BSI
1.0077623492464374,BSI
0.06501063683783938,KHP
-2.870711357663373,CRE
-0.6528850350672832,CSV
-0.10070434878674403,TV2
1.2141730582651247,STG
-0.031228178938411733,SJS
0.5181084778814421,CSM
2.144173245898749,EVG
0.0341408805583172,HAP
-0.5903278660300642,PLX
0.015756027169093047,CII
0.4633409182586864,DIG
1.5173508003208416,DXG
0.1511207535501776,KOS
-0.9094483621597725,ACB
2.215195394948225,JVC
0.9844456830205235,HPG
-0.28081348621808805,CSV
0.47381451291228094,HMC
-0.23701731607418453,KDH
-1.2228348654085863,ITD
-1.980894640368519,LBM
-0.18216505020876092,ASG
0.2762285790384736,FMC
-0.9011692236232414,HTV
1.4071408928250757,IJC
0.06899522143156357,PVT
-0.7229650532880183,AGR
-0.22002366332567816,SAB
0.3897884447444519,GVR
-2.285100447010556,HAG
-0.8300746454566796,DAT
-0.6721463188795326,HDG
0.4109996534672926,VPH
0.2237043805553101,SGN
-0.47039886718750656,PVT
1.1077757960678922,ASM
2.442833970535963,BIC
0.5319653515501931,DPG
-0.28540697759604006,TCD
-0.8186291955067065,PVT
1.4083874944775012,DBD
-1.177122704975357,NVL
0.02603886054426455,VRC
1.4201962025083619,PHC
-0.44536680155572916,PLX
1.1851944251818949,DHM
-1.9742677025600606,PDN
-2.3046235793893914,HAG
0.6366218957473301,NHA
0.5786210322692303,CKG
-0.006974362964496282,SVT
-3.1228459291499076,C32
-0.9264890567679858,HU1
0.33789018228074746,CLL
-0.664346206947164,VOS
-2.463945277280421,DBC
-0.0406913853511416,KOS
-0.9249674021752916,GMH
1.2149939759581796,BMC
-0.10267267830210113,ADS
-0.13378126199248375,TSC
-0.4498929746405425,NHA
-0.3078727991900024,VAF
-0.06151246379636882,ACG
0.48999824171766854,AAT
0.29855340475424336,NKG
-1.5291923273437564,DCM
-0.31064981116957885,MWG
1.524217248282494,PDR
-0.031164208267809818,TCM
-0.008610516439201882,CMG
-0.04294927728495271,ABT
0.27221361282106654,HCD
-0.14866849727102444,NHT
0.06793935870869752,HHP
-0.2787706749909207,DGC
0.3720465238503133,VIC
0.038292022597982894,PDR
1.2651687555314655,HUB
0.9374434819033451,VPG
-0.29187975348155454,GVR
0.5671325796813554,MBB
-0.39758299712831424,HDG
0.2920957078468868,PET
0.1933596087329117,MSB
-2.6862526241694877,BFC
0.4609367815970247,DTL
0.4351616677632658,VCB
-0.6638284025848236,HVN
-0.20296555855231496,SHI
2.970004422760284,VNG
0.6476744832276133,VGC
1.6184220616104033,MWG
-0.8138918059859372,HSG
2.168236805333285,DC4
0.7889048677707285,PET
1.1864296984142164,HSL
-0.287051490423812,CTD
0.03855250099573691,BWE
-0.9040224197781419,RAL
-0.5446576456684048,VRC
0.05574791319189526,HVX
0.6302465852831932,CMG
0.2378925690320874,VHM
-0.6379254502727862,VSC
-2.0082694844990137,HQC
-0.3897207299411169,BHN
0.9063985608800212,MBB
1.3902350540367823,FIT
-1.8111885820921496,EVF
0.12603710035176782,SIP
-0.07862957799195723,NLG
0.10193771517399489,DPM
0.7731106185700564,LCG
-0.03611241160351432,TBC
1.5935419962215562,SPM
-0.9312391906711972,ADG
0.1454303542269167,PTL
-0.4734307882173102,VCB
0.15702574428534954,ANV
0.22959581320933617,MSN
0.10953252807243319,FMC
0.013377725558469403,SFI
-0.4407767605276369,DBT
0.10687649136147676,PAN
0.05574791319189526,HVX
0.04586308721147657,BAF
-0.16973996721235585,ACC
-2.408134402445411,RAL
-0.0595201542977029,UIC
0.22820208165015143,HMC
-0.027216118594928514,HAH
-0.00827926827495327,SIP
0.28240318206764486,TMT
1.5335207218531846,SVC
-1.26397128694775,VTP
0.9212358421659691,VIX
-1.7410702717501354,JVC
-2.2596469431441566,TDH
-0.4010422161950411,ASG
-0.48232684537042214,SHB
-0.4119166816926061,HDG
0.4781578823682251,ADG
-0.23086122434021839,CTS
0.43722708879093086,DBD
2.5123803217074254,ABS
0.7379014657579261,SVC
1.5750166915293728,VHM
-0.08460459350594615,BKG
0.9209530442995455,VND
-0.47534583885352577,GMD
-2.2391952956865784,VIX
1.4901839895150322,VAF
1.083209162422227,TDC
-0.2304387322382123,TCR
0.5662799976056934,TCM
0.1746998122223467,BKG
0.3624141823591181,MSH
-0.004716289416680875,VIB
0.3050713452784278,MHC
0.3667528779200756,SMB
0.2781464682267636,PTB
0.22040128739790063,VTB
-0.12296669824366588,SMC
-0.4646445223035539,TCM
0.03381830412202131,TVS
-0.4919001512716286,VNE
1.0071787025804035,LAF
0.14909018441250024,PGV
-0.11416838158319749,EIB
-0.006300765478296128,HAG
1.2693060920852761,ACL
-0.005930102498459649,PVP
7.811246830181047e-05,ITD
-0.49845102831321714,BID
-1.263849640972075,FPT
2.7171340133689648,CMG
2.94889141338786,AST
2.116328112878015,BMI
0.12884771338598308,SVT
0.6912209649685881,NAF
2.3072963715525163,HSG
-3.048430878430317,PHC
-0.033450308484670115,PNC
-0.2886610898830263,FIT
1.1139512238036962,ABR
-0.35128525255224075,NKG
-0.2714131673383362,VSC
1.8780210499235412,LDG
0.1688907003994064,DHA
-1.143554914117669,KOS
-0.6040486543472958,TDG
-1.5699609582505771,GEX
0.6455876075160156,VIB
0.9027750494239545,GEG
0.1987360068462891,DXG
-0.44660329268229354,CMX
-1.1695220044461216,CTF
0.8995318224308904,BVH
2.3803085340423213,SZC
-0.352905661555877,HAS
-0.3922201794363637,AAA
0.46019794998855357,LIX
-1.3443579972886124,NAV
1.8028936007520127,TCD
4.2388824537816205,CDC
-0.8701318122708467,CHP
0.004613759615847612,PHR
-0.6058000521779129,VHM
1.1433423818675372,PVD
-2.11877085880245,STB
0.6306455297525234,SJD
-0.25968497126245704,VCF
-0.011172829864781991,LDG
-1.2137430467310883,CMX
-0.4326133356488822,HMC
-0.4631151358163768,HVN
-0.18825055135030277,BSI
-0.2631802064655033,YBM
0.3615251331217613,TCL
-0.9741236695019797,TMT
-0.009269973872197872,TVB
-0.2671511876538355,ST8
-1.4691913077884855,VAF
-0.02280336060692953,TRC
-0.7146103015208976,FRT
-0.07716777802900429,THG
0.06473843774787251,HII
0.5138547621227086,ASP
-0.020444028634569948,VPI
-0.44210303628538133,SRC
-1.9800327798957715,CII
0.4510175672268487,GMH
-0.5888374362173279,MCP
0.3478606481092222,BMP
-0.6460106934841533,VAB
0.1908797245768648,HII
-0.07706897981755886,SSB
-0.3521509892711133,PPC
-0.26340973443450105,VOS
-0.19557208233526968,VSC
0.33981241853670124,VNL
-0.7884049712412696,GEX
0.601347720624525,LPB
0.5976304816466556,PLX
0.867586805184239,TCL
0.5657489705666491,NVT
0.2534923679459079,DHA
-0.22231976924970245,SJS
-0.23506073414517406,VCI
-0.003618052175033325,PGI
0.15899196116070746,VMD
-0.5075778775753769,EVF
0.720166762746342,HDG
0.034665017933939175,TNT
-0.3723191546597815,BAF
-0.045295331668396464,PTB
-0.02855819003910914,FCM
1.4325937816036678,ADG
-1.1378557090791699,NHH
-0.5994695617606695,HSG
0.8574171674452247,PJT
0.19918024353613603,BRC
0.533400313604057,JVC
-0.24217025877598666,CTS
-0.09582884801750992,HCD
-0.2681828371487406,DHG
0.4948732944231809,VIX
-0.01004722454884453,CTF
-2.2270128367711965,CTS
2.4161596175272275,VIP
0.19496628026684293,CTD
-0.28602178972909487,HVN
2.2224180917675644,LAF
-0.14072239167981274,LSS
-2.7634907453790998,DAH
-0.022123015707503697,SFG
-0.13002180587525078,SSB
0.32142246442786954,KBC
0.9129575427327296,HAH
-0.3818513880188662,HAX
-0.49927575373495936,RAL
0.19989376582616392,KHP
-2.535407141048273,IJC
0.058515855870655296,RAL
1.5355715703059787,TLH
0.021263913029223785,SSB
0.6318824308545056,GEG
1.1856969925346015,TEG
0.6517857178213284,AGG
0.019263079553071816,HSG
0.05170224232768506,ASP
-0.899949916786761,PAN
-0.17140893891493802,DSN
-0.28951223074453847,TDC
-0.10744376987322071,STG
-0.8690968673143953,BKG
2.8910802574192216,BKG
0.48274459901579375,TNI
0.8575752857396032,MCM
-0.12783405459899622,VHM
-0.6013246797914485,HAH
0.13568471667067183,SVC
-0.6183349176256326,VTO
-0.08499121880170127,MHC
-0.19913739126710597,DGC
2.116387963586717,PET
-0.766722718425369,DVP
-0.34202865001830746,HTN
0.8867961482082823,VHC
-2.542221563286031,KSB
1.0385070597975896,CTR
-0.37358204829080927,ABS
-1.5711340243819034,TNI
-0.2868613948316378,ELC
0.9850581267244907,VPB
0.1903625519537597,LBM
0.21396089406602767,SSB
1.1365823005395466,NT2
0.06459367349762211,DGC
3.183562453765153,SAV
-0.4223834606799036,LSS
0.5452913379677613,VNM
0.1840443244246828,KMR
-0.5616614618348721,MIG
-0.17721113785529727,AAM
1.1901616226982363,VNE
-0.020682664548655548,AST
-0.9182622700677205,LIX
1.6661305105212398,MWG
-0.7887293883381673,PVD
0.01616782137351419,SGT
0.024740980322053182,TIP
0.01889814935128961,DHC
-0.2032640421212541,CHP
0.14271106664816116,LBM
1.2586058463268694,BMP
0.1235927039553503,HMC
-0.6966984546907952,HTI
-1.1960209586249122,SHA
0.4063533907391979,HVH
0.46526855350885876,BFC
-2.143106105667357,OGC
1.2728094002215753,DPR
0.0324173028238746,NHT
-0.6564648995868391,AAA
1.5199180426707741,VAF
0.5824386106234174,DCL
1.527665135613568,FIR
0.2917579096942095,DLG
1.315499745665105,ICT
-0.3360289392390111,CTI
1.2181901290541632,TVS
0.6617778002810858,HAG
-0.25006017187521135,PAN
-0.3677691567157419,CNG
0.008078648031764968,ACC
0.9055027829150113,PNC
-0.9625494818594326,IMP
1.8943172307701384,SCS
-0.1513193212856249,HCD
2.1394565604506437,TDH
2.234271333224484,BKG
0.13536086662976118,TVS
-3.1869386274459433,MSN
-0.313940693687419,NHA
0.22199428538633692,FIT
1.0876128714790598,DPR
-0.8991670313694077,NNC
-0.19654713570860127,ICT
0.04411122408995756,REE
0.3632821831649514,NBB
0.22188719955655017,LPB
0.5428247478009494,SVC
0.41505410171563833,ITD
-0.11572848917983056,SIP
1.222412095274481,VRC
1.2111945426548671,SVC
0.335329401431229,FMC
-0.38974107307217876,DSC
-0.4070179473096494,DBC
-0.19753607383983865,PGC
-0.3025504589467825,DXV
-0.29448580716522144,DMC
-0.6439159507052,SSI
1.8195597688503828,DXV
-0.7158406708894918,SKG
1.6812939596505778,BTT
-2.486850014135811,BKG
-0.11481413068325912,DSC
-0.43248363000098533,PTC
0.24419633908398253,PDR
-1.3767090446858685,PGD
2.5805326542469653,VSC
-0.0267444886838807,DHM
0.33497729105272134,TCM
-0.01566176893035851,BID
0.27817282063582005,FRT
-0.5578901116234305,PIT
0.7842857359133443,ABS
0.6897273363315107,HNA
3.195384663157309,DBD
-0.2927485532101169,NNC
-0.22147628668496183,CDC
-0.7580177442731744,SVT
1.5990671069706004,HHV
-1.054274131029814,MCM
-1.587495459225111,GIL
-0.4307182293904848,SVD
0.19078828511215215,TMT
2.6781716049404225,HII
0.017192709580587395,ACL
-0.0035793402573823466,DSN
-0.9408035880542996,LCG
0.31316698289148415,VOS
-0.07688136915444424,SSB
0.5084205873184531,HTN
0.5206518787378909,HPG
-0.386605165671103,PTC
0.7365126781419469,KDH
-0.19944191312208404,CTS
0.6753136419376606,PGC
0.19592833033920787,S4A
0.4537252418564842,SFG
-0.39098816703909023,TNH
-0.4778522201942515,TLG
-1.0408834719089817,NVT
0.358771624143202,VCB
1.4653039089559745,ACB
-0.1750140723283926,PTL
1.766229344491245,VHM
-1.0189554392945743,SZC
0.9061000322751317,GEX
-0.5425035098399814,HHP
0.7094184876199645,VAF
-0.6617166681113005,PDR
-0.05925870108523933,CDC
0.2848288003293171,TBC
1.2500664118084364,NAB
-0.7730801342120086,TNT
-0.09265825029469814,LBM
-3.4140903753857947,ACC
-0.00827926827495327,SIP
0.7388483032437839,HCD
-0.024751085154507194,TMP
-0.47503882166398026,PIT
0.2276370381168785,TCB
1.7590682134789901,QCG
-0.2721818920476356,JVC
3.919656341100772,RAL
-0.5139603184510778,PAC
-0.12726965511777144,TBC
-0.760662820045577,HTN
-0.44424281551090933,HTV
0.3958044065914731,IJC
1.490738198615854,PNC
-0.49282063171760815,ACC
-0.006974362964496282,SVT
-0.4591710577249478,SSI
-0.4554167033090124,KBC
0.7692359850134379,CMX
-0.043900548160177646,DBD
-0.1966579492931159,JVC
-0.5189190940724593,PAC
-0.16622689085025194,TMS
0.02648727116462291,DXV
0.19682606521086923,DLG
-0.25994206423605026,JVC
1.5252841068933027,COM
-0.8584116477076585,ICT
-0.48629122580102907,GDT
0.19462963739795577,SHB
-0.06534240620487902,DHA
0.045059397440728816,FCM
-0.4218024138373048,BMP
-0.12045893363034155,BKG
-0.130345308509048,PVP
-0.33222527136260166,HID
0.7452165102963789,MSN
-1.636952696339326,HPG
-0.7629849225487404,HHP
0.5280810899258422,IJC
0.38553510038079236,HAX
-0.42387596263912164,SVD
0.3728567245933918,VCI
0.015075088486803464,DCL
0.45566472370389316,HSG
0.10017414898949224,TCL
0.03879160376007571,SSC
0.4196759321892751,TCH
-0.3912369561168574,VSC
-0.1208269729737797,VND
1.6263686856021968,STG
-1.3285185813444607,GTA
-0.7104718014240418,NT2
-0.4854392155200803,SJS
2.4433053634677706,KHG
-1.0520177175900711,BCM
-0.04210558400556614,BCE
0.9867074177977748,HHV
-0.5618741962174341,IDI
0.3376272013816949,HDC
0.02084168342773609,TNI
0.2283512190384139,TIP
0.05909975057017358,TSC
-2.133471195449082,ST8
-0.4343122962512866,NHT
-0.4717840154872217,VDS
-0.8168569863815307,DSC
-0.5122468345947068,HTN
-2.15682572762551,SRC
-0.2577911318025983,CHP
-1.4085512697755715,HQC
0.531906987753417,QCG
0.23854580320067503,HTN
-0.6252862731100779,DC4
1.6427031605268598,DTL
0.05574791319189526,HVX
-0.08413362435048798,SHA
0.027434199616881812,C47
0.041397044496448564,BWE
-0.5020599565628653,ASG
0.5930052661190389,VFG
0.42610279016358227,GAS
1.4078082187684058,S4A
0.14103873588825674,NT2
-3.462074283133813,EVE
-0.004864726025937184,MCP
-0.7570873826594473,VND
-0.8011097390077663,BVH
0.6320791880059848,KOS
-1.3888912337450219,ACB
-0.3151994568450889,TNT
2.2697433384423413,SCS
0.7303057197628922,BIC
-0.3798738117898673,VND
0.5325012020532104,HHP
0.008078648031764968,ACC
-0.25167966103441597,PIT
0.6743091796209171,SAB
1.2697432042574932,PNJ
-1.2958950073440623,KHP
-0.6237828144450734,OCB
-0.09505492361490005,HQC
-0.24525117767054824,DVP
-0.12840100658149484,NBB
2.411911644188019,MIG
-1.2325860145318466,OGC
-0.01768901764287977,VAF
-1.8475562465572546,DAT
-0.7877332725911705,MBB
0.9256014053157886,JVC
0.6090266241867398,FPT
0.5911322434867846,FCN
-1.1715256398981284,HQC
-0.2523863700574515,PC1
-0.3707476844497986,SFI
-0.003618052175033325,PGI
-1.5377844253698925,TVT
2.1806642819196798,BCG
0.004558087972000823,ABR
-0.9154248925497056,TLG
-2.5213893372503406,UIC
2.1806246320382647,TCH
-0.2759299504813625,SCS
-0.004864726025937184,MCP
-0.6985377607134223,GSP
2.9251071303213827,HAP
0.31498988458762134,PLX
-0.4499376009474282,DRL
-0.3281228383901151,TDP
0.5307490202297923,GEX
-0.6296967797571029,REE
0.02365177267205379,VCA
-1.0800417728371159,CCL
-0.4080143869221981,AGG
-0.05686781848449987,UIC
-0.636955539896762,VTB
0.4927456533374804,LSS
-0.5054720796830711,HAX
-0.9838664645282535,VIX
2.949813721551983,VMD
-0.06345626579326227,CHP
-0.10250066483481877,TDM
0.06900052985677735,APH
-0.08699465095865798,JVC
-1.0111502576197913,PET
-2.583825399225096,HVN
0.56960919107767,VCI
0.8127818267153586,IDI
-2.2264838524218873,BCG
0.7173781132934991,DBD
-0.24864584802266343,HHP
0.509364873766346,VNS
0.5397871553232078,BTP
0.6725838724643849,DXV
-1.3727202783599863,GTA
-0.1352001192534696,SBT
0.03956661659568135,SHA
0.005202653795539408,PET
-2.4619491322072657,VCI
-2.671046768792501,SAM
-0.27062140237247884,BMI
0.7337427046882715,BCM
-0.5228616257018546,AAM
0.31660881056756707,SBA
-0.06431076853731645,BCG
0.3154605941068824,HID
-0.5023208372157153,REE
-0.9965002632285374,SAB
0.18971650229238007,NBB
1.38687749658891,MDG
-0.06567155258040072,KMR
-2.765504243230561,TPB
2.9401936415124257,KHP
-0.44692268404155383,SCS
2.5607657306525438,FIT
-0.9928912194761575,HCD
0.42851039924091583,BIC
0.03942839082399665,NHH
2.340536025814193,CKG
-0.43344791578644165,SFG
-1.3517458028279647,HSG
1.238689027114713,LCG
0.30636751279997404,CHP
0.3725577858615044,BRC
0.08917951417068934,DRL
-0.01574428151394302,CLL
0.8210597513696115,HID
1.4389993080659003,BSI
-1.4122791663010026,PLX
0.874990307500104,LCG
0.6852043597368819,SKG
0.17564748575523942,DLG
-1.6431876889708723,TEG
3.2271449252184152,VHM
0.8624449107168806,SRC
0.0023951870223284273,VTB
-0.18741423180111852,GSP
0.7523651986833232,NAB
0.058286527268648206,GEE
0.734161317975498,LPB
-0.07256079462470572,VHM
0.3313127548363725,CSV
0.4123212987708903,MSB
-1.0933160759668528,SKG
0.5262963378740529,BCM
3.3209529923760104,PTB
-0.35822458491177994,VHC
0.32551786868247157,KOS
0.2843638955189853,STB
-0.5009937909100779,FIT
-0.48249652865817383,VPD
-0.9007345973808542,HCM
0.9237025829326183,ADS
2.274634037494229,YBM
-0.26372692596792213,C47
0.36038576573281167,CLC
-0.9686432972041108,DTA
1.2827775816172382,ELC
-0.6565972522800985,VMD
1.305940036634385,HHV
0.12781701154968197,ORS
0.2355769487134197,ASG
-1.1299925770792287,DTL
-0.6551255544423454,SZC
1.045381046788586,BKG
0.02227599319932012,HU1
0.012677815929662398,HHP
-0.11507124013402827,DRL
0.1488281082959395,LM8
-0.6130871866765196,CHP
0.28262393465647834,NVT
0.1825133798497616,HTI
0.16511213991266055,DSN
-0.9345373785670938,FMC
-0.24106907419067564,TLH
-1.5522764618195752,FPT
-0.6548034061612902,SAM
0.6012299219388014,DXG
-1.6350346024365645,COM
-0.8664173772636155,VIX
0.689333663190644,NAF
1.7538928902019093,SBV
-0.3504884600831575,IMP
1.5528944443980388,CTF
-0.6332950322126144,ACC
0.9335944484691359,GTA
0.6730070478294315,LGL
-2.4693517290415428,AGR
0.0216565996698444,TCM
0.70656603015629,SHB
-1.3497551334629332,NAF
1.398095889911962,PNC
-0.5261465906493203,MSB
0.4471423270901353,DCL
1.275648886171477,HAX
-0.8459918652665215,CNG
0.12907396034051255,JVC
0.8677987782014116,MBB
0.019727751281224896,SFG
0.40120710822946404,TIP
0.6686918501980978,HPX
-1.7056838697319288,KOS
1.3213547945222006,HMC
-0.32831722989604195,PNJ
-0.38910383529504017,PTB
-0.5598510402156572,HTL
0.21062703380410586,SHI
0.025194249438446836,HHV
-0.2772143138725126,FIT
-0.027264819086144237,TCO
-0.1320312515293788,SSI
-0.39141011498941286,BFC
-0.8936226797798061,MWG
2.6445425477222297,DHA
-0.004864726025937184,MCP
0.0633194619849285,BKG
0.5055436637057972,DGW
0.763637892273184,TCD
-0.8857600323840744,TV2
-0.4436719726404016,PGC
0.5329339464997594,PLX
-0.03012342046301763,PLX
-0.15245108022060314,NCT
0.41238828195972077,HDG
0.3784363029590929,CVT
-0.3078547450730342,THG
0.1718788429803368,NCT
-1.4415628882608467,SJD
-0.4801913575548794,HUB
0.4796542896671999,DSC
-0.8518338983243132,DRC
0.2100323464536595,REE
-0.04007052630584957,SMB
-0.16059776472386197,KHP
0.35218572973230927,DXS
-0.45752030150683937,C47
-1.1762633594865801,CMG
-3.310055913287784,NT2
0.3802307786077905,ICT
0.012677815929662398,HHP
0.20366141571393157,CRC
-0.532984664030695,DBD
-0.011224436964656638,VAB
-0.15700416951711446,VGC
-0.7343601960245257,GMD
-0.6556247031211372,AAM
-1.1991507496987723,GAS
0.6389395008810554,HAH
-1.5226724937743357,CHP
-0.3359749194446244,PC1
-0.35350117862409236,HVN
-2.0856445272956097,VNE
0.8744000723139745,SRC
-0.07816189148822567,VFG
-0.8378512370074607,DXS
1.5649784638223452,CTG
-0.6184357038205797,SHP
-0.6992052593691372,DTL
0.8408107548906364,ACG
-0.49609385626583097,DBD
-2.341267052866194,GEX
-0.44731941185781116,VNM
0.468877949988518,DAH
-0.4193470762194727,DXG
2.0375950462963948,FMC
0.01074755616262742,EVE
-1.1467577197645478,MDG
0.4485220598560209,TTA
0.155527391760798,TNI
-0.37314660723311405,DBD
1.6896274532488456,LAF
-1.8929045669274813,GDT
-2.7143583938262483,LSS
1.8955719479437112,DRH
-0.04246578690480306,DAH
-0.2957189673593835,PAC
-0.009419720709676867,HSL
1.5866570842650034,HDB
-0.4066524987431761,SCR
-0.9682527225511912,BBC
-2.443761128276519,DBC
0.4962111754401265,AGG
0.6187857648475873,NHH
-0.0191656674683709,BWE
-0.01923846256345722,HRC
0.5373998524037329,VNE
-0.02141062148425133,HVN
0.9449338030835764,AAA
1.0875025252326345,HTG
0.45832209585923805,MWG
-0.12023016108975895,ACG
2.224004195243288,APG
-0.11200688303849324,PET
-0.19675924663496366,VCF
-1.1864810592292931,VJC
-0.25330488637336457,VRE
1.3139390079714333,NHH
-0.8911245687989089,NCT
0.013036722046752979,HAX
-1.9386373065875309,TLG
-0.006848030183802705,DHA
-2.4927924301655873,TSC
-0.5458032948327514,TYA
-0.8391717884777673,TLG
0.5666765917689728,ABS
1.3122629765394123,CSM
0.9696962112305679,VND
0.3825900635570757,DQC
-0.37083896817003287,NLG
-1.1022193039035617,DBT
1.0306628273332776,PAC
-0.12395872112135646,CIG
-0.7787196817742871,PNJ
0.021263913029223785,SSB
2.2700494056681677,MIG
-0.7375956711199368,CIG
0.2770965516582177,BCG
2.334531772211782,ELC
0.2685307419369296,OGC
-1.70453128081916,KHG
-0.01803149338245371,HHS
1.0210568115783454,VHC
-0.19395848033103313,BCM
-0.12280799194068077,UIC
-0.03212974794677127,HAP
-1.3446683399978123,TLH
0.1324349476043785,GDT
-2.2570003811388437,SSB
0.34607141937961056,IMP
1.350149150004358,CTF
1.1053765577716752,DGW
0.4496447145413626,PPC
-0.6625753155556332,DPM
-1.2666458676865195,SHB
1.9053838318858136,LDG
0.7100916482883504,HAH
-1.5715757827773653,ICT
-1.6730830929159042,PMG
0.017275768872348746,TRA
0.4203314645779479,TLH
0.4555517602492997,ABS
-0.9847874428327061,FPT
-0.7078610894616597,DHM
0.298371228386231,LBM
-0.3484276502789842,VCA
1.1249349055195959,ASM
0.8136324513830077,EIB
0.037449764337897366,PPC
-0.5574279873328681,TNI
-0.7414093719758984,LGL
0.6030990328817676,ASG
0.3107494802967332,LGL
0.045059397440728816,FCM
0.9666763051237995,TDG
0.06473843774787251,HII
0.49993577787999155,SAB
0.8628827835065628,NNC
-0.4264637996071518,CMX
0.45995972244414113,FMC
0.2725159635958938,MIG
0.2190222384807578,ASG
0.36645193414694555,LPB
-0.15444142593890323,POW
0.17141257193085652,BTP
1.0291760753762496,TDH
0.22190263602826094,DBT
-0.35430123970282384,HHP
-0.027942882892027922,VFG
-0.08411520497808099,IDI
-0.46417512827428176,FCN
-0.16565025189783944,TCB
-0.4797443436609383,HDB
-0.1887222625312664,HAH
-0.2944569620840207,EIB
0.2523080003118656,CMG
-0.11921764291995043,TCI
-0.09692581032083708,ELC
-0.03537241823740781,FIT
-0.04171020134855965,UIC
1.1484577061404806,SBV
-0.8469875938610594,SSC
-1.0405022264619792,ASM
-1.62865206966545,BRC
-2.042983506993315,DRC
0.8287089543224765,CTF
-0.23166208543986505,LM8
-1.414849117307157,IMP
-0.3517748673834529,VSH
-0.42068956837910637,TTF
0.4120801758284623,RAL
-0.3921890299551354,TCH
-0.6446913593147087,ILB
-1.9788983637746307,DLG
0.6171889205981539,DRC
1.5811851574960407,TMT
-1.2225344945618108,GDT
1.1507923251757624,EVG
-0.13645437772162272,VND
-1.0648721027151673,HAX
0.25134446576993474,FCN
-0.5122666834544194,VCG
0.1971584985758823,TCB
0.5144066880098535,VCG
-0.018590390153227082,CRE
0.6916615194044239,PTC
2.4197436806507233,VIC
0.16742059860856248,MSH
-1.2595856914321752,VHC
0.8991866859548907,EVF
0.1956582568513526,SHB
-0.43949996975226313,VCF
2.8941894173220515,SHB
0.4286543228995297,BSR
0.08013747453284355,VNL
0.06917823925648343,ADG
-0.11234953067977499,GMD
-1.3044938003095794,ABR
-0.48314881899534035,TLG
-0.38980940770615524,DPG
1.5512621207246504,VTO
0.015433275483225834,PGC
0.31497364526450533,SFI
0.9146901791441012,CMX
0.7035287563299115,BMI
0.05089020306210035,ADP
-0.9647627715947515,SIP
1.444863269389372,DAH
-0.004178447362447563,D2D
-1.3567154078590606,VGC
0.5180800273242143,POW
-0.34118696277530225,TCM
0.4800180025393868,VPH
2.822120466269154,HT1
-0.4401828756325537,NKG
1.3607631403847074,PHR
-0.011071580345109812,ADP
-0.2764822527832439,TCI
-0.11443704771292497,TBC
0.8022042273107483,VHM
0.04295096114441927,DLG
0.5131125302882048,DPR
1.9440747862541845,VHM
-0.22288488062767287,LPB
0.015038873568294201,AGR
0.32205729377998255,PVT
-0.15410968885919663,VIX
0.1740866891926102,BCE
-0.9962905130502834,TDG
-0.852355144705016,ASM
1.58464556383927,VCF
-0.8903144325923684,LIX
1.0414286708140812,SHB
0.15393421797811166,SFI
0.0362638322978957,SBV
0.4689859699266756,UIC
-0.14447004343712086,LBM
-0.694517133402433,PAN
0.05402251974143771,ST8
0.47949440319042014,PDR
0.5669775833214686,HT1
0.2452020836991371,DXG
-1.240687718885192,CHP
-0.18454312909302825,PET
0.11274440899369889,TCD
2.1744653137145518,TMT
0.34383059102594765,BHN
-0.0010929923421224704,NT2
-0.5074464870490111,PPC
-2.6650776623969414,LSS
-0.011224436964656638,VAB
-0.736047086684837,GAS
-1.2998495516329456,PGI
-0.03611241160351432,TBC
-0.5358640191208894,HPG
-0.05688053959735339,SBA
1.5038689802988112,LDG
-1.4838425907013981,VPD
0.2623990602314822,PVD
0.14056848355437382,GDT
-0.18126504152481906,DGC
0.1874294282623256,DHC
-0.4696359959833433,ASG
2.4478089353578234,IJC
0.2867508846201146,DXG
0.6142372350113529,SHA
1.2400945750994858,TMT
0.21741734725959494,SSB
-3.64296561313692,PLX
0.06348845996905979,TTF
-0.7531751788985839,CRC
-1.5429408119698333,ILB
0.3333459595805071,ITD
-0.43561638415521375,HHV
-0.0852185204828746,BMC
-0.2855624367457763,AAM
-0.07292025705733195,SHP
-1.93340478345102,CDC
1.7866869240072387,DC4
0.35140913386797007,TEG
-1.3754748784695991,BTT
1.8429851854258348,SGT
-0.2924711005962888,SSB
0.4661145998929401,PGC
-1.3023085376347943,THG
0.19237912463704868,NHH
-0.007402523705726499,OPC
-0.04007052630584957,SMB
-1.0876507145588408,TDH
0.0023951870223284273,VTB
-0.023376266952348373,PDN
-0.26054274030749963,STK
-2.109571155226724,GTA
0.1349047230441398,AAT
-0.12967827673202859,VRC
-1.4691363768645027,HID
-1.422579049478941,PPC
-0.8079211291953797,TMP
-2.6844289566923716,HVX
0.13002532748898626,GTA
1.186055056327147,EVF
0.206327644959986,ASG
0.8732719205370434,TCO
-0.6538765031120294,HRC
-0.14097487333547504,VNE
-0.20776404943547572,GVR
-0.738329991882639,SBT
-0.2394310530171434,TV2
0.16683594390749357,BAF
-0.03909250742965347,IDI
-0.3114227609043193,KHG
-2.256342901025382,ORS
-0.009419720709676867,HSL
-2.5198738134214915,HAX
0.24103093117237337,NKG
0.48233412256858693,VPD
0.13973057947408718,HHV
-0.1125507815103257,LAF
0.03154598345416735,VNE
1.9815883342171527,SRC
-0.5683481332842414,HHS
-1.6278495022941535,NLG
0.2746935709704531,TVT
0.20357975496342812,DHA
1.6628954462211232,LIX
-1.2064317167830614,EIB
-0.1518848638938835,VNL
0.5093210040040252,NAF
0.030181399204709268,VPH
0.027830967055013645,ADP
2.391091103592177,GVR
-1.335863157409829,VNS
-1.3260233564359156,HPG
-0.3481161394149395,STG
0.4489805033919909,GSP
0.9244693696630207,SGN
0.196766848687213,DBD
-0.05194604612817159,NVL
0.20977802010983132,BVH
-0.2652105893929779,STB
0.8365291044190254,BTP
-0.5042602725521625,HID
-3.486279868882365e-05,BTT
-0.09541304014352085,REE
0.18235316879484748,D2D
0.03358587431716874,TEG
1.9681150651022374,TMP
0.8314912897741432,BMI
-0.03341336439593058,DAH
1.4429564187184323,SIP
2.002268309536042,PTC
0.0160001894336645,HTN
-0.2626846011328075,SKG
2.2978590073112106,VCF
-1.0839000746841092,PVD
0.47545186760469127,KHG
0.4664459710397319,TCD
6.086499844790635,KDC
-0.28088174331058496,MSB
0.11269285186595943,BBC
0.25476477250614465,DVP
1.004993500632428,GDT
0.2557204471214604,HDG
-0.5527086544383231,DPM
3.478421794330757,DRL
0.051354330134984284,SAM
-1.9681313198185317,NVT
0.9166391435414776,PNJ
1.5964158441775242,DHM
0.4523381160666936,NVT
-0.3035358849531667,TMS
-0.2699424747267816,TPB
0.17304081074766692,SGR
-0.3627890059527746,GMH
-1.0715692687662022,MSH
0.7288533239564403,MIG
0.022876160959303934,AAM
-1.403009061941548,EVF
-0.004864726025937184,MCP
-1.5208098931399185,VFG
0.4346711882630872,IMP
-0.006921818163786036,HVH
-0.2456261994390333,MBB
-1.3711596637178836,FIR
0.020644082801921166,LCG
0.7996281422984318,TCB
1.1503722393047626,TRA
-2.3771927646988726,IDI
-1.6834064188787699,VTB
-2.5583193383623275,TVB
-0.0944741855019355,DLG
-0.15615876838956036,DCM
0.18266492386146674,SHB
0.6376739910135037,PVD
0.3056026595737964,APH
-0.01327940194232093,HID
0.1829718061522844,DRC
-1.0016824909648718,SFI
-0.1669155135169744,SFG
0.6375081995314573,ADS
0.22143533448183622,DBC
0.31031928496620387,SC5
0.30033150499743483,KBC
1.4676902053601522,HAR
0.5702924945849756,DGW
-0.0039068908842595125,TPC
-0.01768901764287977,VAF
0.7148793470337371,TCR
-0.5985055668206345,GEX
-1.2266458480163136,VTO
-0.014418223887514183,STG
0.8497395947036405,VCB
-0.2640467382912478,HUB
-0.007402523705726499,OPC
2.3718402248616974,SZL
0.5138192507878568,TPB
-2.4978291744093397,ORS
-0.03611241160351432,TBC
-0.10211268198164988,VTP
-0.29353931699956454,SRC
-2.480690978526267,NAV
0.28359449079980786,HID
-1.1876812263943395,TAL
0.02227599319932012,HU1
-0.5459135009163412,CDC
-1.253131221133923,VIX
-0.19149322218185436,TN1
-2.249264314766699,PET
-0.006610800981848937,VGC
-1.2708937010347543,TDH
0.3419811120745581,OCB
1.8537717678437475,VSC
-0.3691433837015407,CTR
-0.8027594526488562,LIX
0.6413597612809523,VIC
-0.14157095316605864,VND
0.2537475412928995,BKG
-1.0806280461469067,DPM
-0.014537026827334171,VNS
-0.6184553049155626,CMX
0.623942823173007,SZC
-0.6392650138781234,NVT
-0.0030895986419726996,SJD
1.1570025360719645,VPH
-0.8316913956150843,ITC
-0.019337463463892632,VTP
0.033891742871444946,PGV
3.1135836005466797,DHM
-0.18850920305145785,STB
-3.5247664589598586,MSB
0.3840396527848014,MHC
0.7250678157693101,HSL
-0.043900548160177646,DBD
0.279692159278514,GVR
1.072789083020457,TCI
-0.2032205174710594,YEG
-0.0014816338040509857,PVT
0.5293033293574113,BCM
-0.09514189569055197,SGT
-0.04677377040858557,NNC
-0.30243589789917574,VCI
0.2196214212633462,VTB
-0.18293266903782823,REE
0.476109839842945,MSH
-0.4162005848391949,ACL
0.16735201428743046,DPR
-1.6068244135628984,HU1
1.7788914170512014,SAB
0.31782930872235754,DPR
1.4673254015098867,VSH
-0.2068597074447524,HTV
1.511471209288573,UIC
-0.6962492532035239,AST
0.395733938625047,DQC
0.04503576612743704,PLP
0.37115597001630196,OGC
0.04545669419330155,ASG
0.005240834888945813,QCG
0.69917647711804,TCI
-0.8483383592060595,AAA
-2.564668875583392,NLG
1.047604974110062,PGI
0.982553208994341,TCR
-1.493360459284741,SHB
-0.2717400720805848,TCD
0.10506803400097606,LM8
-0.4669861088757554,TCM
-0.18683686064595645,VJC
-1.0963185668160689,HU1
-0.1621449767308895,MCP
-0.017295779253476598,SZL
-4.11860898958493,VPD
-0.39347733423244186,BCM
-1.3975733416637708,SRF
0.031877776436495295,BCE
0.2634852789905682,DGC
0.6192167603700707,DMC
-0.3396042880988524,VNM
-2.072634663041779,CVT
-0.31192929004572345,ACG
-0.020444028634569948,VPI
1.2515178793699087,DXV
-0.010023420587186551,PAC
2.488070276774777,ASM
0.8020752861798567,TVT
0.2558837564986692,HHV
0.015075088486803464,DCL
-0.9470823032828227,FRT
-0.896341623219592,GEE
-1.875792755888685,DRH
-0.21859886450956006,SJS
0.11613898092122542,TV2
-0.39664303968381215,KMR
-0.30981654108004436,BTP
0.983141775853216,CTG
0.8085348613046893,LPB
-0.05925870108523933,CDC
0.07094122771175826,NVL
0.4066220770291147,ACG
-1.1259493193053216,EVF
-0.25841509186248984,PDR
0.7393176390198415,VNG
-0.40468202381797336,BMI
0.002173252341008279,SFC
-1.0038175077563962,BCM
-0.9752548702917004,IMP
-0.8758539343310309,EVF
-0.004835036487623733,SSC
-0.12586974752643923,PC1
0.6634261161084106,CNG
-0.5966994717098424,HCM
-2.1124830593843673,LSS
-0.21663574217139403,LPB
0.5007465379699936,MBB
0.37824159381955863,NVT
0.03288315152464663,SMC
-0.05925870108523933,CDC
-0.8024187078629441,GEG
-0.9431324389003737,TVS
-0.08076751315400495,HSG
-0.22266528704678834,EVG
-0.46111522488508794,AAT
-0.20839938610313596,NNC
0.1562190381114684,PGV
0.0022471575666348073,SMA
0.355652456890612,VNL
-0.900676358437736,CRE
-0.3224991821629645,DCL
-0.933197090182816,TLG
-0.26372240433825783,TPB
-0.9504838120253789,KSB
0.06074444816348008,HCM
-1.8669646572056908,ABR
0.36222696110316355,DMC
0.26694584281232797,DXS
0.028813633490521434,VID
-0.930903339964294,HTG
0.01074755616262742,EVE
-0.135427299385281,BCM
1.107118117969019,SHP
-0.4162269369264151,SVT
1.135806430991157,VTO
-0.7328827904828167,VCB
-1.8617365292514638,SAM
-0.7586563143110765,DXV
-0.4762630517121391,CTD
0.7065899743615548,CMG
-0.018411210625910134,BBC
-0.8251494556279152,TTF
0.08981347525998574,D2D
-0.22548384075966227,DXS
-1.0209138434487837,ACG
0.7049290844673998,DPM
0.024848883416702383,SAB
0.21168056912147726,JVC
-0.9367474773832355,BAF
0.191486614070762,ABT
0.5966304129802468,EIB
0.20808899916471463,MCM
-0.5261278967212245,GMD
-0.4783804668497688,TCO
0.3676065955807233,HCM
2.2421473954032245,TLD
0.0982500411685102,CIG
1.4498735356879957,SZC
-2.7016192716295557,LSS
0.10071725850012297,ASM
-0.004385846804446878,DSC
-0.11462592777790223,TLG
-1.2275113144220087,CVT
1.944410491857562,AST
1.2323280419401508,KDH
0.016179423314348886,NKG
-1.0022007047927435,DSN
2.765097635743645,TNH
-0.314982681998181,VCG
-2.296849464422522,TCI
-0.1381533397726471,VCI
-0.7138585370986608,VAB
-0.10245819891850078,HHV
0.2660332332369992,SVC
0.007161490546100228,HTV
-0.21351028775285968,PMG
0.5755110845547321,SCR
-0.8166841619617036,EVF
-0.024437552020783782,HTL
-0.3441137964781856,BCE
0.7619124938237072,PVT
-2.534918829443231,GVR
-1.7736660381659293,DGW
-0.09879462566872335,TDP
-0.14097013898475225,KDC
0.4742622849325869,HHS
-0.045275555430349404,HCD
-2.464123956204346,ORS
0.9540822282432243,VSC
-0.4443847343765121,EVF
0.24892777635684646,DBD
0.8941028795444138,MCM
0.16970285627868048,VNG
0.0005068046630349781,MHC
0.04545669419330155,ASG
-0.2430921818777178,ORS
0.4689278660013508,ANV
-0.09307352413870072,HTL
-0.014537026827334171,VNS
0.2978564604064113,PNJ
1.5857803123606908,SAV
0.43919989786975994,GEG
-0.6950904556505977,KHP
0.07938760384794952,IDI
0.7589709375751307,VTP
-1.3330551408825546,GIL
-1.666134715617582,SHP
-0.21284587634858804,HMC
-1.8279876420002916,SRF
1.6838401367338536,KSB
-2.200937583534264,DXV
-1.6759210228323465,SCR
0.6220237576519423,DAH
0.2995816562319443,TMT
0.9428490032872067,PTB
-0.46521099506417524,TCT
0.2911922248911864,SJD
-0.4217726481355594,CNG
1.7350364720791154,NHH
-0.6430744468422182,YBM
0.5018625109108948,DRC
-0.24659227997393796,HTN
-1.1230227240534811,SFI
-0.00262911211976307,DPG
0.2106256778400246,KMR
0.39755292984853724,SVT
0.4364044563379519,VCI
-0.5494704238120313,BID
0.13737144086085348,BMI
-0.02800770061945341,REE
0.6862164806147204,VTB
0.3145910350495285,PNC
-0.0264407812785305,VDP
-1.3869540610410018,HCD
1.2273664635278043,HPG
0.14979416130251258,SAB
0.286993573189568,SIP
1.2552059449559638,DHM
2.482982721142097,MSH
-0.014537026827334171,VNS
-0.23381943375823516,BBC
-0.6323170329252235,FRT
-0.05209227830080504,PDN
1.4778973598934448,BSI
0.23109138422399378,NHH
-0.7944994932954228,TV2
0.3220025169937251,HPG
-0.23539716624172458,LPB
1.286839215894499,LHG
-0.05925870108523933,CDC
0.42489449551181047,DBD
2.086745943634854,DCL
0.25892642003592536,MCP
-0.30132999975790314,CNG
0.5411286585108762,HAP
-0.008140463893334565,DTA
-2.0868629396487486,BMP
0.8228614455190565,PTB
-0.20848034126357856,NCT
0.38228441867947643,PVD
-0.9972420016198958,BFC
-0.11727797357802247,DRL
-2.3998144694603134,ORS
0.009963128801333257,PTB
0.26241571972725014,TBC
-1.7208531107710328,TN1
-0.6039313297222504,DCL
0.0814008966212146,VPD
-0.05521149234921085,CLC
-0.9958474419476386,LM8
-2.4981717289869,TBC
0.11252357672203288,DSC
-0.47171777785666025,PET
0.4718632340688137,SRF
0.45159500394000723,CLC
-0.42331453162858773,LIX
0.2788520433153483,TRC
0.4113992191493875,HCD
-1.7052915678436822,PLP
0.4902880942615211,VJC
0.8218940248603754,TCB
-0.7966240901829035,MSH
-0.25366725749657537,VSH
0.607854418313562,DMC
-0.9475035947320852,BCG
-1.0317817415604593,NT2
1.2839332819333602,DGW
-0.6456187413095184,HT1
0.8836044510019125,HTV
0.020762476156149852,EVG
0.8596086044625794,GIL
0.015672944538421517,DC4
-0.7205972470698416,PNJ
0.1821016457452801,HTN
1.2824974710740449,PVT
-0.008610516439201882,CMG
0.2590215014644877,ASP
0.6541847319013719,DHC
0.8976117046619421,FIT
0.8491338777540859,ABR
2.507375046230168,KBC
1.1623420820392616,SZC
-3.0339178460012652,HTG
-0.14544626996279184,VNE
-0.2947925141306379,ANV
0.09394849404715555,NNC
-0.22229453514469072,CDC
0.31833021318885685,NAV
0.04422408295220057,SVC
-0.15809669557029163,TMT
0.029208460341036874,NBB
0.632486080920467,HAP
0.38406753000842786,LDG
-0.548447135377192,BAF
0.26504323278061853,CTD
-1.7540374272267152,MCM
0.10063103194618192,LHG
-0.29581478385029325,TCI
4.703076666441812,CLC
1.0232858746802433,GSP
0.2010577591416344,VPG
2.9148132815884327,HTI
-0.025823844989583473,STB
-0.6402204569097147,PAC
-0.23467675418991338,FCM
0.06214110035408576,BVH
-0.21566192204366533,PAN
0.21562480291893435,TEG
0.5081145276617383,CRC
0.013377725558469403,SFI
0.21167628018133108,CLL
-0.8870569664947467,VIX
-0.05052399842782945,HHP
-1.3197275417006837,NHA
0.9111098658132646,TCL
0.16875784749826647,TNI
0.3312140894439332,VIC
-1.8045041981031194,NCT
0.5570493699157786,BCM
-0.10284075389208887,FIT
1.5984683615263764,HRC
1.0502717773662424,PTC
0.11535279622845748,VJC
-0.27166562880161566,HCM
0.6460408160935869,NO1
0.273621224949899,SGR
-0.09077889689950848,SAB
0.004558087972000823,ABR
1.5158604848208321,HTL
-0.03828058822401695,HTV
0.18275627926030616,HTL
0.5067445977243629,ASP
1.023030342708574,BTP
-0.24979403128063218,TN1
0.357232940050301,VTP
0.024848883416702383,SAB
0.10539179780757733,SCS
-0.6319423278373599,HCM
-1.4946052992901702,DBC
0.15058848323751617,PTL
-0.3243076991844514,PDR
-1.191380637007211,HSL
1.36597834843592,TVB
-0.852020993903619,DGC
0.2696468565236098,MCM
1.4132919885991684,HVN
-0.09739144299322258,TV2
-0.18900762702583787,LIX
-0.13733939763833103,BWE
0.9721807636437221,CTR
1.3826037444774903,VCG
-0.01566176893035851,BID
-0.3726316988233904,VJC
0.39470527849235004,SZC
0.03490476373496119,BHN
-0.058137121039038404,KMR
1.575075239249199,NAF
0.5728603410131003,QCG
-0.06875184174169013,DAH
0.49555719357891387,SBT
0.13587084429960686,VID
-0.3936820600635837,PNJ
-2.169909682094043,PAC
-0.6821509413586079,FRT
-0.0019336602746562672,LM8
0.2757280668348284,DPM
0.6414391334050388,PDR
2.2481138285611535,JVC
-0.04573902274547264,HTG
-0.8453170125373369,NVL
-0.6683706372570164,TDH
1.5383924076455713,CLL
0.62876123083507,BCG
0.42940639586869744,HVN
-0.6493467640533865,CTR
0.36447071637494693,ASM
0.8335064497448174,ASP
0.1689161316375574,SPM
-1.722972931882894,PPC
0.05301402030039575,PTL
1.869397387714719,APH
-0.4819149058355397,ITC
2.7171215925021404,PLP
0.014846674365648113,PAN
-0.48067737776469666,KBC
0.6124854487662134,NAB
0.4329521904568501,PPC
-0.8857717733619389,KDC
0.21805830429676407,SCS
-1.0544887396172036,NVT
-0.8785202691521887,TVT
-0.6174311154472266,MBB
-0.5084892070291064,CII
-0.17950328624111822,SFI
-0.584361784783048,TMT
0.013377725558469403,SFI
-1.4007024989094452,SJD
0.2828367154486819,BHN
-0.3470217158234269,HHS
-0.5919218612168634,LHG
-0.8179622423745719,DQC
-0.2500377058427053,TAL
-1.0730213688478245,IJC
-0.47409177817175424,TLG
0.03956661659568135,SHA
0.4250466755113038,BSI
-0.5670331822753634,PET
0.0822436121752631,SC5
-0.4929530660125828,FMC
2.1165892518599305,APG
7.811246830181047e-05,ITD
0.13694128800907318,CTI
-0.16111139009138228,FTS
-0.7686159356694648,VTO
1.623572717455972,OPC
0.6221020207001983,CII
-1.3056925140079139,ELC
0.002173252341008279,SFC
-0.004835036487623733,SSC
0.6429119630770458,NKG
-0.9386217335831093,DRC
1.20714594445632,C32
0.004158505906995598,EVF
0.001013232608016712,VRE
2.257493238668483,CMV
-3.1862981279893106,KMR
-0.6774497404328169,VND
0.40732214544879186,ACG
0.08380740733820265,GMH
0.05301402030039575,PTL
0.005916506007162316,BMC
0.34477288559865743,VTP
-1.8726836933404052,QCG
-0.1991743373697707,PNJ
-0.19537069874725269,TPC
0.02365177267205379,VCA
0.6280198428148862,OGC
-0.016731769693568224,DMC
-0.06740841768888207,VIX
0.022372337832914972,NHA
-0.17050495593393547,KDC
0.30405220180484854,BCG
-0.004716289416680875,VIB
-1.485832784365703,ICT
1.5079080847004398,PHR
-0.04115409732248038,TDM
0.024320860789517625,APG
-1.2464356059834407,ASG
0.01853429594566506,ITC
0.3682111699591911,SAB
-0.6676335727338487,DSC
0.036214217820766156,COM
1.0823679348602278,HAS
-0.031228178938411733,SJS
0.08665310583150027,JVC
0.8617696099134844,CHP
-1.1913808285518703,HDB
0.2865080400099721,BRC
-0.08726988945721992,TCH
-0.3149769043365673,TCI
-0.05521149234921085,CLC
-0.16536337557764968,ICT
1.2286678803973494,NKG
-0.5086236235848519,DSC
0.38018325016371946,CTI
-0.10020558830291272,NAV
0.015255258796785395,HMC
-0.027986395781647237,KHP
-0.4288752088407743,TDP
0.29232488037160637,CRC
0.11466131324502685,VJC
0.034422787801548956,TDH
-0.11288677481961665,TMT
-0.35908672054974766,BMP
0.17034437912466927,KOS
-3.088760368365569,SBT
0.8968831727922713,BBC
-0.02002816655042015,VPB
-0.40402251427008806,VTB
-2.7277443458593824,LSS
-0.06217896857828035,BVH
-0.5856009243697134,HDC
-0.6457256570526866,PGC
0.008078648031764968,ACC
0.34160111617893574,SZC
0.03613302467133759,TCR
-1.253476267739777,HVX
1.122483602490447,AAM
-0.2916920187535717,DVP
0.4450031540706877,VID
-1.2971409300603414,PAN
-0.23616311924096345,VTP
-1.4093531835504671,BTT
0.265661345551418,NCT
2.082116158946561,VDS
0.0029509043181032784,DBT
-0.15354428338071627,BTP
0.007161490546100228,HTV
0.12732170767734702,PHC
-0.15556765765494873,CLC
-0.08047861574709894,VPG
-0.3556001024016043,DSN
1.4631310780999853,MDG
-0.04315668320165624,SRF
0.24101292085574724,BRC
2.23355831955674,IDI
1.1831023019060207,LM8
0.008703668770632687,BTP
0.33235516998112025,BHN
0.3491368301825903,BAF
0.4967643148502029,BMP
-2.2179691606246767,SMB
-0.49285440436288264,VPB
0.4307392085302026,TN1
-0.33568611226343115,C47
0.857014148728044,SZL
-0.12208008416167179,NKG
-0.2609237686813091,SAM
-0.0846520521883705,TCI
0.36241232599832396,HAR
0.15922582723716375,GAS
-0.14733605870638652,STK
2.023924905458598,AGR
-0.2454690658347173,HCM
0.030897458812704198,SRF
0.21040293159773735,NVL
-1.1554033924308948,MCM
-1.5672477686174318,KDH
0.6168261307811109,SRF
0.43436890493774133,OCB
0.1721043953737704,HTI
0.6061824952959427,SJS
-0.5011552633231101,ASP
-1.639526994024563,LBM
0.02648727116462291,DXV
0.635579927878081,VTB
0.6269389278468791,POW
1.3686390113784805,HAH
-2.780328817704156,CTR
-0.2903251006342355,TCM
-0.20870962900682552,BTP
0.04545669419330155,ASG
-0.6209436942364824,CCL
0.19183937442461457,LDG
1.067608634912668,HTL
0.01732707400716979,DRC
-0.29617963978537154,OCB
1.021864020428061,SAV
1.9453372900177908,DXV
0.02299732134407447,VMD
-1.6578098086605215,DXV
1.3971246485885402,TEG
0.36870036042513904,TLH
0.43851556344251,VDP
0.06498218563453641,KMR
0.24745066713235467,KHP
-0.4627676808096373,NAV
0.5211281053122394,ACC
0.654821311781507,DMC
-0.9783705880826371,LGL
-1.1785025464218437,DVP
-0.02627033401665442,S4A
0.3549368820227143,SHB
-0.33063049502995423,HAP
-0.34549539264414936,TBC
2.1174656038890527,OCB
-0.004694580843479522,LAF
-0.43459807596026284,QCG
0.466382555973654,CTG
-0.680793665377211,TPC
-0.8174114266132305,BMC
0.36627031442744096,D2D
-0.5168215068992114,STK
0.29562217276056457,APG
-0.26832762742763494,D2D
-0.18877705766473935,SIP
-0.5435818391619904,SZC
-0.49004544077265294,TPB
-0.5986773918503256,HAX
0.0007264038441690482,BRC
0.02603886054426455,VRC
0.40084344173828257,CCL
0.13220724786189836,VGC
0.4234617279886778,TNI
1.1358855426849732,HCD
0.015640677262310918,GTA
-0.19847153706149478,SHA
-0.5351842068261822,HVX
-0.19878196486202723,TSC
-0.9332916253381278,HAH
-1.3421492706085234,MWG
-0.8032437080034387,CHP
0.39061161548742374,TCH
-1.1047317408182205,CDC
-0.04742312906348291,TTF
0.20681671858367282,SCR
-1.425392836669501,SAM
-0.3260533582651946,TRA
-0.28101332259098233,DHC
0.1483420368824094,CMG
0.008703668770632687,BTP
-0.7059710777118958,DC4
-0.43480384131670763,CTR
-1.3922227387490027,TPC
0.4164423851215999,TLG
0.9542914180923707,HCM
-0.11152370555649486,TCT
-1.2848817226912623,VOS
-1.8393943313765013,FIR
0.38758687304879097,C32
0.008078648031764968,ACC
0.43793842348885104,DC4
-0.4777497667197647,GEE
0.08256452950576638,VRE
-0.12697958758261504,GMH
0.7242042208324124,HSL
0.028173593631414248,VIP
0.0831035209819829,HPG
0.36563332277261423,NT2
3.081237263863341,RAL
0.14229616706405415,KOS
-1.035812731737,SBV
-0.08497593495895064,VNM
-0.36951624183973314,IMP
1.627763494123188,PLX
-1.3908856547138124,FCM
0.026296599896096524,ACG
0.21302345049368385,FCN
0.6106730262305528,SVD
-1.7314667532110275,PHC
0.3845633870532876,VIX
0.5639023641757899,KOS
-0.4440531801486907,TDG
0.019727751281224896,SFG
-0.2725205132963418,TLH
0.8718204017295123,PVD
-0.6523712759516005,LCG
0.14580536246023457,ITD
0.7700909324420115,AST
-0.24782215539823693,TNH
-0.07844846721789878,CRC
-0.7799399616758231,HAH
-1.3221716669976038,VTB
0.03706341576841501,C32
1.0294313277035234,CTS
-0.13043544596103618,BID
-0.5805715348747024,SAB
2.5893361592847657,DHM
-1.3286863716571324,DHM
0.35023642623308854,FCN
0.61039079645968,CNG
1.0321800568349817,NAF
0.7847258106853827,VNG
-0.6937291353263811,SVT
-0.2914973465758814,NHH
0.43347054494310283,HID
0.09819147977493163,PTB
0.004308658280340565,ABT
-0.14099180171118106,DGC
0.1372741234908866,OPC
-0.0009499257658802867,KDC
-1.0908420347130718,DLG
-2.913957675751247,LPB
-0.958496476287065,KDC
-0.11211969644477983,VAF
-0.9068704530693535,UIC
0.5184103710633741,TCO
0.1669481202367043,IJC
-0.3370957435032936,HAS
-0.2185165421720967,GVR
0.8003261783183919,CNG
0.15249282815791046,DCM
0.04422408295220057,SVC
-0.8305572724727108,TN1
0.3489352589748827,CCL
-0.06906675892912387,FTS
-2.7799544456406395,BMI
0.01853429594566506,ITC
-0.6072228508905669,TMT
-0.0191656674683709,BWE
0.36082200986178276,GVR
-1.2221307768777685,NVT
-0.02627033401665442,S4A
-0.8657512155036439,MBB
-1.3181316625082238,SSI
-1.925533579022109,SCS
0.24104785386076713,SMB
0.6934441783469031,BHN
0.7470084923290414,TDM
-0.16712825547028168,KDC
1.22641289074647,STG
1.8966914739488792,SSC
-0.5457310849636272,VTB
0.6784841272849552,REE
-0.1476418504936326,OPC
0.5263380862248181,DRL
-0.07490898136501854,VRE
0.009713457624341842,JVC
-1.0935047695177793,ADP
3.7772145369339922,VPD
0.0022471575666348073,SMA
-0.24876052860252432,REE
2.035505852930653,KHP
0.19536190044726193,GSP
1.7958234080603606,GEX
0.004616794520872598,VJC
-0.1703198394832283,VIP
0.5673469183860449,GVR
-0.8396280442098215,JVC
-0.30658077918163806,FMC
-0.07314648418638699,BID
-0.14622070774582993,YBM
-0.1294069541444394,HAP
1.8913725045671554,VCA
-3.9034280578153555,PNJ
-0.17589629689885672,KHP
0.04505052867241347,CLC
-2.0692093433093888,VJC
-1.4195629932062945,PMG
0.5250154153714763,BFC
0.0711677452585074,BAF
0.006453295359853701,GSP
-0.09863699925085198,EVG
0.3330278985124213,VTO
0.35443932967328906,VCG
0.4586960943458853,BIC
0.5879426545184668,FIT
1.7739193625075083,TNT
0.31002578954150173,HUB
1.0903030465897943,TRC
-0.6315766481705265,NBB
-1.055268638902097,ACL
-0.9857343394454696,TRA
0.23431497406756482,NHT
-0.7113285001969935,PC1
-0.7968241537849696,VPS
-2.830100757864553,VSC
-0.6285753231143679,SAB
-0.22074204934213568,DLG
0.21667586279052153,HCM
-0.01343741566151019,DRL
0.25607284535628777,HII
-0.11997719699034178,ADS
0.13384344555032704,VNM
0.9144329324562571,CHP
-0.6269382229820798,DPG
0.7963958532937118,GMD
-0.0406913853511416,KOS
0.8202450615122109,VCA
-1.0101624505806936,BAF
-3.5182472750007987,REE
-1.3317258342256788,TCT
-4.203693462037384,SJD
1.5768526633297917,HCM
0.017275768872348746,TRA
0.2552846857151125,HUB
-0.030829265911083176,VIC
-1.010352916281044,GEE
0.34125453596620875,SKG
0.04545669419330155,ASG
1.0876605229727903,PHC
-0.040003774254101336,VSH
0.0011307821903262022,TNC
-0.6934543632881508,IMP
1.1718449230717112,SMA
1.2660843317597685,MCM
0.5593441775031351,EVF
0.23885654620328328,SFI
-1.7084533189466782,HHP
-1.1359336761865866,AAT
1.968949762373807,NVT
0.7186587022033186,ASG
-0.020777605622236392,VNG
0.07595399962945777,PGI
-1.3623075444439028,VJC
0.7430818472146941,CCL
1.7626129431527078,HCM
-2.1939923707726474,BCE
0.46031659972578176,SHB
-0.004694580843479522,LAF
-0.623451694825665,PDR
-0.9151328565415509,MCM
0.01399729444144872,PIT
-0.16785780991671312,DVP
-0.025823844989583473,STB
-0.32014602126717073,PDR
0.008703668770632687,BTP
-0.3911273558079536,TCD
0.016788590578885768,HTG
-1.1189107530409201,HII
0.01721413425611686,HPX
-0.3080089662268345,HVH
-0.496246963935988,PHR
0.5297201672958823,HTL
-3.297306673964315,VNS
-0.023989096304515546,VNL
-0.44166511793404445,GEG
0.5313541774844278,SZL
-0.05420831713845548,PLP
0.013098078317394157,ST8
0.044961567048322625,VHM
0.2383897675651268,SFG
-0.27633223747864,TCM
0.33775594991798014,CTG
0.05244905381542735,SZL
-0.06712775214157862,UIC
0.3252186528386495,TCI
-0.03442921915365666,HNA
-1.0879918146205476,ASM
-0.07372496195909838,SZC
0.008703668770632687,BTP
-0.06788368820401758,GDT
0.5572636006164607,SFG
0.08952451539940176,SSI
0.35091875148893126,MHC
0.004603278282364844,KDH
-1.2665218135044212,APH
-0.47588958056087,HQC
0.6860841289454892,ABS
1.1541858514489443,APG
0.024446818269452077,TLD
-0.14017063741200703,PAN
-1.013046340808789,HID
0.00866844301216053,CSM
-0.17830848021341678,VTB
-0.8627127038931726,BCG
-0.7563896997763746,HCM
-2.5001910984431737,MSB
-0.5094096329218867,VIB
-0.5720113678188088,BIC
0.018637852587562044,YBM
1.0322035244164418,TVT
-0.4252249165357195,DHC
1.4455881695210326,PGV
0.34356374147573016,PGV
-2.5062037477716803,GVR
0.3108519221179702,VRE
0.579564062120205,DCM
0.21400829685083866,VRC
-1.8295805709934838,ABR
0.1020172847047674,ABR
2.3054705725765094,HSG
-0.23847865364856907,CRC
1.5766205909610107,ORS
0.18324513385718072,VTO
0.12187339861455214,DQC
0.11667022584195474,LGL
-0.005930102498459649,PVP
1.0122943164576725,LSS
0.014434707523524421,ORS
0.296451301831053,BAF
1.5382036485217014,PDN
0.4323011509965252,NAV
0.987188807610931,HT1
-1.354935669995194,ABS
0.5143969192948877,ACB
-2.1791478308815124,DXG
-2.6337809643189494,PJT
0.22519001172025804,FMC
-0.5427654146417321,CTF
0.11058932510495545,CII
0.6114611824115249,TDC
-1.8452312796283858,VNG
-2.361346219744357,NKG
0.09885115700833662,DRC
-0.700941251401587,POW
0.03740768075795364,TLG
-3.3987373635634976,HII
0.0044339515302701795,COM
0.06715384011419694,AAT
0.16889151125992583,VIC
-0.2375600518410248,HUB
-0.9931420856386373,PDR
0.0023951870223284273,VTB
-0.806187648823962,HSG
-0.5089590087803326,CLL
0.6543882591830482,SAV
0.3157692522352144,PAC
-0.45020946173677184,FCN
1.096501442237572,SAM
-0.41495979260567634,TCI
-0.18610835118516408,VCI
-0.3404292568059747,VND
0.06473843774787251,HII
-1.168139936568557,HVN
1.649859830604556,ADG
0.5689420773226056,ASG
-1.0464473035568231,TMT
0.6576366232283075,TCI
-0.7678892164330382,DC4
-1.2268561085790983,CTD
-0.3137524286916942,D2D
1.0648014215309538,HVX
-0.8899829933568717,BSR
1.7069382077020843,DSC
0.017275768872348746,TRA
-0.008094871487904687,TCL
-0.1932564672740644,LHG
0.769750170689666,SGR
0.3855123396648173,HAP
-0.3439174357915866,VRC
-0.011224436964656638,VAB
0.4088805241448905,BID
-0.11402890606631545,BMC
0.48007399205069523,BTP
0.15491650624187295,DAT
-0.03486714730648805,HDB
0.8676232297244407,PGD
-0.7309642375486863,ABS
1.020927552923445,TCL
0.36657606094168405,PVD
0.23344069444931173,DCL
-0.2487424631087867,TVT
0.2581041787052851,DHM
0.9207625702253204,CHP
0.020018877658195575,KHP
0.21818776994648,BCM
-0.13250560253772184,TCL
-0.16749021599230934,GEG
0.27941436206980713,VIB
0.4980695758590836,VTO
0.22968243255801685,BIC
-1.4270122487888144,SZC
-0.06345626579326227,CHP
0.8093045670133165,SCS
-0.16506391966212094,GIL
-0.1872475185470119,TDH
1.8845259068551818,VRC
-2.522387068768691,DPR
-0.04115409732248038,TDM
0.10249292834586732,FTS
0.12186938707615144,NHA
0.012677815929662398,HHP
-1.1385247298241559,TCD
1.122496018649127,C32
-0.1406286224594439,TVT
0.8647075590108442,SFC
1.2150540309408946,PAC
-0.6377040247510211,DRC
-0.010290187609279433,SHB
-1.9847889115338442,SVD
-1.783003217510202,YEG
0.01889814935128961,DHC
-0.488224905570221,BFC
-0.06991466927297631,ASG
0.07430436440452416,SFC
0.807346742659317,MSN
-0.12460634261820826,DRL
-0.1375811001006723,PVP
0.001013232608016712,VRE
-0.1595440432669729,NVT
0.4810477091192481,VPB
0.6977128807563967,TIP
-0.46325236963885114,NCT
-0.10594125090733163,HAH
0.7200425351093876,KDC
0.30825530674895485,NVL
1.266390340104518,SHA
0.03613302467133759,TCR
1.5261757861547784,CMX
0.48183610289986867,GIL
0.03358587431716874,TEG
-0.10430310566397229,SCS
-0.027245913612831664,MSN
-0.05554860224802434,NKG
-0.5279371652479228,SBV
0.7007854720910357,DRC
-0.4613361913768864,TDH
-0.6552632464327249,PJT
-1.5835263927569465,DCL
-0.17451131548945345,HPX
-1.4732636662083836,HMC
-0.21479216791122843,HQC
-0.5648819518360898,DRH
0.38041194946521006,TLG
-0.6032605631243604,PIT
-0.11159263449098829,ANV
-0.4200131704972338,VPS
0.025194249438446836,HHV
2.0231502885492127,DXV
-1.8095118395383472,IMP
0.07022076858779568,GEE
0.5514422919074001,VMD
0.03462853882602471,CTG
-0.3730138373953748,CLC
-0.16494556832511115,PIT
4.050320913213375,CDC
0.7372796184555724,GSP
-0.3362246429646183,DXV
-1.8233660278685258,DCL
-0.08000689782105273,PGV
0.3506539895911833,VSC
-1.3201014189981846,HTL
0.15116778083281227,SZC
-0.495191217498757,DIG
-0.2509178295856986,HAX
0.23155437683613903,SZC
0.007956082369144593,HUB
-0.4099630977379316,SBG
0.631356080634063,CHP
-0.5400281446450289,BMC
-0.1914445038743004,HCM
0.0715888580886232,KHG
-0.5283683258054455,HSG
-0.7806832071945758,SC5
0.301254867430889,PET
0.3028774073913604,ASP
-0.24228671336190924,PTB
1.6426774793857677,DAT
-0.20368111747648426,CMV
1.895530677389617,YEG
0.5409762071510622,TRC
0.7120922431968049,PAN
-0.5984234139708106,CTF
2.499800265400092,THG
-0.21755144924435074,TCH
0.5360914582161119,SCR
0.28743266987419025,VHC
0.7984922970890097,BID
-0.10600875942486573,CTG
0.0044339515302701795,COM
0.14822638964762247,PDR
-0.558762008574034,HSL
-0.5826946722805965,CMG
-0.760694248634104,BRC
1.0163903510855652,NVT
-0.8254225523616272,VHC
0.500397408400161,TNI
1.866883611075662,SRC
-0.26423964708958075,HVH
0.08426979857147948,DHC
0.2839581846193539,HMC
-1.0711867156453807,CII
-0.5778046747748852,TCB
-1.316518316330811,CMV
-1.9136603864303092,YBM
0.2220603451112323,VIX
-0.21633469678403347,DBT
-0.9406919881821211,TSC
1.467361890326725,GEX
-0.5792841149302559,VPB
1.0180050695233156,CSM
2.932132770582758,BAF
0.028813633490521434,VID
-0.34544862680473454,TCH
-0.21138261756645868,CKG
-0.04824680821581325,STK
0.27709172230600726,AST
1.2620829080249012,VCI
1.5065482402128474,BCM
0.01074755616262742,EVE
0.17119786672041024,HPX
1.5557866448663142,ASP
-0.1544076106056454,SSB
0.01853429594566506,ITC
0.020643279426379058,TCI
-0.09835394990469787,CTG
0.3462017699874963,GTA
0.0216565996698444,TCM
1.5405648942397372,CTF
-0.37189423387941783,SCS
0.18747850963391866,HT1
0.2810105235804294,OPC
0.06478902724390782,DXS
0.035676689866664224,GDT
0.24290897665431616,TV2
-0.03611241160351432,TBC
-0.1578579071552018,DBD
1.353850127315369,PGD
0.20527760140810283,SRF
1.7828416624727859,QCG
-1.8050324129043727,HAP
-1.3885780214265324,TCT
0.8229372183459535,SHP
-0.4412343973423011,DIG
-0.00953636976089501,ILB
-0.114852003379476,HTG
-0.5417740946407176,VTP
-0.1499113795346713,POW
0.19760918363165658,SFI
-0.07292025705733195,SHP
1.3756496991708944,CTD
1.0138445053589504,BKG
-0.743366391932336,C47
0.3416040664262743,NO1
0.1343044964204931,FTS
2.019652743267853,PGI
0.2157487812680457,DHG
1.6986806369557763,DQC
-2.609777719718866,LSS
0.0139888896727529,VCG
0.46819231079088164,PGC
-1.259172163314071,HU1
0.5034246295776222,EVE
-0.21938741307792986,TCO
0.18018588812217032,NHH
0.5300326718723424,DSC
0.04417694607843194,ADS
0.654182830382118,STB
0.7908137185863342,BMI
-0.43875225941021767,ADS
0.3181267625574661,GIL
0.10095674022383444,VTP
0.3937546984001542,BMI
-1.3506831316413803,DTL
-0.5397847391726587,ELC
-1.1374998862824965,HAG
0.6834459209609632,VNL
-0.038616142255850645,LIX
-0.19842464090124076,REE
-0.25514737254618264,CTS
1.5301796222100796,LGL
-0.1207833337257982,SVT
0.5647039527564895,KSB
-1.924461090270634,LDG
0.6809930879679468,SHI
-0.647455594285181,C47
-1.1460962405243038,VCA
-0.6083223218677547,QCG
-0.430583519260029,FRT
1.8246947935073947,VMD
-0.5800830487195929,HUB
0.5764741525264782,FCN
-0.4227232184940303,HHS
-1.0520598459576955,SGR
-1.2698582131354532,VIX
-2.388390204548426,D2D
0.5905561040689099,KOS
0.3992477772590991,DBC
-0.17235015453666838,ACC
0.007956082369144593,HUB
1.1973121235453952,KBC
0.02603886054426455,VRC
0.27466373229838364,SAM
-0.23461862344079526,PC1
0.051108805142412304,VSH
-1.50461650952667,TCL
-0.26369812700666206,NHH
1.8647784817498063,CTG
-0.6310293805669941,TCB
1.042843039766618,ABS
-0.004864726025937184,MCP
-0.37217005283334115,VSC
-0.10016282194048519,ADP
0.6499867192491126,HVH
0.2789462737706303,PVP
0.11720749306811387,PET
0.5924015176442676,DTA
0.8022053903802608,PDN
-0.3384799015055512,TNT
0.0023951870223284273,VTB
0.1326123914994188,TDG
-0.14586865882307293,AGG
-1.1025879901954847,CLL
0.6852189641268791,HSG
-0.22072795865038541,SVT
-2.9210137910050866,VNE
0.009713457624341842,JVC
2.022659937905198,DXG
0.02014837469879161,TMT
-0.9543285413172138,TLG
-0.3755525861134289,HAG
-0.5548828913880907,TCI
0.20080697543783346,DRL
-0.44046428454650377,KHG
1.233687148842065,C47
0.5123776304936086,TVT
1.971822413237918,DLG
-0.25952261833840234,CIG
0.7904149059945005,TCT
-0.39647040303391123,FCN
0.36020675660224283,CHP
-0.031228178938411733,SJS
1.2446657716210494,DLG
0.01889814935128961,DHC
1.3997883272992844,SVT
0.16370069047941513,FIT
-1.1586973485835854,TIP
-0.19479218910675686,ABT
1.3181301075847611,TDG
0.7544478228535199,EIB
-0.469797866450648,BWE
0.21649504306377834,PLP
-0.17137302648718414,AAM
7.811246830181047e-05,ITD
0.06136215616858844,SFC
-1.5841428440560463,APH
2.0930064986247108,DXV
-0.32699892631286753,DTA
-0.6321637049147979,VSC
-0.814881346978704,PNJ
-0.07682680753743962,DGW
-1.0719561183695567,NAB
2.1838986960859565,GVR
-0.1905801623497437,ITC
2.484798847035306,DSN
-0.9702259597502911,KSB
-0.7570294605635832,BMI
-1.2119607144900577,ACL
-1.1684905963231549,NHA
0.03942839082399665,NHH
0.413395380814181,GSP
0.5651367212079108,HVN
-0.008094871487904687,TCL
-2.8946038272273755,AAA
-1.3296686211738913,DXG
0.5464085063996019,PNC
-0.4112341658530019,VCG
-0.9988156311489716,FPT
-2.159288523198727,TCD
-0.014537026827334171,VNS
1.6364331239715506,SCR
0.20812840470699276,ACG
-0.19617205853849873,PGC
-0.6172728403243457,HAH
0.37987168274486194,DRC
0.1655245216272051,PHR
-0.054409947793455274,FCM
0.5803708643964594,HII
-0.4391491752171701,ORS
-0.5358593874215849,VCG
1.5522669390952744,DAH
-0.0019336602746562672,LM8
0.025194249438446836,HHV
-0.4319149628206934,KOS
-0.3325534375792034,AST
1.7136273343644277,VIC
-0.2682754295408808,CRC
0.7921033864701444,TTF
0.7825052259482861,TVS
-0.6113057737519468,NO1
-1.6452014926936842,NAV
0.23620061932872435,HTG
0.5318486610568435,GEX
-0.010023420587186551,PAC
1.4651803154845513,POW
0.012160565285822909,TVT
-0.16625019560027515,C32
-1.9690999172852328,FCN
2.4458067663959815,VCB
0.5106416811862855,DGC
-0.8162456532441182,VCA
2.616932280635828,PLP
0.3410605228203236,VPD
-0.4711456099807472,VTO
0.7883607926845624,FRT
1.6039026337453295,PAC
1.3277706804236782,TCB
-0.10632705777800826,DHM
2.9096740631163116,BKG
-0.1749878348403511,SFC
0.1402522884768188,NAF
-0.5361459541363693,NO1
0.2067326294854218,ACC
0.24451937892221634,LGL
0.41911497040878914,TMS
-0.7058947084574833,DPM
0.9841033768756156,DIG
0.6516257632289972,TCT
0.7363119862603953,KBC
0.12422439843029058,HU1
-0.1602425904512472,SAV
-0.43260126472514154,GAS
0.014303895794980726,LSS
-0.7796122210011638,FMC
-2.0404328003201804,GEE
1.57506079339923,TMP
-0.9088098939940003,FRT
-0.37950542276360116,LGL
0.28463630875768353,CII
0.2721832173530471,ITC
0.08915595779831706,SIP
-0.17458218497172448,VSI
0.60399464130924,VHC
0.6905407366061407,DLG
0.01074755616262742,EVE
-0.8514791512116963,PVT
-0.7243911632866328,CTG
1.064168054717418,BFC
1.5823636301863133,SMA
0.031877776436495295,BCE
-0.9480052472714681,DCM
-0.3987943298228111,UIC
0.43181867172870947,PGC
0.2792542824035312,MCM
-0.29417070575272775,HSG
0.018790284058009407,SKG
1.4134598523165354,MCM
0.14323637311474313,KOS
-2.324783482293866,VTB
-0.07006248963434367,BMI
2.5920224599241593,TPB
-1.4908110842227493,STG
-0.03080713689891477,DGW
0.3671214716996926,BKG
-2.149157361564596,VCA
0.045059397440728816,FCM
0.018123257665535648,SVD
0.03154598345416735,VNE
-0.005930102498459649,PVP
2.2342745907754953,BCG
-0.06796040756673062,PHR
0.3017150014635619,CLC
-0.765215650443791,SRF
-0.1585128529499172,ADG
1.1527246650807943,GVR
1.11660134772107,CMX
-0.4299534704194188,KSB
1.1764932356417037,TNI
-1.4864675925251873,SPM
-0.8850721495283964,VTB
1.1053837661250596,ABS
0.3785133718632673,VMD
0.09679264857972682,OCB
0.5079440362497265,VID
0.42521239897159674,HDB
-0.2748523339164117,OCB
-0.20264411860369905,TLG
-0.9213734154624286,ASP
0.9371048530878778,FIR
0.7740259620515985,COM
0.9191944660918833,TSC
0.14451511128298503,DBC
-0.00262911211976307,DPG
-0.2738490424406553,VNE
-1.8065796846745292,KMR
0.372023514107849,ICT
-0.7465222482628907,MSB
-0.2391245455244801,BFC
0.22622482476391642,DXG
-2.077862571699662,VRC
-0.27252909113069884,PGV
-0.4712495474324967,MHC
1.0164464964917388,VCG
-0.04386165855295459,HTI
-0.8183777637019374,SAM
-0.3234681353482104,BMP
-0.8552563302493031,STB
0.11188085474605589,SMB
-0.5234795991758984,BTP
0.1926338405054913,TCH
-1.0862988526869668,MWG
0.6522659952040398,HDG
2.9432061362538318,UIC
3.780363109085295,BTP
-0.35732974013424684,CLC
-0.6092655859174041,KSB
1.1983807610415722,GMD
-0.24864584802266343,HHP
-1.9818349951796326,DCL
2.33061053477842,LGL
0.33507064189801683,HT1
-0.17752849082865887,DSN
2.4758610196144297,DBD
0.23122107629839433,DCM
-0.23087195018656373,RAL
0.035675814561297495,HQC
0.479277016704007,ABS
2.4513974109886543,PDR
0.06917823925648343,ADG
-0.3856058190759233,SGN
1.256063244294093,VOS
0.11977036526397292,D2D
0.4471423270901353,DCL
0.42734959988912374,TCO
-2.2351004175049383,CTS
0.6649596364321458,PHC
-0.7402646004819976,VSI
-0.2513211468034241,TAL
1.0244988631210754,CDC
1.5861108503258154,CLC
-1.247817945873918,PJT
-0.01659875065797871,THG
0.5888316472257423,PLX
0.11524169876333816,TDM
2.02956330863823,PTC
0.018951805322753378,HT1
0.06329737086354544,TCB
0.8220587919355704,VNE
-0.009453585934845988,SAM
-0.7747307562942278,ACG
-0.2595609418884935,LCG
-0.08732356304214181,PAN
-1.001702534685524,NAF
-0.0561946639855439,HSG
0.009713457624341842,JVC
-0.3793804392158286,VNS
-0.366200482306903,SJS
-0.40946995719342577,CII
0.4526694031327235,DBT
-0.006143447260576237,OGC
0.9864083344970859,VOS
-0.20048279991324947,LPB
-1.1555530271982368,MSH
0.017192709580587395,ACL
1.7117823766414675,TCL
1.9159656045327254,SVT
-0.0191656674683709,BWE
-0.011396524072305606,VCF
-0.22106463381395003,VND
0.31839991414613744,BCE
-0.15890719565000413,NO1
-0.37022063603545796,STK
-0.2807667906064457,UIC
-0.4765660059999829,LIX
-0.2524959253164633,HAR
0.9087392645867157,PJT
-0.16229759897948356,LBM
-2.293198086503567,CVT
-1.11628383133035,CTD
0.4074591976476679,MCP
-2.481898588359821,HDG
-0.2859412354463744,CSM
0.0362638322978957,SBV
0.677918341606923,VCB
-0.17233773106835812,HVN
-0.1620432556224041,NAF
0.5146132008228054,AGR
2.2284609143913485,ITC
-0.24654323691782956,QCG
-0.36832530415735104,HID
-2.7867663398723415,AGG
-0.20634436330359132,SHI
0.03706341576841501,C32
1.0598668955393862,GAS
-0.004716289416680875,VIB
-1.6271403793009505,COM
-1.1064295776781428,HAH
0.19446541455831948,BSR
-0.038616142255850645,LIX
1.6488926060411075,TCB
-0.5281339178555825,MBB
0.09189478795266837,NNC
-0.3821358301815396,SGN
0.7412215205729663,KSB
0.09743630778747008,PGD
-1.2808054776907567,LSS
0.868570701400289,CLL
-1.395424370850155,VAB
-1.2914665189931216,ABS
-1.0129071063053345,FPT
-0.4660791003869622,EIB
2.578199823078959,CTR
0.004558087972000823,ABR
-0.456330981343049,KOS
-2.2111317762356273,TCR
0.37878105994239414,VHM
-0.3318129102174502,ITD
-1.2189638399323348,ACC
1.4482622533917198,SJD
0.20637465822039175,VCA
-0.40019652641242487,ASM
-0.1286495948851588,TEG
-0.00719836091860017,TYA
0.9558380015078891,DHA
0.33520414571022955,TCB
0.5184155146916748,VCA
0.003030631788115741,SGN
-0.08680544175796664,VNM
-0.23962703698823795,VAF
-0.011715815741995558,DGC
0.21064944328482763,APG
0.008078648031764968,ACC
-0.02609029168059178,CTG
2.180572295954522,DTA
-0.012500939674986155,VNG
-0.35231389011289577,S4A
-1.3393163955078657,MWG
0.6138525558859482,TCT
0.24660790419841797,PPC
0.09734214985767203,DGC
-0.10319420318330653,LCG
-1.1646508448793582,HCM
0.32935986693663183,TVS
-1.7863653714535834,DAT
0.10965240171475982,DCL
0.22337155556171526,GDT
-0.1315625227908215,HSL
0.7540066460122522,PLX
-0.5752012904896425,VDS
0.49129915944846614,NHA
-0.043900548160177646,DBD
-0.0752139074492443,VPG
-0.004835036487623733,SSC
0.2840918144206357,TNI
-0.513477655193529,DHA
-0.01343741566151019,DRL
-0.46451321170873766,ABS
0.8503545193888776,HTN
-0.49334540014210093,TVB
0.44511914537838654,CMX
0.19646585628748067,DSC
0.009713457624341842,JVC
0.9896355293837636,NSC
0.9606372879211595,VCG
-0.836169117590596,SHI
0.03609131443961166,LGL
-0.4423531965839307,LIX
0.17648905186124406,HCM
1.0111201372018488,NAB
0.17089384215417022,JVC
0.6967032620709964,HCM
2.1272271018151896,EVG
-0.3882600402831806,DHC
-0.6226745194115259,LHG
0.0021460263351075802,PGD
-0.09583780196992454,HTL
0.24957159740395288,VNM
-0.3718401414361946,GAS
-0.20819471974428222,HDG
0.23341910257736645,DXG
0.6643276246181358,BHN
0.033891742871444946,PGV
1.113569573754588,VRC
-0.011715815741995558,DGC
-0.4057083990383431,HAR
0.27746137053147707,NAB
0.45128245311720827,VAF
-0.01075329575248783,CNG
-2.0271294837531224,TMP
-2.4883859468027785,ACG
-2.572244188151884,DRC
0.05654297814348468,SFC
0.018790284058009407,SKG
0.6088688182642278,SGN
-0.9686798552222863,CNG
0.377466029745917,OGC
0.004603278282364844,KDH
-0.1254494704088293,LIX
0.9072118467134187,PGD
-0.43992613813139986,CMV
0.4898763140439041,CTI
-0.3514404348612233,HDC
-1.1543685523958824,SVD
0.8597689626841609,HTG
0.7191684692760295,MSB
0.026296599896096524,ACG
0.3227942844862053,TCH
0.4772899035760952,HII
-0.6878244527897973,HAX
-2.1239101930614894,FIR
-1.1235012211164783,THG
-0.04722904496203375,LGL
-1.4753957852761306,LGL
0.3525527075497529,EVE
-2.1489798243097464,NO1
-0.10783887034598555,PGI
-0.410098087988708,MCM
-0.010977080842714097,EIB
0.0053002998141508054,VPS
-0.6240911693869393,SHA
1.2037008634588453,BTT
0.018790284058009407,SKG
0.5495399200433985,ANV
0.2559221576877233,PNC
1.0394287249958145,TCM
0.7759708826251739,THG
-1.6408522256238391,HU1
0.034681873757295215,VNG
3.1249136591365136,SBV
0.8790932422749522,UIC
-0.13349809777576183,DBD
0.896727678004728,PLX
-0.9658470622593106,SSI
-0.01574428151394302,CLL
0.19064242457568087,ITD
-2.1305044900289754,AAM
0.19001472862374078,CNG
-0.015973770445115935,PTC
-0.14411164125646003,HID
-0.9353094114277232,MBB
-0.2610720341638247,DGC
-0.7678002196755062,AAM
-0.540730591367047,CKG
1.1259590122270122,MCM
0.0023951870223284273,VTB
0.4264909027739744,VPH
1.0233406415731388,ASM
-0.181221615697822,REE
0.004158505906995598,EVF
-0.2437608249571285,CDC
-0.016731769693568224,DMC
0.357932461179591,ACL
1.0795976809620986,HCD
0.08294036064775365,TVB
0.7697996626918049,VHC
2.158501769780936,TCI
-0.12206671030823531,BCG
1.063316095060308,PDN
0.4837640096276023,NAF
0.7752467153718798,ASP
0.255010021667881,CTI
0.18326016821326926,GEG
0.5021807379222083,HMC
-0.3095217622276554,TRA
0.032702393867099826,TCT
-0.12355097822329059,VPG
-0.5779371067110411,AGG
-0.0045751588509370545,SBT
-0.12938106971363092,ITC
0.05566201119176614,VPS
-0.6304896617310892,PAC
-1.4762134012761008,MDG
-2.6075032783719174,LSS
2.005081061434212,BCG
-0.5743498637155982,GMD
-0.6209133237389132,FTS
-1.5438024436215347,NHA
-0.024036413028313063,VIX
7.811246830181047e-05,ITD
-0.1485475950561774,VSC
1.3882738281745512,NVT
-1.9382792769609432,TDH
-0.01768901764287977,VAF
0.3952566698526072,VPB
-0.6597294470897206,TRC
1.4386664364970199,NNC
-0.31281024933612583,ST8
-0.05209227830080504,PDN
-0.7928552057326723,D2D
0.03613302467133759,TCR
0.542638113892084,ILB
-1.1149961526614458,VID
0.09600740130404631,CTG
0.35458442739939255,TIP
0.6123814332176388,PVP
-0.0387508175819418,NHT
-0.07931608206302228,HSG
-1.2522014151889445,GEE
0.9639249366328619,NAV
-0.6490813725576573,VSI
1.0613630769355427,TPB
-0.4026753927221288,GTA
-0.2430188432790746,KMR
0.004558087972000823,ABR
-0.37375762644596766,HHV
-0.4339007943868215,NO1
-1.2339227942025182,TTF
1.505197846132423,SZC
-1.4371275656472,OPC
1.1735752338283398,ILB
0.150546398585374,NKG
-0.443544736777966,FCM
1.0924583769597003,PDR
-1.7506330426390013,CVT
0.2783914383081466,LDG
0.4939809902640633,VRE
-0.2734344585826463,DRC
0.18006226294911853,BCG
-0.48614294152656773,BSI
-0.8479636278165705,OPC
-0.6126334434202421,VCB
-0.7897234138081399,DSN
0.16154122043998645,TCD
-0.03442921915365666,HNA
0.35520303030505596,HPX
0.9023245892425041,HPX
0.8559477222791443,DAH
-0.04138732705292269,LBM
-3.1704410340258824,DRL
-0.01768901764287977,VAF
-0.3297289424676748,VHC
1.3437412928801742,HUB
-0.6420255106045795,PGI
0.8470771550496459,VHC
0.3744344346396252,FPT
0.6006696967978307,HHP
2.9519878555136514,CSM
1.065371777756735,DRC
-0.3017450104303009,PGD
0.19681981286286093,NLG
-0.024437552020783782,HTL
1.3428829605474717,TNC
-0.1444431784571694,SGR
-0.6128878943918121,SCR
-0.10316451453142463,VPG
1.0362497823854577,PAC
-0.17977532522088158,PGD
-2.8441635328018164,C47
0.015255258796785395,HMC
-0.5223714066666553,NAF
2.0638726758152814,FTS
-0.4056123860233611,ICT
0.0942074176032836,VSH
-0.8123694065867649,SVD
-0.39553101766005566,NHT
-1.262152421995286,BCM
0.02676723197583641,CVT
0.0053002998141508054,VPS
-0.27616036090434315,SRC
0.010454840687900278,GAS
0.6552157027613277,HU1
-0.8610283813936105,BRC
1.6586887536843156,SZL
-1.0645033078418664,MSB
0.8093488650567385,FCM
-0.3389326483441587,VHC
-0.5056022737479007,LHG
-0.47113365516531486,LPB
-1.0702365125206077,SAM
0.7791358070573201,SHA
0.6024564449114407,ASG
0.012677815929662398,HHP
1.7450617682891378,SFC
0.9432885820515243,TVT
-0.12427582308324346,VPS
0.8776142695695005,MHC
0.2638911862869373,NAB
0.970836352024966,BHN
-0.07716777802900429,THG
-0.8994321321037358,HTI
-0.4867717611487979,TN1
2.6424735304685805,VPS
0.33678074790757684,DLG
-0.8262139642253499,CHP
0.012306109280868427,TCO
1.7570511514907141,TSC
2.111973645704826,EVG
-1.5680330367463582,LBM
-0.033450308484670115,PNC
-0.19608939019656677,MHC
-2.633335428006995,LSS
-0.05467059425478827,TLD
0.08498548821486009,S4A
-2.078885600536283,CIG
0.7635844142701393,VJC
-1.6285777884133616,HDG
-1.7063594577582106,TTF
0.05163677942920543,DVP
-0.016731769693568224,DMC
0.49464129188555905,LAF
-0.9422323596771656,HTV
0.9409402498954585,CTR
-0.522280596569484,PTL
2.946231314998082,HUB
-0.3025292828340956,PHR
-0.3888408529561245,HQC
-0.2159774746132167,TMT
1.2997987612020385,HAS
-0.8493786780127264,GEX
0.27421228178657575,YEG
-0.814455032689779,ADG
0.49050862363321424,DXV
-0.19268236105322864,TCL
0.0021460263351075802,PGD
-0.6893614714031727,SBT
-1.0848170983160583,DQC
-0.36570450977818314,VMD
0.5563943771617701,TVS
1.5579542736301235,ILB
-0.40429913200840534,TDM
0.48146322111904744,HAG
0.031048946261416795,SCR
-0.2683920786031522,PHC
-0.008990892875961613,CMX
-0.9831682736300663,ANV
0.5874698941710769,TPB
-0.2721866449301644,BCE
0.2663311827946417,VND
0.1041898352815822,BVH
-0.2121209633818053,SVT
0.4457257821860011,PC1
0.5738600876853396,BMI
0.6989903040420428,NHA
0.05489786085086887,CMV
1.6650957670991904,ABT
0.04402760854519369,MSH
1.0750928324404527,CIG
-0.5070992692349843,TEG
-0.3542711252013964,OGC
0.022906420822159164,VIC
-1.3051333646152719,LAF
0.6140035607283502,HDG
0.12445310282521155,LBM
-0.17934769294286498,TMP
0.738640386998063,GEG
0.6248355372684378,AAA
0.11667519227694428,CMG
0.03490476373496119,BHN
-2.3982794584434997,DGW
-1.1337165560059435,CTF
1.887469903450814,VRE
0.9392966794872732,VCB
0.49120128222426646,VDS
0.0023951870223284273,VTB
0.7809791349983639,TNT
0.06715583843346387,FTS
-0.011715815741995558,DGC
0.44371175030936394,VSH
0.35937869525512633,PIT
-0.33635222788768515,TCM
-0.031912303747719216,TDP
-1.3775361494725775,RAL
0.4073463174382583,SSC
-0.6529536566038309,DXG
-0.06898980699355486,KDH
1.9943958524821508,VND
-1.4623179097708747,TYA
-0.9122524078051588,HVH
-0.26832195547212745,HQC
-0.26799756946017506,CIG
0.3201862498677153,MSH
-0.9024960979991837,VFG
-0.22918196031383695,BFC
0.4440030013723173,PTB
-0.35862854695009805,PVP
-0.12173602566322715,DHG
2.4037263525685253,TV2
2.129654078222043,DPG
-1.2077921390774824,TCH
-0.9104199317480794,VNS
0.38922506637684395,CLL
0.5657908333103282,PVP
-0.4597356970495094,ADP
0.34680011006751527,BKG
1.6453692615739939,TBC
0.17454245366143367,HAR
0.2636410713873681,TDH
-0.05688053959735339,SBA
-0.5343699657274025,TMT
0.18042183678401305,PTB
0.6683270165576346,DBC
-0.11598521218887342,BBC
-0.5764556405473805,TDG
-0.5540072865503723,SGT
1.1175715120696539,MCM
2.060657858348951,HTG
-2.283175559490415,TNT
0.5413352425792901,VCI
-1.3782273716738795,BRC
0.16794914981996645,ITD
-0.1443070849288221,CTD
2.1754957462577127,ABS
-0.05521149234921085,CLC
0.4371282841401812,NHT
0.03091372417729615,TDC
-0.836780186832683,CKG
0.5972570811989869,GMH
0.028112285754165734,TN1
-0.0030895986419726996,SJD
0.5468093454903036,YEG
0.23896948638783364,LGL
-0.7446714770515244,GVR
-0.8241045473255405,TCR
0.020086310615538713,NVT
0.03882889046895517,FRT
-0.36805241453865895,MSH
0.07393318310838465,IDI
0.3163994559532512,PHR
-0.348863390905148,APG
-1.5408776792061714,TCO
-0.2848794902103563,AAA
0.3052948256471206,CSM
0.3201862498677153,MSH
2.272902188883193,HSL
0.15037286580377518,PJT
-1.0563137467117707,VNE
-2.26689564520929,CLC
0.7884384391471847,NAF
-0.003618052175033325,PGI
-0.8362728489492491,VPI
-2.439225312070579,KSB
-0.24267700761699573,VNS
-0.4477344629121125,TCH
-0.21858401847001457,SHI
-0.4729406804275894,LGL
-0.9039283325704791,SJS
-2.216480026237697,HT1
2.136531683969586,PTL
-0.6201171579470391,VJC
0.03900506491361488,GMH
0.4328295812519257,VNM
-0.040003774254101336,VSH
-0.7628280025967529,MSN
0.01358304995434916,ABT
0.13680023289371557,HAP
-0.2865373198213568,SZL
-0.1350880739712077,DQC
-0.2784330438259675,KDC
-0.9730218643509764,TLH
-1.1894126040475255,DRC
0.009208852275549986,TMS
-1.613668580010147,GIL
2.8515306093072468,BKG
-0.04889648344966678,OGC
-0.01343741566151019,DRL
-1.8021654706455839,VNS
1.8969236813441002,YEG
-0.21443792822288826,TNI
0.6568768277015645,IDI
2.0180439661595875,NAF
1.0628819147850297,HTI
1.3234038632636302,AAT
-0.8337521784758758,TDH
-0.9376847630169893,TPB
0.19660716711428114,ADS
-1.1706417215326754,CIG
-0.014537026827334171,VNS
0.019727751281224896,SFG
-1.8100065148517748,HTL
0.6662690869964785,CSV
-0.48105450521977594,VJC
0.0661705811503252,NHA
-0.23529947567741724,SVC
0.8176245897119614,CSM
-0.6082444585793289,TCB
0.46835869817932735,SVD
0.017275768872348746,TRA
-2.050343639871449,LSS
0.18996083563255362,CSV
-0.692634563739349,YEG
0.017192709580587395,ACL
2.3116983356520575,LSS
1.0631449041720107,MDG
0.3105157067373443,MCM
0.019740667757863584,FCN
2.4285506247400446,SVD
-0.06345626579326227,CHP
-2.2662948219851544,FCN
0.4199658047683616,TVB
-0.08522427833234525,BBC
-0.1522141938634936,PTB
-0.22004132908646673,PLX
1.694244731102888,HTV
-0.05601103705703213,PVD
0.36021941265251795,JVC
0.3245941339515812,NHH
0.8589650058379138,FCM
-0.20516849718598507,SCR
0.863441460082333,PPC
0.007760933169282669,HAH
1.4802067062388438,PLP
-2.4397269049521437,LCG
0.04608311046099352,LDG
0.28181039168020544,HPX
-0.25326188477338346,TCT
1.178691404610931,VCA
1.935648411046904,FTS
0.2189107255161395,HPG
-0.32443685655874394,KHP
0.21631108084599765,BIC
2.801999866374561,SCS
-0.39502295245824764,VPB
-0.22734784564620145,MWG
0.001013232608016712,VRE
-0.17136178531387897,BSI
-0.6181432732750193,CSV
-2.324888349614607,BFC
-0.33338405580298613,FCN
0.075942614815223,BMP
-2.4747892765455606,CSV
-0.1128346109143262,NHT
-1.5991741318414952,FCM
0.4038742146691427,VHC
1.7743662657337966,BIC
0.9242294435756521,NKG
1.0053589067485877,CNG
-0.2647057056872487,FCN
0.7469058038711077,HMC
0.2071518987480592,GSP
0.9728944252221183,VGC
0.22669204935687803,FPT
0.23388293045014352,TLH
-0.5901773804973325,HID
0.12877700946695492,PNJ
3.578347727574215,AGG
0.10602820191992636,CKG
0.012306109280868427,TCO
-0.7370044012727143,AGG
0.18200363378740514,SBT
-0.42796486578814935,TCL
0.4050029238536052,TCO
0.07947672832542582,VPD
-1.5032282792536495,SHB
0.8895262719692276,SCS
0.7984807176016538,LDG
1.1314149508278033,PGC
0.1439478926866148,KOS
0.11207932332671809,DRL
-0.6010872875356884,SVC
0.035676689866664224,GDT
0.5403961997265131,BCG
-0.6525738211136611,VPG
0.5392771248390712,GEG
-0.7499013321189473,ADG
-0.6263855859682655,GVR
-1.809346708387371,CRC
-0.031912303747719216,TDP
-0.37643691732876183,GTA
-1.1625845701596695,BIC
-0.059677623143389584,KDH
0.15450637400063696,VMD
-0.023189718392676653,C47
0.9230663060300424,CTD
-0.04216602397919602,TDH
1.337774496433369,PAC
0.020762476156149852,EVG
0.36469043587831773,TAL
0.26481410918560216,HTL
-0.40871405113567477,IMP
-0.023989096304515546,VNL
0.256877486793113,HVH
-0.06435442787882918,VCF
0.3795000454979448,HDC
2.0916230760127608,PJT
-0.01004722454884453,CTF
-0.4969048024375962,PNJ
-3.046425943430046,VPI
-0.07698300781439539,BID
0.4222622048477988,VNG
-0.319725537368855,DHA
0.3319077310557383,SMC
0.013098078317394157,ST8
2.3968721688094954,AGR
-0.20881194839407655,LGL
-0.0580301154393601,TRA
-2.5523949244519453,VCG
0.6220806004972664,BID
1.910240443120897,STB
-0.05876350521104314,BMP
-0.2130115465670702,SFC
0.177587722019858,LSS
-1.2014182993771747,IMP
-1.7262259241326405,HAX
0.7172567126159877,TCL
-1.1401717262662854,NVL
-0.5152837831254946,YEG
7.811246830181047e-05,ITD
0.10235088102133282,NHT
-0.010023420587186551,PAC
0.015607452319873193,IJC
-0.33579312973386627,EVG
0.10582604816324649,AGR
1.7432025618224005,TMS
0.46780731074089643,PAN
-2.4695272918239355,HTG
-1.3997042818938565,ACL
-0.10816858801621679,DTA
1.1028865051017551,TRA
0.3830209516973857,CTF
0.02603886054426455,VRC
0.031877776436495295,BCE
1.053765823315764,BID
-0.20697567687985982,DXV
-0.08252809810851677,AGR
1.3745516014546182,CMX
-0.5971550814044555,VCB
1.1797195825940334,DIG
0.7924959790429589,FRT
-1.4450668824880495,HDG
-0.22330966094991375,PLX
0.5009977687237829,TCT
0.07199041862262139,NSC
-0.46886508260501886,KBC
0.2491473027214228,CMV
-0.3715341220987508,MSB
0.013465116801354671,CMV
-2.28964895307871,DPG
0.06498218563453641,KMR
0.8664959061725411,EVF
0.20991276535493686,HAX
0.19630254411097814,BSR
-0.16962561406414475,TCR
0.23414266277130455,TYA
0.7160953407974229,TCB
-1.0764697345139238,VGC
0.00866844301216053,CSM
-0.11746622529900218,TN1
-0.7922515018297208,NBB
-0.07228641532818178,TVS
0.3241213429953809,VHC
-0.18761405688892213,SAM
1.0779869583919217,BBC
0.41269093797206147,ST8
1.926051149526261,HID
1.0903684268478773,SZL
-0.04215444902788231,SGR
-0.425197108781488,NAF
-1.0018368412406844,CSM
0.8165964466948055,MBB
0.4434642780501149,FMC
0.5315595143374287,VRE
-0.10892343709168155,HAH
0.45751346876894083,CII
0.15650343928020558,SKG
-0.06110392034608966,HAR
0.006453295359853701,GSP
-0.35636259440010964,OGC
-0.19724329109012423,BMI
-0.4257127911352501,FPT
-0.4324486978264019,NO1
0.028073826948156785,CKG
0.7561660282621278,TSC
0.00866844301216053,CSM
2.0471033301941106,DXS
-1.7790900896188895,TTF
-0.03694162477038108,ASP
-0.39909871446488193,DHM
-2.859840557949745,ITD
-1.9129973183658888,AAA
-0.5764869520586131,CNG
-0.3104339193394494,VGC
0.007956082369144593,HUB
-1.3061166732958776,MCM
-1.4135448700533604,BFC
0.5982419443228068,TRA
0.017275768872348746,TRA
-0.21670018844666253,SKG
-0.10772777156306183,VMD
-1.564594257834205,ACL
0.3677496994875027,EVG
0.0022471575666348073,SMA
0.6857078178261862,SSB
-0.6633124680322808,TCT
0.048648095719432,HTG
0.011830004151621692,CTI
-0.5587307840264238,HTV
0.27257641058220505,HVN
-0.1249053985906336,VIB
0.26007940262597623,SSC
0.9821448511605133,SFG
0.3910740032967197,C47
-0.29067276230642836,VHM
-0.3254165725986438,MSN
2.743050438611968,TRC
0.6466521840626938,TN1
1.1421679833487064,NVT
-0.17783936384946963,POW
0.01811243066550267,CIG
1.5945140231520494,PMG
-0.13822112591880706,MWG
-0.4433363361524471,VPS
0.3680042743321604,HTL
0.1537409783955222,SHA
-0.12226398298610096,SFG
-0.18966852350601174,TEG
-1.6137395468899962,CSV
-0.4247086878489341,CRC
-0.3290641000129906,NNC
-0.9336694500253208,PVD
-0.0506539287529689,UIC
-1.3460515984440293,FIR
0.36786755115287656,HDG
2.250564927558758,ITC
1.0160596689921428,SSB
-0.09886773313299922,NO1
-1.6687141811333586,VNS
0.04523473927360492,DQC
-0.03514758090144569,BIC
-0.44407684428564725,SPM
-0.6168253282778737,PVP
0.43831089318891114,PDR
-2.8228721757930493,VPD
-0.017295779253476598,SZL
0.2598279048421636,TTA
-0.188737396370426,VJC
-0.9712018984137346,PIT
0.2115491624476344,LPB
-0.7062778217816611,VDS
0.2674059073272664,COM
-0.011071580345109812,ADP
-0.37111600553417484,BTP
-2.9384028713867765,HCD
-0.7259064396686694,GMD
0.6751936825723978,LCG
0.7127622294701449,TIP
0.513595492648485,HCD
1.1182546006747442,PAN
-0.9681503123185842,ADG
1.1406503728924688,DIG
-1.7298582825222073,FTS
0.1709181744139689,EVF
-0.5193818802045513,MCM
-1.6375387892069422,NKG
-2.6986189106169483,KBC
-1.2881885311711427,SMB
0.35299037179991305,KBC
-0.2680658812634808,CCI
-1.8840771183624065,TCT
-0.32472581296101033,HAR
-0.038616142255850645,LIX
-0.9380720083433439,VDS
1.3320704309175015,TEG
1.4601247321043662,MWG
0.1991209988874207,NHH
-0.004864726025937184,MCP
-0.20921513018733875,NHA
-0.18097332381656428,KHP
-2.8093560446116026,PVT
-0.3364694730124927,EVE
-0.11920701412069208,VIC
-3.4332613175770343,VIC
-0.8798065995950053,PGI
-0.07572987689790762,TCO
0.18026268980732585,BKG
1.7160244568577006,QCG
-1.9049106330593204,CIG
-0.4253078944755242,HMC
-0.7062439043260781,CNG
-0.273347043489217,DPG
0.18199073891153558,LCG
0.31400784146758126,CTD
0.16677270297150723,HII
1.8562577320061378,ASG
0.2488347164902823,BTP
0.5910325086342451,ACB
0.6475468472952024,FPT
2.1884518852042523,DTA
-0.4051002348818314,DRC
-0.3161824526722995,CTG
1.077594471933688,YBM
0.5930470733061513,EVE
0.5819375661272848,FTS
0.4672551220712798,BCG
0.3178212414871336,PTL
-0.6203673731332555,UIC
-0.004864726025937184,MCP
0.3460994375308944,BID
-0.006222087480280274,MWG
-0.3681750845004196,VOS
0.06765859911193567,BAF
1.3459839310684285,HID
-0.0541078707672283,DGC
0.022598865790940625,DGC
0.022876160959303934,AAM
-0.9213582801081579,CLL
-0.6435898834237549,ICT
0.028813633490521434,VID
-0.7865972314493368,TBC
2.527267201467604,TCO
-1.491452540550166,VSH
-0.007402523705726499,OPC
-0.30124425617470424,HHS
-0.2880962768903396,GEE
0.9372713879778379,DLG
0.008703668770632687,BTP
0.024740980322053182,TIP
-0.6884652515547782,TCO
0.5007991706415885,FPT
0.015075088486803464,DCL
-0.11589360317371496,GMD
0.4463262890878891,DPR
-0.3243876504007752,SBG
-0.07305373173891506,EVF
-3.466372327915515,BCE
-1.5563438071187905,SKG
0.12687637148548697,VJC
0.6117970872028977,MSB
-0.8622081568622376,BMI
-1.0260592963851454,TMS
-0.02109434248505624,KHG
0.26636782301467177,BCE
0.6277593304824091,SFC
0.7090421548996956,OCB
-0.6603578274322203,ANV
0.1457821185483485,COM
1.3588387986165371,VND
-0.7794324873322622,BTP
0.19204232666138135,TCL
-0.004385846804446878,DSC
-0.032273184986862914,IDI
-0.007542252784980188,VTO
1.6930857768898473,BCG
0.27108422695864554,DHC
0.006453295359853701,GSP
0.8972069362764733,TCD
0.8500267749796028,HPX
1.346020448545833,BFC
-0.2968327008313207,FRT
-0.043900548160177646,DBD
-0.6318245971772817,LSS
-0.14548291186745374,PLX
2.483657373176311,HVN
0.7291394874356888,SGR
0.7907316365895375,DC4
0.20489055180434101,POW
-0.14318740102846478,TNI
0.16670293196098407,TMS
-1.1874862522846132,REE
1.8872067630556535,HAS
-1.0243604825370518,CMG
-1.583113027525462,TBC
0.12328911916447982,DHA
0.03051574038609349,MSN
-0.033450308484670115,PNC
0.009208852275549986,TMS
-2.849899791890692,PLP
-0.21853053177949405,MSH
-0.8114051473603463,NAB
-0.16018536931358215,HVH
0.0341408805583172,HAP
-0.686932075815061,PHC
-0.005930102498459649,PVP
0.601875726511821,MBB
-0.9004289890081728,DBT
-0.5498158061275941,DXS
-0.05480813317038991,VCA
0.004934028802701639,SCS
1.695467535596621,ABS
0.0007264038441690482,BRC
-0.00719836091860017,TYA
0.36992571323808265,SVD
-0.2419006066157662,TTA
-0.010157513165326669,DCM
1.340374004650981,GMH
0.23729297624366374,NNC
0.6920781328455292,FRT
-0.34736695023297715,LSS
1.0669469858968919,DSC
-0.1970601355837835,CTR
-0.718466271721228,HRC
-2.452132415008084,BBC
-0.28187937002438446,ITC
2.0920677361713405,TCR
-0.5576610765607495,VNS
0.47069129150590916,VAB
-0.011071580345109812,ADP
0.9239284794365213,LHG
-0.8640181769699319,FMC
1.232902892034145,FCM
0.05854933055124526,STB
0.19990969226856464,NTL
-0.025323389465135654,LSS
0.4410489784972534,KSB
0.025194249438446836,HHV
-0.6385792083141799,PIT
-0.20835211294144215,SBG
0.004558087972000823,ABR
-1.315447108031101,PLP
-0.13962705741674344,NHT
0.4677528302429192,TCH
2.258175890866074,VGC
0.030181399204709268,VPH
-0.38043071255142724,SHB
-0.6498709742150591,AAM
-0.22410722787374182,SHI
-0.8413305767277384,VNM
0.008078648031764968,ACC
-0.2451690188679125,SBV
0.052236574810680426,HTN
0.05574791319189526,HVX
-0.32361756121077295,LCG
-2.422522454029783,GEG
-0.8457665019980379,LBM
-2.880173509654774,TLD
-0.9006453156846672,DGW
-0.1269272256941267,SVD
-0.6241126002810317,HSL
-0.8217109037795435,TPB
0.20347026905764903,EVE
-2.3177843808129377,NKG
0.2943813513774961,HTV
-0.18691950863081472,ILB
-0.022001568200016194,CRE
-0.4550209757701315,NCT
2.162794983547423,GMD
-0.9588114315084282,GEX
-0.24629714322186186,FPT
0.06715384011419694,AAT
0.57166446174254,SBA
-0.13100089479251079,VIB
-0.5403842471410034,DGW
-1.6682878532784278,CSV
0.029645268759603053,YEG
-0.42792884609456006,VPS
0.21253277124588202,SCR
-0.024751085154507194,TMP
0.5800490388789328,SVD
-0.039166953862401176,TMS
2.240127413630918,ITC
-0.015585174148734268,NAF
2.8534193554155207,HT1
0.5979894710398306,TTA
1.5891588477715444,SGR
-0.0035793402573823466,DSN
-0.0009499257658802867,KDC
0.4765757085123662,DTA
-0.21678372158244233,GSP
-0.5317242312675962,FIR
-1.2458429185957922,VCB
-0.9033653336629576,BAF
0.03609131443961166,LGL
0.40715582903447706,PAC
0.06754354826064334,ABT
1.1579865588555383,TV2
0.42474963265769183,OPC
0.1287288808574849,CTG
0.1750319195570408,VPS
-0.15647388478257493,ACL
0.6539632773819574,CLC
0.08802740459707446,CLL
0.17190138658112478,CKG
2.1025064093413413,TIX
-0.3085457953535182,PGI
-0.07827398159115286,BID
0.22198967597990682,HAR
0.1846661609709281,PET
0.322262065508255,HID
0.17778842018557886,DHG
0.16625568330120263,TSC
-0.492479526243685,STK
-2.663701450289434,FIT
0.712880574283627,DHC
-0.5062991189400162,TLD
-0.3857251789859791,FCM
-0.946610309169829,KSB
0.2780968080052429,VTO
0.8968902114892545,GMD
1.905438031351965,TNH
0.516869951910576,UIC
0.5116312375611249,AAA
-0.2033032935792002,BCG
2.1798949890823374,BAF
-0.37479093511822714,GEG
0.006207182326561493,MSB
0.5248028905674057,S4A
2.412158890774982,TSC
-0.5243238196018074,NHT
1.528007672988557,DHC
-0.5064976246567723,TCL
0.18776180402708964,AST
-0.9428855694821331,KHG
-0.4068799462886894,CDC
0.3408695914879912,NKG
0.15195249095383231,IJC
0.16861134551663093,SFI
0.37182041682488776,CVT
2.292333417767776,TCH
0.5745535086896907,VTO
-1.67747213422619,VNL
0.41627064406777264,FIR
-0.1378275134427309,VIB
-0.7241850168313877,CMG
2.132964191421398,LIX
1.0376321514054823,HVX
-0.7255568164959367,MWG
-0.05925870108523933,CDC
-0.007402523705726499,OPC
-0.30593929129057523,MWG
-0.6879103424524281,TCI
0.8397014225996927,BBC
0.8732816221874969,KDC
0.875346165353158,NHH
-0.8760305958403553,STB
-0.349545754622965,VOS
0.018951805322753378,HT1
-0.0697692695975256,BCM
0.3546545148228869,DXV
-0.01343741566151019,DRL
-0.15496833996337653,SAV
-0.7749067703806559,TBC
0.012160565285822909,TVT
-0.37588008036899145,PDR
-0.9932577347494963,CMV
1.8692831506285956,PVT
-0.25814023721547663,CRE
-0.22957075804682653,TDC
-0.12280757293255114,ABS
0.2787511607506734,HPG
-0.8363133686000811,AAM
0.14586210096155539,TLG
0.15439620173079777,TCT
2.4085596575798096,VCG
0.3561145153711478,SSI
-0.8465847104149715,BKG
0.46274338225762635,CLL
-0.3793269263790367,PHR
1.1475050785583838,SGR
0.3958318784364035,TLD
0.03092773204317207,ADP
-2.2049884827894846,ST8
-0.8030777254964108,STB
0.2501868527194367,OGC
-0.015585174148734268,NAF
-2.0248608309706437,DRC
-0.40854421191899165,LHG
-0.4709774619252872,DHC
0.1322481800813397,OPC
-0.25442206862725136,LHG
-0.21828499493160577,MIG
0.2705048337407341,STK
-1.9309995904439832,HVN
-0.3955045645815231,YEG
-0.2631045602706255,MCP
-0.11815178379211431,MIG
-0.5746790244239487,TDP
-1.4385014635778912,OPC
0.5412296950015903,PC1
1.169130755252658,VRC
0.3745949309949665,BAF
-1.132577121644071,BFC
0.43337347464478654,HSL
-1.675042585090393,HRC
-0.08778493121699128,DSC
-1.0873017091464734,ADS
0.024446818269452077,TLD
-0.03192145646943821,PIT
0.09017617464118587,PTC
-0.06724343095323305,DHA
2.1595276722161243,HDC
-0.7175328090465874,BIC
1.493637527541433,SSI
0.005192893589378149,TIX
1.562184462328135,VAF
0.3727759926838281,NO1
-0.01975347210342754,DIG
0.14449454410677837,TDH
0.5229990116530809,SZC
1.6591958770789594,HMC
0.18973692665730174,AAT
1.1301365667269259,CHP
-0.03278322785512887,VPD
0.0139888896727529,VCG
-1.2893747573317118,JVC
-1.3043037151948746,DQC
1.646096441075793,SMA
-1.1826582477645728,BMP
-0.30409080583387665,NVL
0.6720906419083889,HHS
0.5366095682089697,SIP
0.7658738450748673,VFG
0.12948746133064684,HHP
-0.4391734491727671,THG
-0.9349664192439251,PHC
-0.05463602665270477,DRH
0.49638721111723627,HII
-1.2652309070507117,FCN
3.02991013452509,KDH
1.6375214319989257,CNG
0.5844685672936406,DHA
0.13350277402547822,ANV
-0.5486502707583829,ADS
0.10854715282231636,PDR
-0.7517021568920652,DCL
0.4807314420103393,MSH
-0.01677450126770854,NSC
-0.4227444958208284,PGV
-0.20159021569765437,CLC
0.6868631009751932,HQC
-0.00013898626865821114,PTC
1.399948155213919,DTL
1.345175573757759,CMX
1.4581546929476636,HAS
0.460326162165637,LBM
0.030428795898334436,DHM
-0.17009868508547152,MBB
0.09702720359207982,CMX
0.19108476315823636,KDH
-0.8548260984308232,TMS
0.8265148542435323,NHA
0.0180929112082956,VSH
-0.16592440715967138,SAV
-0.08554529599138658,SPM
0.7051685074960542,MSB
0.6562708966885786,MSN
0.01853429594566506,ITC
-0.8962138611380062,PTC
-0.03205331131942659,ADG
-0.7239423450810191,TNH
0.08273322573713754,HHP
-0.5575906000265242,DGW
2.1166802850342035,THG
0.11904057773444225,MIG
-0.17487074337918074,CII
-0.06880945406265654,TAL
0.12225706451548515,DHG
0.01802350198367512,POW
0.011128580492306719,VND
2.364226448615922,ASM
-0.6766240897100996,TCM
-2.4080817989461094,HPX
0.25115837930584306,YEG
-0.7597255285095975,NAF
-0.2540751155803767,DBC
0.16995360529555692,ITD
-2.159138694609458,TCD
-0.713565050323544,VIB
-0.36496817716367685,DC4
0.2087368766198657,CMG
-0.6079249622052342,CRC
0.10634665541543732,DGW
0.0021460263351075802,PGD
3.0949362567672134,TTA
0.39238639490106275,TRA
-2.245911868935183,MHC
0.022746471693790186,STK
-1.6634952950213098,PGC
-0.07068764934933337,HSG
-0.21747034096741774,QCG
-2.427318494199351,HAR
0.9377931039491578,VPS
-1.8125176111894574,ABR
-0.601438613416341,SVD
-1.1973238606023728,NLG
-0.8549808547804728,ACB
-0.6254014419598203,LGL
-0.920134315570455,SCR
0.5451733352698156,VOS
2.584423601398876,TIP
-0.25026594622904197,MSN
-0.27563811725732784,ST8
-2.079362159306577,DPR
-0.0009499257658802867,KDC
0.4964540470573498,LPB
0.01802350198367512,POW
-0.3361346884170929,TLG
-0.17591145268534097,SFI
0.033891742871444946,PGV
-0.9326891864316957,VNS
-0.5234954387009454,HDB
0.812085060426235,SGN
0.9090305901568304,HPG
-1.0261233097650082,BCM
-0.8133992814912485,BFC
-0.25635066867523437,GAS
0.5706981351897684,STB
0.4542212774974274,ACB
-0.5625617845914701,BVH
2.111679738066596,HQC
0.08596440829204792,VPD
-0.024699671355255956,YBM
0.022876160959303934,AAM
1.4862467122703775,VHC
0.9840545717909919,MIG
-0.23023335769744635,LCG
0.6231881426847667,AAA
0.27022299406947553,IJC
-0.46539561690970127,DCM
0.5161122753807881,NBB
0.20674811852588348,TCR
-0.2824302627347814,TDM
3.6852857757520487,DMC
0.547077463655838,CRC
-1.5154413029473859,BSI
0.04422408295220057,SVC
-0.11149847100773996,IMP
-0.4786153853812382,SSC
0.16463120284978733,PTB
1.4744823351922993,TNI
-2.9380181005339754,CMG
0.03618225777717025,CRE
0.4854125993474136,MIG
-0.3640127065211365,GMH
0.6420106018163015,SAB
-1.9963174338472844,GMD
-0.06362323513827405,DPM
-0.5523920788739467,IDI
-0.31778357890881614,TN1
-0.43521722975738664,CII
-0.7719809586425908,FRT
-0.77849411239695,MIG
-0.15593779644283792,VPI
0.08099672126518509,TCM
-0.05925870108523933,CDC
0.13684187954608354,NTL
0.09512127366279227,SCS
0.8465318690360096,PIT
1.8597866170153599,DGC
-0.7201733559451086,PJT
-0.0014287976065902627,YEG
-0.16245922515293587,CTD
-2.4286134431885005,NBB
0.27354311473788984,BID
-2.4940158847189586,DQC
-0.29211358059153114,OPC
-1.9411979654630989,VIC
-2.5762822467952837,TVB
0.30066237723410855,PVP
0.1654516121510894,DSN
0.023256748796257352,BMI
1.814859339889876,VPI
-0.4389714403959878,GIL
0.04551978002521855,TDG
-1.1230856930618143,PNC
-0.017617238915926134,VCB
-1.3243969288626696,NVT
-0.048451305846093,CVT
2.6046046487659518,CTI
-0.4764098536459344,CRC
-0.7503932029639182,AAT
0.07787313549564517,CCL
-0.1923382743108798,GMH
0.8514162462357062,BKG
-0.3998060512300484,ACB
-0.6630689195345217,MIG
-0.45962549931482094,HCD
-0.657136028923852,HPX
-1.5594584478365219,DIG
0.3954358743989005,FCM
0.18817458394075384,VPS
-0.2616259945323851,DRL
-0.33789406210156303,SHA
-0.17353347183493883,HSL
0.10677950801581489,SVC
-0.14325448664332077,POW
-0.04066022876370414,SRC
-0.41883265095389494,ORS
0.4087476513102903,BRC
-0.04448282331086663,GVR
0.017470414537389668,DAT
-0.4021340954068081,DCL
0.8984239042723299,CSM
-0.10679321167154728,PHC
0.38139878652282044,ILB
-0.11370417674545003,VPG
1.4244723745794003,MCM
-0.430880006004706,HTL
-2.32808858109142,VDP
-0.2267624056312829,TRA
-2.9291116712074623,HAP
-0.8835723036189501,SHA
-0.5374960738739242,BCE
0.174197444209606,ASG
-0.552214908030806,VDP
0.2168663960982886,DPG
0.107268013686788,HTV
-1.1321633563407443,TRC
-0.5461392629845954,BIC
-0.680836807232076,PNJ
1.8046048114527085,PC1
0.21640440851976292,HAX
-0.35823286036601915,DPG
-2.0266917357943446,TMP
-0.5349672581954892,VIC
0.25126130795778484,HUB
-0.34407842352998236,EVG
0.013036722046752979,HAX
-0.1654075664802921,QCG
-0.21178555263019527,PMG
0.527366497757268,SFG
-0.16019863495612555,MWG
0.7668043518821218,SBT
0.34815619130398817,GAS
0.364720088367012,GVR
0.3570635001373973,HNA
0.015433275483225834,PGC
-0.3089555094549243,NVT
1.5607094580720269,VND
1.376843876418148,DGW
1.9736622775320338,SHA
0.22573428650856844,KDH
0.16825241621466056,GDT
1.001479859306239,BCM
0.9627733031438366,GIL
-1.317704123472524,SFI
1.5358851190795515,CMV
0.41132569838134986,VSC
-0.9680722034518091,CTR
1.4190275841360585,VCB
0.7726681197440259,TVS
0.030428795898334436,DHM
0.1645353934745209,TCO
0.06024035045209147,CMG
-0.24161115710737247,FIT
-0.1675752303909217,BRC
1.8801672557102542,DRC
0.4649526745559641,BVH
-0.2292614014168714,HVH
-0.3080782074921253,AGG
0.8723758033818727,OPC
0.0029636586061703393,HPG
0.35366209293159007,TRC
-0.41659894001864956,BMC
0.30410057874065716,HHV
-2.487623960481035,SJS
0.1859330875716406,ADG
0.6415319128871371,VAB
0.012210617965143007,DGW
-0.3775196854329034,NBB
-1.196245012288053,BCM
-2.29408791958212,NKG
-1.0006884539806278,NAV
0.36691913331497766,DRC
-0.8375960716505244,SRF
-0.7246975461306131,CTG
0.009208852275549986,TMS
-0.22411786569004824,TMS
0.6405442474500809,ANV
0.1722185211148328,SIP
0.3480282305257814,SAV
-0.3983193552691755,VPB
0.7852388273451613,IJC
-0.05725727590643238,HVX
-0.08923719553128724,TDC
1.1628855959076183,MCM
-0.5672343400291892,HII
-2.692723983127501,KBC
-0.3894034659108218,MSB
0.9191898015368952,MBB
0.3674478347207689,CTR
-0.43969375620100626,MCM
3.7363515660595588,MCM
-0.1602439469481278,VGC
0.4338638493150104,DGC
2.210063544286497,JVC
0.018951805322753378,HT1
-0.23479312494179888,VTO
0.37051170791890925,DGC
1.5718303989935176,ADS
0.15711897727100488,MSH
-2.2494844979179116,PGC
0.0216565996698444,TCM
-0.34964919947307277,SSI
-1.7924982454546663,TCT
0.952397504691066,FMC
-0.33307347292513323,LSS
0.02030769272218389,NLG
0.7691281552075345,SZL
1.0307380694161916,ABS
0.04503576612743704,PLP
-1.5549591503514866,PTL
0.08047407146467862,VRC
0.4356186770406599,ACC
0.6444236614686102,HSG
0.890541553826449,GIL
0.028112285754165734,TN1
0.11093985409012286,LAF
-0.005426357313927966,CCI
-0.07325318947774076,SFI
0.898918633983292,NTL
0.5593482086635011,VOS
-2.274522527941286,AGR
0.41480844092764535,PTB
0.35857074802550976,HVX
-0.7540761603261086,DRL
0.09278768064052087,DXG
0.18688513884601818,TLG
-0.37160544977993143,VNG
-0.15235631581466208,BKG
-1.1130021386117548,MSB
-0.05209227830080504,PDN
-0.7339813021137442,VAF
0.26609010813188555,HDG
-1.5351729509695795,BSI
0.3224458860025656,PAC
0.48156884200922717,CLC
0.20306829743081195,GIL
0.38672087028037894,HU1
0.05455191700864441,DPM
0.8093749477909737,LSS
0.24955355972062224,HAP
0.27245897327304225,SAM
0.6001684178650664,NHT
0.26123862774827117,KDH
-0.4728100133877951,CSV
-0.24044320534485955,SZC
-0.04573902274547264,HTG
-1.1431923713867178,BWE
-0.8510820813277779,VHM
0.020762476156149852,EVG
-1.3234996724838752,CVT
0.5316576385218926,MSH
0.6609436509296684,HUB
-0.06348662685955021,DAH
1.0652176744655546,TPC
-0.9527236327071549,TCR
-2.2626500719213225,TDH
-0.016091474855030468,CTS
0.45796310706915705,SZC
0.06473843774787251,HII
0.17754805737714682,SBT
0.4828003789353877,ADG
-0.09830558162531779,CTS
-0.6982041668493457,LHG
0.018123257665535648,SVD
0.03706341576841501,C32
0.028112285754165734,TN1
3.3369232867564405,D2D
-0.22092436874079815,HAG
1.9045343361814937,TBC
1.2935348010622678,TCD
-0.34850175157343244,TLD
-0.40121593909249237,SAB
0.011830004151621692,CTI
-0.13053479198618903,VIB
-0.8059019284853467,TTA
0.9072581275339633,HNA
-2.15335625459848,NSC
-2.099385315235303,FCM
-0.5282118208002778,LIX
-0.3708365774214123,ASP
-0.10258607845683633,LAF
-0.47777611794450603,DXV
0.6303165838897135,VIB
-0.3707064827381114,ST8
0.3171470291909529,KSB
-0.3711076121492751,HMC
0.7563780631279269,GMD
-0.175231192612914,DHM
-0.4048028895952402,DRC
-0.5225681955688488,HSG
0.2475068444496317,COM
0.13128086424712326,AGG
0.15987151259513133,PAN
0.017470414537389668,DAT
-0.45629994651087574,GAS
1.1397491390008523,VIP
-0.05925870108523933,CDC
1.0076058629583542,BRC
0.15875760853922047,ICT
0.11818217557069023,VRE
-0.11551835427778898,ORS
-0.26300175196177816,TCD
-0.015353250301880677,SAM
0.6414453859842298,VRE
-0.8920235877826458,PHC
0.5949846805530704,DGW
-0.43335277832533187,GEG
0.8443583374868417,DRC
-0.6448803621514219,PNJ
0.16273168881300884,IMP
-0.7496324166520038,AAM
-0.9527645228091022,TCL
-0.8033144614195312,HTL
2.7687147044026936,SJS
-1.315635819650556,PC1
2.0450771197901245,CLC
-0.12646364783537997,MIG
1.5090406618771643,VPD
-0.3447245786460964,DHC
1.5385264658457567,VDS
-0.5080377406434213,GTA
-0.9344830357251559,BCM
0.03051574038609349,MSN
-0.01659875065797871,THG
-0.3837550158378482,HDC
0.6632766824532919,PLP
-0.542114393302598,VIC
-1.3497788703142248,SSI
0.4217564200727193,NAB
-0.462600401490733,VAB
1.0587359760303163,SBA
0.8858658827651873,LBM
-0.49931501794320166,UIC
0.3845322384483185,TSC
-0.13821342813427986,VHM
0.11992153874744818,TMP
0.0216565996698444,TCM
1.318324450268178,BID
-3.0451876143690355,VAB
-0.6567565655485216,KSB
0.10794607160630885,SVD
0.8401884351893554,CMX
0.3100899087652128,CII
-0.5665778346344623,TDP
0.0023951870223284273,VTB
0.44045652045101075,HSL
-1.3512768325687994,LM8
0.020147548209148023,IDI
0.6940247049830527,NSC
0.9193560807657644,DXS
-0.0035793402573823466,DSN
1.6939538918740495,BCE
0.5594519658365129,PVT
-0.5305079813412653,VSH
-0.011071580345109812,ADP
0.6000204512509206,HMC
-0.1329884544653781,TBC
-0.7553843471823982,ASM
-0.09079255056664941,EIB
-0.2252612105732487,SFG
-0.0431958737884621,TMS
-0.010157513165326669,DCM
1.646964135977461,STB
0.6969005524376141,NHH
-2.467867602567478,NBB
0.13864338585316016,VIB
0.0010431538240905256,OCB
-0.4544358786607063,DRH
-1.5815284954672875,ITD
-3.1387396978767295,VTO
-0.17423594440704068,MSH
-0.34472436078041024,C47
0.14808099734215266,DAH
-1.3944128052493623,MBB
0.9944513323785391,ABT
2.217364845233479,VCA
-0.701737570830289,PNJ
0.14038312105998313,KBC
0.07351269282231097,TNH
-0.12461107414609982,PMG
-1.8261183408142012,YBM
1.8117081024233097,POW
0.8230919539103472,C47
1.2231602480666608,HAX
-0.7644135558036887,BSR
-0.004178447362447563,D2D
-0.6088762825181324,NLG
3.3285561148508536,VNM
-0.2415447622777501,CMG
0.4630837275305405,NNC
-0.03514758090144569,BIC
-0.2510987853258364,HPG
-0.049377058602178545,TSC
-0.6543357323444684,YBM
-1.0859226510516728,NHA
-0.19007175134007231,VNG
-0.573814030633698,ASP
-0.6669600893559395,TNT
0.22515093671900455,ACC
0.1460189257258919,KBC
0.9312977742039655,PHR
1.2490823499402046,TDG
-2.435993145580178,S4A
-0.6729092081459618,TMT
0.09806751150648338,TDC
0.3274311335255957,CTG
0.027971904491035853,SJS
-0.23367827706918443,VMD
0.7727704041109162,DRH
1.7618194027451708,LM8
0.5534829730430271,PAN
-0.05521149234921085,CLC
0.04422408295220057,SVC
0.5157983627810026,SFI
0.44174278830190805,DBT
1.0862118369339264,HUB
-0.7584505311801045,SCS
0.582472282377894,APH
-0.09593292012707048,HVX
1.3865349964199094,HRC
-1.6818961017884093,VCG
-1.3422626076620237,HTN
3.1242652066519594,DRC
-0.4407876341528698,VIB
0.24513265035628248,HAR
1.5372933642840267,BHN
1.1190128902556276,SMB
-0.25046244573001375,VFG
0.20850215923425888,HCD
-2.9313561595739657,C47
-0.1033025714580962,DSN
-2.4514110874923825,LGL
-0.10381703667775388,RAL
-1.2550341038888653,VIC
0.827549269808288,DSN
1.914310770668245,PVT
-0.07394056676972789,SGN
-1.103400262688519,NAB
-0.19436957637278443,KHP
-0.3861743252156511,TCD
-0.5809908336560837,TRC
-0.5617822226388515,BCM
1.2073877861140612,VNS
0.23908198998202518,HMC
-0.9214095678525134,TCT
0.24057120969873833,SGT
-1.0591861917420227,LIX
-0.16685072127201706,VID
-0.03697254352104463,GIL
2.227487607118762,SCR
-0.03146751089676321,DTA
0.7087494625391312,BIC
-1.6506535371408806,BRC
-0.23864862727265754,TCI
-3.7458201324069065,ASG
-0.15135193424444782,ST8
-0.24267662085898756,NAV
-0.17446869713113644,ANV
0.6848325566666555,HTL
-0.22748315150634427,PVD
-0.15299482399412606,FIR
0.3650526415843794,IDI
0.19218601422727258,BRC
1.9624029592294632,VTO
-0.01673229964562818,HRC
-0.7378600287112033,SCS
0.19163507740016567,DLG
0.017470414537389668,DAT
-0.19924648099567435,HRC
-0.04897341436673864,AGG
-0.5951532299162436,OCB
0.9069728132932946,ASM
0.18713004347482418,BWE
-0.7480896153483064,MWG
-1.3803622712158226,KMR
0.24953122528117666,PVP
0.015640677262310918,GTA
-1.1734428725106762,VHM
0.2769846389909718,PTL
-1.5597507080858282,COM
-0.8993908686771058,SSI
-1.9777399798425972,FCN
0.24473488692128006,EVE
1.705151799093942,NAF
0.17670452128542646,GDT
-0.8034997121974014,NHT
-0.00953636976089501,ILB
1.834878734149194,TTF
0.5271215069671883,SSB
-1.6138834873031422,BKG
0.3928376814411405,SGN
0.4614746708058452,CDC
-1.0900478542011034,TCR
0.012274989498509439,SC5
-0.05688053959735339,SBA
-0.06831487991119337,PAN
1.3106805314302958,C32
-0.014124100804867113,TLG
-0.08948220580972562,DQC
-0.010032372077994985,PNJ
0.9598989010244563,SCS
-0.011071580345109812,ADP
-0.3302278726522674,VFG
0.15236858365082023,PDN
0.17655158898854484,SMC
0.5162443658744327,TCR
-0.11852403249408884,DHC
-0.15426725717938083,BWE
-0.09425474129183067,ABT
0.9193750621906339,BAF
-1.0494083889012324,VTO
0.30162673426132103,VDS
-0.19806761052928412,TMS
-0.4375423895285707,DPG
1.030035961005985,TV2
0.01443320612998988,ABT
0.4395769491148248,POW
1.4228490979877542,VGC
1.9308295958023203,YEG
-0.3961555807422993,SMC
-0.00719836091860017,TYA
-0.20285204016147332,CSV
0.12812107541029608,NT2
-0.3354507629015869,ACL
-0.04677377040858557,NNC
1.0671287894106305,AGR
-0.22511805142971714,TRC
-0.780611382658915,VGC
-0.20018672419519395,VJC
0.17564371021841485,GEE
0.30840251905435273,ASP
2.2489876215583244,LPB
0.839895829192326,GSP
-0.16012790829570314,NLG
-0.9015014862194322,CTI
0.8359498628191544,NNC
-0.038616142255850645,LIX
1.5867164009920351,SVT
1.4291644605837759,VDP
-0.06411807354513586,LPB
1.3725181761062792,TDH
0.8221435280477228,C47
0.6754824731782538,MBB
-0.7694875676234745,CNG
-0.02800770061945341,REE
-0.1255514949636886,ADP
0.7726267130955636,VPG
0.14611586916543398,KOS
1.2207145075680694,POW
-0.31086677924987066,SVD
0.017275768872348746,TRA
-0.44689801317351674,KOS
1.9184858305247798,SZC
-1.1779707720475925,QCG
2.1375567336588426,NLG
0.10683250665978637,MBB
0.14353074655230316,VOS
0.3822752898802691,VCA
-0.12870321194539008,HAX
-0.4398022660216062,PVP
-0.7247277009842829,NT2
0.0764885010871191,PDN
-0.21456569653318733,VDP
0.7109887408851818,DTA
1.797423920933605,MHC
0.31963436210511165,DPR
-0.37582761876287507,PTB
0.05966735625969127,HTG
-0.785898253171609,PHC
0.07366408749763262,RAL
0.5980047514279078,POW
-2.55493059944173,SGN
-1.057508592475087,FCM
0.4206607958562051,ABT
0.026296599896096524,ACG
-0.3296910087408099,VNM
-0.03367171271431739,FIT
0.8233056078755945,HDC
1.2837685458430768,ITC
0.4768560249603735,LM8
-0.6418545339350274,BVH
0.13804788596693413,OPC
-0.6953575573429905,HAG
0.24110833818264027,DHA
-3.112352078690713,IMP
-1.8588268932952101,DRH
0.3978958667407474,PVD
1.5341260144019242,ACB
0.007161490546100228,HTV
0.22098325680765468,PLX
0.013377725558469403,SFI
0.6175226320049869,GEX
-0.00719836091860017,TYA
0.32057224734887135,TMT
0.13745896299462626,PVD
0.6831669222829166,DXG
-1.6953096492937476,VNM
0.19637175315710168,VPS
-0.5075668453114967,TVB
-0.9601335268273482,KDH
-0.08630826296107913,MHC
-0.003618052175033325,PGI
0.7082747606768911,LIX
-0.9639784237684625,DXG
-0.9322374589451364,TNI
0.038626479936117675,TLG
-0.6442940368924083,VPB
-0.9915211178729912,MIG
-0.08019909645709096,TVT
0.10226884975554844,FTS
0.858858205999722,SPM
-0.30286891880629646,SIP
-0.8659065949633875,HU1
0.34392425035858665,SSI
3.1509675714000087,ADP
-0.24263025439694977,ADP
-0.18899791893978454,PLX
-1.3303229862015793,FRT
-0.30016144073101453,BIC
0.16108149021076876,BMP
-0.008063053544571389,MDG
-0.17292296582264335,HHS
-0.8206302615793591,HUB
-1.4369922384586566,HTG
2.3347446363215374,AGR
-1.1942728523364743,VPI
-0.055292312483257104,DPR
-0.004864726025937184,MCP
0.14052357474356197,ASP
0.24477231919386822,ASM
0.2621140078598436,TPC
-2.6848835360980243,LSS
-0.07754607483113987,TMT
2.4657452269780804,VCA
-1.3568934514801143,DQC
1.4161505229737115,CTI
0.34214252498309145,PDN
0.2541495178215642,NT2
0.003030631788115741,SGN
0.05846674113384889,VSH
0.15924751079127067,HTI
-0.6055407044521741,BAF
0.03358587431716874,TEG
0.24323518431725755,CII
0.33533441078797416,TCH
0.0940593805805778,GAS
-0.8388915559880599,VSI
1.5824453950461552,VAF
-0.189399202409435,HTL
1.6325937688386554,BMC
-0.5262400194965031,VID
0.9197590974798597,RAL
-0.42354751510892813,THG
-0.4353519410124744,HTV
2.9769300769952753,TNH
1.3389903806903276,DVP
-0.0037298741554064947,VDS
-0.1193822245833842,D2D
-0.011062049762442155,SBG
-1.5580380870706048,TNH
0.6542421515139023,SCR
0.09673332115737363,PTC
0.014846674365648113,PAN
-1.7195112555863297,DXS
-1.9569312215283243,ABT
-0.006921818163786036,HVH
0.5867878573803705,HID
-0.792029572633717,PHC
0.019740667757863584,FCN
0.32631860328728507,VCI
-0.08428414103774243,TSC
0.19455762696048887,DLG
0.017470414537389668,DAT
0.1771031684370572,OCB
0.4084909686839293,LDG
-0.02727709059341322,DTA
-0.07076241971081047,COM
0.8048268568322438,SC5
-0.3528105851351005,DHA
-0.6524763526315052,HAH
-0.25561940236728764,TNI
-0.2421689714421181,SBT
0.56621498381859,DXG
-1.9421750067765107,NHA
1.2878537973411042,VRE
-2.2389650461349055,CLL
0.2274405499309834,ASG
-0.03193702628664863,NAB
0.015607452319873193,IJC
2.954310797148584,KHP
-0.016731769693568224,DMC
0.028813633490521434,VID
-0.5278455539335436,VTO
0.011830004151621692,CTI
0.22145134133696084,HQC
-0.5130932575453833,TTF
-0.000200210842177191,PJT
-0.15067452043625876,SZC
0.42213326331532547,SHP
0.4092153684133469,GMD
-0.7874892983713506,FRT
-0.0044408044965086775,TNT
-0.04873419570818437,ACG
0.1127251166306741,DGW
-0.19936449820718843,SHI
-0.42287564991622506,HPG
-2.1574146725157672,BKG
0.5275451258266599,PVT
-0.14168955699072946,GIL
-0.3855430329536111,HDB
-0.22950072463322235,SBV
0.18071925072190279,FMC
-0.014537026827334171,VNS
-0.15589220785616215,THG
0.819887404311608,SJS
-1.524420411292786,VOS
0.1509778628973146,NCT
-0.0735269159167819,HID
-0.8929993409474487,DBT
-0.5853007221687294,BWE
-0.9681324436000505,COM
0.1370580536519221,CRE
-0.31938264357959,LIX
0.8637124000599167,SSI
-0.002536527193645212,HCM
1.266077393238152,TPC
-0.44220692687017227,NKG
2.177144771108362,TDH
0.037449764337897366,PPC
-0.008373754902828255,DHG
2.1134706351080967,HDC
0.016179423314348886,NKG
0.20592667818715815,FCM
-0.03796103738210988,TIX
-2.135083973483786,DXG
-0.046509079989360456,VPG
-1.5956959867146758,HCD
2.1968116357756218,JVC
-0.4089278175807595,TAL
-1.2322984524694771,DPR
-0.18730673554211527,HDG
0.23934831026728182,GMH
-0.03611241160351432,TBC
0.6083996219825937,PJT
0.7221099722386037,HHS
-0.6376065666407551,DHC
-0.20935873850918751,SJS
0.03942839082399665,NHH
-0.5398830261753815,CDC
-0.8480665950411574,TV2
-1.1519784121099033,STB
2.0869849706416015,PIT
-0.011071580345109812,ADP
0.6005579190715703,TCO
-0.6232477805484486,YEG
-1.5065341235080691,BHN
0.013377725558469403,SFI
-0.3214466324119114,DPR
0.5011090249768839,CMX
-0.0956711431127032,SVD
-0.4538032764301019,DPG
-0.6141176730595485,STB
1.316861329995619,PDN
0.1480746304504166,VGC
-0.16738205390226826,SIP
-0.3112081657461786,DMC
-0.006974362964496282,SVT
-0.3830329571796904,DGW
0.058970521287851026,HCD
1.6290150928825415,BTP
0.0021460263351075802,PGD
-1.5007166433511372,NTL
0.09659267617362598,BMC
0.3378881027663393,EVE
-0.5417717075526822,SJS
0.1695798194838112,HNA
-0.41869577443044087,SVT
0.3758722590608732,VCB
-0.2523514813229869,HAX
0.3431767893460326,ITD
-0.5506585349642322,NSC
0.20008045939635977,NAF
-0.19081493616218878,DQC
2.382667255677261,SVD
0.03706341576841501,C32
0.020643279426379058,TCI
-0.19257682247369387,ELC
-0.7258801004506227,MSH
0.1781591373826493,TDM
-0.21990861604953396,SBA
-0.0639017333673814,HCM
-2.3846501424062145,VGC
1.6336164374055981,TCR
0.15536702436772346,GAS
0.04663671907295682,TMP
-0.31193474167666246,SMA
0.1011477395352197,BMC
-0.06313460583183286,HQC
2.345423664985945,NVL
-0.6331316807245025,SBG
-0.7461478163884995,CSV
-2.2371534021801147,FPT
-0.030829265911083176,VIC
1.2440985769561654,ABT
0.0324173028238746,NHT
-1.0781628921296573,NCT
-0.47703268309938074,HAH
0.9729053684308383,CMV
-0.7248158666570423,SCS
0.6707363680930641,TDG
0.776442181465913,PTL
1.3559561197586627,AGR
0.1561823267579123,FMC
-0.09372919605493188,ABT
-1.638233892725928,SRC
0.0053002998141508054,VPS
2.269749800155011,HSL
2.085904077824385,HTL
-0.026081548394520555,TNT
-1.2900639230952984,LGL
0.8966589725911075,SCS
-0.9064659537379253,VPB
-0.1916394642468829,PGC
-1.462351356225939,DXV
0.34468115499749674,HDG
-1.791694743308473,PJT
-0.17819846528651268,BID
0.2302071556320616,VPB
-0.07932894433522857,HTL
0.7142640944097611,EVE
-2.2392343900490927,CTS
0.5527665801030432,PGV
0.6243168040679771,DTA
-0.2709329630475426,PMG
0.034482932483054084,DIG
-1.109871946013676,HVH
-0.09558632214178614,VSH
1.5436556946310303,CVT
0.5826443935807171,DBC
0.7431697189930866,NAV
-0.7243705987492334,SHA
-0.6416653099651164,LSS
-0.421319550434182,DPM
-0.48746350779116565,PDR
2.1074129517897173,CTF
-0.26330373399364215,VSH
0.4447456879132362,TN1
-1.2704236617103897,GVR
-1.4695163063718941,SIP
2.0838743492798377,PGD
0.6749993975667223,MSN
-0.44931802329542986,MSB
-0.09265580481548005,PGI
1.6822756946595574,ELC
-0.048334026437919786,NVT
0.3515206980604303,TBC
-0.3500048701280716,TCB
-3.222624812503579,ACG
-2.815515053551074,GMH
2.8113187780116173,CRE
-0.2690049900814472,ACB
-1.0543741592876128,SPM
-1.2606513418703953,PET
0.7551223234877072,HAH
-0.17748795960731784,MBB
0.028813633490521434,VID
0.07810145695073652,DHC
-3.2687287447411553,KDH
-0.9977913530774791,HCD
-1.4144569989897269,FPT
0.13795583183938584,CMG
-0.755638874228194,VCG
-1.5024819287805882,SVC
1.1324414975905461,HVH
0.30517763037209356,IDI
-0.9609267258446635,ST8
-0.17742613740422755,ORS
-2.8401833969448895,TIP
0.6999005254728222,QCG
-0.729109147251274,NHH
-0.06191477987098646,CTR
0.8740402477405469,VNS
-0.25125457960775743,TYA
0.015756027169093047,CII
0.020644082801921166,LCG
-0.5495905587563054,TMP
-0.15182335618401022,POW
0.025194249438446836,HHV
0.08105112123523514,NLG
0.07081748759987548,C47
0.5628192587008831,HMC
0.7943883942336616,TNI
-0.04613334019022306,NCT
-0.33296102162794466,BRC
4.684466549506082,CLC
-1.041689649306391,SHP
0.23276108963930886,NNC
-1.6134744995731687,CTD
-0.011071580345109812,ADP
0.2001708133903086,ASP
0.0053002998141508054,VPS
-0.294116480453385,LGL
0.5359531939899628,PGD
-0.5252791267026128,SBV
0.23737712234244765,SHA
2.2789828030289887,TCH
0.015640677262310918,GTA
-0.24794900512469678,OPC
0.16380948535432036,LHG
-0.2768381798285611,SSI
1.7123044616273475,VPH
-0.8739829300713011,DBC
-0.4072948436219522,BRC
0.6033140241075434,HCD
-0.008373754902828255,DHG
-2.2153386900573575,GMD
0.23775225498264735,LIX
-0.6017955158751962,PGC
0.27900261513553426,ADP
-0.07717519059755124,HQC
0.5775987632553821,VCI
-1.150717103913729,GMD
-0.01343741566151019,DRL
1.167032623815314,PTL
0.155291446233328,SAV
-0.058699604436554385,DQC
-0.5810977117873088,NKG
7.811246830181047e-05,ITD
2.136907640800291,PET
-0.00953636976089501,ILB
0.21725185357342197,HTG
2.136601376142556,HAG
0.6001078524262149,AAM
0.021011504725503907,AGG
-1.4606011194778088,VPI
0.7269110115091935,OCB
0.8562600410400146,AGG
-0.3132090049540653,VCB
-0.28810824018769354,HTL
-0.15732227966827808,TVB
-0.1445661057909572,DHG
0.03900506491361488,GMH
-0.2933062761727674,VPI
-0.06194327751465117,HDG
-0.18383648800444777,DSN
0.4350959291867567,HHV
-2.1391589269286135,NNC
-0.38976903521629963,TEG
0.01966832860068962,HRC
-0.29861017955388475,SGT
-0.1934164493757833,LBM
-0.2564267596785637,BVH
-0.7601027922129456,TDP
-0.08573175561336928,BBC
2.587206405362354,VPS
-0.3841435822579943,PC1
-0.2678714539336683,SCR
0.23120454523801667,MSB
0.39035029421753026,SBG
-0.12716938727010568,ASG
0.28591638771637107,DBC
-0.007402523705726499,OPC
1.785224567500832,PET
-0.3443206672259413,FIR
0.19085885702014982,NSC
-0.13307935526491352,BID
-0.09876185121283655,CMV
-1.412278008106084,DHM
-0.41551277630633887,LM8
-0.5030815994211941,C32
0.3423580721179118,SGT
-0.27075159750913047,PVD
0.3017244682131186,CLC
0.53629155901176,KOS
0.19586873230800397,DGC
0.2168962116984004,BAF
-0.1257431058202197,PC1
-0.15736228008113104,TTF
0.5949751962662662,NHA
-1.0708709237158338,CIG
-0.13953124689671864,VPB
0.7189238165350555,NAB
-0.47820428294945083,HDC
-1.2853295581709263,YEG
-0.008063053544571389,MDG
0.11130233172793813,NLG
0.13442234617079954,ADS
-1.42757984691268,SMA
-0.5665658800640027,VIB
0.49667260869199953,DXS
-0.4766746089352348,FRT
-0.7882488395338315,LM8
0.5035986569003458,CNG
-0.08954484220427468,VIC
0.4147002894826694,PAC
1.7921156900849828,VPH
-0.06923183728642292,TNH
-0.4526058090918101,VNM
-0.7726015048673291,NAB
1.5096959882399887,CCL
0.9970463136594024,KDC
0.014475379580521927,VNM
-0.0019336602746562672,LM8
-0.11961217382282814,BCM
0.6632104137065413,TRA
0.9540032404824259,PVT
0.5439506375200046,HDB
-0.3530336101069638,VID
0.018347376058329236,SGT
0.05909975057017358,TSC
-0.0942095882742103,FTS
-1.6757124941549497,MSN
1.515454257251899,PGC
-0.22532807204301253,DLG
-2.2264387586205503,HDC
-0.7929622230210635,VGC
0.43719436971013087,SHP
-0.18286394041887183,VNE
0.041399661057136404,CLC
0.24546576728427585,HPX
0.028112285754165734,TN1
0.594990300007347,AAM
-0.37910716174097747,SGN
-0.46721129740433326,HUB
-0.6460106934841533,VAB
0.0216565996698444,TCM
-0.7427011060771895,PGV
0.9063383112776752,VIC
0.49804895827830303,HII
-0.10095919539656326,UIC
-0.15541691387658735,ABT
-0.9682927198551704,VNG
-0.10639412640382748,YBM
-1.8803038825573313,CMX
-2.011672978402848,HCM
0.04479523753574015,MSH
0.04295096114441927,DLG
0.018951805322753378,HT1
2.7077370691158054,VIP
-0.033655762175325454,TSC
-1.9006874339893045,IMP
1.073754161675538,BIC
-0.09257026056269764,ASG
2.130847131244661,PTL
-0.6848153330397091,EVE
1.5585447217251376,SBV
0.0324173028238746,NHT
-0.26129323314401276,TDP
-0.6319678340732371,TDC
1.9744410971921265,VRC
0.006207182326561493,MSB
0.02648727116462291,DXV
-0.07865009461721553,THG
0.9213631065903493,DRL
-0.0038542728446907177,VRC
0.022876160959303934,AAM
-0.4866819463512625,DPR
0.4661874177483565,TN1
0.3861770945014211,NSC
0.1646402705343668,DAT
0.06348845996905979,TTF
0.024320860789517625,APG
0.36622339139040144,IMP
0.42601291195288865,VMD
0.2535928668632791,PGC
1.6306560290021843,PNC
1.574940756328299,HU1
1.0750351754517848,NO1
-0.016091474855030468,CTS
0.7918547482942234,DTL
0.790923695312253,PNJ
-0.6064214424085481,PNJ
0.024935044751338096,ASM
-0.15017546157901754,HTV
0.04608311046099352,LDG
-0.2127822762825794,LAF
-0.014537026827334171,VNS
0.5306753399755797,VNL
0.0216565996698444,TCM
-0.1327050245584831,CTS
-0.4733814370170373,STK
0.6960872640207266,SZC
1.3340740073629318,SAB
-0.021755547712565784,CRE
0.6668772321696239,VJC
-0.3741461040175673,ST8
0.06715384011419694,AAT
1.0746107798444418,SPM
-1.9672641874848855,CSM
-0.5120300437238475,STB
0.5092353190182319,DLG
-0.10788730613907146,PPC
-0.24456572775942903,TPB
0.23917033006768157,HU1
0.5735655617288427,VCB
-0.6182899923593329,GEG
-0.6809742968581216,SMB
-0.2524868608766048,GVR
-0.3514182723100042,HNA
0.7525125321358187,TMS
0.20476221227381566,DCL
1.0574762715328856,SZC
0.092964751602569,SCS
-0.15717591506939338,VSH
0.5305579202047861,ITC
-0.010278857846892493,ICT
-0.08830634427221022,MCP
-0.04573902274547264,HTG
-3.334698414616173,VNS
0.014303895794980726,LSS
-0.520714206457273,CTR
0.26154900318732666,SMB
2.735779841116594,VIP
0.04545669419330155,ASG
0.2819240221027139,PC1
-0.6036874208765031,VSH
-0.12150995554534538,VDS
2.103046888783678,DCL
2.162177473442264,HQC
-0.1143328232828161,TBC
1.0482583288006622,PHR
0.43409629332364097,VNS
-0.004864726025937184,MCP
0.00209073858101088,SHI
-1.4400581684580018,TNC
0.03490476373496119,BHN
-0.0009499257658802867,KDC
-0.6332347359787389,VCB
0.0029509043181032784,DBT
0.2632404097916813,DIG
-0.38660203720813535,VSC
0.8989134561478528,DCM
0.5127514162506106,SSB
0.5347367999051674,SSI
-0.8056430976923477,ASP
-1.8955342803783939,VPG
0.6934928993745906,THG
-3.7745976477398213,NAB
0.10043241872565044,DCM
0.5886253483767665,SGN
-0.3750310402014008,VRE
0.07884864565447966,SCR
-0.11286611438758436,PAC
1.812686937780433,TMP
-0.8659912655499642,QCG
0.041690769470247226,HAR
-0.37208492703798496,ITD
-0.9180507718295348,NTL
0.08468868507956921,CTR
-1.1662185219789576,BMP
2.197863121943703,TDH
0.1658977336383106,DQC
1.0514201231599014,HII
-0.07760215606723081,TSC
-2.326442931907608,SGR
0.014475379580521927,VNM
0.11026022425746193,THG
0.5214549419935026,ITC
0.20665720253034647,HAP
-0.6359185550827433,PDR
-0.24971510776062453,SRF
-1.8437338712488192,TMP
-0.36279739650301296,TDH
0.5747965167934016,SAB
-0.22994221678914983,VRE
-0.02141062148425133,HVN
-0.34339915505526064,PVD
1.6428521113284353,NO1
-0.6049100903793875,BCG
1.913087844074814,GDT
-1.606073231801523,TIP
0.6066310656095015,TCI
0.6042503263171314,GMD
1.8598251801150083,LDG
-0.00719836091860017,TYA
0.20502157518252384,CHP
0.009208852275549986,TMS
-0.016731769693568224,DMC
-0.24040736597133314,EVF
-0.38032123556740444,PVP
-0.06459379774523268,CCI
-0.41518242750637085,DBD
0.015255258796785395,HMC
1.414196968570419,OPC
0.4854256691196273,OCB
-2.1716859783260234,SMC
0.015023433628684696,VIC
-0.27129307322734925,SGN
0.09220211412066329,VTO
1.5572264401913596,HTV
-2.799945893877492,DSC
-0.6857836404816761,TDH
0.40686551770259677,VNM
-0.09065233882473564,SHA
-0.5309526354538494,SSI
0.6077232846130237,CTD
0.35608900009393674,SVT
0.9188609982683417,TSC
1.2924685836119194,GEX
-2.4016026686667424,DGW
0.18026268980732585,BKG
-0.5674951538516945,PET
2.9790025445367507,CRC
-0.3978882216775841,DAH
2.966884288726369,KHP
2.533837821984881,VFG
-2.4146858487829,DGW
-1.0695669863989696,VPD
0.12567390186538543,SBT
0.27126570540018746,SFI
0.878076926972284,FCM
-0.1289931356147766,BCE
-0.06565808773772845,TDH
0.5756652674991125,LIX
0.7976635737454556,ACG
0.7987105569395153,LPB
0.3305534045283517,VSC
-1.5605102200907428,DQC
-0.19786026433068996,SMA
0.825648059092378,SFI
0.11649486807916883,DHG
-1.211910209753897,DTL
-0.9053095868851211,VID
-0.1859037663703728,MCM
-0.5906976598739914,QCG
0.302116672911516,FMC
0.891728386963926,MSH
0.5703566098169264,DIG
0.05574791319189526,HVX
-2.4483088416795162,TCH
0.8044737145463285,SMC
-0.569611199904152,NVL
1.5320864209136642,TMP
0.08859402482720706,DHC
3.678892269060334,SZL
0.3923951644272862,SZC
0.4966031533777035,FIT
-0.052248580282235196,DRC
-2.4607708518020948,NBB
0.014104344966181522,TNH
1.2000243555467747,HT1
-0.004716289416680875,VIB
0.19167124623433185,GEG
-0.13250625538622046,STK
2.313291606238937,ORS
2.5913132864199886,DAH
1.7611403328875754,TIX
0.41864700176525477,TCI
-2.3704236580153872,IDI
0.37711307556836815,ILB
-1.8469706276694995,ABS
-1.1182276029166776,SAV
-0.015329406519705928,ANV
-0.5651064858733702,POW
-0.18741193637845424,CMG
0.8721149364466491,GMH
0.021011504725503907,AGG
-1.3973372086130529,VIP
0.05424585865958741,EVF
-0.9253062479427698,FCM
0.6047588458438081,VPB
-2.1463100413876446,SVD
0.12160214815692669,SZL
-0.33089066114697746,ACL
-0.03278322785512887,VPD
0.035540660645624424,LIX
-2.6762226894678074,HDG
-0.6867120429753043,TV2
-0.4455042459456138,SGN
-0.4213445204157098,VPI
-1.833886123591532,AAM
-0.06598388310063379,STG
0.2964593516599481,SHA
0.04593528105292301,IMP
0.2593949393111517,PNC
-0.31477532521175744,BVH
-0.38127855441733366,NLG
-1.5888730537556743,VIC
0.06900052985677735,APH
1.0434859292186895,EVE
2.82723733990035,SJD
-0.28379147136251953,VDS
1.2845564914913037,TCB
0.46732377852323953,HNA
-1.1289116068520195,YEG
-0.2990960544131783,GTA
0.9059600239932599,RAL
0.13052477933201947,PNJ
-0.8108418415059448,LPB
0.2446617285278703,MSB
-0.007402523705726499,OPC
0.8395104281348932,PET
1.9998461846700768,TMT
-0.04330898443787462,PIT
0.4801838846824422,HAP
-1.3040002050205501,TAL
0.3219535895042666,TMS
0.05479246954272211,DAH
-1.2965132115217175,MHC
0.0005068046630349781,MHC
-1.034473575196016,REE
0.5481201805112094,SAB
0.3060908864027248,ASM
0.6080149867757361,PTL
0.3491028600058463,CTS
0.15570409955130995,ASG
-0.009419720709676867,HSL
0.9469981424056336,GEX
-0.20893712260650085,DCM
-0.06075797074758991,KBC
1.1556815210895348,PDR
-0.48034293688994306,HTV
-0.3193255613058288,CII
-1.0082652319905763,RAL
0.06986247068056824,COM
-0.42855896583723735,GSP
1.3667411883460856,DPR
-0.4332800443864986,CHP
0.03618225777717025,CRE
0.33576116899767655,LSS
0.14600575942975547,ITD
-0.23948485969319835,TTA
-0.4681807538708329,DBT
-0.5254222964393085,HSG
-0.5527393901739976,SAB
0.20800184383517933,CHP
-0.008094871487904687,TCL
-0.5366574942464493,LDG
1.3932741194379072,GMH
-0.02002816655042015,VPB
0.30900459784283557,HID
-0.1117198258757291,CTI
0.008078648031764968,ACC
-2.0203531451934618,HCM
0.07961613126230466,SMC
2.0566725285310734,TDM
-0.2140205519722579,MSB
-4.021666166793793,DMC
1.5761406112255092,VSC
0.34718933880472336,EVE
2.221837175693762,TCH
-0.10703224085769893,ASP
-2.2136542172395983,VOS
0.3529716642711586,GTA
0.05301402030039575,PTL
0.5832775013689447,SBV
0.17450690521492782,SFI
-0.10227213599269103,PHR
-0.05161865524912965,NKG
1.399303684869617,PGD
-1.7556285939218592,ADS
0.015255258796785395,HMC
-0.7583020384305351,VTB
0.8626299656632628,TRC
-0.22664775957936995,DRL
0.1622007645193821,NBB
0.3245360257649379,VGC
-0.2415434261507633,SPM
-0.09256905816591406,TV2
-0.016731769693568224,DMC
0.017192709580587395,ACL
-2.1964150917927454,VNS
0.8885551997541824,SJD
0.40851971796227426,SMB
1.8488885476146792,DXV
0.027434199616881812,C47
-0.7051596600946066,BMC
0.5437984704714119,YEG
0.9811102998389534,APG
0.4869258924155371,NVL
-0.3596981240921541,KBC
-0.9004721228435454,BFC
0.38805114419566406,CLL
0.09242216197090182,DPM
-0.788510763001942,CTF
0.030897458812704198,SRF
0.4955856558905231,SMA
0.4556914902459179,DLG
0.0522522853852988,TCO
0.025194249438446836,HHV
-1.1685667904045565,MWG
-0.24542244293371399,SJS
0.4109033974569832,VOS
-2.1540635978809863,OGC
0.022876160959303934,AAM
1.9842565357410096,PDR
0.9601202233527738,VPB
1.6091251647755416,TDP
-0.059411924551476696,D2D
-0.5364751896167338,VIX
1.4259304598950937,SBT
-0.0982747791529433,SPM
-1.9845555789990903,SMC
0.3547860037082414,CIG
-0.6839443228258366,C32
0.6006305189067026,ABT
0.5497275616679551,KSB
0.0036001416643217923,TLH
-0.006643115076790205,AAA
-0.9574502262331296,TNC
-0.5626084228598803,DRC
-0.04386165855295459,HTI
-0.4502499154111187,SBV
0.8645875847822341,CLL
-0.48662479354129884,KHG
0.1014487590580868,BMP
0.47212163992775463,DGC
-1.9926858005463006,VPH
-0.5961733622228717,PIT
0.32342939959015876,TCL
-1.9849721026853635,HTN
-0.15305205793849272,MCM
0.23120747166944958,CMG
-1.6271552660894428,ELC
0.18537869223772815,HTI
0.02648727116462291,DXV
-0.2569337417322411,SGT
0.5622743049773465,PVP
-1.1709517141960641,SJD
-0.31604014892845617,EVE
0.44398324251552845,BCE
0.3320385795285793,FTS
0.21090935212463627,CTG
-0.19950648156357526,DMC
0.03381830412202131,TVS
-1.3670743753066388,DXS
-1.1379308011586764,SSC
0.05385043008430119,TCO
0.23545785793429863,HHP
2.3791455230913146,SFG
-2.571178877245395,SZC
0.965278797825031,VCF
-0.6967463298700031,GEG
2.39705475540047,BMC
-0.9994342881016139,CHP
1.2488161950485486,EIB
2.0020020604856654,VPD
-0.2958613219625472,RAL
-0.37400978390564266,SIP
-0.9762523104360405,TCI
0.1723332800851128,VSI
-0.27646822381515357,VCB
-0.01131339399531294,VPH
0.21727635186041397,CTD
-0.009357836561759423,VSI
0.020762476156149852,EVG
-0.16630137393094294,CII
-1.922121437683054,VND
-0.5705643170530126,DCM
-0.5192518725671973,NHA
-2.3413664989247716,GEX
0.006453295359853701,GSP
2.2491333328111978,JVC
0.9682361820175784,SBT
-0.12739061682704814,CKG
-0.12338936937855446,PTB
-0.2070848274398089,MSN
-0.4068799462886894,CDC
0.024446818269452077,TLD
-0.2899776201815809,FIR
1.3607260686963378,ADP
-1.410444684051096,DBT
2.9456951720719906,BAF
-1.1930120632644188,SIP
-0.9028293976406815,TEG
2.693792294396682,ITD
-1.421851340200075,CSV
-2.1798232359260368,HPG
0.014475379580521927,VNM
0.11038504995089705,SSI
-1.7460817446936368,DXV
0.2214187282833618,DGC
0.38056471302463996,GSP
-0.02002816655042015,VPB
0.7937399968760898,LBM
0.020086310615538713,NVT
0.07011351989434418,VPH
1.3465646068297898,TCD
0.3123510924204457,DGW
-0.6100588472304276,PVD
-0.5383628261839365,TTF
0.0010431538240905256,OCB
0.11099531899978266,FIR
1.2084794820005829,ADS
-0.5045482219337635,HPG
0.04791199197255465,STG
0.6539552771153965,KMR
-1.2903056654083653,TNH
-0.3392528066918676,SCS
0.33013977117333204,DSN
2.4166474534352544,BMC
2.9980615336515344,FIR
-0.36089452837908714,VDS
1.5287320025621802,COM
1.4860811732216868,DLG
-0.533563959556563,LBM
0.19775377116086112,VDS
-1.1771687283199577,TDH
-0.2460551462261686,CMG
-0.7696584321866686,TIP
0.6057709323052259,TRA
0.4225011051763536,NHA
1.8013492460385396,TDP
-0.9339539570781903,HTI
-0.0678891578593616,KMR
-1.7982636656072748,PDR
0.31380687889894215,HPX
0.4651706661367744,BAF
0.6709017466823205,TCR
2.5168078078386795,EVF
0.1716578176953994,HAP
-0.12341278654633975,ANV
0.6639833524258917,TV2
-0.6375384947829559,CTG
0.4641287981589865,NVT
0.026941231610136597,MCM
0.020086310615538713,NVT
0.017192709580587395,ACL
-0.7443823509557767,HCM
-0.5931913333455742,PC1
-0.44922771219574714,VND
-2.3074772470068594,TMS
-0.1635415548025289,SCS
-0.6400344785513984,GEE
-0.07956060291921459,YBM
-0.37308442965641814,TNH
0.10546300205548118,SMB
1.2754453835460005,FPT
-0.45347756192650285,ORS
-0.06186381087302975,DHG
0.01811243066550267,CIG
0.3166006491252969,GVR
0.5145161533257218,TLG
0.7907002044554664,DCM
1.68838291450979,FIR
-0.01659875065797871,THG
-0.42674749670679624,TVB
-0.007542252784980188,VTO
0.4739325571053655,PGC
-0.18664030492359335,TBC
-2.5850869214158694,KHG
0.49967551295860557,DTL
-1.0144143564254124,PGD
0.012274989498509439,SC5
0.05465655722112093,DTA
-1.6292136097826655,ADS
0.11721309099219578,ASM
-1.103888027867212,TCH
-0.31170118377381945,BMC
0.09904232838975985,NAF
1.6371148721696562,ACL
-0.03720864526330985,TSC
0.3136410174082693,CTS
1.199965900987235,PTC
-2.079134554659091,VMD
-0.02141062148425133,HVN
0.5112395293658333,SVD
-0.44686212986066787,TTF
-0.563257842713136,VIP
-0.8851249700005844,SHI
0.7454285970866154,IDI
-2.06568216291955,NVT
0.15845705090044218,RAL
-0.004385846804446878,DSC
-0.009357836561759423,VSI
-0.3155712198226199,VAB
-0.4990431443719148,NHA
0.5501680783893402,PC1
0.32348340844360046,DC4
2.4947237220144354,FIT
1.5913736689839397,NSC
-0.842399203195645,LBM
1.2245128967685455,KHP
0.20413492642267783,DPG
0.43113572286453483,DPG
0.10657834936013902,VDS
2.2683481257837306,HAH
0.1949488559764758,LDG
1.0037476335632465,SBA
-0.1559606121688364,NTL
0.5352722713923288,MWG
-0.4639034360483649,ADS
0.16785927437369028,BRC
-1.4078614640103482,HU1
0.6502128997126094,DHM
0.05077975515923091,HTG
0.17659904064052556,GTA
0.03900506491361488,GMH
0.14719202520107813,VSC
0.7569872690786782,CDC
0.22699010529978994,C32
0.020676039398620026,FPT
-0.6787397226768007,CTR
1.8616819024370577,SHI
-0.9982178144103397,DAT
-2.16092050464929,KSB
0.02622420446581552,PMG
-1.2684573423932095,DAT
0.3793180649558727,DBC
-1.1894852170471686,PJT
1.7632053698328967,QCG
2.9485223660728233,DHM
-1.5280064934052477,BWE
0.17246993399543317,CTI
0.6447447709346473,SKG
-0.02627033401665442,S4A
1.1605533081621315,GIL
0.015075088486803464,DCL
0.6129500779234324,DVP
-0.3583361844932746,VHM
-0.1341166158337906,LCG
0.5565172685691573,FIR
-0.13509373014279294,NTL
-0.37432466638861817,NSC
0.11156276613217647,THG
0.5624674372420184,PGD
0.6465520096252263,ASM
-0.15658212283649012,C32
-0.8555575418953707,BCM
0.7601964808318472,IMP
0.1408554311806061,HAX
1.5075023408776995,STG
-0.34489129480398806,VDP
-0.509763180685009,TCH
-0.12231318256225172,HAX
0.41264923855046187,PTL
1.588219357938071,SVC
0.07808291269076557,TEG
2.7805079677126616,SBT
-0.5372794236027902,BFC
-0.7981879933083298,NTL
0.6999340241635937,HPG
-1.0443105147242282,HAS
-0.3097751058665943,SCS
-1.5146555703741065,CTR
0.21217120682633728,TTF
1.588946955661991,BMP
-3.612854741080531,TTA
0.002173252341008279,SFC
2.683718518800151,TIP
-0.7228018040877711,VNE
0.44471137444072245,LCG
0.0051826703712155,CTD
-0.13809962896890693,DPM
-0.4112876691462488,TVB
0.015255258796785395,HMC
0.7463241556771228,PVP
1.471907335492613,APH
-0.8781533841604926,HAG
0.06864717915255428,TV2
0.6257085947769133,FIT
0.05648294301047488,VCB
0.5075865053291511,CMX
0.19024067155602184,REE
-0.07931723806775573,FCM
0.015255258796785395,HMC
-0.8698731339047928,HQC
0.0673032109885187,KHP
0.42572855980489444,CMX
-0.3391385403567947,ITD
-0.0015343096101767507,BCM
-0.08879978913537252,SGN
1.0176481303102436,BFC
-0.03611241160351432,TBC
-0.7306136413618175,VPG
0.5238198635903799,SSB
2.1519398174322277,PIT
2.1542956908575928,HQC
-0.23147875556234315,TVB
1.419693238574445,SZC
-0.10563556139520545,HT1
0.14743761551473492,PHR
-2.323086014896176,VNG
-0.01004722454884453,CTF
0.38127706510501963,BMP
2.5190626436908037,HII
-0.007542252784980188,VTO
0.5429921180611098,BID
0.06937010457421373,MSH
0.0914017579361292,MSN
-0.6592968931979422,HPX
-1.707104227132617,HT1
0.0612574714025042,HID
-1.7614628940586705,NBB
-0.012426651071205242,BSI
0.5097840697930003,EIB
-0.0009499257658802867,KDC
0.004558087972000823,ABR
0.21066153725855266,HDC
0.340148401575249,TCO
0.3207654856513417,MWG
0.1581894972449936,EVG
0.557603805086145,DHG
-0.4875655704442813,TN1
0.2957908313986972,NCT
1.3802618209503308,CVT
-1.625449033256422,VTP
-1.080735579311476,MBB
0.05670928211853668,NO1
1.3436668820108062,PGD
0.8990231816200832,CSM
-0.020564292720653403,VIP
-1.2680449744219189,BFC
-0.33764151146213134,KSB
-0.510448178670363,SVC
-0.344534268159392,VTO
0.2502783269471639,GSP
-0.035739001128254747,BAF
-1.126667869709851,GDT
-0.07449522595257572,HAG
-0.36858774904834013,HUB
-0.20532089604758275,DMC
0.07980205303409778,ADP
-0.025995812658320783,CMV
-0.6522673457138806,GSP
1.6275750898962251,PMG
-2.111072474759812,MIG
-0.0039068908842595125,TPC
2.3938879013350016,NCT
0.014104344966181522,TNH
-0.7891218093654125,TVB
-0.04431615765751707,PLP
-0.48903183877672796,CMG
0.9579175438739523,ACG
-0.46133619137688286,TDH
-0.09881786956838577,GIL
-1.5855767260115954,VGC
2.924074572750572,MWG
-0.5552930561451251,HAG
2.2472044834699227,TCI
0.18362149665705496,ABS
-0.6688055929131418,AAA
0.5541496352518608,OPC
-0.5301078852454189,CRE
-0.6220928751543526,HHS
0.8983926072351017,VID
-1.139312495056264,SCS
-0.27621205848962915,DBD
-0.5055416079077334,DLG
2.145057169953574,PTL
-1.9699745932805677,TYA
-2.4246421392980513,TVB
0.1783683337958095,FIT
0.17876031223745636,KDC
1.5942249930396113,SVC
0.64406993745478,AST
-0.2970675895366853,HSG
0.4776381735448976,DTA
0.16891462974149138,SBA
0.9959507261090211,VPI
-0.27306912151246343,VNS
0.10629518901029546,TLD
0.0324173028238746,NHT
0.5438880158520294,GVR
-0.3208652384210283,HTV
0.5462052724767066,TIP
-0.7522942995907077,FPT
-0.6996549672859868,SVC
0.1660429421764388,DMC
0.17180607449990812,SGR
-3.486279868882365e-05,BTT
0.051354330134984284,SAM
-0.5278917404690882,APH
-0.6255513488249521,LDG
1.2728422049944341,HAS
-0.8192032244859002,MWG
0.7301265845751723,HAR
-0.6921827341295282,LSS
-0.111624805184499,LCG
1.0904545843865683,CKG
0.8136736440168095,MWG
-0.11260360585690225,DXS
0.5558989993246944,EVG
-2.978179580042019,PHR
-0.5326412945653299,NTL
-0.5425433478995907,CMX
-0.14887529874884436,TIP
-0.07397842970500251,FIR
-0.900989443697081,SGR
0.38040593379944293,TVS
-0.0430634227403415,DRH
-0.5687785673887497,ADS
-0.10686806962605112,AAA
-0.040003774254101336,VSH
0.09809939867594615,C47
0.0011892775149193113,SAV
0.4474918984276494,TDG
-0.3294423818537214,MIG
-1.6176841996001543,JVC
-0.1866747622105759,TYA
2.0841784237891217,HTL
0.6486435140893767,HNA
1.7177102712220762,VIP
-0.15469458257521337,PTL
0.6129112068372993,GEX
-0.28203703406558384,HCD
-0.9334716373796742,DAH
3.728327431089637,AST
1.5713053527085343,NKG
-0.5600511022180037,DPR
0.6872033683112947,HAG
-0.03514758090144569,BIC
-0.03216241402544123,TNT
-0.917243303378567,PAC
-0.8154767298661263,PGD
0.5858179335862681,BWE
0.4839858236821362,BTP
-0.06880945406265654,TAL
-0.5491773297531359,HAG
-0.923093186230888,VTP
0.021011504725503907,AGG
1.8125022083682922,MIG
0.1860433669358167,MSN
0.5948516648688615,CVT
-0.20834703624895867,PGC
-0.8506880419316659,ABT
-0.24066727084419604,BCM
0.10561060505681576,VPB
-2.211428093251946,DTA
-0.010290187609279433,SHB
1.2172284174932384,DMC
0.30072147501429597,NVL
1.3105029883383519,CTS
1.00242636103654,CCI
0.029626090837454145,CCL
0.15426566335291414,SRF
-0.642649166681154,KDC
2.0663642519592873,NTL
-0.2647174798596011,SMC
-0.08179799253429891,OGC
-1.0516982065290164,PIT
-0.6431341154813159,SVD
0.07046500533801964,SRF
0.004616794520872598,VJC
-1.8338542531605697,NCT
-0.11541053672782067,CRE
1.665589647369979,BMP
-0.2637057214778837,DRH
-0.6104558928311379,GIL
-0.3457195024046754,HMC
0.30724143006016796,DHM
-0.7547392245413062,CLC
0.0860365440021726,SSI
-2.763153932671692,FRT
0.1658053720851985,KSB
-1.2725275122730475,VNG
0.09976357985051273,TNT
-1.0314066808462001,EVG
1.3372570555191143,CTG
-1.8670869531122916,TCI
0.579663684169501,DQC
0.018347376058329236,SGT
0.9834896345638185,VAB
2.043759128242634,TCD
0.018347376058329236,SGT
-1.3309387536339643,SBT
-0.024036413028313063,VIX
0.057645725020512364,DTL
1.08346173294671,BID
-1.907283009203147,VSH
-0.14717910169020634,TCD
0.06715384011419694,AAT
0.2760264853006483,VOS
0.1086376623388243,VND
2.974338652191142,TCB
-2.4989147321021346,PDR
1.0719986587048842,CMG
-0.3421666331631698,FRT
-0.25616963395514414,KDH
0.6497282932620503,TMP
1.063260232049091,VNM
-0.2770641901282799,STK
-0.11257405658146345,HHS
-0.01566176893035851,BID
-0.12698782371010636,FMC
-0.2544550719317829,SSI
0.04295096114441927,DLG
0.13569956932961041,ICT
-1.7886030979294978,PDN
0.2502534595312016,ABS
-0.9890171467000836,VCG
-0.03193702628664863,NAB
-0.020444028634569948,VPI
4.721458897222835,CHP
-0.5582349726396144,VSH
-1.6724304957219902,HAG
-2.236635279398023,BHN
-0.006974362964496282,SVT
0.2987157806386678,PHC
0.015672944538421517,DC4
1.0071933387410414,PTC
0.024848883416702383,SAB
1.0794812446759905,TSC
0.5968074000814999,DHG
-0.58974905391168,EVF
1.0476189681356898,GEG
-0.011715815741995558,DGC
0.005202653795539408,PET
-0.087384840927737,VPH
2.1226515757352478,HQC
0.5820878532957665,GVR
-0.00233886418680605,BSR
0.5725938516997566,BMI
-0.08151446255404524,CIG
0.2710963945504921,BIC
-0.4416644480740398,TNC
-0.2581343140392095,STK
0.22090971865172862,HQC
-0.3025596637448493,PHC
0.5622584289765266,DQC
-0.07797337961202647,HVH
-0.15881924932066224,BCG
-0.48496721025372524,IJC
-0.009419720709676867,HSL
0.32749517542703804,DSN
-1.8051878485833082,VIP
-0.10636622510495576,NBB
0.04543870513420126,STB
0.1603067656400098,LCG
-1.035532077796569,CTG
2.2389009065205268,HSL
-2.190344009939022,PHC
2.6371514175793487,DAH
2.1594481955498446,PTL
0.16453247038551666,D2D
0.19095686686658783,SFG
-0.29241972021187557,TDH
-0.06847380298304499,GDT
1.6326047196796003,VAF
-0.7557946013690392,ASP
0.6646910163117071,GMH
7.811246830181047e-05,ITD
-0.6265935555715044,HII
0.3941219489494714,CKG
0.6247335639685365,HID
0.05574791319189526,HVX
-0.5519033348421648,SKG
1.2576584248588454,CLL
-1.286310002035092,SGT
0.1175655396213044,ASP
0.44323425117935283,PNC
0.24374805562755042,HDC
0.03942839082399665,NHH
0.6988596254391493,OGC
-0.2622365997258229,FIT
1.0798660598995153,TLH
-0.11171897372141305,SFG
0.39208414749325876,TMT
0.11463624676609009,VND
0.5944765534007539,FIT
-3.232267984525671,SCS
2.053048446226887,HNA
-0.42393911167935283,PVP
-0.14992328019467355,VCG
0.5118021886485116,KOS
0.10244713872147898,TRA
-0.8267096896040571,SIP
-0.24967993089083246,CHP
-0.01677450126770854,NSC
-0.09609801549547992,TNH
1.3524094994179485,PHC
-0.006974362964496282,SVT
-0.6726083542000761,DSN
0.36506487741578797,TIP
-1.408846531587997,DXG
0.07113793829330498,TCD
-0.3815954583913914,ILB
0.7616534461279804,NAF
0.23933952031042804,DBC
0.21712617191936295,PVT
-1.348003106083972,CLL
0.026941231610136597,MCM
-0.0264407812785305,VDP
0.19467616433049897,ACL
1.1096228311437326,TDG
-2.769760732942599,ACL
0.8105886886925583,EVF
0.6763898062007774,NSC
-2.168445571002032,CTS
0.05847593450571656,TAL
-0.7917941589062513,APH
0.049568303495592714,FIT
0.4349076819516407,HTV
0.3052194160358035,VHM
0.28708416779372753,LHG
0.15118396965297082,HTL
0.22924083353285712,GAS
-0.4417791166083676,MCP
-1.6266923474291461,HAH
1.0829639159901947,CVT
2.959280603791863,DTL
0.003175982886676942,MIG
0.37019995994956856,KDH
0.8265502234574325,QCG
0.03490476373496119,BHN
-1.2927993913098461,DCL
0.4509511387939811,FCN
-0.06998944369819077,MCP
-0.9505769290818329,DLG
0.026477882599632192,VDP
0.12941375277193687,ICT
2.52409631829894,ADS
-1.2072790982982422,EVG
-0.10173044826017472,VPH
-1.262323786200083,HTV
-1.2147880856188846,IDI
-0.08872078249747781,SHA
-0.27669285459132203,GMH
0.7868295876409441,TDH
-2.791022936972226,TDM
-0.13276654879167554,SRF
-2.60052935665894,ASM
-1.0618880034736977,VTO
2.02389259685843,OCB
0.02227599319932012,HU1
0.8839205720730829,CHP
0.8834933476877574,NKG
0.15315965140168517,TRA
1.0566434784499212,C32
0.13600019086547896,CII
-0.44295716073321983,TCL
-1.199942356925072,NTL
-0.6202815762807773,BCE
-0.6145473627971151,NTL
-0.24271830806248207,PPC
0.06285384847985889,EVE
0.19678764353953837,PNJ
0.6146627734210921,HCM
-1.7344433925659282,FTS
0.4619184286417073,BSR
1.2252502649918056,VPB
0.04928699074251836,TLH
-1.7032590922263442,SFC
1.0503275761838589,CMG
-0.35045028213178225,HSG
0.304502258565976,DHC
0.16624678144793356,KSB
-0.3689684514716292,C32
-2.2608900007945887,CII
-2.1511073787394857,PTL
-1.5203438866921823,HHP
-0.7646657155767487,DXV
-0.2515340577437895,DCM
0.6154803630296412,DRC
0.008703668770632687,BTP
-0.5920682995845468,SZL
-1.5770086782351536,AGR
-1.3726308487654764,ADP
-0.5261465906493203,MSB
0.28068015348999714,DXG
-0.754656958326824,HAG
-3.837616843350969,HNA
-1.5612661784818032,GIL
0.05574791319189526,HVX
0.16943014428910066,TCD
1.1986106631793818,DBD
-0.05976229835414174,TDH
-0.025823844989583473,STB
-0.7325929150284916,PHC
0.3924322509976544,CNG
-0.2697304192786606,DCM
0.36885045078190354,DGC
0.8487563255106513,TNH
-0.21234317477668824,VIP
0.7430203643916267,HSL
-0.1976936453782772,LDG
0.6202463889275325,SBG
1.0285511591657839,BCG
-0.04677377040858557,NNC
-2.297162245340262,DPG
0.021263913029223785,SSB
1.6592038447345745,BTT
-0.2765026283976027,PHR
0.3739718941144885,SCR
-1.3759880298235148,SHB
0.028073826948156785,CKG
-0.01768901764287977,VAF
-0.00032934254271416673,DBC
1.0378753138904568,FCM
0.3966458555109575,TCH
-0.47229203407095105,HAR
-1.19506642778679,DIG
0.22432984196724332,VND
0.4109785881252593,ADS
0.03154598345416735,VNE
0.33269686485887134,HSG
-0.7518061107549002,STK
0.012619599338361128,GVR
-2.4513332739180314,VCI
0.0324173028238746,NHT
0.1839886515047958,ACC
-0.39964475595519244,FIR
-0.6444781353176506,TCR
0.33026151714178087,KOS
0.4267402941030735,HVN
1.00802104825767,CRE
-0.08871669746245503,HAG
0.1124617500988768,CDC
0.863045109582614,SMC
0.0720497280884498,VDP
-0.010290187609279433,SHB
0.21743828861620568,PDR
-0.23864862727265754,TCI
-0.014124100804867113,TLG
0.015756027169093047,CII
-0.11891731065050652,BIC
-1.17524853074479,CTF
-0.8861384131236315,LDG
-2.8996623169079707,VNE
-0.04671539098163915,SC5
1.3552066655700328,PTC
0.17658238406235946,SIP
1.0444477841134452,DGC
-2.0675005063198193,TPC
-0.2129060288627115,TLD
-0.1789850942704109,VTO
2.5864356073357175,APH
0.052236574810680426,HTN
0.5271992722600352,HII
0.8335191211064472,BRC
-0.31267714318227513,ABT
0.1088200440147678,VNL
-1.0684117630975867,EIB
0.13228170809740888,TTA
-0.07352886397676177,VHM
0.12954302146232197,VPS
-0.5752142324530882,GSP
0.6945406934660792,PVP
0.8487367257500646,SCR
0.1781722639964342,HTG
-0.038629586148664935,BKG
-0.24220286304970673,HT1
-0.1871036474639332,CSM
-2.8719443393867206,VHC
-0.270288985547575,ELC
-2.2341502232927595,ST8
0.3847385699173575,QCG
-1.6755636575533186,VTB
1.5691335072256174,HU1
-2.6755084044938613,SFI
1.6436517605175107,PNC
-0.011224436964656638,VAB
2.595702607297505,EVE
0.05349026404368595,VTO
-1.609279186115236,NKG
0.2521187457982488,DMC
-0.3699484771849357,KBC
-0.3118249886345264,HSG
0.7625787663824203,ELC
-0.21847286487488315,TLH
-0.7952564939016875,NTL
-0.17090702847637382,ASM
-0.3491163750571241,SBT
0.03942839082399665,NHH
0.11520818057546917,DRC
-0.236153989462785,TMT
-0.34186442016547713,ACC
0.34062072247784336,CLL
0.7921335873788166,DPR
-0.18433883956120348,APH
0.029208460341036874,NBB
-0.31425447469672996,BKG
-0.5494439787624809,HUB
-0.04294927728495271,ABT
-0.5572037399881329,MSN
0.06348845996905979,TTF
0.04503576612743704,PLP
-0.3538133830548249,GEG
-0.6182456586242827,SJS
-0.04294927728495271,ABT
-0.5518642277280653,DCL
-0.5401990261017524,BSI
0.02377418795110271,DBD
-0.09707263695449808,ADP
-0.9342378143923128,POW
-0.6304292114881218,SBA
1.0101439315433507,CTI
-0.024699671355255956,YBM
0.6803935294835967,CSV
-0.02337097832192641,TCB
-0.5379413297057196,POW
-0.07177059630291974,NHH
-1.3178209212587744,KSB
0.40931828031771006,ASG
-0.3217030313747964,DHA
-0.9297582658878185,DTL
0.029626090837454145,CCL
-0.9924361804965708,HSL
-0.8771307299214172,SCS
0.15003537873230843,GEG
0.0034160919933998134,FRT
0.11144410836115905,REE
1.4287911411345648,BCG
0.20209954620085688,DTA
0.032702393867099826,TCT
0.3793714387854882,DTL
-0.09914468471748521,CTF
0.7981940684660461,TCL
0.0029509043181032784,DBT
0.1837633173213239,PMG
-0.08704727156816915,HPG
-1.517155253791597,TNH
-0.9790506789537298,LAF
-0.11092414292203072,DLG
0.08325458618815816,LAF
0.14448786870410796,HHS
-0.05012410597142551,BCE
0.36689358262712163,GEE
-0.441718908948825,TCB
0.04523473927360492,DQC
0.1705576002878282,BCG
0.02648727116462291,DXV
-0.00953636976089501,ILB
0.9532728745614987,SBT
-0.010977080842714097,EIB
-0.010977080842714097,EIB
0.29144842729564757,TSC
-0.04932876001583173,CMX
-0.41768684183034255,PAC
-0.1487467581223028,VCA
1.569266581991921,ADG
0.21469221799365218,CIG
0.1362928889414479,YEG
-0.16691634861076776,CCL
0.3875951908842889,HTN
-0.9878618543490157,VCA
1.4094582813897873,GVR
-2.3247243611000408,APG
-0.01004722454884453,CTF
0.0010431538240905256,OCB
-0.19268510292724786,GSP
1.3967479159421963,ASM
-0.4327058698336152,BTP
-0.08727074703810099,KMR
-0.11686531551082904,EVG
1.045516096355981,SMB
-0.5879684462038257,VNL
0.4813847125485632,TLD
-2.136929523939045,GDT
0.17448269738470598,BRC
0.008078648031764968,ACC
0.05301402030039575,PTL
-0.9078660966995666,JVC
1.4410734286044988,EIB
0.1413655244609496,KOS
0.6179322218390253,PGI
-0.11431222118252209,FCN
-1.0733344814562158,PPC
-0.9072443869815312,HVN
-0.8989428482007108,DC4
-0.12421914349268878,LCG
-0.284275238358421,PLX
-2.9916112482914943,PAN
-0.24092369656568113,HMC
0.13504282351614355,TNH
-1.0504858556170429,SPM
-0.7314080763455513,PGI
-0.05688053959735339,SBA
-1.390159652842471,VSC
0.6786127299435272,DPR
0.028813633490521434,VID
-0.9146676721356451,HHV
0.10210543847856726,JVC
-0.6018281179499468,HSL
0.5991242180648039,DRL
0.9100386104348014,SMB
0.8545823149478966,POW
-0.15041308886265745,TCR
1.4398109432900446,PHR
0.7225714713561182,AGR
0.2831904240594604,SZL
0.19583146668280677,TCL
-0.6746742215391678,KDC
0.9495355253360809,DHA
0.19817352508425456,GSP
1.4526257581217483,PVP
2.1826500770375565,BFC
-0.05925870108523933,CDC
-0.023989096304515546,VNL
-0.10320460155442328,CTG
-0.15860568128092142,REE
-0.01677450126770854,NSC
0.11933111781194498,PNJ
-0.5779715231027273,VDS
-0.34719082106103205,DPM
-0.737827721951153,GVR
-0.027216118594928514,HAH
0.44365566962147324,ITD
0.173640248680008,BCM
0.18516420657409238,VSC
-2.2950430185516884,KHG
0.030897458812704198,SRF
-3.3731422127461723,BMI
0.6765467854545287,SCS
1.190003754090627,NTL
-0.3865495723363189,PTB
-0.18152922017466866,PTL
-1.4772306659193715,SMA
-0.009357836561759423,VSI
1.2100734990330013,TNT
0.4530598862819008,ELC
0.5360924611687486,KBC
0.8061452956076847,HVX
0.18806924221245233,CTF
0.3226567610265749,AAM
-2.388068671262616,NO1
-0.4315102360572868,TSC
-0.45353098927469315,TNH
-0.7356607017499892,PAN
0.15375193355957126,VTO
-0.13302858216379304,DRL
0.12981708859790217,CII
-1.0832402983159037,DTA
0.5770898792260968,TCD
-0.236514610899179,ASM
0.9635473226301297,DBD
-0.7588641440755654,BTP
0.48256527236837565,EVG
-0.7721126295816665,SCR
0.21891636221024277,REE
-0.07292025705733195,SHP
0.019727751281224896,SFG
-3.9774388352217644,DVP
-0.08499656042474306,DHM
-0.4088537864923604,CTS
-0.08993201280462487,DQC
0.3271255929380832,VNS
0.8674879759115438,AGR
1.9422902110056866,YEG
-0.07367893901622362,HQC
-0.19091581411499187,DHA
-0.04115409732248038,TDM
-0.0019336602746562672,LM8
0.5755168680112696,VTO
0.5457927309494734,BMC
0.8215810904877985,NVL
-0.30939237830881244,HVH
-0.38058933860874244,TBC
0.7483909454472475,VNL
2.2442882938266173,BCG
-0.1982660898292823,VCG
-0.16355806747947188,TCO
-0.017295779253476598,SZL
0.7499766319887567,SAV
0.04417694607843194,ADS
0.3055139392379016,HAH
0.6515880318737478,BIC
0.41725763253398257,TPB
-0.37355690500408095,SGT
0.7826996881597762,HDG
0.6019901066472912,PET
-0.08515936580118569,HID
-0.7698894776657723,TMT
0.3556522313402507,VCA
-0.14682332324866484,VPD
-0.0264407812785305,VDP
-2.114242000756382,DC4
0.06104696938520796,HDC
0.4937684353965888,SHA
-0.21907009011515996,CDC
-0.5625563674133357,TDM
0.024446818269452077,TLD
-0.2961968698352089,NNC
-0.8995852938505238,FRT
0.25160535086792396,HMC
0.02648727116462291,DXV
2.2036960520537807,BCG
1.899793948061754,ELC
0.24064360798723008,THG
-0.004694580843479522,LAF
1.3338565644992058,PGV
-1.230214695984892,CTS
1.5766076406839815,PJT
0.4127717145729758,CNG
1.680186366283043,TN1
-0.4113117829171379,BRC
-0.08655203520634128,FCN
0.015672944538421517,DC4
0.431253595136338,CCI
-0.23398137458874746,BSR
1.0953585443719258,SSI
1.6178231952507744,HTL
-0.04007052630584957,SMB
0.9070708947303093,CRC
0.06997106033612596,HDB
2.121035453588468,BSI
0.04608311046099352,LDG
-1.1832660410654476,SMA
0.1679168306790938,TTA
0.018951805322753378,HT1
-0.1968130281924228,MSB
0.2891346571571121,FTS
-0.9237741981391904,NLG
-1.1970901759543144,TTF
-1.6417239228240925,AAA
-1.0676616827120984,TPB
0.3219608169458833,D2D
-0.36737812604208214,EVF
-0.5235524892863631,HNA
0.009208852275549986,TMS
-0.4880492298862279,HVH
0.09453135248323973,TCH
-0.576355287762388,HPX
1.1787678933397434,APH
0.25030732009435563,TCB
1.0867554311165664,PIT
0.8683202768543316,CRE
-0.3745280966286386,LGL
0.3693134937358937,HDC
0.0903758922164341,PTB
-2.3753220106910167,MIG
-0.3383381153751943,BHN
2.8527327175767834,C47
-0.0763166800838379,PDN
-0.1742149661114863,VSH
-0.18669163603926084,HPX
-1.3157281690003555,SJS
-0.5770862453922135,TCR
-0.19653619806829797,HRC
-0.04220018171487552,DVP
-0.06192641220548383,DCM
0.9575798798502914,TVS
-0.020564292720653403,VIP
-0.36993757513887426,ACB
-0.585162901346335,LM8
-0.6356274153271427,LDG
-0.3739508608823591,DC4
0.32556853256222157,SFG
-0.6560562882155202,MWG
0.2786397226557687,VIC
-0.07292025705733195,SHP
0.8171087476314425,SIP
0.3917467846551177,HSL
1.4358574818514016,HII
-1.156680963328998,HCD
0.1187338768316963,CTS
-0.47605610022615175,NNC
2.2891036649629335,VCF
-2.6398985923168503,HDG
0.6919880715071659,NKG
1.7562623769718269,EVE
0.22296345977390514,AAM
-0.5088851049637744,MCM
0.08732197758843264,HAH
-0.5136699944680255,VCF
-3.057272740091121,AAM
0.404650409201638,SCR
0.020643279426379058,TCI
-0.25582308346509575,AST
-0.02828518507784294,HAP
-0.7537844537493401,VPI
-0.5129167221715003,CTG
-0.5392930297617861,ST8
-0.02627033401665442,S4A
-0.10962690906265489,TCO
-1.83625784631818,LAF
0.2832014688684861,NVL
-0.5035764961491058,GEE
0.15171638863623998,VCA
1.0604727536418297,TDH
-0.17114512793454864,SFI
-0.031912303747719216,TDP
-0.04007052630584957,SMB
-0.7091748842315049,DHC
0.4239802702773116,ORS
-1.8044104854190768,TTF
0.07572164579480785,HTL
0.6202932897644553,AGR
-0.12515885688369824,VDP
-0.8357944799019006,HID
0.34794634297909843,VNE
0.47754566371392015,FIT
0.21591511824025747,FTS
-0.014418223887514183,STG
0.31313929840577853,AAT
-0.26340733801198774,FRT
-0.23173557483488869,GVR
-0.11601871995793117,TDM
-0.6189554617509351,TDP
0.01459725152390297,FMC
0.18839177030865875,DRH
0.9852337112368427,SBG
-0.37730900186261107,TMT
-2.2610155986194576,MCM
0.8075885533851652,DHA
-0.4111304768134233,APG
-0.3543791197363051,LPB
-0.16232081864749753,CNG
0.1655245216272051,PHR
0.6399387711490739,ACL
-0.0045751588509370545,SBT
-2.1107003482273083,DGW
-0.3750303173520276,CMV
0.042030315331775765,CMX
-1.3177848768518268,VIP
0.3540027650732105,FPT
-1.1575803294302551,DHG
-2.5387982996090086,KSB
0.0612574714025042,HID
-0.10619003534718653,BHN
0.10019294834327322,DGC
0.20043533277730233,SHB
-0.5705392479248531,SKG
-0.12402991319150933,HAH
0.7445238461771634,TPB
1.6534276461953747,ADS
0.05138436191775765,BAF
0.40158757920719484,TMT
-0.0850026004404029,PTL
3.0389890007385896,MSN
-3.0473479077275836,PHC
-0.7709953733366212,CTR
-0.08430544759200191,TPC
-0.4963153982858541,SVC
0.3023126285827332,SHA
0.34631438116171126,DSN
-2.486934409048249,SBA
-0.42793945465694205,TN1
-0.3976452789375717,GEX
0.09355160505464821,DRL
0.5822669077312844,CMG
-0.6832504793028774,DHM
0.020018877658195575,KHP
-0.672761886727849,SGT
-0.1048360723546248,LAF
1.1334885558606291,BWE
1.2258926739870921,VND
0.49295645946638034,STB
-0.6955839708898383,VTB
0.5179663468382969,HHS
-0.3982133302712753,VHM
-0.2415375975725251,HTI
0.5161481259098356,AST
2.9919952918793737,STK
0.9076391218132103,HII
2.171447052662119,HDC
-1.4783041925011444,SMA
-0.5795194391883015,FMC
0.057645725020512364,DTL
0.5190187781405012,HTG
-0.08329282766003794,NTL
-0.24179915417415723,KDH
-0.5363165197282534,MHC
0.8163579187295001,VTO
-0.09493922952563856,DCL
0.3868604344858136,DQC
-0.3436342815209089,VCA
0.3357299630738527,VPH
2.272822355727848,PJT
0.009963128801333257,PTB
0.13230848231783954,CMX
2.163950657300516,DQC
0.408565445311152,S4A
0.1637277074207659,SAV
0.0324173028238746,NHT
-0.08936951406918184,PAN
-0.32798165822997855,NCT
0.726493271728953,PET
0.011128580492306719,VND
0.0324173028238746,NHT
0.7654975502728033,IDI
-0.02002816655042015,VPB
-0.8749766549711245,TVS
0.05574791319189526,HVX
0.16514369714886826,HPG
0.03971011522328531,VHM
0.5981604213157411,BMP
-2.9180847219955215,HT1
0.052236574810680426,HTN
1.3045807426547722,SBA
-1.1893564187159635,TN1
-0.6226378690950883,VCF
0.5786033972619492,PLX
-0.03249708345769197,ACG
0.008777466983687194,UIC
-1.345655087725303,VAF
0.3157597434247471,BVH
0.4822453079568104,KDH
0.306233285112669,ANV
-0.370640459628558,TV2
0.7625559413406103,NAV
1.4719043168975559,PPC
0.9989455145875062,FPT
0.13708587387432644,CNG
0.9122950531099753,CLC
-1.518431714566623,ILB
-0.35003908937489003,TBC
-1.1452240919910668,TBC
-1.0898102136024916,BTP
0.021263913029223785,SSB
-0.5191888992848618,MBB
-1.4190928637016729,HTG
0.15215408524969232,KOS
0.7774865807607478,PLP
0.017192709580587395,ACL
0.17753867358990527,AGG
-0.4236812552487709,VMD
0.6487320867685367,STG
0.6053623222754142,DPG
-0.8010222698684383,VHM
-1.3900584584051838,ITD
-0.4580164846507702,SJS
-0.540681644359057,PNJ
-0.7776407949168345,DBD
-0.8558645501093941,TAL
0.8833455473682805,PTL
0.23936208760763714,HDC
2.0945669883874976,ABS
-1.8759459325551813,GEX
-0.08931209461917124,BSI
0.2462686743512687,FCM
0.14551701580072515,SVD
-0.1308207192853891,CCI
1.2240392640978515,VPD
-0.4346867192815658,PPC
-1.4491077604856482,TTF
0.010052461188120178,TV2
0.2992903282719486,HVH
-0.002536527193645212,HCM
1.319222354220388,EVG
0.09764551688870109,SMC
-0.30428832212324136,TMS
0.3750916465872232,ITD
-0.2171336668288238,LHG
0.0053002998141508054,VPS
1.318468014723202,PPC
0.3002067722743567,DPG
-1.0463961570016844,VIB
0.756283902305853,HAH
0.6175640614085294,VIB
-0.26705717581817345,LHG
0.8521752055618114,CSV
-0.5402666832325531,VPI
-1.5853202754176563,TNI
0.07584156967659632,MWG
1.1913771023253166,BBC
-2.3919746376595685,HSG
-0.03513549935407366,RAL
-0.016066941367731374,HRC
0.17595966411884545,NCT
2.294888287294789,SCR
-0.7174833707660684,ACG
0.33364777728298883,KHG
0.10298886130596839,LDG
-0.48273463200121913,TIX
0.21563082138307946,HHS
-0.3064352930242706,HDG
-0.6595413313968579,LHG
0.07762933488174092,HDB
-0.1495862799429243,TMT
0.8932290006829939,SCS
-0.03442921915365666,HNA
-0.30382986871403506,MSH
1.324361330829037,BCG
-0.01075329575248783,CNG
0.5109555625088078,SMB
-0.17657490001484671,PAN
-0.13797405808975943,TCI
-0.5413795941122314,GAS
-1.9805379032458754,IMP
0.43167271389908135,SBA
0.25712227957427813,HHS
-0.3037840157717498,AAT
0.2686717415222625,SHA
-0.0665638529291116,TMT
-1.6768516969358194,CRE
-2.7661452975645955,CTI
0.034422787801548956,TDH
0.6127465514765689,KBC
1.8368481475915928,NTL
-0.44475259954128576,PVD
0.6614085065807249,NVT
0.9171859421539118,ORS
0.5547319426383808,CII
0.6026705416159355,VIB
-2.2508303507472847,BCG
-0.6971451022024701,NT2
-0.05521149234921085,CLC
-0.3726343094855892,DPR
-0.44289492912232764,TIP
1.7603248291940714,CRE
2.486828809061542,TDM
-2.786997400050711,CTI
-0.6821153572912314,VOS
0.4513680657500635,SGN
0.015255258796785395,HMC
-0.013383173295995525,DRH
-0.010977080842714097,EIB
0.9042820351160217,POW
-0.21268607868752668,HDC
-2.693128990876628,PLP
0.0341408805583172,HAP
-0.14275269509152652,SFI
0.17183563940260413,HHS
1.0981327214318757,SCS
1.613956954672417,GEX
0.3963251978707936,KDH
-1.6018111738423828,MDG
-0.1965568079259871,DBC
-0.07974875939115879,SGT
-0.0039068908842595125,TPC
-0.6851670011672844,HCM
-0.3344648880360305,VMD
0.33350057616214934,HAH
-0.23208892975182172,DCM
-1.0320234117669433,VOS
-0.31769451623089523,JVC
0.6447285677559842,TPC
0.5539635895718097,GDT
1.3209670943641985,ADP
0.13949527041764462,TCO
-2.211343634800176,DXS
-0.3317628441932515,SFI
0.013928113503173137,LHG
-0.023440289354174852,GMD
1.8861966992195245,DIG
0.36991972726903355,HHV
-0.1547874350455749,VPI
-0.275451102787831,CII
0.871374084981274,DPG
-1.981496551863487,TDG
-1.0667657231440126,HDB
-0.5907991524815801,VPS
0.7514635359870531,PTL
0.05465655722112093,DTA
1.4754827238973185,HRC
0.7514826268748411,DXS
-0.024751085154507194,TMP
1.392201164843505,ABR
1.5120339580306046,MSB
-1.106679736260496,CDC
-0.9031225009509639,TCL
1.8921658686770229,SIP
0.3937520723966742,TCL
1.031752992274092,DHC
-0.6512757306854149,CII
-1.131345342634433,PLP
0.13637186514474275,CTF
0.1252391227868672,VPI
0.05465655722112093,DTA
-0.2765764240439303,ADG
-0.13581106019904357,BBC
-0.000200210842177191,PJT
0.19860955485944715,KMR
-0.017295779253476598,SZL
-0.16454139295973041,VGC
0.553042335287552,MIG
-1.0903793242810518,SC5
0.3141048106133169,KSB
0.706458133791657,DLG
0.10086872237100422,SHA
-0.40824036206916503,VCG
-0.08066177896198042,JVC
-0.32039911964359075,PVD
-0.6823809376620119,BBC
0.014104344966181522,TNH
0.45321287122580134,DPM
-0.974346241968286,HVN
0.08086234267876487,NSC
0.4565518706410662,TDH
0.3561769567741078,TMS
0.1846639175898815,ORS
0.6220677971439457,GEE
0.009208852275549986,TMS
-0.19114999635663324,DPM
-0.379883042224029,BMI
-0.8216376945364327,HII
1.841010371726792,TTF
0.3944601564022049,HHS
0.6385848177199586,HVX
0.04545669419330155,ASG
2.2094753635270727,SGR
0.11706163945647402,GIL
1.6754413178827485,TCD
-0.36366891814382163,TDC
0.1582752383970014,HTI
0.9583699570395167,DRL
-0.3932341645196184,FIT
0.21031684923011157,VNS
-1.4035298075797122,NKG
0.004613759615847612,PHR
0.6877698384611818,VDS
-0.3553610498104299,ITD
0.3964156460062923,ABS
2.120433417707347,BRC
-0.8144877154768755,AAA
0.920783983163386,BIC
-0.6340432043781327,LCG
-0.21473423881471515,HMC
-0.1109301487221178,VMD
-2.345444639881116,TDC
-0.3150248392316741,NT2
0.3460078481098127,GDT
-0.3999577578810678,PGC
0.012274989498509439,SC5
-1.0540437899239725,FTS
-0.5035791407659187,VHC
0.18037610779077404,DLG
-0.2772471629956256,FMC
-0.38956053796609785,SHB
-0.44452400471117326,NKG
-0.0030895986419726996,SJD
1.6420632872111451,SRC
0.08831277121651414,NSC
-0.8750955273966693,TVB
-0.396131296181531,HSG
-0.0045751588509370545,SBT
-0.8918796960984604,APH
0.35696256555265565,DPR
-0.48538829047595144,PMG
3.1262998830775635,VIC
2.908492394501822,HHP
0.18725617663115388,SGT
-0.026129494070814153,NLG
0.694680808551353,DCM
0.11174576063726344,DPG
-0.17825094313594841,KSB
0.029449725892583364,VTP
0.2958577568862215,NAF
0.7408443742324139,RAL
-0.14000232099951843,AGR
2.662478780744489,CTI
-3.321629057861671,DRC
1.219696282370726,CTI
-0.2016559281476247,BID
-1.7426698557226898,ITD
0.16311420437263363,CMV
-0.7496067077197176,HDC
0.7774639241716218,NAB
-0.008610516439201882,CMG
-0.4384750196241907,HTI
0.05170224232768506,ASP
-0.09515154476040853,PHC
0.04295096114441927,DLG
0.8004237048159679,FIT
0.01811243066550267,CIG
-0.035739001128254747,BAF
-0.5930588931553735,TNH
0.011116422163687436,SGR
1.3109248953040853,BTT
-0.6726239411977489,UIC
2.1309051465744537,EVF
-0.32143653707784053,HTG
-1.740201197529245,TN1
-1.1796277143676068,CDC
-0.019337463463892632,VTP
0.6878736672312241,ST8
0.008078648031764968,ACC
0.013476720555029765,APH
-0.07514952621785372,SGN
-1.5610801904920595,SMC
-0.22433958658179284,GSP
0.40085677215433896,TSC
-0.3223150405696004,DSN
0.009086502229505166,HCD
0.14471266634418214,CRC
-0.21672075128024776,HMC
-0.15266626573197403,EVF
1.4620270185040616,CDC
0.16666868335689844,CIG
1.562983592870111,DBD
0.5349811201978556,HCM
-2.6296063141444144,TRC
-2.183223854903002,VSH
-0.24773251833489793,PPC
0.9730004332220603,NAF
-2.299338497202571,TMT
-0.20259528646411148,SHP
0.6177156841195913,VDP
-0.22894414920854012,SHB
0.22798006011484878,CLC
-0.3846753344994424,VIC
0.012619599338361128,GVR
-2.2402367195799466,CTS
-0.026643502929739965,TCO
0.6694153237325022,TCI
0.07156779008650763,SGR
0.1092469252258177,CTG
1.0445842917046335,DGC
0.335795310651963,CLL
-0.5572404612017084,SHB
0.44067907451688065,PNJ
-2.7863571902404525,SSI
0.1812644216027967,VPD
0.04232938800590612,AAA
-0.031912303747719216,TDP
0.7718803156139459,HCM
-0.5624735432827861,SCR
0.00866844301216053,CSM
-0.784064187711383,FPT
0.7702498187156773,BMI
0.030897458812704198,SRF
0.6855914520485634,HID
0.5616886603796938,CTG
-1.1656755559333463,THG
0.670237507470302,FRT
0.04295096114441927,DLG
-2.135394792525437,EVF
-4.654560430504953,PGC
-1.1574349744831023,ANV
0.0023951870223284273,VTB
0.8846674527877902,SVC
1.183162749351291,HAX
-0.04823081433775439,ADP
-0.4557349455151252,GVR
-0.18645338781511622,VNM
1.4007270088617834,VHC
0.09721007246951872,CTD
0.6679211809571272,GMH
1.6797718218984992,SFI
0.8688417889118968,TCI
-0.07567720661436926,NVL
-0.3977251800989207,FPT
-0.4672179851926039,PLP
-0.6313554752359679,DMC
-0.1642969379400727,OGC
0.011756480410744917,VOS
-0.09785599930134174,SVD
0.41164672254233897,FPT
0.8908228400617323,BCG
2.6389802962714413,TCI
0.43435899671574235,LCG
1.397050552967158,MDG
0.9177661226544563,VJC
-1.8703666266304264,SFC
-0.5894153823006811,SMA
-0.5715326908256226,SFC
0.184465206778471,ABS
-0.2086288564165344,TTA
0.5833576598349024,ANV
0.9062336315650908,NHA
0.17568881855900606,NVL
-0.2260645785106802,PAC
-2.268372404484538,HTN
-0.4944719279336054,HHS
0.21548247328911238,TEG
0.011128580492306719,VND
-0.18754896967717957,SFG
0.28910669885087076,BIC
-1.228330109529065,PTC
-0.6045175145199768,ASM
-0.4597034943034989,HMC
-0.4341738235679587,VND
0.797045083378324,SPM
-0.006921818163786036,HVH
1.1075624544975313,DRC
1.129319652559687,TEG
-3.09163595579514,LPB
0.26041357899644146,SMB
1.2536368961718936,HAS
0.139824226871297,ITD
-0.44199069429479937,UIC
-1.2285219529777898,SRC
0.021263913029223785,SSB
0.6813251487503744,HDC
0.20319294914696773,VND
0.5549945892462623,APG
-0.04747524995842583,BSI
-1.552348729504358,HII
-0.8420087093862633,DSC
0.32832385723188107,DCM
-0.014418223887514183,STG
-0.11032997866047868,TV2
-0.7038596318170806,LDG
-0.3932897176200955,VCG
-0.5968589780763435,ANV
-0.17679943138836354,PNJ
1.409230331457687,LSS
-1.161132273710685,BAF
-0.01677450126770854,NSC
0.3648236176900376,SVT
0.006316405241595661,TTA
0.1817392045016379,NHH
-0.22458897660563884,ACL
-0.1602795846583551,ILB
0.012160565285822909,TVT
0.04762534501552605,THG
0.10200272473453097,GDT
-0.03442921915365666,HNA
-1.4467085307265446,SHA
-0.16646137755496998,KHG
-0.6060813344353447,HVH
-0.009804542526258004,NAV
1.050571790565725,VIC
1.0767803746582887,LPB
-0.2504871104481324,BBC
0.2055964794676364,PLX
-0.2633564884320922,ADS
0.2711616188742581,NNC
0.26001889873853146,TTA
0.2867454175533349,VPD
0.2108099879218646,BTP
-1.990663522476124,NVT
-0.14199147832867873,BAF
-0.1071061272819086,ADS
2.194626809372964,HAG
-0.9702692823230569,ITC
-0.36482747132344145,NT2
-1.6634361131657753,PMG
0.5803053721147239,LDG
0.7796881489434244,LCG
-0.22439986503157613,TCB
-2.74563272907658,EIB
-0.3359684683048258,GMD
0.5618870712584251,KDC
-0.4536891389720226,TDP
0.16591789139132956,SCS
-1.0335522674221658,UIC
-0.3097879721407066,VNM
-0.904720257625886,VNM
0.05995111487987477,VIX
-1.2296997626448334,DHA
-0.4677416242080611,BMC
1.6289905852211557,BSI
-0.24592466909924646,TAL
2.7324135325248724,VPS
1.4065270104869068,NVL
-0.9977449562311688,PIT
-0.5974711687955657,VAB
-0.38225434800081837,YEG
-0.005930102498459649,PVP
1.9507896479003675,SHP
0.4705872520013696,AAT
0.6417459139414189,VTB
1.067943814130094,HAH
-1.2636633764475402,BVH
-0.3587313669703268,SZL
0.05479246954272211,DAH
-1.184250284076305,VND
-0.48617296407313404,DC4
-1.1457185857235685,BTT
-1.2412150450817028,HT1
0.6258333659468803,BCM
-0.9598380330878437,DHA
-3.7029854146764416,ICT
-0.9409760589884153,CMX
0.013465116801354671,CMV
1.9527206733884264,CRE
-0.5470557912106832,VTP
-0.5150687463148615,GAS
-0.48233282027445396,DHC
1.421852844009932,PET
-0.5130823263909609,VPH
0.08718263460399858,GMH
0.09903896852087853,SCS
-1.216530187893054,PHR
0.16282976638398694,IDI
-2.5931226090605204,VCG
1.2743974240066083,HVH
-0.18094196093245685,BAF
0.35665071252807046,NAV
0.022876160959303934,AAM
-0.31756839230948397,IMP
-0.5334388496486775,DRL
-1.8298361108332486,DRH
-0.01453429557303398,MSH
-1.4721664891950998,GDT
-1.1924133820320177,PAN
0.017192709580587395,ACL
0.04422408295220057,SVC
0.7167585923065521,PHR
-0.5580175088825969,SFI
0.381738153679015,MWG
-0.421418755613353,HQC
-1.3161094861983285,HMC
-0.4967178555261272,CCL
-0.4841702197020575,HHP
0.09226362936352045,SCS
2.5969924315208814,DCL
-1.1728116440163987,SAB
0.20753853019635438,ACC
0.1044728960313008,TDP
0.4105323815857308,VPH
-0.6822780378316179,HAH
-0.05913552702490629,VHC
-0.00524231739177125,NTL
0.028112285754165734,TN1
-0.37603880125853595,MIG
-0.44415199534711614,ADS
0.2973386863735233,KHP
-0.10434749231376579,TDC
0.3799389468915781,SCS
0.6429093131600123,QCG
-1.7083876904635977,TCD
0.8153056178230332,HAX
0.17515039311712507,TCO
0.4846265980401437,ITC
0.033891742871444946,PGV
-0.19621313971428256,CTG
-0.8094648537223805,PGC
0.1427546422165613,BHN
0.01966832860068962,HRC
0.1146301115104024,TIP
-0.03796103738210988,TIX
-1.9616550033291245,PGV
0.8658872555439311,OCB
0.07208960744328767,HDC
-0.14620787765508747,MBB
0.024320860789517625,APG
-0.15555456460232703,COM
-1.4783795098163133,GAS
-0.19571183248327895,HNA
0.05574791319189526,HVX
0.9879639075182448,BRC
0.25934421706557836,CTF
0.5515542998489412,VNL
0.18623431549928032,KHG
-0.6864949706348824,IDI
0.15332450395512637,PTC
0.02648727116462291,DXV
0.041200540883113805,MSH
-0.8750273393103598,TNH
-1.2109650570943522,HRC
-0.47843955673897876,KDC
0.4425884059575315,TRC
0.5626704037861682,FTS
-0.49868059584039426,KDC
0.5542994680418912,TMT
0.3624024287957925,TNI
-0.0406913853511416,KOS
-0.17064236308981665,ST8
0.4719656358748394,GEX
-0.15740961254895633,VPI
0.6138731726501672,SBT
0.012160565285822909,TVT
0.5998614717478672,TLD
0.2680040832047281,NNC
-0.1592276265562024,MWG
-1.3141818017857416,NLG
0.7012700219495065,CLL
-0.5648550882090729,PDR
-0.3016114023214334,TCH
1.5886594815867257,TMP
-0.6649066417521967,VNE
-1.0219908168934344,EVE
0.2727578820281186,TMS
-0.4740196311476281,GAS
0.3301776330014299,CKG
-0.20949660776593776,TCL
-1.1706737179888584,LBM
-0.0030895986419726996,SJD
-0.3392306473794372,FIR
1.5281014969394697,SAM
0.020018877658195575,KHP
1.0251294086911398,ASG
-0.6631973378122961,NTL
-0.014107007162777976,VPG
2.2270987202573673,VND
-0.9978304411707354,APH
-0.17904854905853398,TRC
0.39519768061879385,SZC
0.5419761437399151,SRC
0.299029011486157,DHG
0.7904634166316349,MDG
-1.5240165170701068,COM
0.7753192474667449,VSC
0.26213853720731534,TDM
-0.642864162150482,BWE
0.7917652571431673,REE
-0.5890921301055785,PGV
0.3830154669199187,VPG
0.09482048801576146,VCI
-0.1457983186059516,SSI
0.034422787801548956,TDH
3.0649778927585123,TCT
-0.9105871010820691,CTF
0.019740667757863584,FCN
0.06752341535744064,VJC
-0.20554755838488298,RAL
0.758921450412378,IMP
-0.3653909045632718,NAB
0.1243238357211969,TDM
-0.23835505442887003,TDP
-0.21790267494106527,SSI
-0.5298830517295108,SZL
-0.9112478396948416,SVD
-2.317421761582962,CII
-0.004205372210390653,TCH
0.9983242771338043,MCM
-0.6008407137344428,HHS
-0.5621426498720647,EIB
-0.5700689888132727,LHG
-0.3099792610720036,PGD
0.8416719065390119,FMC
0.1764751835466939,REE
1.852023138985364,ASM
-0.8487321205067343,SCS
0.8586120018818922,LAF
0.22737061411134593,ANV
1.106665375259465,HAR
0.03145814665203602,TNC
-0.02500059346135726,TVB
-0.09331243934111749,BMC
0.017275768872348746,TRA
0.016179423314348886,NKG
0.37741701752727175,CSM
-0.025817887263756313,CSV
0.6822526201119774,HSL
-1.0139775876095685,ACB
0.7107368494302004,SMC
0.39873718965041877,HQC
0.43055793290262295,SGT
1.3897139114912482,PVD
-0.09346968484239776,VSI
0.11908887136675268,LDG
0.06582369801379387,VPB
-0.20715772280945108,ADG
0.9711690844126438,VDS
-0.33369546226611413,TLG
0.3300265583693011,TCI
-0.4584734112471502,SAV
-2.141604935507082,YBM
0.565357817453249,SHA
-0.25658940309177103,DGW
-0.8471867160479689,TTA
0.4550836408982287,DXV
0.6120634892602352,VTP
-0.11321438833359973,CTG
-1.37599452287699,VCB
1.3628979409203705,EIB
-0.00233886418680605,BSR
-0.758484065055432,EVG
-1.7707292358860676,LDG
1.0896542714541757,BAF
0.6778819333468897,PVD
0.08319213673211331,TCM
2.6608364814785093,VNG
0.07572364766984846,SCR
0.5048737541063928,GEX
-0.014418223887514183,STG
-0.035739001128254747,BAF
-0.20706535992823233,TVB
0.5880247616866149,AGR
1.0255160154710459,EIB
-2.5136012604211704,ILB
0.4125052649321088,SSC
1.2030755277650518,TNT
1.057972807462343,HDC
0.48206362886066756,BCG
-0.011224436964656638,VAB
-0.2632665771882268,SSB
0.03154598345416735,VNE
-0.13641009664922643,PNJ
-0.09967512087157414,BAF
-0.24015266683755812,BWE
0.5003974084001527,TNI
0.9387013093355159,ABR
0.14228497078242172,ELC
1.8493046410510505,DRH
0.4096948635968163,VIX
0.08492859027356717,C47
0.43777631340472156,VAB
0.019850010470160207,APH
-2.8941218836392326,C47
2.0256486516964585,HCD
-0.711752006129002,PAN
-0.6211831470071941,CSV
-0.2886754919895716,VPB
2.0232475955622045,TCL
-0.3073692068793905,TTF
-0.603652169980137,DHM
0.04273147540727731,DCM
0.669290687665804,TDP
0.24198778349417036,BTP
0.9740632476508289,CCI
-0.9398717125841389,VOS
-0.04386165855295459,HTI
-0.898901813405195,SBV
-0.15143076199793734,SAV
0.5168312958779055,DHA
-0.13307130443159992,GTA
0.7344426611691531,GEX
-0.7033349738894357,VAB
0.8216184937037183,BSR
1.2642368484924813,PAN
-0.6980103554493148,FCN
-0.4155597790666957,VNE
-0.014418223887514183,STG
-1.3443051411873927,DHM
-0.09682153009895585,PHC
-0.4639846118828356,DQC
-0.8812306151585357,DC4
-0.2375701704747568,APH
-0.36631761421959597,TPB
-0.46606980834160977,AAA
1.0676263689450614,TEG
0.006316405241595661,TTA
0.5539126324582957,TMS
-0.5953805968519436,LDG
0.7317809503871938,NHA
0.8574567276008627,BAF
1.46492627240527,DPR
-0.21824523381379568,VNG
0.25312166440544903,HII
0.6956632105089401,GMD
-0.03486714730648805,HDB
0.6776233955632723,SC5
0.21108586034652257,NO1
2.3882262932063685,NBB
0.2044816879894936,ABS
0.23743471313823394,C32
0.30192425691979663,CTI
0.45303885407597094,PGC
-0.3836821469876957,TSC
-2.3490720190290357,ANV
0.004158505906995598,EVF
-1.8781573767865654,NHA
-0.3675104652723546,DBD
0.6522608085108629,STB
-0.3099440452838852,DHC
0.08579557412887769,BID
1.182973985949339,PJT
-1.8787366824039118,NVL
1.9487016976444453,CTR
2.3514140016591054,DMC
-0.6640590407057639,BMI
-2.450293210972675,HAP
0.5544975873136331,CMV
-0.24323572832848275,CDC
0.39547255643883394,HPX
0.5041877278089066,NBB
0.6414237484445995,ITC
-0.3287521714406321,AST
-0.04011816647232002,PJT
-0.0049924012690083005,VHC
-2.406037222234742,LGL
0.00043120603628223525,HID
0.06715384011419694,AAT
-0.634042727212952,STB
0.6872323213640047,DBC
-0.638756884488726,HMC
1.1024382346153354,DQC
-0.26510426364270495,HAX
-0.06543207410854901,SMC
-0.2770524207136359,VGC
-0.4070518861340503,VPI
-0.011224436964656638,VAB
-0.5464965480398162,VNE
0.6887210840855201,LSS
0.27418590573410984,GDT
-0.003618052175033325,PGI
-0.058127587686997474,DC4
1.2315410972784235,DGW
-0.39128876821023295,TMP
-0.41077798495989576,SCR
0.02227599319932012,HU1
0.592836004262898,PC1
-0.5282855652216435,DRC
0.9965587295599846,ITD
-0.42062727333642225,DRC
0.2998049553625128,VRE
-0.003618052175033325,PGI
0.01399729444144872,PIT
-0.04052441698314734,VCI
-0.513932578673107,VNL
0.20063552004025315,KHP
0.9798216772213576,BVH
-1.9592636391329294,TPC
0.18654197238185893,SGT
-1.6511118195281118,NAV
-0.5933974594886059,TVT
0.20188959676658672,STB
2.108534632219797,TCD
0.03490476373496119,BHN
-0.21711296262422589,TVT
0.13818151770741344,KOS
-0.16459504648622075,TCT
2.015072814289077,ASG
-0.11413879318615013,OGC
0.5190877719365767,DRH
1.5461325429095334,HAH
-0.8064198361536149,LCG
-2.5654266122897167,KHG
-0.01677450126770854,NSC
-0.1108889373603853,ABS
-0.708724639921739,PPC
-0.688966935768759,BFC
-0.29735303008949415,OPC
-0.46405202213759156,GEE
0.19161616075085836,DHA
-0.35640077449038676,LHG
2.8590298230529934,C47
-0.33120355847507593,BMI
-0.37615532019605674,VNE
0.824085184674997,TIP
-0.459274371711207,BFC
1.186490939844916,DBT
0.009713457624341842,JVC
0.48097817236330337,VAB
-1.2274799008388835,HAG
-0.9938042301398993,D2D
0.43119071276045456,VTB
-0.22247672763669973,EVG
-0.629342388649776,TDC
1.068982591314637,BCG
-0.07366581135176725,SCS
0.07113793829330498,TCD
-1.3463037501807913,VDS
1.2058597161387614,GEG
-0.9954135000250418,HSG
-1.9872869220665699,LGL
0.0612574714025042,HID
-0.4906730124568277,APH
0.06586721855828305,BAF
-0.9153005058120487,PTL
0.04755002519707954,PNJ
0.034681873757295215,VNG
0.6165113681262442,UIC
0.5086435942015568,VJC
-0.19282523887180822,SAM
1.5651640537733054,ACC
0.2139382227460694,AAM
-0.09876189992678834,BIC
0.03381830412202131,TVS
2.5673395551704616,LSS
0.2872484358851251,VNS
0.01399729444144872,PIT
0.8887936274754147,DBC
2.666543383707209,ITD
3.1624088512660706,TN1
0.07040995558799723,EVG
-0.13976420605315207,VCI
0.3869670110564499,HDG
-0.36866438917939726,TCR
0.39941243029129236,CTI
0.9926007687792444,VNG
-0.9172702611165102,AGR
0.020643279426379058,TCI
0.3176111849424428,BVH
-4.2577310140251745,TDM
-0.5292279469814268,PDR
0.6640131115979252,LHG
0.022746471693790186,STK
-1.522191486214318,HPX
-0.35991046555365236,KSB
0.008777466983687194,UIC
-2.441491923924661,ADP
2.5546812512860453,GMH
0.5811159214601495,VIX
0.009713457624341842,JVC
0.05433766312574967,VIC
-0.6064007996154135,SKG
0.2657624472702802,ANV
-0.5372148546864706,ACC
-0.24212201079565254,TMT
-0.05925870108523933,CDC
1.052272077081043,VTB
-0.2777236272920386,VIX
-0.5632742868351599,VSI
0.2912849183370195,DMC
0.08929760151874323,HVN
0.2049182519752001,NT2
-0.12945703763317232,DC4
0.6779380850157516,CTG
-2.4379082657601883,DBC
-0.04115409732248038,TDM
0.31730452482667115,STB
0.504041228541263,DPG
0.1379316693656472,APH
-0.2704789212187619,NVL
-4.584731313569631,BSR
2.0392213834980906,DXG
0.3987880473247042,AAA
0.3461062083875402,COM
0.7129485239984025,DXS
1.0071500765504655,DRH
1.2601424600896673,TCL
-0.8140769618722287,SKG
-0.14458281138965584,BMI
0.7132527430451918,HT1
-0.3379623123967686,DHA
0.18413754476352315,CRE
-1.0392170869658208,PIT
1.3593776277499414,HAH
-0.10358492209867833,VNM
0.14424636311228012,TLG
-1.0055639848467544,PNC
0.04608311046099352,LDG
2.834990408989905,KMR
-2.589568994165431,TLH
-3.004717628310594,VMD
-1.5058823010931077,BRC
-0.24704059014797908,DPM
-0.8680139872713125,VND
1.733659396571499,ACB
-0.8592117198866751,EVG
0.25804168616770007,HUB
-0.5459414403527575,AST
-0.10929447175774629,ANV
0.6543720960593495,GAS
-0.07938284997375547,GIL
0.43737173574298716,LIX
0.1244624647353268,ELC
-0.8083942375504276,FCM
0.4258085019446327,TDH
-0.11880385601943293,DAT
-0.09459929725325154,ADG
-0.10321784219713968,VTO
-1.2997360703840208,DC4
-0.1504297266537934,MSN
-1.351891734683339,VHM
0.004158505906995598,EVF
0.485276027351205,MIG
-0.025823844989583473,STB
2.454002695020109,SVD
-0.6007150212473698,AGR
0.035676689866664224,GDT
-3.7941480352609713,MBB
0.1788839147186233,LBM
-0.2714145043410379,AGR
-1.0323270516667424,KDH
0.011830004151621692,CTI
0.10174504394075254,HTV
0.035676689866664224,GDT
1.5400981332496475,VIC
-0.6838965480870401,HUB
-0.9991048136284781,SAV
-0.14022399680806066,OPC
-0.24165299650081537,GIL
-0.00953636976089501,ILB
0.15220757742433946,VMD
-0.8169789322191269,MDG
0.14891938189784423,VIC
-0.08568912643683103,VNE
-0.02488417375964506,HAS
-0.6639442968588782,PGV
0.08536778328843761,GMH
-0.14427448329716033,VPB
0.10368432971047636,DCL
1.3164663500550278,HT1
-0.15803654947629067,BMC
0.20717940359680348,ICT
0.14323637311474313,KOS
1.503451320485501,GEX
0.18078765543412398,ASM
-0.8909027892139525,SGT
-0.47931133062716763,HTI
-0.566758682664662,SZL
-0.9221647396823379,TCT
-0.5260935733832665,SZL
0.5716536792857331,DIG
-0.02372369479100009,SBV
1.6280745854633942,POW
-2.0074897262704097,C32
0.14726499411383137,CLC
0.7996248017748772,CNG
0.8814457038982583,BTP
1.851806451358599,SKG
0.10946287598054208,ACB
0.730180773827315,KBC
-0.14273214848268748,ITC
-0.7585442697567153,DBT
-0.03611241160351432,TBC
-0.06600931960149112,VRC
0.4239923493442276,AAM
0.08799669016069916,MBB
0.21222751836178683,KHP
1.5519843252292056,HQC
-0.07377509442372132,PTB
-0.34394495900929883,SCR
0.16738388298049467,TVS
-0.6867356434187537,CHP
-2.144839640341323,TCD
0.022876160959303934,AAM
-1.3309252645014988,SBT
0.07587357972281505,DHM
-0.6373916461536635,VAB
-0.5120536463208974,TMS
-0.8851537634846993,ADG
0.19364907523211305,ADG
0.4696480000436209,VMD
1.2177881907048749,IDI
-0.20501457428148184,HTG
1.3866193373435496,SMB
-0.2103715370464771,CLL
-0.39233630599506925,KDH
-1.9896686260537257,TVS
0.1500318324239816,NHH
-0.8457628844338948,CRE
-0.6827930950078032,DAT
1.758815744942204,BSR
0.9272127374952079,D2D
-0.04100961717643444,MSN
-2.7537814045342026,SVT
-1.3093096641851736,ILB
-0.9048208686604121,SC5
0.769203508061678,TCT
2.221470295799467,BID
-0.008473307333859263,OGC
2.234253493313685,BCG
-0.06310360307147085,HDG
-0.0019336602746562672,LM8
-0.03611241160351432,TBC
-0.2927649615245291,SJD
-0.28372614042091976,DHA
-0.43250186979233113,VNS
0.060267746794524034,DPG
-0.1322223741810159,VIB
-0.142067903560604,VIB
-0.5997429542553785,PPC
-0.0030895986419726996,SJD
0.20620222323047072,SZC
-0.3731718169079227,SIP
-0.47150651316033787,TRC
-0.3162817436653756,PGI
0.6937187656627907,UIC
-0.05429867758033536,CIG
0.05479246954272211,DAH
-0.23448638232245486,BTP
0.24478106480881295,RAL
-1.0806254203342627,HDB
-0.03009035955860415,VCF
0.331700610917472,OGC
-0.8206561017052058,HSL
0.6060611843378492,VSC
0.433330535397777,CTR
-1.1037654071678276,NHA
0.012677815929662398,HHP
0.6133395061474729,PNJ
0.037449764337897366,PPC
0.3192218703551818,TLD
-0.08973830713697921,SKG
-0.2500439878805403,HPX
-0.04573902274547264,HTG
-0.09787517423297336,TCD
-0.4392138752143324,SVD
3.079915015984968,EVE
0.2643228053877707,SZC
0.2648925379871927,TDC
0.18424308153944247,TTA
-0.033450308484670115,PNC
-0.08007273960017108,TCT
1.8303836555211686,TN1
-0.7844208418330397,RAL
-0.3912754985344335,TCO
0.3246658071124683,GTA
-0.12765320429885899,VCG
-0.1441707212349308,SAV
-0.19598619407374032,BIC
0.3332800720879248,AST
-0.0191656674683709,BWE
-0.7239987855163448,SJS
-0.21126711381876917,GMH
-0.021398560669821536,QCG
0.5837465901187302,PVP
0.013036722046752979,HAX
-0.3644056856350128,GMH
0.6063539207812974,LPB
0.3680442227535188,NCT
0.5258530416054887,NNC
0.861677947725674,KDH
0.18649032004993124,ACL
0.615842404982982,PNC
0.028112285754165734,TN1
0.05479246954272211,DAH
-0.5267274105901049,AAA
-0.5427747252769894,SAB
-0.12374168052895998,HAX
-1.0209151586945826,GMD
0.11108493652615041,VCI
0.20045038991060224,NT2
0.007161490546100228,HTV
-1.9430611417377803,CCI
0.6989706343887795,HDG
-0.1209180707668257,TTA
-1.0413898946360967,KHG
-0.3328393446628526,TCH
-2.9546376676860424,C47
0.564884587936682,TCB
0.07113793829330498,TCD
-0.0799878952638433,SCS
-0.17060860147867135,CSV
0.7504691178424688,DPR
0.4908425167437079,TVS
-0.825686414338686,HCM
1.3214244392381447,PGV
1.5745503681516553,UIC
-2.158202188523174,TLG
0.1742014683264069,SVT
0.2774680476851427,ST8
0.003671570062307575,HDG
-0.224696812739813,NO1
-1.814354639630621,DRH
-0.02002816655042015,VPB
-1.7756582427429297,FRT
-0.02627033401665442,S4A
-2.4434215270301696,NLG
1.1550585681179475,TCT
-0.8452703233585744,BMI
-0.3382746036781094,VTP
0.8757231880820823,TEG
-1.7019802747415762,VSH
-1.0379779343257796,KDH
-0.2546838873987491,DRC
0.44578298442827663,HPG
-0.7359609589960724,SHP
-0.4012815522692292,PAC
3.043756794811858,HUB
-0.15012671477156103,GTA
-0.21778327150604798,PDR
-1.6167062072032068,NBB
-0.5021372929220578,EVF
-1.1609068431693885,VPG
1.0811215639611844,BID
0.5875432356378046,PTB
-0.027316557306767412,KHP
0.3135342339086528,ASP
0.01459725152390297,FMC
0.19237575466664975,TDC
-0.047421708695994894,AGG
0.8940344674771661,KHP
-2.1902660805382967,VOS
0.4903182829889823,HHS
0.0007264038441690482,BRC
-0.21190405558124373,TTA
-0.26489652004398123,HAX
-0.06411807354513586,LPB
-0.010023420587186551,PAC
1.3204587559285181,FCN
0.06021543996913998,VFG
1.2762249575370481,DBD
-1.4645195116919891,BVH
0.015640677262310918,GTA
0.5902722895678771,SAM
-0.40127104274368347,VNS
0.5393338645515655,RAL
-0.4038709039550039,HTG
2.865053067787989,TMS
-0.20348427533000146,PC1
-0.7871103891419823,MSB
-0.3426673594964837,SSI
-0.4350038548675104,SZL
-1.4894623307750339,NHH
0.31106350137105754,VGC
-0.460227071510618,DGC
-0.33017397849771274,VPH
0.18896234223549566,NO1
-0.22801368019193197,CNG
-0.25444058118765217,HQC
0.36307508932792865,ACC
-0.3364903628200869,GEG
-0.07334153762671193,RAL
0.03091372417729615,TDC
1.1120297105470545,TNC
-2.0055264036603364,DIG
-1.716927818802525,SJS
0.18413594270698136,DBD
1.4283654572515014,STK
-2.0730289255712395,PTC
2.5311506649916664,ABS
2.424228421184909,VSH
0.5584086957132111,PC1
1.7476961617859597,PC1
-2.634456820940766,PGI
-0.4029927608423726,FPT
-0.6095936515590429,VRE
0.05465655722112093,DTA
0.10503108836634982,CDC
-0.011071580345109812,ADP
0.36298770671827274,NLG
0.19220521787660955,AGG
-1.1404768261759979,NVT
0.12143185817223576,TDH
-0.2450411593939096,S4A
-0.5086075309434519,HTN
-1.0359404596292674,REE
3.261205521471307,VJC
0.4050879291747002,MSB
-0.6933457588483433,APH
0.42701991065910233,VNS
-0.010290187609279433,SHB
0.1462140533714616,CMX
0.4176996524236874,KMR
0.7731914834483493,VID
-1.7696040192855818,HAP
-0.5811111308787178,DGC
0.8553553164555248,HDB
-0.35926049489120565,VOS
-0.3555986000911036,BKG
2.0714078968863365,DBC
1.584781692702845,SPM
0.9425346719706515,STK
1.938124051541197,VIX
-2.528385943397403,CSV
1.489262065718584,NHH
-1.009690094974584,DAT
-0.4419431479733378,VNL
0.6398050601138434,GVR
-0.12621480612477845,DRL
0.899729387671943,HII
-0.0045751588509370545,SBT
-0.4319971959623384,IDI
0.40050334866729476,APG
-0.271384770275434,TLG
0.46560284466483287,PVD
0.8226553465841226,HTV
0.6285871285567161,GEX
-1.3853715905368031,COM
1.2653695012299835,CTS
-0.2976218455936637,TRA
-1.1582553941583003,VID
1.308477895685738,VHM
0.7193368425843568,VIC
0.4588706837483098,NAB
0.7797839474207516,PTL
-0.1324379490485042,CRE
1.3159574314929803,CTS
-0.11138837601579554,ASM
2.0729027890669762,VSI
-1.0871866051396268,HPX
-0.061669573841869586,DRC
0.5515990290669773,GEX
0.008078648031764968,ACC
0.8150143784868707,MBB
0.2853243590774864,NVT
-0.7262250120764587,VRE
-0.6656626237853038,NAF
-0.10193483304362565,TDH
0.028112285754165734,TN1
0.24137208121935172,HMC
1.6502592757087846,MSB
-0.7310472202214182,PTL
0.18924228456896244,VPG
0.3620982144978861,HTG
-0.45756712168933006,MSN
-0.49308427767558405,KBC
0.01889814935128961,DHC
0.02144605611736599,DXS
2.1267159530203683,DC4
0.035675814561297495,HQC
-2.468929100207281,HSL
-0.36782976343230767,TCI
-0.1303695980759582,MCP
-0.15536231970146816,CTR
-1.780927927403496,STG
0.6762475670055869,BMI
0.10308505570954474,VPB
-0.04620406067568449,PHR
-0.17781110116742616,TNI
0.28904050513903595,PAN
-0.5434412006688557,TCB
1.1077305654839769,DPG
0.08767105330547925,STK
0.7965751364150482,DGW
0.02227599319932012,HU1
-2.317934957572338,VPH
-1.0595980097616473,PET
0.011756480410744917,VOS
-0.6494620196961054,DCL
-3.7059321526230775,TCM
1.3218557491072003,SFG
0.4915294537097734,SRF
-0.48206552223657684,LCG
-0.6279746899657255,VPS
-0.033450308484670115,PNC
0.015640677262310918,GTA
-0.6076703112504674,BSR
-0.14998581492277202,PVP
-0.6679350942939821,NVT
0.01853429594566506,ITC
0.5942347529117534,TCH
2.1571263903065194,HQC
-0.14264820698771305,VTO
-2.4611690319682937,LCG
0.2252292449541743,MIG
0.012462185561779658,NO1
0.7128242277602331,SBG
0.03613302467133759,TCR
0.030181399204709268,VPH
0.42643431276325905,ELC
0.012677815929662398,HHP
-0.22656586925035085,HAX
0.33761197942423665,KOS
-1.3027624027520914,CHP
0.21800551435926221,SSB
-1.6626467739561839,SVT
-0.5322892010186274,VRE
-0.5333474496451553,BMP
0.9576823178272981,TVT
-1.4199259655176855,VCI
-0.11367082427211185,HAG
-0.25952607335462585,VPS
0.8105712943225237,C32
-1.8071726193573423,PNC
0.3681474103523949,NBB
0.1905279909342392,FPT
-0.42399200210016746,VIC
1.9649458740019754,HCM
-2.0282485185494266,VPH
-0.1297173207807966,TNT
-0.004385846804446878,DSC
0.7682466919698451,DHM
0.41753962182689824,VNS
0.516456147245937,VPI
-0.32789627249226205,VMD
-1.11918909365522,SAB
0.9189825995631016,HHV
0.5602301221472363,MSN
-0.4477113395452552,CMX
0.024446818269452077,TLD
-2.358397975711376,IDI
0.3466256649398332,VIP
0.2549182144737404,TCM
-0.10935490594375777,SAB
-0.4722023763857091,CTS
0.285620986325193,IDI
-1.7651763129084022,EVE
-2.788622523703329,TV2
0.27746137053147707,NAB
-0.4114859504672466,TIP
-0.6620960715658045,PHC
-0.6867284213429794,TRA
-1.2825020740126467,ORS
-0.062304510120626905,PDR
0.05301402030039575,PTL
1.1515086095749614,CII
-0.07280913336165516,DAH
1.0832950520853122,SSI
0.7304246291428635,HDB
1.3460028960149388,ACL
0.7518927294028589,LBM
-0.004385846804446878,DSC
0.18873336996599294,NKG
0.7429826733822196,HSL
0.4109628160609342,HAH
-0.11781464428220996,NT2
0.0005068046630349781,MHC
-0.01574428151394302,CLL
-1.7424598591199412,SMA
0.5671931152728634,SVC
1.2632548219294766,HSG
-0.5070943909450099,HAX
-2.3564465545531244,KOS
0.3213511343988944,KOS
-1.9500234754717334,REE
0.5349586553275462,VPS
0.23290013734854806,C32
3.0276821131497353,VNL
0.7858793491639906,SMC
-0.41759760115058314,TCR
0.8038257619979612,S4A
0.0341408805583172,HAP
-0.05521149234921085,CLC
-0.7175483183520154,LHG
0.04912408523966252,TCB
0.4150119865982037,SKG
0.17497156968789732,AAT
-0.03604354780001803,DIG
-0.007687786061978048,VSI
-2.0935610826330735,GMD
-0.5960046550382978,SCR
-0.347471835112512,VNL
-0.0264407812785305,VDP
0.06613384829991326,FMC
-0.7778212086985431,SFG
-0.5131531742880764,BKG
0.950075523675612,PGV
0.08248997181114756,PAN
-0.00719836091860017,TYA
-0.08132844423356404,SBV
-0.04721564703494315,C47
-0.1678083297582842,TDP
0.014104344966181522,TNH
0.6277225181801582,VND
0.43529614081953244,TTA
-0.04384092544999829,BCE
-0.015585174148734268,NAF
-0.3670705841866224,AAA
-0.20657094977145588,TLH
0.5923025867505994,DQC
-1.1513918102627445,HDC
0.3930852345360346,PPC
-0.2954578285802179,KDC
1.3008130809691603,ANV
0.004558087972000823,ABR
0.01645569009551116,HAS
-0.28697626448339225,HHP
-0.3698923175016451,PTB
-0.22412071646617215,TRC
0.34536601308750303,VID
0.8769753508721382,SVT
0.24041854899548107,EVF
0.35660920601961815,BKG
0.8917448328542946,BWE
0.4485015428485695,GIL
0.8630855590267816,ACC
-0.11977512410259404,AST
0.014846674365648113,PAN
-2.3601870257064568,HHS
0.02084168342773609,TNI
-0.21246242934665446,DPG
-0.49263587768717193,GMH
1.0138204611947816,ADG
-0.027216118594928514,HAH
-0.5685000161105298,SMC
-0.34061262394921865,TCB
-0.15358900872635062,ORS
1.1768572489213758,TNI
1.1408757506329936,HVH
0.5463468865871427,TCT
0.012274989498509439,SC5
2.0458837990536476,TMS
0.0341408805583172,HAP
-0.102452602376514,TDP
1.011754075799268,RAL
-1.8526683417385088,VOS
-0.8962787580632396,PGD
0.11318919199957199,VPI
0.4834448222806369,VTB
1.1507353619459886,DIG
-0.6257840119843865,CNG
-0.03611241160351432,TBC
-1.787546715073053,CLC
-0.4463247651259797,CHP
-0.2882380486358307,KDC
1.3597440910133325,IJC
0.7329404560641566,TAL
0.4403576343344638,CTD
-0.6561880433136285,FPT
-0.1376004059582227,IJC
0.07974126959127896,CCL
0.8290106970854498,PC1
0.5576641129572173,DBD
0.01802350198367512,POW
0.29232623693994414,ACB
-0.04939360070888244,PET
1.581988782934052,MSN
0.7855501751903966,HVX
-0.9307957559119006,AAT
-0.15029356076035197,BCM
-2.8754223765317906,TLD
0.7602331675347827,TV2
1.010049869323731,EVF
-0.8277142017022707,PLP
0.42876925702111035,BMP
1.1722938510999272,PC1
-0.7115602659603696,MBB
-0.17364457843978157,KBC
0.1857834386160436,ACL
-0.16823756263989223,VND
2.2958900806430713,BWE
-0.6690143980955929,OGC
0.1591371822832828,SMC
0.1582078942760393,ASG
0.39761465287923453,LAF
-2.395134424814036,VPG
-0.2757729991428682,HQC
0.6026193041366756,SCR
0.40470269344985993,CKG
-2.899455388559158,CRE
-0.573186823150351,SVC
-0.7164651053108435,HHS
-0.3455162624199993,CCL
0.08484406224280058,SSC
0.9663815903498326,DBT
-0.7196608534782248,LSS
0.052635712005922,YBM
2.715375522718121,SKG
-0.1909916041138609,ST8
-0.00719836091860017,TYA
-0.9916796588807795,NVL
0.7958780880883646,NSC
-0.8827537607787869,ITC
-0.19412333197430706,YEG
0.4210195034613439,CLL
-0.26976337928508004,HHP
-0.8564835116738423,BHN
-0.26541017436285574,TCM
0.9270297328933885,TCL
0.08258915624199084,KDH
-0.6706332545816228,TLG
-0.6171884899360413,FMC
0.6809908655495531,KMR
-0.8223961131507159,CMX
-0.44333028054281587,ITC
1.8006977917523144,NT2
0.018347376058329236,SGT
-0.8269334648732516,FMC
-0.6972359509777055,REE
0.7373379833431968,BID
0.4998161289944459,BRC
0.9865218752549748,KHG
-0.7557986404830342,HHS
-1.1576343192652057,VID
-0.6672445472001469,NAF
-1.0703495695025729,ASG
-1.4835247882265106,TCH
-2.0849378015144517,TCI
-2.6224315748228775,CCL
-0.07292025705733195,SHP
0.6104614970931923,DPG
-0.0600796283554492,PMG
0.8553272579796212,HAG
-0.17189964611144337,ACB
-0.016731769693568224,DMC
-0.3804271530966182,HPX
-0.24695703588709259,PTB
-0.8767382010113154,BRC
0.7664510739870735,GTA
-0.15796555805485965,C47
-0.30105312265215445,TVS
-1.6950541353604012,TCL
-1.1058817821192386,DCM
-0.03796103738210988,TIX
2.378142212172598,NTL
0.19243597293980771,VFG
-0.38880373596815726,BKG
0.1456020218375861,VCB
-0.7802768778352249,SC5
2.1929658854490968,PC1
-0.4254623870914772,MSB
0.5426507928552954,GVR
-0.4943968389989143,FIT
0.5790925016525327,CIG
-0.3371988904987949,CMV
-0.36852674340643155,C47
-0.14237188406105675,SGT
0.2895346052496793,VHC
0.03295587734738822,GIL
0.5750306333018983,ASG
-0.729417666868114,YEG
-2.5778956096855024,SGN
1.304792040745671,DAT
1.7803284831488146,VIX
1.2348354906936574,BWE
0.008703668770632687,BTP
-0.6613615925824982,TNT
-1.834383738672685,SFC
-0.442396498448695,RAL
-0.5686817831392459,VRC
0.012306109280868427,TCO
-0.18724524915290502,TDC
-0.2479669431334092,TMT
-0.32698549924949044,MCM
0.0010431538240905256,OCB
-0.3127356267339894,TLG
-1.659934192296999,DXG
-0.32495116096460497,HVN
-0.26300990623770626,PTC
0.6332074117017119,BMP
-0.5634307860034422,TDC
-0.10385468943404509,CTF
-1.5468997961726347,MDG
-0.03611241160351432,TBC
-1.6181763473357669,HTI
-0.12758537605217724,BSI
0.5211830453807538,DSN
-0.032904660967217635,NVL
2.1822614706753707,DHM
0.03956661659568135,SHA
-0.04329477696812459,FCM
-2.905362310651978,SGN
0.07025097300959195,HSL
-2.3736886815302336,MSN
-0.5825807891465584,VSC
0.15502295884868908,KSB
0.3779795570195217,DPG
0.005526522326290344,PC1
1.6228014407755997,VAF
-0.2217564634395668,NLG
-0.5996253982353069,NO1
-0.26064834786040786,VTB
0.4959161016452008,CDC
1.3304527057398583,PVT
0.057255065813162365,NVT
0.6254726693231849,CIG
0.6823268292076089,CTS
0.20304050648402996,VHC
-0.10106847229350044,CCI
1.05363819662842,NVT
1.5406916201818133,CII
-1.623546300962545,VPS
-0.32192403298947353,ABT
-0.04355563461805919,TTA
-0.23237082777287388,CDC
-1.3891856190773546,HAS
0.198877970883335,DBD
-0.2314309475394295,DAH
0.91814612997291,PHR
0.3746834176183735,TDG
-0.30132999975790314,CNG
-0.19856569375391298,BVH
0.0053002998141508054,VPS
-0.6203457860370903,GDT
0.011163059555882546,SZC
-0.6237275062024917,COM
-1.037019630970609,TBC
0.9963107542345406,TBC
-0.25348207769747344,VPD
0.2609744071784352,TVS
0.24683393209815402,GVR
-0.7313324733691672,VNS
-0.5817979841967967,HAX
1.7551654443342775,HTI
0.020018877658195575,KHP
0.22871489696633795,PLP
-0.6341357430255344,GVR
-0.07552890847095842,PDN
0.12706116848480847,APH
0.33560308497272084,SMA
-0.3534717218425684,ASP
0.1654453968060323,GDT
-1.5713336511463716,TNH
-2.678960096550184,DTL
-0.28403194438668516,IJC
-0.08143490987088875,DHG
0.004616794520872598,VJC
0.3365563831949494,VPI
-0.10901951604679584,MWG
-0.023989096304515546,VNL
-0.541397134858605,BID
0.42109959549433046,NHA
-0.017295779253476598,SZL
-2.54716323268607,BTP
-0.6887867132720671,CMG
0.001825065197067117,AAA
2.967529922909057,BIC
1.9515035405900645,NT2
-0.3666155722011866,MSB
0.31625624988100925,SZC
-2.004268188982368,HUB
-2.3065676264781456,ABT
1.0127505198068563,DPR
-0.20614813761220277,PLP
-1.1336536484329405,VIX
0.46051807560756197,SBV
-0.9168480765225111,SMA
-0.7569660389377939,CCL
0.30576830354913537,PTL
-0.3634451077284094,NNC
0.4286474025005481,HPX
0.0633194619849285,BKG
-0.005877829023396197,FTS
-0.004385846804446878,DSC
0.002173252341008279,SFC
0.5678463701280532,SPM
0.6473939428269465,DHM
-0.49757188372837285,TYA
0.0633194619849285,BKG
0.22146997731574827,CRC
-0.770212202015263,TCH
-0.08238307815919617,MHC
0.5615946616480113,VGC
0.35407919800087817,SFI
0.5817386777573846,VSH
-0.07957310345752497,TDH
-0.4737574086215454,SGT
0.4685593397589319,GMH
0.9606166056673038,CLC
0.1667949935398968,VDP
-0.11041722376471144,SGT
-2.9611834904723273,LPB
-0.6476527043540742,VOS
0.13898864729138102,ADG
-0.12447886848635561,CTI
0.9735822079332193,AAA
0.7291977622751085,TDC
0.19921655511519662,HTL
-0.2999527444927257,DXV
-0.07919241689511487,TRA
-0.46481986534790093,HHS
0.004616794520872598,VJC
0.0044339515302701795,COM
0.35533142874521895,HT1
-0.47874451010063085,HTI
-2.3355158582660276,GTA
-0.2869842289363452,KDC
2.2530027415589844,IMP
0.2873239424835063,ELC
1.3245393295334091,TPC
0.06917823925648343,ADG
1.6364489112467164,PNC
-0.48542182748078555,DHA
0.20182299757602395,MSN
0.40388216047047376,CTS
-1.0648640100623548,MIG
0.20381823747663572,VCB
-0.2236493817721113,TLH
-3.3199182346989655,BCE
0.02084168342773609,TNI
0.7173852494565907,DRH
-0.16513205163432268,TDG
0.43444557436061526,ANV
0.052236574810680426,HTN
0.0324173028238746,NHT
-1.0173277509824437,UIC
0.7251010122625344,DBT
-0.03611241160351432,TBC
2.7248281946315593,APH
-0.177841890546537,BSR
1.1887889385832537,VSI
0.14006463290244545,PAN
-0.04573902274547264,HTG
1.3673568281523536,VIP
-0.5322807662412155,RAL
0.9388408251720508,VTB
-0.16829750352673922,TDP
-1.0926516216596858,SKG
0.3714184297307767,SBT
0.2354618782530525,KHP
0.0044339515302701795,COM
0.22486687000037392,RAL
3.579166233880694,TYA
-0.6992167869647465,PET
-0.2233568274175367,YEG
0.4629988751043196,NVT
0.24451937892221634,LGL
-0.062171664134842534,VID
-2.635012513484981,PVP
0.6232641711096989,NHH
-0.2185413851390785,NSC
0.6215302327747639,MCM
1.868125458306985,TCL
0.5455508966926261,MIG
1.1401975006960936,VHM
-0.9561070629026951,ELC
-0.09064978180985273,VFG
1.2048632885380515,ITD
2.251075858844097,NNC
1.1907183783563324,ANV
2.5350755574120805,FPT
0.0924418032606681,PLX
-0.2327381481834444,VNL
1.5519676838392475,AGG
2.6080310949941183,DCL
1.3740402254002975,FTS
2.1879369058272236,TV2
-0.7730649603888022,DMC
2.253713045933259,NKG
-0.5912105592257644,NAV
-0.43011798453814565,DHC
-0.4038998599340688,HAG
0.17142572745080478,BSI
0.40858590731222594,PHR
0.8523177526305883,VSI
1.4514803111261636,PAC
0.02676723197583641,CVT
-1.016004225331991,NCT
-0.21176172990067044,VCG
0.7399075294896221,PIT
-1.5659227785517957,SMA
-0.4486258024862698,HAR
0.6541073336523344,BRC
-0.07812022219979163,HSG
-0.886441680728611,HMC
-0.9795504841460168,SBG
0.4012357172218942,CCL
0.188795236869568,KHG
0.028813633490521434,VID
0.6855738237391326,SMA
0.19322301884285206,HDB
0.8879247641142347,CLL
0.23157541487278338,SAV
-0.4302779151068493,BVH
0.5889561542039711,VCA
-1.0848929669378478,PDN
0.4110237222591407,TLG
-0.7203513591440481,EIB
-0.16826975682545742,ILB
0.7487224627199057,BID
0.560212566164054,HTN
-0.5546767694970178,SGR
2.8156852408157773,SKG
-3.4327651102147407,TTA
0.05301402030039575,PTL
-0.1414143043007683,AAA
0.0022471575666348073,SMA
-0.01803149338245371,HHS
-0.02337097832192641,TCB
-0.47313941663417586,HAH
0.009208852275549986,TMS
-0.18918468505588237,SMB
0.8555477152554044,HSG
0.5046909999123784,LCG
1.2223507232155029,MIG
-0.18312317516225152,HHS
0.17773822016062923,HU1
0.9203887161210633,DGC
3.9832716330145805,DBD
-0.0014287976065902627,YEG
0.2639813110562246,ASP
0.3890734226171325,CVT
-0.22680599929355041,TVB
-0.17422683900072689,ITD
0.6678403918843137,CTS
-0.13326665447078453,HDG
-1.3868772227370394,GAS
-0.24562971263984984,HHS
0.8224414187217595,SGT
-0.18499759747323943,NAB
1.8971581823978085,SMB
-0.3010142063288705,DHA
0.38672188611375913,SFG
-1.3576432811743668,VTO
0.09896259465993457,SRC
-2.3961577531603413,HTI
0.7518085172018882,NSC
-1.2827532273175433,ORS
-0.5096620399576355,PPC
-0.1540614002416397,KDC
0.3976326792976899,VDP
-1.376441820322915,VNL
-0.46690782699024264,LSS
0.21305447297120614,TTF
-1.5139746607543896,BRC
1.961234944003269,HHS
0.17431972649045896,TDC
-0.5167461275825048,PC1
1.5283232367835573,YBM
0.47033263210003345,TMP
-0.13727841940202548,AAA
0.4715879124782822,KDH
-0.1324782585095526,VIB
0.5599681030758085,HHP
-2.483031679716616,SRF
0.03942839082399665,NHH
-0.0956668727181325,ELC
0.3610727731574299,SSI
0.20775015765909835,CTG
0.2517747703453557,DVP
-0.22008976125747196,DXG
-2.52966957035046,HHV
1.7902882132333755,TPB
0.1317268786114509,AAA
0.19061671403851227,ICT
-2.124896785892733,TDP
1.5158667926257265,ACC
-0.4723187259178463,CDC
-0.047462160605155526,SC5
-0.4160027325129611,VNM
0.0007264038441690482,BRC
0.011116422163687436,SGR
-0.9001132483940368,NHH
-0.6735671263381858,VTO
1.2600166151598615,SRF
0.5252533132223587,SMB
0.009713457624341842,JVC
-0.1427485855053567,TDM
1.0721613905295722,GEX
-0.2513097314266664,HTL
0.28111635186291384,AGR
-0.16215466390513897,C32
-2.443772061103389,DBC
0.038292022597982894,PDR
-0.2243701723782992,TN1
-2.58879286533706,VNM
1.52749840665648,EVF
-0.26324153504247866,HSL
0.26740824188070683,PLX
0.5124571578987749,FIT
-1.1110823449000975,GDT
0.002304723379934524,ADS
0.7889537171676463,CIG
-1.0016633446037235,FPT
0.2434111492847034,PDR
-0.24081143279134204,SBV
0.13216136719599567,SGT
-1.8385185434070135,SFC
1.369349631269118,VIP
1.3487324949069404,PJT
0.3743399411943785,NHA
1.3398277971695125,TNC
2.799227961579809,BVH
1.254960294969185,SRF
-0.05925870108523933,CDC
-0.7082068428451213,SMC
0.2816772656476307,KBC
-0.1394360757420321,CTG
-0.8034931661257098,KHP
1.1162689130156962,HAH
2.644213426195783,SGN
-1.3933313485176562,DTA
-0.0006605313515093568,SSI
0.021263913029223785,SSB
0.36824023388677884,AAA
-1.7533542987980504,UIC
-0.05133338481558435,DXV
-0.3946568610121827,VGC
1.0289834712179173,HTG
-0.4497584008707964,PLX
-0.2741941608803885,LGL
0.020086310615538713,NVT
1.0892665497389495,SBT
-0.04007052630584957,SMB
0.3753429715964312,THG
-0.5609864783473797,HVH
-0.8817841921097404,BCM
-0.008373754902828255,DHG
-1.979223037012908,NHA
0.2016229882911176,KHG
1.1703987470821475,VTO
-0.4105970622522969,SVC
1.3839963815261023,DPR
-0.06602767368086204,VHM
-1.9534053516066254,MWG
-0.00233886418680605,BSR
-0.07292025705733195,SHP
1.2037990221303263,VPD
-0.01004722454884453,CTF
-1.2668288771228324,ST8
-0.44640271911881213,TNT
-0.4762630517121391,CTD
0.8079368371988066,EVF
-1.980623223234831,PNJ
2.019696996908877,VAB
-0.14987459877059192,HUB
1.0303713692569005,FMC
-0.5503684918539082,SGN
0.25196819083259275,CIG
0.8205725050339772,HAX
1.712373880889845,BMI
-0.14513876620308347,ACB
-0.2519827811149133,PLP
-0.004864726025937184,MCP
-0.27945849084237806,DPM
0.4061942039234268,CLL
0.020643279426379058,TCI
-0.5417486140007195,DRL
-0.01768901764287977,VAF
1.2377242041494252,ABT
0.6862953804864975,CTG
-0.30449065956783866,LBM
-0.2049792724900847,LHG
0.009713457624341842,JVC
-2.113680155723317,PTC
-0.5125443371256563,TLG
1.5476265447947186,SFC
-1.0039004737684198,PVT
-0.004716289416680875,VIB
2.1852107141892168,IDI
-0.19599644644725384,DCL
0.0040835788333321256,ABT
0.04645775711440603,MSH
-0.6411636520414138,HRC
-0.5331246150887226,HAX
0.5077661314052747,VIX
0.2929188150977474,LGL
0.45737358208539247,PNC
-0.01768901764287977,VAF
-0.1186680815185236,HAX
0.11627944496162206,DCL
0.4071282518832313,AGG
-0.5612845871327188,DXG
0.1780204281182734,BSR
-0.30044220772928065,CNG
0.5827062979296778,DC4
0.7798437192890992,RAL
0.5221101303616674,TCH
0.015433275483225834,PGC
-0.08822915023303615,AGR
-0.5718682223355153,AST
2.465056051806434,EVF
-0.47395177255375887,DGW
-0.038616142255850645,LIX
-0.10548387129687462,CMV
0.24717492703936894,ASM
0.14096336625172431,DBC
0.028112285754165734,TN1
0.7172131208915963,FCN
-2.5428857409582504,ABT
0.2829868957469141,BCE
0.7220124391514068,DXS
-1.204910694049994,HAP
0.2072368384262776,DBD
-0.45059384451832046,TIP
1.0536581780541074,PLX
-0.04097360994309977,HMC
-0.16456103248400056,BCE
-3.1293945255854148,OPC
0.26594549689702707,BFC
0.003030631788115741,SGN
1.5596799308308449,DC4
-0.4118951070523615,NHA
-0.9794002239191871,HPG
-1.1514674240881226,VRC
0.9984981754871364,VTP
0.7120853545701908,OGC
0.8429334560185852,SKG
0.1637985124950688,HHV
0.3719766680598263,KMR
-0.005930102498459649,PVP
2.839401028795583,VPB
0.8185496340973103,OGC
1.0053445482857748,STK
-0.434638453905549,CCL
-0.5593084217430994,APH
-0.17378901129196725,NHA
0.24350318387821493,ACB
-1.4002114628730138,ICT
0.17839859178312942,NBB
0.23048557878079742,DBT
0.6026813005198812,VPD
1.094001733467371,PLX
-0.7381052914265562,SFC
1.3386258003268356,OPC
0.4374758773952516,VCI
-0.00827926827495327,SIP
-0.34325828783589085,AGR
-0.05925870108523933,CDC
-0.7472554073448969,VCG
0.32819656716673923,BKG
0.7615610691264267,DGC
0.03660218907142567,SSC
0.006207182326561493,MSB
1.504574061684474,VAF
0.2928746214198654,VOS
0.8354833228729941,PHR
0.46116293469867975,VIX
-1.0742596324833606,VIC
-0.30903598209807903,TLG
0.6679459834170237,THG
0.00209073858101088,SHI
0.15940364740911916,NAV
0.5255687636767279,KDH
-0.7023113753478772,YEG
-0.10764689878821224,PTC
-0.6614228807123339,C47
1.8480819756824503,STG
0.7486248942613487,HTG
0.28931748142984737,HMC
-0.03442921915365666,HNA
-0.22586509420933276,CTS
0.1001133646405143,TDP
-0.5018038626891848,BHN
-0.4637548076889929,DCM
-0.05925870108523933,CDC
-0.5280439324177291,C47
-0.13664415480617995,TCB
-0.28913822683982854,JVC
0.020644082801921166,LCG
0.3958769174726483,VPI
0.23538802670328512,DSC
-0.5764824774069347,HHP
0.8724808748783608,VSH
0.5846168700181041,DPG
-1.2731173975643042,HII
-0.9693236144843664,SAB
-0.10777953819012408,DAH
-0.24910627032015695,NT2
-1.3265669461494973,BRC
0.018790284058009407,SKG
1.0791559155072887,SGT
1.874594340964319,VNS
-0.2520490524745834,BKG
-0.03442921915365666,HNA
-0.004694580843479522,LAF
-1.7895356329615628,MSB
-0.4418099441399706,CRE
-1.3475973221493913,CLL
-0.5218995122163788,HAX
-2.589698804467815,VDP
0.05977705193237561,PMG
0.025194249438446836,HHV
1.7832291785589256,TLD
-0.4610802109550593,YBM
0.3225424089396955,SBV
0.08859859252520848,HAP
0.47134981747699356,PGC
-1.177305254064358,CLC
-0.34994660094345187,SKG
0.8439827572912575,SC5
-0.031912303747719216,TDP
0.16072065511401937,PNJ
0.024320860789517625,APG
-0.50150298616321,PC1
0.04928699074251836,TLH
1.2370083539877492,TV2
-0.40278620692551054,VNM
1.7946563152951396,CCI
-1.4552901664074627,FPT
-2.3422680133170752,TIX
0.5525964279125307,ANV
-1.813982577011889,VNM
-0.5173390460191788,SMA
-0.7524079148703527,TLG
0.5456603030901653,CLC
-0.11074535975640358,LGL
0.8680224938014713,HDC
0.020018877658195575,KHP
-0.13088789668789005,TVB
-0.3251363260537286,SJD
-0.49715914039177833,DBD
0.46691907349339723,SMA
-2.4477850020246583,MHC
0.47140169769098944,TN1
-0.2572766978238136,GVR
-0.44267317105222975,TIP
-0.8929003066205097,NT2
0.015075088486803464,DCL
0.060184868620538685,VRC
-1.264150277691459,PLP
-0.590580425148292,DLG
0.16446049977098273,BRC
1.1969347257511913,HT1
-3.3943386859437816,TLG
1.0049487670466244,DSN
1.035230193437917,MSN
0.10124733838648033,TCL
-0.01768901764287977,VAF
0.01853429594566506,ITC
0.40729016831335874,CLL
-0.1379604576802803,TPB
0.6740151039932842,ADG
0.5629612047408059,DHG
-0.1145284192482981,HUB
0.127405581413717,VID
0.11565141990531085,NCT
-0.2839473210052409,VPG
1.5232318680310981,PVT
-0.3154931748810587,SMB
1.681513253494762,CTS
1.1195487963358914,PVD
0.5610033705608783,BCM
0.16828470395837225,ADP
-0.2528013033938421,DPG
-0.19843672620328118,LHG
-0.07768475240818437,TMS
-0.5299243533202366,TCB
0.4682101982529022,SGR
-0.6025018032887971,CSV
-1.0041146729748627,PTC
-0.5895582127877708,VRE
2.5969274451070956,TDG
-0.25761644483927626,GAS
1.0147102142917235,PPC
-0.02051230092712541,BFC
0.566907864579798,HCM
-0.4751068449408998,TRA
-0.09377331104902113,SMA
0.23300303106611533,HSL
-0.8053777902603322,ST8
1.113634700517951,PLP
0.26302716280510513,LPB
-0.04138732705292269,LBM
-0.24305475590642384,DSC
-0.8416521829015107,CVT
0.6314316058431924,DC4
0.012274989498509439,SC5
-3.2444904634442344,DRC
-0.7721046810440223,MBB
0.11381286375653951,HNA
-0.07952110967764864,PTC
0.27990515429009716,DXG
-0.41533187311268965,DBD
1.3913204743891856,VDP
0.46302894606344003,PGC
-0.41435066556972505,TLH
1.5467672080381265,VPD
1.5921873006138743,FCN
-0.008094871487904687,TCL
0.3512591321141137,NHT
0.963710544697731,DHA
0.2706732276052261,HDC
1.6921247110258897,VTP
-0.4281514285926943,PVT
1.4364660622209713,ADG
-0.26329521286836066,HUB
-1.0531846900148634,BSI
3.3980743442604657,BID
-0.18741423180111852,GSP
1.2277554247130762,PGI
-0.19124780044002487,HHS
0.36579937306154575,TIP
0.610277138890372,PAN
0.593926431647814,VIC
1.0119160826969094,VNM
0.31753578171456925,CKG
-0.006610800981848937,VGC
-0.5368033367862508,VND
-0.04789619980456868,CCI
-3.1219877836618344,KHP
0.1203097883689563,VMD
-0.4006776437163155,HVH
0.5386203803227918,TCL
0.8698234461629135,C32
0.6827122789904878,NTL
-0.3558792812637593,DBC
0.43254372331149377,FIT
-0.3715297705041673,SBV
-2.025319869891232,STG
0.5074861072979131,SSI
-0.6757147883215925,SMC
0.04523473927360492,DQC
2.749408643269504,VIP
0.4110097183750066,SCR
-0.2302047980597667,GEG
-0.17769064430938125,SMB
0.4391776538541237,TEG
2.274133977915563,VCF
1.1520140044592844,BRC
1.1874892083846134,TBC
-0.3762926471459531,POW
0.24388489016555648,CMX
0.7551713944201158,PPC
0.7978691207453853,TVT
1.2501925357056691,TLD
0.012306109280868427,TCO
-0.1110912262512054,MSH
0.02622420446581552,PMG
-1.9427612921791355,ACG
-0.22147429792275514,SBA
0.04928699074251836,TLH
-0.48385144543320197,VPB
0.9092028624031424,VAB
0.020762476156149852,EVG
-0.30746623541985574,PDN
-0.5222937152449761,MCM
-1.0350743423946043,POW
-1.7708902551768784,DHM
-0.00719836091860017,TYA
-0.3017773683657314,CSM
0.463294439603043,FTS
1.3331698708967785,SZL
-1.1817004186218005,VTB
-0.23843825779112454,HNA
3.4608077024075508,HHP
0.44642880188528045,NT2
0.21338669646132832,KMR
-0.30925499748884466,RAL
-0.10115113988595284,VMD
0.16513558717638457,BHN
-0.6311636780410816,TLG
0.8395832002885483,TNH
2.181256622670799,TDH
-2.500216257003794,CTD
0.13375645508886747,PGV
-0.015585174148734268,NAF
1.7378800338199083,VNG
-0.5950932061133272,AGG
0.7569169458121582,VMD
-0.22690817051743137,PAC
0.4109379870776357,REE
-1.2857983244747653,TRA
0.001551846068671221,CRC
-0.7529044933444989,SGN
0.18417643548221158,TCO
1.2221631504632167,HPG
0.24281023010389488,PLP
-2.110187423357072,SPM
-1.2991402511357033,NCT
0.9280046172224881,VSI
-0.3140441673324891,SBA
0.006453295359853701,GSP
1.3770847310520697,ABS
0.39747568239719555,BAF
0.007161490546100228,HTV
0.05011708942775242,SRC
-0.38599035723610753,APG
1.0857314391183541,CTI
-1.0073478745276216,GEG
0.00866844301216053,CSM
0.14746556361868204,GEG
-0.03611241160351432,TBC
0.1322481800813397,OPC
-1.9998341846236596,DIG
-0.36470460452015896,VDS
-0.010032372077994985,PNJ
-0.9664455477199452,NVT
-0.01574428151394302,CLL
-0.15932577028670056,NAF
-0.6226166190512684,ITC
0.320355022738546,AAA
2.198264410141212,CII
-0.05040488688100259,NBB
0.1404443001295309,KOS
0.12753133281385085,HVN
-0.3201114061364441,ELC
-0.7831013213878936,SAV
-0.03187247567597608,OGC
0.8339515147008592,SGR
-2.8627610689664227,SHA
0.41224694805874534,RAL
-0.5055547726177345,DQC
-0.21890241506047267,KHP
-2.264211545059678,PET
2.610711582366595,VHC
-1.3461759943557186,CII
-0.4336717070209448,TCT
-0.338222523123699,FPT
0.11668035678858599,CDC
-0.11332910397989779,PGV
-0.8401544077612259,AAM
1.834276510091809,TCH
-1.4319752499882756,TNC
0.9613212072232163,LDG
0.6482430251111119,FIT
-0.23361499276618955,STK
0.09785210698843096,DHM
-0.1813678512836258,FMC
-0.24248743436008216,HHP
1.3366245983179703,SRC
0.022876160959303934,AAM
0.2260396065800558,C32
0.004155022625419103,PVD
-0.08545942292825046,VSC
-0.15065429617370005,NAV
-1.9593906354575559,EVG
-0.2433321398034227,TNI
-0.21454005162499742,TTF
0.25295984091013035,VPH
0.8436954006850101,AGR
0.031048946261416795,SCR
1.5349053165162378,GDT
-0.6636054691668716,BKG
0.3152736559315523,CSM
-0.09118807314233987,CTG
0.18999595553780135,MSB
2.2092419585719694,CII
-0.1910854628900128,LBM
-1.3494356866720398,CTF
1.7029653216923026,ABR
-0.9414142427622629,TCB
0.5371359975513041,EVF
-0.2152829719613321,SIP
-0.36623688503232826,VCA
-0.0009499257658802867,KDC
2.2421154131387935,BBC
-1.3113604313755625,DPR
0.020643279426379058,TCI
0.39142542483790566,LPB
-0.1691012791997938,KDH
-0.01004722454884453,CTF
1.4155813385189346,KHG
0.4833677775797661,BVH
-1.0650905269728452,AGG
-0.1745110145135011,PVP
-0.7402514872086731,PVT
-0.8780489780255528,KOS
-1.6226689817657252,HU1
-0.6095096294011371,SAV
0.03051574038609349,MSN
0.2525878101797363,HUB
1.9382557859536658,DCM
-0.06766555420845487,VID
0.012274989498509439,SC5
1.0462713442416578,TPB
-0.04972830308552673,IDI
-0.4718857513814035,CNG
-0.16828899327846145,VDS
-1.518401608398432,VPB
-0.11804732566329014,PVD
0.9470333092725813,PPC
0.006453295359853701,GSP
0.6597817584564307,MWG
0.5724722390378961,BKG
0.4443722200682048,DCM
-2.4970560733093685,VIP
-1.308940087236423,ST8
1.065401537786345,ITD
0.46054788941027625,YBM
-0.006974362964496282,SVT
-0.524602088959703,TCH
-1.2220917024340774,BWE
-0.05521149234921085,CLC
0.4125614404665939,SAM
-0.31782183783801643,HCM
-0.6434711102581041,SAV
0.6363411888900731,HSG
-0.3378882549179606,VNG
0.30587320005682994,SJD
0.6901788751651233,UIC
0.30889077964049894,BID
-0.05774147286976248,SHA
0.5799098386250193,DAT
0.6441842467319508,TLD
-0.14277464200643894,SFI
0.2530263031590159,SGT
2.5053804243505273,MCM
0.06522473321353964,VSH
0.2885697281371762,NAB
0.761577238159786,ASP
0.2798013975110203,PGV
-0.6675170677917347,CIG
0.05465655722112093,DTA
1.8889715916580427,KBC
1.335955693985697,TNC
0.01853429594566506,ITC
0.8153308818791986,BAF
-0.00233886418680605,BSR
0.9253960014439697,FMC
-0.09148016401280819,DLG
-0.008095021162650833,ASP
-0.330043090732159,CII
-0.10637060283694233,PGV
0.38372601599936323,ABR
0.31089291713122763,VPG
0.01645569009551116,HAS
-0.3097695944481465,KDC
-1.2703007203428753,BID
-0.19166661905076957,SBT
1.6417697874390826,VAF
0.8874515619073103,LBM
0.8004277854641442,DPM
0.6011670815891328,BSI
-0.8293724878712806,SAM
-0.10530699644823631,MSN
-0.3964876896201843,PVD
0.3729251012843241,VRE
1.5636660798433906,HU1
0.022746471693790186,STK
-0.7730627229943233,LGL
0.8024788695981994,SGR
-0.3918760764995519,PPC
1.3728017643210404,HAX
-0.9476727209599753,VGC
0.11115553036482749,BSI
-0.010290187609279433,SHB
-0.8570799358961495,HAR
1.4648803440149378,SPM
0.515165420242139,MWG
-2.118443800052116,FTS
0.36493850243723797,TDP
0.3517418844708018,VTP
-0.18121930614819287,AGG
-2.2629597644915007,VCB
-1.1916386697548362,VNE
1.1891632920109954,TLG
-0.8787544015716984,LHG
-0.2554538355436438,SGT
1.4063409618930522,DRC
-0.6120959908636892,KBC
-0.5183543524023523,MCP
2.393905873672798,VPB
0.03956661659568135,SHA
-1.879083758561052,DCM
-0.1950346145414382,GSP
2.3196226993039444,VDP
-2.964597292234744,HCD
2.7371674645262694,GMH
-2.27108801551871,SAM
0.39961267243766485,HPX
0.44240745999956355,APH
-0.1121063842887199,SGT
-0.37391250246059093,VMD
0.7177857945536927,MCM
-0.038616142255850645,LIX
-1.041743127432463,HVN
1.0961425952327795,BCE
-0.4934012522167901,SKG
-2.570738369150062,CMX
-0.6042746251675503,DIG
0.8383800390843317,PGC
-0.5663689215184503,SGN
0.5396654393711783,TCR
0.004603278282364844,KDH
-0.5950783915359842,DAT
1.0861183871115452,BFC
-0.27253884609768214,NHH
0.5821177939506288,PVT
0.2476243960468283,PLX
-0.478101240529973,PVT
-0.21196236174416963,PHR
0.05479246954272211,DAH
-0.5477997139668569,PHR
0.4592820446525129,CTS
-0.12624098266770847,DXG
-2.5589004225377563,BIC
-0.10772009049607786,CLL
0.3698996516725788,IDI
-0.19815638535069005,BCE
0.26069066887069386,VND
0.11806220567848495,PVD
-1.8725945553681573,SC5
0.2085885871895683,VCG
-0.1719903071637922,DSN
-0.30491602836530146,DSC
1.5600022199469579,SFG
0.030428795898334436,DHM
-0.0962477218447035,CTG
-0.6300659475224945,PAC
0.7139145562780738,PJT
2.438132950937634,TRC
-0.3925633220860951,GVR
0.02648727116462291,DXV
4.396704612999172,SSB
0.9730347436720284,HCD
0.5986343584797958,SAM
-0.2751690989420616,VDS
0.25786425998700263,NNC
-0.2624189721591147,TCH
1.5781649335685395,DTL
2.9670984072169135,CRC
-1.5808584444327958,ASG
-0.5942480609203464,HII
-0.0647254684135425,VJC
-0.10377910895378303,NSC
0.01074755616262742,EVE
-0.8581458751403509,VNE
1.4706882954981924,TDP
0.05574791319189526,HVX
-0.3060009989546998,SMB
-0.056875654238327134,PAN
-0.3078159180977163,GTA
0.19768030663650923,RAL
-0.1121832590586192,KBC
-0.027069022218978625,IMP
0.7513890437818763,VPH
-2.2203217585954613,FTS
0.3288639732468574,CKG
0.4623174258705062,BAF
0.06973394058732132,TTA
2.217364845233479,VCA
0.07965621218643841,NNC
0.24558221030794775,KDH
0.8791716825283209,CMX
-1.0571567307895802,RAL
0.9374453519820559,HCM
-0.7835262951017571,VND
0.4267160834731967,GDT
-1.2472652875722163,DXV
-0.1219623409206336,PTB
2.37300260643608,PVD
0.4704810086229567,KMR
0.3894925145710633,EIB
-0.07109993889649566,DXG
-1.3619684127504341,ORS
-0.15872981652110954,MDG
0.7528332683799948,S4A
0.6351291806949788,VGC
-0.011071580345109812,ADP
0.9135923199390301,HAP
-2.430324794773283,VCI
-0.0884044137446021,SHA
0.043921362781567996,GEE
-0.4180678921190054,HTN
0.5666249429393154,TPC
-0.015585174148734268,NAF
0.31100962250719477,DVP
0.033891742871444946,PGV
1.0297977809957248,TCR
1.8741757517458966,DGC
0.16980114360000165,NTL
1.1501974642063195,BKG
0.2943359490179808,CMX
0.18193378778748856,DXV
0.0341408805583172,HAP
-0.5517080811935965,LPB
-0.5615980956394044,SCR
-1.457257662807903,TYA
0.7423866913866106,VNS
0.3117568020657908,PHR
-0.6845326525670191,HDC
-0.08469034362374944,SGN
-0.5476923279762609,TEG
0.6505990448847011,NNC
-0.9682494452378684,TYA
-0.030829265911083176,VIC
-0.8659149602509554,EIB
-1.0932742903545556,SHB
-0.030829265911083176,VIC
-1.5203105308508977,EVF
-0.1298005255256749,SJS
0.857171748287918,SRC
-0.20108997614851598,BMC
0.017192709580587395,ACL
0.28518639228381854,AAA
-0.13929349058845913,ACG
0.36077111482307617,MIG
-0.29951091129020857,GIL
0.19030495078929907,SHI
-0.39999285952286495,RAL
-0.004716289416680875,VIB
-0.018411210625910134,BBC
1.9500396678492624,CIG
-0.7279777581809777,SGT
0.003959303627979109,TPB
0.187023117175135,KHP
0.33521951016044627,ADS
-0.420197477142743,ASM
-0.41308800092867554,HVX
-0.17396159818062906,HHP
-1.149683767104303,NLG
0.7126667491498829,FCM
-0.7116409582302348,ITD
0.7858114322702638,PC1
0.4371727066627514,APH
-0.4132766036860196,VGC
0.6127438696987951,NHH
-0.018869194908578708,CVT
1.3765324953902034,MDG
0.615813258910503,BSR
0.4067413843211923,LAF
-1.6365025545341787,NAV
-0.44952755649460974,TPB
0.49472970202427463,CLL
2.4850532406193824,DCM
-0.6225415081372903,CMG
0.25304535628329616,SGN
1.2253497160632014,POW
1.4493103800073794,FCM
0.2828958616249204,HHS
-0.18569951612584143,VNL
0.06917823925648343,ADG
-0.07758788230810763,HPG
0.4120611093795191,CMX
0.8157192450782644,DQC
0.01459725152390297,FMC
-0.0406913853511416,KOS
-0.5927458259158245,SMB
0.28251448439351046,HAR
2.0645501253338576,DHC
-0.7496295375636564,C32
0.6426045096010107,HVX
0.041690769470247226,HAR
0.9988163237987963,VOS
-0.4533160067651982,NSC
-0.6131985936320218,AGR
-0.01343741566151019,DRL
0.02693457515518379,ADP
1.7539852717964521,QCG
0.1593534340018459,TV2
0.10447442785014407,ADP
0.13700947171396627,HAR
1.0648106014699072,FRT
-0.08227918048661728,C47
-0.9021060182229809,THG
0.00209073858101088,SHI
-1.3852646308537584,TNC
0.03900506491361488,GMH
-0.20191604973949304,DHM
-0.5717903890020956,VPH
1.1984501841282302,VCI
1.0174680206185114,MBB
-4.8503691352572185,HTI
-0.190059652362431,VJC
1.9685639353880473,CIG
-0.558969569690138,SVT
0.6234135273413506,DHM
3.5439370224296542,HTG
-0.843868602578728,TLD
0.4475256269555361,VNE
1.9360428297904038,SRC
0.023976770320009815,PLX
0.5616134401152341,VNE
-0.24902481584549457,S4A
-0.6374056998494506,NNC
0.4286795489577162,TLH
-0.38004560584839286,PAN
0.013928113503173137,LHG
0.12917840118076412,HAR
-0.2715800625419221,DXG
-1.0573047162328855,VDP
-0.2964212603096921,ANV
-0.8033165637114482,PGI
0.5752644573542891,DXS
0.13736658034458255,TDG
-1.974142903487878,CLL
1.4107893511113856,BID
0.4473740120077859,DBC
-0.8192690648485524,SAV
0.21522952704173903,AAA
0.07180161055549952,CMG
-2.1152258001050117,BWE
-1.0223046373737859,TVB
-0.3395167537237201,GEG
0.1958979569426549,PET
-2.7751901491901725,GMH
0.4518869358890646,HHP
-0.04613334019022306,NCT
0.2141553276622288,VPG
1.0577958648857706,TVB
0.07090948941646474,BAF
0.868097628315359,APH
-0.6462544630814668,HTI
-0.4032945692127454,VIX
1.702770529028278,KMR
-1.1778674254420727,ORS
-0.6589032337828152,FPT
0.7317659875865843,DAT
-0.398714762658953,GEE
0.6096454269376975,TPB
-1.6959994492472887,TPC
0.18135528294516562,PVT
0.4203274079340385,SSI
0.6976421077960893,HII
-1.4258250731198063,HMC
-0.44610195677405834,CTR
0.5486699025321841,PTB
0.06397021253690435,KDH
-0.33209220073848655,CTR
1.047229546620867,VTO
-0.1803030540829042,TMS
0.4325502552596673,KSB
1.3974101805724248,NNC
1.4322703926760803,IJC
1.6945211132750964,FCN
0.06473843774787251,HII
-0.04893140146241667,ACG
0.952517097256769,FTS
0.12640061349570025,TPC
-1.1328014888557232,PVP
-1.5947921009659844,SRC
-0.3131041687052802,VCF
-0.23321753835909803,DIG
0.13422231435851795,NKG
0.37959432372460633,TN1
1.6551817404043523,TEG
-0.16178256551932688,CRE
-0.5599241726030297,HRC
-0.2071555989272577,VTB
-0.8713041307690773,GVR
-0.8840017373981008,TDC
-0.043900548160177646,DBD
1.0496132481439084,TDH
2.0195080595668773,SAB
-1.5794347619147129,TCL
0.07011869677963006,LHG
0.4026894118245231,C32
0.09233116362327594,CLL
-0.5197088751795998,DBC
0.6699399231748291,DGC
-1.0991733072359942,NCT
-0.07292025705733195,SHP
-0.03009035955860415,VCF
0.25813302808333205,FMC
-0.008950780652485281,DPR
-0.17133389444529754,GVR
1.700124513492414,LCG
-0.4543005706539799,SCS
-1.0334116723790034,VHC
-1.4244018838903767,PDN
0.6075431094053512,FMC
-1.9273891488605046,BMP
0.24078631658301838,LGL
0.2129870667007202,QCG
-0.10235264650594164,DSC
3.183783911268518,SFI
-0.04294927728495271,ABT
0.21563500079277642,ACB
0.21888775897129573,NAV
0.003959303627979109,TPB
1.9775403200501194,DXV
1.1538034168094298,MWG
0.11963532294539447,PVP
-0.23924148672907064,PHC
1.1258836460283026,TCT
-0.8735499917882581,HTV
-0.12913502510549021,HSG
-2.1813631275811516,GEX
0.8618202774775432,ACC
-0.5087295777816159,BIC
0.3278920683988121,SBA
-0.41639093943129746,DLG
0.4647627847693661,TCH
0.0721569983103721,HVH
-0.7934522986408883,UIC
-0.1756041446664258,DCM
-0.11735847472908859,PHC
-0.23658535939117953,GVR
0.38353243168210793,TSC
0.32690409285842015,HNA
-0.008094871487904687,TCL
1.8678026675246213,PJT
0.04562164925595126,CTD
-0.7278071606422584,PPC
-0.3816651335953699,PET
-0.7221753773426698,MIG
-0.26453650470862433,PTB
0.15349446290903815,MSH
0.44042858895957326,ITD
-0.5040106314490218,NAF
0.7459876196532149,ITC
-0.3439174357915866,VRC
-0.9426779198776946,VNL
-0.46830995677996456,VCF
-0.9758291033913913,HDG
-0.12679282578804071,CRC
1.0117744762662602,EVF
0.40115275335285927,SGN
1.6929217211306098,PDR
0.5479547413355925,CSM
-0.08894271875362608,PAN
-0.3992915757126208,TAL
-0.8861864557317312,SHA
0.19830913309056405,VRE
-0.2901193656655524,VTO
-0.0035793402573823466,DSN
-0.4638402868010614,SCS
-0.03009035955860415,VCF
-0.10121148529069211,LDG
-0.08259343188136299,CMX
-0.042214022310259454,TNT
-0.006848030183802705,DHA
0.47901123175226074,CSM
2.2487495923110843,DGW
-0.3274975946239389,SBG
0.73636140654424,BFC
1.2321126744518733,VCB
1.2687896950463013,TNH
-0.08948782234435634,AGG
-1.3369146730191983,TTF
1.2062344070681341,KOS
0.2769180948144722,DXV
-0.8448533892012691,BSR
0.4861577772175786,HPG
0.6927728524944734,DHA
1.323041117243768,MCM
-2.3811202265017606,APG
0.05574791319189526,HVX
0.012677815929662398,HHP
-0.52319865362234,TCH
0.1414857393274745,GDT
0.8900359007299453,ELC
-0.43900632098960257,HID
0.4344458308773425,PTL
-0.1147418186272232,APG
-0.024515415665095568,KHP
-1.7143812680777084,SMA
-0.6299164433360659,CSM
0.6408754476280375,DHG
0.13190117226880818,DGW
0.558233677026975,DRC
-0.34216243109822225,APG
-1.7539164230763464,TN1
0.4850630577143038,CSV
-0.7171833687578885,ST8
2.630975657943789,VPI
1.1436476911271376,MSB
0.32403294504650093,VCI
-0.014418223887514183,STG
-0.23711394095083432,TCI
1.188395476939536,KOS
-0.4930930797385364,SAB
-0.31543184943343683,LHG
-0.14133744243421067,SAB
-0.41267383811273567,HAP
-2.5903591776594954,ELC
0.10058993596041853,AGR
0.06917823925648343,ADG
0.04346697287071097,DPM
1.0669916638481887,CHP
-1.0149377707056475,PGC
-0.42785161333778077,FRT
0.8064061981195623,TCL
-0.04066022876370414,SRC
-0.26028329295482233,PTB
0.4972591713033388,VAB
-0.9896508789034619,STK
0.8263177227400083,NLG
0.24195916631489214,HQC
-0.8220183418886042,FCM
-0.9484795806737245,LIX
0.35522024246121336,ASP
-0.2909389486175631,THG
0.034422787801548956,TDH
-1.2594265025428564,FPT
0.4298696060634285,DGC
0.008078648031764968,ACC
0.4161296444017063,JVC
-0.4876834991439318,POW
0.15565296776396498,PHC
-0.37202577985668484,SFG
0.17658831638917183,TCO
0.04551978002521855,TDG
0.015255258796785395,HMC
2.529253850099715,HT1
0.10827577843035807,HTV
2.488546462163891,DCM
0.00209073858101088,SHI
-0.5783027241568505,C32
-0.7599307787742924,VNG
0.40508457409683685,ABR
-1.7982835973033442,TCM
-1.7188040532164974,DAT
-1.51422831436606,TTA
-0.5173629055582799,TCH
-0.2629828718335657,ADP
1.5384385884654146,GVR
-0.5902922601748749,DMC
0.04924781427355783,BBC
0.25411217841079836,VRE
1.8240959597789226,TNH
0.03900506491361488,GMH
0.45568633084136323,LIX
-0.12272904973225779,HSL
-1.1232521315847488,LPB
0.1799454091932857,ICT
0.5187185536339619,DQC
-0.4013453434089743,TNI
-0.3831684046448998,VNM
0.015756027169093047,CII
-2.2820867824120725,CII
1.7603736660171507,ACL
2.6037770449417934,ADS
-0.09153559016863246,PVT
-1.9758647600196004,APH
0.22841853757127617,SBG
0.39587700256827607,CSM
0.3509766409117726,FIR
0.18166983996823247,NO1
-0.020682664548655548,AST
0.32490905853745616,NVL
-2.2519011101796313,DTA
-0.2034887528351536,SHA
0.013928113503173137,LHG
0.32317694089851884,PDR
0.04545669419330155,ASG
-0.00719836091860017,TYA
1.8471576467351312,DBC
0.8613988102371252,SVT
0.1474036727262011,FIR
1.1099228536882582,PGV
-1.1120332837540772,HRC
-0.21322635953757874,NAV
1.555429954513291,PTB
-0.27293879805374494,TCM
0.40748463249181294,DAH
-0.9683608455489972,CTI
1.1314262423256254,SSB
0.5928230407327718,TDH
0.5320407483867853,VTO
1.9432093349435269,DIG
-0.17457020214744337,TDH
0.6737457043683374,GAS
-0.27210051378544997,TIP
-0.8958379614184238,AAM
-0.010157513165326669,DCM
0.0029509043181032784,DBT
0.5566214552531582,PTB
2.7288516167951826,SJS
0.024320860789517625,APG
-0.7841590026788376,TRA
-0.6194914511469483,FCN
0.005240834888945813,QCG
-2.410442586098128,HDB
0.8791109642747601,HQC
-0.6677704083449008,TLH
2.713420110184765,ACL
-0.33787101324986124,TDM
-0.7520183323906574,FIR
-0.22533472458236703,MCP
1.3513487567260514,HCM
-0.00233886418680605,BSR
-0.3829169251795672,VCA
-0.9786121465786436,LBM
0.3847577244119341,SZL
0.13927239710539954,CRC
-0.21756911202209012,CLL
0.5584351124937745,GIL
0.0362638322978957,SBV
-0.4367649747417882,VPI
-3.0272826441779848,DTL
-2.6732636127802945,HDG
0.0612574714025042,HID
0.49386080741022303,ABS
1.3941889874289077,TYA
0.36805984407147446,TAL
0.5640074783016173,IJC
-3.1167152526715785,DHA
1.5226893118368832,GIL
0.4491904665539467,STK
-1.169603308526328,MSB
-0.12038471414423925,ANV
-0.654754625985649,SHB
1.5360025086712936,VHM
-0.39699659947646554,FPT
-0.6888543123510155,BVH
0.6049782827055681,LCG
-0.4146514627288878,BMP
0.008703668770632687,BTP
-2.57325608460872,HPG
0.31888466930736786,TSC
-1.2156929279720896,BHN
-0.14866849727102444,NHT
-0.01004722454884453,CTF
-0.5776751505515647,LGL
1.0436862811362153,SC5
0.25256036072151367,LAF
0.36420695666229547,TRC
-0.7246984206650113,SAB
-2.434972201270786,ORS
1.7140180643976817,SSC
-0.1064179625771356,HTN
0.0612574714025042,HID
-0.015585174148734268,NAF
-0.4902234641767613,TCR
0.285420747561447,TTF
-0.2883280891292492,SJD
-0.13699505041034069,ABT
-1.5352825163645742,ANV
-0.5602353556269166,TCI
-0.4586935187205589,STK
0.5615393300246988,HAX
0.24065893937936722,VSC
-1.6879137483074245,PDN
0.15545033496872837,VCG
0.007161490546100228,HTV
-0.35215581606094454,HVH
-0.2690648986519115,ASM
0.395351292260678,SAB
0.1307679213883798,TBC
0.02299732134407447,VMD
-0.11322407471182348,IJC
0.06559937556879085,FMC
-2.0227523747837073,DPM
-0.30605007886313174,PVD
-1.7449674201040037,POW
0.009086502229505166,HCD
-0.06899638775610276,VCG
0.05465655722112093,DTA
0.04550195069731325,PHC
-1.0747234948066475,BTP
2.9340366097863426,BAF
0.019740667757863584,FCN
0.6783166123929281,SJD
-0.17028730032278513,DSN
-0.7957243582560447,TRA
0.09298757661526508,VPS
-0.6822602502626752,TVT
-0.031912303747719216,TDP
-0.054409947793455274,FCM
0.4607523982589115,VAB
-0.1260760463218733,AST
-2.7819002383760125,ACB
-0.2235535661088763,BID
0.03900506491361488,GMH
-0.23897842010115813,TAL
-1.9794563363422053,PTB
0.32364650192035543,SRC
0.0758205879040635,TRC
0.9183860438208606,BVH
-0.4442444266623523,RAL
1.837075172537757,TNI
0.45824033349009563,HVN
-1.1088796086133637,BID
0.19521158855320894,PNJ
-0.8327696730510085,TRA
0.1873797533122983,LBM
0.9635155597512347,KHG
-1.1043622495033973,HAG
-0.3832671053138334,CTS
-0.1790665625938531,AAT
-0.45243460702512905,PVD
1.3253988567008723,PLX
-0.43089701914607587,DAH
-2.013568809112867,HAS
0.21739620983181296,CTS
-0.278424959165898,HHV
0.03091372417729615,TDC
-0.2723867994560011,KHG
0.013465116801354671,CMV
-0.39450795862763144,TCH
1.3521193316287916,CTF
-0.5645130107523014,HAR
-0.20387938764379593,KMR
-0.2134735530404506,STG
-0.7738663704451515,DPM
-1.6361555221522266,ABR
0.35366684185194464,VCB
0.664107945931306,SRF
0.012677815929662398,HHP
0.32405249707587275,NNC
-0.632878346364944,DQC
0.5256019091629763,NAF
-0.6234075687072395,SMB
0.9730976189989067,DXS
-0.19244605631037126,AGR
-0.3166426045405812,CSM
0.23604846599088705,SBV
0.9354719910601237,GAS
-1.8749112883946255,ABR
-0.26048438843959415,NTL
0.5061302417817259,SJS
-0.04138732705292269,LBM
-0.2852766876128101,GVR
-0.08522458597779897,VIX
0.2872647484325201,TLH
0.913795729081859,ITD
-0.19900657447492448,VIX
2.3923788586016346,SKG
0.008777466983687194,UIC
0.4437318687484575,PTC
0.0362638322978957,SBV
0.2744108029392841,NSC
2.8366434143281443,VTO
0.0010431538240905256,OCB
0.1582972508397652,CMG
0.005526522326290344,PC1
0.4560673286546791,HID
0.6459132845875205,PJT
0.05687628417882972,DHG
1.1262685482938755,TCR
0.05250010555401693,VHC
0.17220768826562724,TCB
-0.5642554641581808,MSN
0.2738565637726692,FTS
0.07830960984324499,TLD
0.6768143438572698,PAN
0.17957802115678315,VPH
-0.7603114585306672,PGV
0.000783526146376401,PHC
-0.3447355869574354,VHC
1.2329794450029046,SGR
0.14084196061791596,PHR
1.3627232195507508,PTB
0.8763689550317045,DPM
-0.2593493585855784,VIB
2.9025430595236483,BAF
1.1817571088366507,ASP
-0.4454008047896583,BFC
0.9045678539264828,GEE
-1.827852385428691,QCG
-1.170027800210545,VHC
-0.10728524538956849,GDT
0.20032082252082592,GSP
-1.4666092841339629,SVC
-0.4410855250018361,PHC
-0.5958283294967782,PTL
0.34396808233765647,CMV
-1.1753096479300418,NAB
1.0181997491774861,CSM
-1.2528359049913738,TYA
0.24329197787180518,HMC
0.012677815929662398,HHP
-0.6184360739968857,AAA
-0.18434078887840294,HU1
-0.5478965310632675,SGT
-0.3534000300552182,TLH
-0.46523297489248266,ITD
0.03706341576841501,C32
0.06768699433575492,NO1
-1.033623834372441,MHC
-0.633520187872196,EVE
-0.5465941342305413,PLP
0.05928253873126307,GEX
-0.7074008281735414,PJT
-0.3450434369920206,NVL
0.1826708168912594,SKG
-0.5246731100535411,TSC
-0.4774496387374585,TMT
-0.6443351870923,BMP
-0.6877936613384573,MBB
0.015607452319873193,IJC
0.061308177856296706,SBA
-0.020564292720653403,VIP
-0.39126995468147713,BMP
0.8382095216760848,NHT
0.2619909730738072,VHM
0.17289540766320358,ITD
0.13004800141022438,MBB
-0.28712404224438953,KSB
0.20819914933996336,VOS
0.3256150822586216,ANV
0.24125907883889391,HAG
-0.8291625546096172,TDP
-1.1024689721221894,HAR
-0.009357836561759423,VSI
-0.040003774254101336,VSH
0.15402398879070017,NSC
-0.7024198888264218,BTP
-0.0039068908842595125,TPC
0.19777855816551876,SIP
-2.1646077570431577,EVG
-0.18558642341522427,IMP
0.2067100451464806,HAR
1.042767130314923,ITD
0.2659380000753697,NAB
-0.29274866829476187,HHP
0.009713457624341842,JVC
0.5737475490062888,STB
0.6432174833534704,MSH
0.17626278574207388,SIP
-0.008063053544571389,MDG
-0.44347241499866596,DBT
1.0330230980575899,MCM
-0.022156122422605454,SVC
-0.7085555400219029,FRT
-0.5911479550538444,VRE
-0.03611241160351432,TBC
-0.6259433252704284,NAB
-0.1397302709892707,ABS
-0.0045751588509370545,SBT
-0.00032934254271416673,DBC
-0.16867605425531915,TCO
-4.41732459491873,PGC
-0.006974362964496282,SVT
-0.15886153833402147,GEE
-0.48262795052342,STK
0.15764147413559298,SCR
-0.4524530197421558,VIP
-2.1480512151024116,TCD
-0.01574428151394302,CLL
0.03358587431716874,TEG
1.688946985514493,STG
-0.19758104427305526,TMS
-0.5477094153218836,THG
-0.8320175964490293,BFC
1.5256367533894322,SGN
-0.14220057662892444,TDM
1.1030484200655022,NTL
0.27109100763934973,VCG
0.310591481034625,SRF
-0.04138732705292269,LBM
0.32562598750240546,SBT
1.1864859177516447,SAV
1.121585317923031,BWE
0.7131278142749929,VSC
-0.4828824089047686,HAX
0.37015150799191543,BMC
0.5868474620756731,SZL
1.2333117122740411,ITD
0.21292244256400628,PC1
1.1890673857865075,ACG
-0.15059064504149264,TN1
-0.012496458879723886,HU1
0.3535246543750219,GDT
-0.0049924012690083005,VHC
-0.9476304743655437,HTV
0.5850950762055461,TCT
0.8797250844231103,HMC
-0.34528959481889726,VPG
-1.0420867858373275,SMC
-0.4308427726901273,BSR
0.28394293856865455,BAF
2.1040072508681322,VPG
0.3313625737290599,CHP
-0.8270019386989081,PVT
0.39934545582948017,SJS
-0.46563842378308873,SJS
0.0044339515302701795,COM
-0.7806769568919909,CMG
1.5500717649190674,LIX
1.025398644834639,TIP
2.499067380035737,TCO
0.6345828396544233,KBC
-0.8598120003756046,CCI
0.009963128801333257,PTB
0.5477451250121954,CII
-0.07985498588200371,HVH
1.5837351433705118,AAT
-2.512771481255713,ABS
-0.38126836296628785,HVN
0.017275768872348746,TRA
0.2979612274620148,IDI
1.5078925779522279,TSC
-1.3033330996513184,SGT
-0.04138732705292269,LBM
0.18480225718201335,CTR
1.9158720095263124,ADG
0.676856981618375,CRC
-3.0319641541419453,GSP
0.05574791319189526,HVX
0.9051504156901535,SHB
-0.281097462944247,HHP
-2.4862329211098335,ADG
1.927250458280118,SSI
-0.30960601325370424,NAF
0.05301402030039575,PTL
0.6469102717824324,ADG
2.800258784424798,KHP
-0.14430027942045032,GEG
0.8000404427655221,FRT
1.5468660824014167,TCI
0.03724311386447903,PTC
1.8151365057507534,VGC
0.10340674709842923,CTF
-0.03759530648658158,RAL
0.04776763048883465,CNG
0.6371073571609651,HTL
-0.5111385973339636,TTA
-0.24180756994932437,VJC
0.392403825953159,NHT
1.3618411681147091,PAC
0.01732707400716979,DRC
0.05574791319189526,HVX
-0.43952143339538746,CMX
-0.9537294980087159,ORS
-0.8789327427790122,SFI
0.2881491661709293,CVT
-1.728351285667586,KDH
1.9791226566953874,VRC
-0.22768142694492818,DLG
0.18704334555096808,TNI
-0.16057872915051186,SBT
0.5228477629775384,HPG
0.24719095094116433,PAC
0.14654857875524344,SBT
-0.15691604700591769,LDG
-0.5690924980359507,KDC
-0.05521149234921085,CLC
-0.8135425505296779,PVT
0.17482869160970943,HTI
-1.751413450153436,DMC
0.37507304827684723,NT2
0.0709106271684496,FMC
-0.06635791735072984,GEE
-0.000200210842177191,PJT
-1.7228180144346923,VND
-2.29208078163291,VDS
-0.11917616637549402,LCG
-1.2392232734860085,AGR
2.226036970539946,FCN
-1.7775911827830455,TDP
-0.9535434319430447,CLL
0.1692636049940292,VHM
-0.27014511090889515,HAP
-0.014537026827334171,VNS
-0.06852047617422082,NVL
-0.14823771486167314,DXS
2.1720366627910535,TCH
0.19746069542416156,LIX
0.0869628277802949,CRE
0.25853378592080867,PC1
-0.07214450923735108,HID
-0.3231123915774559,BID
-0.2840785643387628,ANV
0.3982032198767989,NTL
-1.9021882441797302,NHH
-0.832354376712562,VIX
0.006453295359853701,GSP
0.17222240352478613,HCM
0.8380739880908885,PGC
-0.6884573427120856,NHA
-0.747931437957907,NKG
0.32633379464527595,DHM
-2.4082495196197216,TRA
-0.010278857846892493,ICT
0.07389227120996913,HVH
-0.3320687749228817,PGD
0.5600413535182251,LHG
0.18084938580817506,CTS
0.03956661659568135,SHA
-0.2617801758894434,SJD
-0.4524492767527533,SBV
-0.12168765059217981,KDH
0.9305195548018326,FTS
1.585558082920288,LGL
0.6784812094515813,VRE
-0.33517086749550107,CCI
-0.21545074367963996,DBT
0.05648294301047488,VCB
0.2073674503220085,CNG
0.6970652560699092,GMD
-0.3217693383356337,TCO
-2.1351091174398964,BSR
-0.9964178376276354,SJD
-1.8759834747548447,TPC
0.13771037448602594,APG
-0.1274067664212641,LIX
0.6636843238126283,FIT
0.11201916661834102,ACB
-0.49672910544267596,NO1
-1.1106036124559844,HID
0.315554032264664,NAB
-1.1865509983993117,BSR
-0.19294247353749538,TTA
-0.3893601757486587,HSG
0.7007802072862067,STB
1.9234624051793259,SZL
-0.9941115938257336,TYA
1.1966467082958856,MWG
1.9518834794907618,REE
2.459864728313643,IJC
-0.7124158517765232,TCH
0.514519232574219,TDM
0.2752441254078756,VPI
2.916303277192783,TVS
0.12476587101282174,HCM
-0.29475855526102746,KDC
0.015433275483225834,PGC
-1.5304097596828459,DGC
-0.3399492525931334,SZC
-0.2697015071834293,SAV
-0.5953446428438858,REE
0.05586606706437406,VCI
0.23641513074102088,CTF
1.5250426591224453,VDS
-2.5225797376345205,BTP
0.140928292114067,VIX
0.45238659137283266,HDG
0.4168731580030203,VAB
-0.47350154052073995,KHP
-0.2361191458510404,TNI
-0.4332800443864986,CHP
-0.25148129396809255,KDH
0.1674743982834231,VHM
0.43731268746988056,ADP
-0.04573902274547264,HTG
-2.2164140067600737,CRC
-0.017295779253476598,SZL
1.1223831073161823,SCS
0.998302375578291,SJS
-0.3002081871338007,HDC
0.6264906409214541,FCM
-0.20267303768544048,TVS
0.3283082947391729,TMS
-1.0605494661822294,BAF
0.012677815929662398,HHP
0.687438697233614,FRT
-2.0702190553609086,KHG
-0.05876350521104314,BMP
0.2707847100803304,PTL
-0.7107891979749268,YEG
-0.42099530995411055,PDR
0.2067398523000592,MSN
0.5658175865629941,NCT
-0.013373946163150198,CRE
-0.20063872302469474,TCB
0.03490476373496119,BHN
-2.0595292700106906,DXG
-0.7276548135948011,TYA
-0.2101593980253317,SFG
-0.12739837793928416,DQC
1.3286249119561955,VPH
0.10971872043394375,KHP
-2.184090702783416,ASP
0.32170167002497196,JVC
0.18787036015136047,POW
2.8206199394723748,NHH
0.614987222179257,UIC
-0.49391722509044905,NAB
-0.5224114520347684,BVH
-0.7464020530990758,TCH
0.17429585990641555,VCI
0.24253179632081442,AGR
0.14103882700053438,VCA
0.3238910341094507,OGC
0.18604436456113932,CTR
0.0007264038441690482,BRC
-0.3317988036361536,CCL
0.24737614656205617,DPM
-0.2514026005562783,DSC
-0.00953636976089501,ILB
-0.05833707003473964,SZC
0.6769777274009923,BAF
0.6563653173205202,TLD
-0.23873835197040646,LDG
0.03953862011854572,TVB
1.2339037144208689,MSH
0.026941231610136597,MCM
0.5335372800130479,SMB
1.4815238399626933,HDB
-0.013960404936577553,PTC
-1.1291337373306438,SRC
-0.9060663001319567,TCH
-0.35171247683425444,HAX
-0.8956678978894943,NLG
-0.948192826763678,VCG
-0.9944346567575184,VCI
-2.4378350386036782,LGL
-1.989899793277443,CLC
0.20278676789716196,ABR
-1.5823623046147393,VDP
-0.4712873423022824,SIP
-2.560718930105809,TNH
-0.19525397476303022,TIP
-0.11892517378862337,SBT
-0.01525221427248331,SRF
0.8167246733998804,JVC
1.8525265306642675,ACB
-0.7627788040456025,NAV
0.24690336492392448,NHT
0.28193475247402267,SVC
-0.8558318772468142,EVF
0.29555146004648475,HAH
-0.006610800981848937,VGC
-0.9717826311117229,HVN
0.5751559528884407,HUB
0.36263007805661573,LGL
0.36767050867262585,VCA
-0.8394328795509117,HNA
0.015255258796785395,HMC
1.6585155867888004,CMV
0.16442402941419956,SVT
-0.01343741566151019,DRL
-0.4712004622997054,NHA
-3.287840836175828,SBT
0.1470958419283261,KOS
-0.35157485168271163,VPH
-0.9682298698680235,CKG
-0.019337463463892632,VTP
-0.37796479504250075,HHV
0.015607452319873193,IJC
-0.2304235216912136,HHP
-0.01492016760119206,DAT
-0.6417832790265857,FMC
-0.06859979291746768,LGL
1.3002226710890825,SFI
0.1876261546746004,BMC
1.1351335165988827,TCB
-1.0994044367629727,SPM
-1.2584655754945218,LDG
2.306669924063483,CSV
-0.22199297962705689,HAS
0.719591941340292,DXS
-0.7344838404539388,TYA
2.6893457439287753,TLD
-1.2231578877407736,BIC
0.8596877690888085,BFC
0.57214410914936,IDI
2.9402110325504487,TDP
1.0271782158784897,NAB
-0.46628610240238155,FRT
1.7282382385264201,BCE
0.7155698652735204,TYA
0.18730104355147179,APG
0.032702393867099826,TCT
0.35001095113748,LSS
0.4426042415159224,PTB
0.060754099895497016,CTD
-2.3566483584673126,DCL
-0.4718804571984756,SAV
0.05305239316464764,SZL
-0.2365808968516019,PGI
-0.16462097354445354,PTC
-0.38496491308231573,PVP
-0.22637901459121196,DRL
1.0871792386185175,HQC
-0.4051374138504176,GMH
-2.6435647635654553,PVD
-0.33344798649595625,DVP
-0.05834780384245328,ASM
0.2696474439360053,HUB
-2.5149611650991366,HT1
-0.16382943287181378,LGL
1.45466734724718,IJC
-0.06666996790303155,VHM
0.007161490546100228,HTV
-1.811960508120839,AST
0.2891754055827177,HHS
0.6564300349418933,DRC
0.034422787801548956,TDH
0.10718085662292952,BHN
-1.97976172701283,HAP
1.9320946725101606,VPB
-0.3132870701823537,BMP
2.8436211887129947,VCB
0.6322111609543222,PPC
0.024740980322053182,TIP
-0.6168778804847423,DXG
0.13408689629804088,HVH
-0.0009499257658802867,KDC
-0.22132693082627433,PJT
-0.4840749232206051,PGD
0.9533563678614291,CMX
-1.315166725643477,SVC
-0.08012462307724837,FIT
0.09504692580641844,BVH
0.23376261958125602,TCH
0.024446818269452077,TLD
1.0107266869611604,BHN
-0.6710481847247262,SIP
0.8288092725499266,ORS
0.03120998542216663,SMA
0.022141972165885312,SJS
1.233632905181718,LIX
-0.3688733998106573,HAR
-0.6877186042730558,GDT
0.26827481754846993,HHP
-0.16698867923352922,VPI
-0.18286245607112464,TBC
-0.009410963906315451,DPM
0.1671257594182098,VTO
0.013036722046752979,HAX
-1.7468496402636302,GEG
-0.4862008680404229,DRL
0.21949581490463904,ASG
2.0917009869669334,DAT
0.7708482961434853,PIT
-1.3874765703047713,KHP
-1.348163988030226,HT1
-0.07846943259576619,KDH
-0.0871543902216992,SHA
-0.36615189879208904,TEG
1.037603225308771,EVE
-0.30961603514476294,SKG
0.23007418391093454,ASG
0.13486662461271917,VOS
-0.26667216684482,TCM
1.020553526221191,CSV
-0.11023832259526055,IJC
0.02676723197583641,CVT
-0.527077816368995,NAB
-0.737200949951999,LPB
-0.13382814678097993,CCI
1.1744462445097987,GTA
-0.03611241160351432,TBC
-0.05040979723994081,GDT
-0.2566353996351858,CNG
-1.0992141233365846,DC4
-0.6835844665210828,TAL
3.204449465497639,REE
0.5116446433534306,ITD
0.9164765496184075,D2D
-0.027069022218978625,IMP
-0.0030895986419726996,SJD
-1.3970936267670462,DIG
-0.2286920406657316,DXG
-0.6438224190625232,BVH
0.11531372996858476,TDP
-0.031912303747719216,TDP
-0.024751085154507194,TMP
1.3639517379086445,LBM
0.11190643826079223,HVN
0.013465116801354671,CMV
1.0751589967151094,CCL
0.03900506491361488,GMH
-0.609570450026212,DHM
-0.12993216138564728,VSH
0.985306101399353,VGC
-0.39393552232551576,SPM
-0.39154181530434123,SSB
-0.5369151166331014,TRC
-0.7023077017320859,TNT
-0.3746454011852359,AST
0.1923177971837708,TYA
2.0764364967151026,DLG
-0.011062049762442155,SBG
0.7032600918558227,VNE
1.5806380712910184,HPG
-0.6475175069995739,TYA
-0.5958939095902107,CLL
0.343564382869411,CVT
0.14060308804555882,CTI
0.9652650802658929,BSR
0.04550195069731325,PHC
0.03706341576841501,C32
-0.16154865859872097,MIG
-0.29861017955388475,SGT
-0.06902643195057463,KMR
0.45382776420507204,HSG
-0.06393131294626653,PNC
0.5476985813521305,ADP
0.508902575130023,GAS
0.09784794698854359,SZL
1.878806162214901,NHA
-0.039068905303655886,FPT
-1.6924266722965295,NAB
0.4085427417148666,GVR
0.9032757968074295,NHA
0.007956082369144593,HUB
-0.5497015808388707,DPM
0.28597456394895243,HCD
-0.06211932745657433,CKG
0.2917603663778235,VCA
1.3068605106043845,LIX
-0.14506828611216302,STK
0.75528581204978,ICT
2.447630195974943,PJT
0.38248189982620406,CTI
0.7320892818820373,PGD
0.3691634813870392,CTF
-0.37892506465412307,SSC
-0.23875425484431395,REE
0.25463480687667456,SAM
-0.2307040550592953,HTV
0.0011307821903262022,TNC
-0.6044911571334236,HDB
1.3393159595501998,ADS
1.1945718001454007,SHB
-0.7260347517577317,CTD
0.6255763280280682,SAM
-0.053450381392087534,NVT
0.004558087972000823,ABR
0.6963424052030727,BCE
0.30214870371782016,HAR
-0.1182670353787196,TDC
-1.49671476444979,YEG
0.4286212032264219,CTG
0.028112285754165734,TN1
0.26304778529844913,CTR
-0.17436966583496055,SRC
0.2965101678624429,DHM
-2.273724294482295,SGR
-0.4205090816428424,TEG
-0.5213375687135511,DXS
-0.13667269481780892,BWE
-0.2682516972697783,DAT
-0.1876522025886377,BBC
0.08892218075434208,DHM
0.5525911015411877,HAR
-1.323895879507703,HUB
-1.4473981469605437,HVH
-0.3023324648632509,CNG
-0.007542252784980188,VTO
-0.7859752523179139,C32
-0.1657638614901535,HPX
0.028112285754165734,TN1
0.022746471693790186,STK
-0.4749279408503488,STG
-0.01343741566151019,DRL
1.4674765082589585,CTI
-0.31513357818034354,HAR
-0.5850230650276648,VID
-0.2122726723018017,ANV
3.065487431463747,DRC
0.043257015306908723,SZL
0.7166888629135495,PHC
-0.7089037705683336,HAG
-0.3801131035328657,HVN
-0.7008393794192133,VHC
-0.324574682096006,PC1
-0.6759033181480704,DHC
0.12774554069871893,CIG
-0.06107942248908565,SFI
-1.2813890299282997,SVC
-0.007542252784980188,VTO
-0.46647266746690835,MSB
-0.06535266782078279,AGG
2.275335468884693,DGW
0.16971705018802288,DSN
0.21911085034186278,VPG
-2.5521138805179833,NVL
-0.1421742502803685,PNJ
0.8982789831906351,HVX
-0.024018427187159373,PTL
-0.16399548533569874,TMT
0.7562544920069644,SFI
-2.3228973548126914,GIL
0.09243694917574072,LGL
0.11473666901982288,KHG
-2.2618578548798003,TNT
0.018789710817012844,PDN
-0.8008768123066919,CTG
1.5168239098783949,DHM
0.12046082590600292,BCG
2.5511872967752613,LSS
-0.8998144591039592,GEG
0.49998597542218254,OPC
2.5473758187771343,ACC
-0.12656339537205774,SGT
-0.7122113786247293,HII
0.6005591146917322,HTI
-0.3001213459315836,BMI
0.008078648031764968,ACC
-0.9577797928805624,CCL
0.8324871822870211,UIC
-0.13914127219888603,BWE
0.453921937632204,SVD
-0.829738481418713,GEE
-0.481975391116195,APH
-1.7065529798769752,VRC
-1.3091891015971842,PTC
0.0011892775149193113,SAV
0.16086508239305078,HHS
-0.14427907471547505,ITC
0.570408727796453,DAT
-0.08671311312638948,JVC
-0.1782695150273096,PDN
0.02227599319932012,HU1
-0.6150664470349064,PET
0.5397173708861508,VPD
0.18729581193749056,PHC
-0.6524627598282291,DQC
-0.305608932493362,PIT
0.7060976120191309,VPD
-1.1183158895439282,BCG
0.5420355824835152,BCM
0.35493901748871076,BKG
0.1827085425495744,BRC
0.009713457624341842,JVC
-0.8083483427957309,NAF
-0.8082308088590777,SZC
-0.42036221134851476,KDC
0.05465655722112093,DTA
1.6179513812672173,MSB
1.1370483381646672,IJC
-0.6407323955697422,DC4
0.4051931893832759,ADG
-0.9725859596794938,BSI
1.137098388994604,HAR
-0.6343127797504016,SHI
0.0011307821903262022,TNC
-0.5403464021434411,TCT
-0.3478923671694771,HAH
-0.8339168664104949,DAH
0.20888934502945924,CMG
-1.3508293482173328,AAM
0.4828005197884256,BSI
2.434918762969904,HVN
-0.24561660662798893,NT2
0.24413737866247895,HDC
0.31060011075586413,CSV
-1.4285224602889255,BIC
-0.49674730304348075,KSB
-0.7083853651224342,TTF
-1.3245118563419047,TSC
-0.23025037995054629,VOS
-0.027942882892027922,VFG
0.2953095629555046,CIG
-0.15764385837951295,DTL
-0.3406871500868886,GMD
0.9334095269085851,TCH
3.2050359858124593,DBT
-0.09921395752735239,C47
2.882479208715192,BKG
-0.4769493870842189,PPC
0.05170224232768506,ASP
-0.7216240325063638,CTF
0.22141798259159254,MBB
0.22431494511616304,PNJ
-0.1766670852387633,TRA
0.03490476373496119,BHN
-1.0616468090237432,ADP
0.225848818392339,TLH
-0.04613334019022306,NCT
-2.1785810314833647,VIC
1.2144622673855892,DXS
-0.8764992567926442,EVG
-0.4923583721604145,BWE
1.5420037113081138,VAF
-1.1203234234019324,SFG
-1.1273549272289645,CTR
-0.2922977947999702,HNA
-3.1750912886868576,VNG
1.0483358447183349,TCB
3.1425311375870306,TLG
-0.03796103738210988,TIX
1.2712647974593934,HCM
-0.11474099730424299,PIT
-0.46386665002585303,KBC
0.015640677262310918,GTA
1.706329635519528,C32
-0.8349583672968818,CKG
-0.41870858757286455,GEG
-0.22055577541395383,VDP
-0.27934129276279857,PDN
0.2917774628012295,BCG
1.2141873492612476,TMS
-0.21977786573713812,LGL
0.3751154853792145,VSH
0.32366411059709177,AAT
-0.06849350594511029,DRC
0.4118739535861421,TEG
0.008703668770632687,BTP
0.8996221851546995,HHS
-0.004205372210390653,TCH
-0.011062049762442155,SBG
0.8176871790213817,NHH
-0.15983707127378827,KHP
-0.4674091055033936,CTF
-0.7846397196746012,NHA
-1.7870330227936235,PNC
0.28836254411821066,CDC
0.12189374420770688,HAP
1.1382500704174798,HPG
0.0051826703712155,CTD
0.09501612658311476,SMB
-1.2453399616633494,HHP
0.06533966872267474,FMC
-0.11410540383754612,BHN
-0.043900548160177646,DBD
-0.41935317896494456,DTA
1.2640360667047803,CLL
-1.1990816456008961,BSR
0.20894805651505924,PHR
-0.2833609226878491,GVR
0.9475516301614623,BMI
0.33359367237977205,STB
-0.303681246083536,HAR
-0.40325602160780266,LM8
0.563995399848148,TBC
0.04551978002521855,TDG
-0.17130960706930776,AGG
-0.020564292720653403,VIP
-1.552289370878822,SSI
1.6031055499939453,CII
0.35080165223130094,DHG
2.2686187506151594,VND
1.5818665825697389,CLL
-0.22449030522370644,OCB
-0.7385839786976875,VTP
0.09254212439366406,DRL
-0.10790987162941687,RAL
1.0255714516121848,BMI
0.07254640933687284,HSL
-0.5862775093093837,MSN
0.09357697473435278,THG
2.2780462261757983,VPH
1.4310093056878974,SBA
0.6524815295435977,HID
-0.13624738046754903,DLG
-0.11752996288097349,PGV
-0.655587456863967,GMD
0.11778616923347156,TEG
0.15387294424660208,CIG
0.7401458966139246,CMX
0.019263079553071816,HSG
2.2092149427569905,DTA
0.2550746303431988,DAH
1.0731049876677616,ACC
-0.7578642651333427,DHA
1.213711634014151,VPG
-0.01453429557303398,MSH
0.009208852275549986,TMS
-0.5196345403876903,MIG
-0.43682919275495,TN1
-0.15996653105733044,ELC
0.019727751281224896,SFG
0.6565902763937259,TNH
0.23013499264919526,PTB
-0.6802063875251089,ELC
0.521435348724318,PIT
0.020147548209148023,IDI
0.10947536316751393,CCI
0.9922037571266515,HDB
-0.12481352059573374,AST
-0.38552559569048783,GEE
-0.5770340100406955,ITC
-0.31339787062122215,TSC
1.0357790551841013,CLC
1.0353440410169816,DPG
-0.23344946270722272,BCE
-2.3336738244745114,CMV
-0.3165770940819797,BMC
-1.3566654318883327,TV2
-2.436757623035294,HSG
0.13594020903194212,BIC
-0.28781293268545877,SAV
0.08100320338924859,FMC
-0.922856890507492,PNJ
-0.6091367261313365,SCS
-0.12502209274502799,HUB
3.444099741608878,TCM
-0.5097571176764834,CTF
0.22626554585133946,SHB
0.33210598022046417,BAF
-1.4625989421770267,VDP
0.37193082240281117,CTG
-0.3278938427800485,CSM
-2.2604340567004737,VSI
0.18401847848575836,SHB
1.5916900222504837,HDG
-0.013568802502884796,PHC
1.906065386873662,PTL
0.7108691709569404,CSV
0.3749286367409166,CNG
-0.6252158000700623,HAG
0.11449081935449493,DHA
0.3393022167182229,TMT
-0.44129378256273744,CHP
-0.3312538884719312,LM8
-0.006974362964496282,SVT
-0.09450710596127454,DGC
-0.010278857846892493,ICT
1.6388494457694842,ITC
1.117088646608503,SBA
0.22952466319869383,CTD
-0.36128816424537635,HDC
0.15009323240345915,SHA
0.002173252341008279,SFC
0.7858793491639906,SMC
0.8635258987811045,VNG
-0.1315011275729984,DHG
-0.5663686323176512,SIP
0.4506433553133459,VHC
0.29836406239330177,HCM
0.015607452319873193,IJC
-2.2640501999872513,LGL
-0.494609212686559,KDH
0.1202548981031948,LHG
-0.4343472898822004,EVG
0.654746854951775,PPC
-1.3654223335958124,KDH
-0.3779322069845278,VPB
-0.899149835486936,MSN
1.0555847766860238,BCG
-1.0608469023257003,VDS
0.35108606998531994,APG
0.13365690181704448,TPB
-3.3085586023139535,NNC
-2.6907698327535923,DCM
-2.322664568206132,HAG
-0.752617447277913,TCB
0.7658501020474376,HHS
1.0366901212566255,DQC
-0.1438030040341465,NHA
0.46113460110759735,TNI
0.23203333788289995,PET
-0.32332299302636847,CTD
-0.9926515046761883,BIC
1.0254081388165068,HAR
1.2067539764469026,BCM
-0.30866787717644883,BCM
0.6542874823128642,PIT
-0.2062874276277809,TDP
-0.7172609988447735,PJT
-1.5284715608684698,DHA
-0.5172942430381829,C47
-0.004835036487623733,SSC
0.25453341709895755,TTA
-0.020564292720653403,VIP
0.02030769272218389,NLG
-1.1403537230691427,HRC
0.41706357105036795,DTL
-3.0528181825710927,IMP
-0.0636644276341983,DPG
0.4217564200727193,NAB
-1.7279774427636474,TCD
-0.06645800480116322,UIC
1.0470854652650021,DXS
-0.0019336602746562672,LM8
-0.062257540969337756,HUB
-0.008373754902828255,DHG
0.03490476373496119,BHN
0.2700506477636306,VIB
-1.2315275455729462,VNS
-0.5147661612389971,HMC
0.12143489077275119,VJC
1.7256537612431064,MSN
-0.3811473308491062,VIB
-0.816068553679529,QCG
-0.010278857846892493,ICT
1.6237282000771454,GAS
2.8168779187132387,ACB
-0.05471310419719751,TTF
-1.188159048793917,LM8
-0.31754245040130036,TCD
-0.00524231739177125,NTL
-0.0009503050825391499,BVH
-0.049947152342394066,LGL
0.7714069794051699,GIL
0.0633194619849285,BKG
-0.5625517186281294,CRC
0.15598261007788627,PVT
-0.43905504948061763,CTF
0.01889814935128961,DHC
-0.18896941132277495,TMT
-0.010001346113462593,GEX
-0.1755687031530887,VCF
-0.21532246592321952,VNM
-1.1094237065857264,MSN
0.46093982003538114,VNL
2.0497308300778463,ELC
-0.15905545073007848,VTP
-0.8486951363622751,EVF
0.35229682724586153,DXG
2.130137458012069,PTL
1.1067278713864526,DVP
0.7111188106231704,NAF
0.008078648031764968,ACC
-0.017295779253476598,SZL
-1.5454184672185431,DBT
-1.919457681650235,TDC
0.032702393867099826,TCT
0.031877776436495295,BCE
0.03706341576841501,C32
0.8924900429577438,PAC
-0.1434355803301407,BAF
0.12403063826522283,MDG
-0.7496363422419278,KDH
-2.4489810015804347,DCM
0.8359171470999963,BCM
0.4967933536821436,VSC
0.40722546644091695,SSB
0.0324173028238746,NHT
0.025194249438446836,HHV
-0.008495321384580003,GMH
-0.8374102287749555,AGR
0.21995262346094052,BMI
-0.8726059528391783,NVT
0.1572077245937621,BTT
0.4505125550526005,ADS
0.08097839086801353,LHG
4.420629991443866,OPC
0.17621662056878415,BAF
1.8578593123338005,ORS
0.06900052985677735,APH
3.256859493686398,EVE
-0.11167151084120465,TCT
-0.23344902728802733,DXG
-0.1541638053063121,HTN
-0.19115395148927922,SBT
0.3187418601403345,DTL
0.03942839082399665,NHH
1.8499280742537254,TMT
0.6893181223424745,SVD
0.018347376058329236,SGT
0.293667027917308,ORS
2.5075077073321546,FRT
-0.9262783251004908,VSH
-1.1181532264558127,ORS
0.07113793829330498,TCD
-0.011071580345109812,ADP
0.015038873568294201,AGR
0.03942839082399665,NHH
-0.17214868182852638,MSN
0.9637706989330923,BFC
-0.6032600636230293,TPB
-2.4012508758521203,HAP
0.24297416841670452,HHV
-0.006848030183802705,DHA
0.022372337832914972,NHA
-0.621933113319251,VNL
-0.47654214600060085,CRC
-0.2692121772841082,YBM
-0.23215140112859334,VSC
-1.382509316230442,FIR
0.10605599010723125,MBB
-0.8753693422835477,TCL
1.4697296276703107,BKG
0.3064677234673051,TDC
0.08823574767673334,DGW
-0.5061386999131132,MCM
0.5127640285451117,ITD
0.6349023460435138,TNT
0.044781181871182275,TDP
-0.20328619497729367,HID
-1.1167826875593423,HMC
-1.503172051540203,LPB
-0.8641038072636368,NAV
0.14017547065145342,MWG
-0.37409186716373893,MBB
0.19748661074384197,VDS
-0.6220339707296563,IJC
-2.812998166169574,ITD
-0.045719510153615125,ITD
-0.8517006223397987,SZL
0.9334061285374021,DXS
-0.030071308236167466,DLG
-0.03796103738210988,TIX
-0.28965987408193866,DHA
2.605454865775546,LHG
0.8613805385870572,MSN
-0.43041836414096907,DPR
0.30747337305895733,TVS
2.1232554846954232,BSI
-0.18996662721865204,BSR
-0.8689900641868399,LPB
1.053964556673069,DPR
-2.168445571002032,CTS
-0.10129131013989995,PHC
-0.43537129531230095,TVB
-0.6650122067263738,LCG
1.5767040423416994,CTS
-1.6925613402861008,DPG
-0.24589561340851304,VIC
-1.7987881953313163,CCL
-0.00262911211976307,DPG
0.24198442924826308,VPB
2.3368486954792873,BWE
0.4708998509403594,MSH
0.03609131443961166,LGL
0.5688508530647735,NAV
0.8027009642551272,IJC
-0.29296995232205697,DTL
0.7119861685049017,CTS
-0.4321623950969884,PGC
1.0252970110891961,GEE
-0.05209227830080504,PDN
0.2623156069370275,ORS
-0.9216578013255649,NAV
0.10305897348463258,LHG
0.6858815708284184,CLL
0.93829516403816,TIX
-0.30224283524814505,PC1
-3.180145098035587,TNH
0.10497020714167728,KHG
-0.23472020950051908,CDC
1.3197425951888795,BTP
0.19375001726578892,NTL
2.0887231785156546,FPT
-0.9647046965233724,DXG
0.3254636796750728,PTL
0.1330430255953833,CSV
-0.4453393756552497,PPC
-0.09427267205795518,PVT
0.7642495251846183,TMT
0.19876166993963215,DRL
0.13402906180205743,OPC
0.3809750535454801,SHB
-0.8284239562346387,SHA
-1.1419790851921643,TCT
0.11256734114150337,DC4
0.15237786732913594,SMC
-0.06729842323581008,HQC
0.5044668521296044,HSG
-0.9598773979197179,MIG
0.39383000996098255,FTS
0.6204660446099957,TCB
-0.1160936376474727,APH
-0.0030895986419726996,SJD
-2.222269406348145,VIX
-0.7340890742623326,DPG
-0.43115785451912614,ICT
0.4245196797004011,VTB
0.021011504725503907,AGG
-0.043900548160177646,DBD
0.11801815805645904,DSC
-0.0852680118309595,TLH
-0.209186868452727,TTF
0.22761601248345834,VND
0.03774329148454344,MHC
0.0029509043181032784,DBT
0.18752087558290917,STK
0.10163135275203931,NHA
2.229997822165831,HSL
1.4542209672384205,DBC
-0.14796489383812628,TVT
-0.8943461968591709,GEX
-0.7752627752595926,VNL
2.064604674114112,TDG
0.20466178663280252,KSB
-1.925444195267527,CSV
-0.4032674935247013,SBA
-0.017295779253476598,SZL
0.3599180019564492,FCN
-1.019387504515646,S4A
-0.19584389936300223,BTP
0.6110800384238885,GTA
0.35011188163640483,TEG
0.03295587734738822,GIL
0.7378121081708847,LAF
0.16682103482041138,VGC
0.267404688058379,DHA
0.6118683022751333,SRF
0.28453819663157476,BCM
-0.7535204040856728,HAG
-0.909231681557655,SJS
-0.027942882892027922,VFG
0.3909369077193611,ABS
-0.33885734347012003,ORS
-0.08832260169725406,SCR
2.4451199068967258,TAL
0.3566325393544466,EVE
-0.010290187609279433,SHB
0.24045098666318615,NVL
0.7959634165290537,LHG
-0.3613931616319393,SVD
0.8497172584458409,UIC
3.492651323116958,SHA
-0.32712930673006213,BSI
-0.12322868766491156,NAV
-0.17579385826045957,LIX
0.5260937019891204,SSI
-0.21081120845695597,NTL
0.0943647349999044,BAF
0.5832213241282398,KOS
0.0139888896727529,VCG
-0.6088984965692545,IJC
-0.49203306590057855,VHC
-3.001688603459751,AAT
0.2931745090851902,PVD
-1.942132605915632,LAF
1.8491261594993262,SC5
0.19580516287052022,NNC
0.23935985296241366,AAT
-0.006848030183802705,DHA
0.022876160959303934,AAM
0.031877776436495295,BCE
1.6579256166328111,NAF
-0.11704725361564015,IMP
-1.3799062407972043,HPG
0.069808365172883,BCG
-0.04731899464367706,NHA
0.31159829222773,DPG
-0.2978060442947683,RAL
0.9403378190308989,HAP
-0.16596765758813112,VID
-0.6919512503335943,DCL
0.10118037486344925,SBA
-0.3713709745540551,PTB
-0.6708097191134982,VPS
-0.19790355699986478,DQC
-0.6282454262519118,LCG
0.11104382977057878,ACB
-0.35096422107913633,SRC
0.07249295662888167,STG
-2.405740625007377,BCM
1.1720200998465322,BIC
0.13989623376033644,TPC
-0.05354248972608952,DXV
-0.3214878264420813,TLG
-0.6529873386127505,ACL
0.4976976866536331,VIP
-0.4381051494651334,SSI
0.6845678670348275,CSV
-0.02280336060692953,TRC
0.04417694607843194,ADS
-0.6285489394567905,DHC
-0.5347139712901502,SAB
-0.706416616104575,MHC
0.16027517098360414,EVF
-0.09457701384786887,NHA
-0.33130014815619796,TSC
1.1286543640812738,IJC
-0.01343741566151019,DRL
1.043236416297902,DPR
-0.8019070288157575,DGW
0.4428338382940479,VCI
-0.4973443741042861,VIC
0.019740667757863584,FCN
0.7482154585803249,VPI
-0.3324387268909215,SC5
1.1697819678653394,OPC
0.5942778266425162,BCE
0.2013654902689559,HID
0.013465116801354671,CMV
0.08251703028465204,ABS
-0.4018847579014447,ABT
1.82467288134172,NT2
-0.46700931733323386,DLG
-0.0406913853511416,KOS
-0.010023420587186551,PAC
-0.5862560366153914,BMP
0.22148860411596363,VTB
-1.5054352805420654,SAV
0.033891742871444946,PGV
0.47060415872310024,PAN
-0.2675214913258211,FIT
-0.5932991631088573,GSP
0.09442661430647113,MSN
-0.44084396963124717,TDP
0.7087566477210071,BCG
-0.2089353554920549,PNJ
-0.8894178348561038,SHB
-0.2764098799040768,SFI
0.8235104233147685,COM
0.40423179695211525,SVT
2.3833844341429096,VFG
-2.5191158563016756,CTD
-0.15819471548602676,PDR
-0.39475141500321026,BCE
-0.48810592079256837,VGC
0.7298272156552084,KHP
-0.02141062148425133,HVN
0.7134389691511881,YBM
-0.0837811953543137,CII
-3.643251024740476,PLX
-0.24579052788906636,HMC
-0.8260953475073101,SGR
0.17540301984763768,IJC
-0.22778119341561495,HID
-0.5493769483637114,SSI
-0.3673400879034554,BWE
0.014104344966181522,TNH
0.13895151474033016,ASP
-0.09379266365986665,IMP
-0.36372900201480063,ST8
-0.35331241120744955,D2D
0.8102856355238274,HVX
1.9189410671750988,ACB
-0.6380830891262804,DMC
0.18390205159349313,MWG
-0.00524231739177125,NTL
-2.1701295361881634,SZL
0.7806362693417054,VCF
-0.4494166473666019,MBB
0.42019015320059533,VPS
0.033891742871444946,PGV
-1.764566962924512,VIC
-0.5798554867483068,MBB
-0.2913354210288317,VPH
-0.29722509234566,SCR
0.5243814891114122,CTG
-1.3446467904901533,PET
-0.005877829023396197,FTS
-0.2989148377374907,LBM
-1.0466503259971316,SZL
0.04417694607843194,ADS
0.16616935846039935,VNL
0.07296110833352218,GAS
1.0745252608880438,NAF
1.8730274486312326,GIL
-0.13169060008897973,BCG
0.5360526441281755,VIX
0.0011892775149193113,SAV
1.411832655919081,VTP
-2.476927854235202,CLC
0.1503759627426294,KDH
0.031048946261416795,SCR
0.02622420446581552,PMG
0.10424761526657272,FRT
0.9645161242465993,VFG
-2.496058928507293,LCG
2.645654414493155,KDH
0.4844765878696905,ELC
1.6838014828430026,CMX
-0.10423194458468889,HVH
-0.04096070270461647,FMC
0.14195420097432168,KDC
2.070128573307284,VOS
0.03706341576841501,C32
0.8580192517810278,ASG
-2.1510878046674007,HVN
-0.5833192341924388,ACG
1.166181258449614,NHA
2.0375221873317515,DAT
-0.4476358768492517,GVR
-0.8766337028417978,NCT
0.01966832860068962,HRC
-0.3105995784141786,ILB
-0.3621642780842372,KDC
-3.020298911945633,SSB
-0.3162531865409401,BTP
0.8037130457497882,DXG
-0.28662304820086426,TCM
0.27128603450908956,PTB
-0.37515129478664844,HAR
0.19291859843369066,SFG
0.23014992100693818,LPB
0.5025772602353404,SKG
0.40783853245258034,SSI
-0.6844545127257016,NT2
2.1099099387644777,LM8
0.06782819935867906,VCA
-2.3006578503680193,VPS
0.05954314752116793,SZL
0.02030769272218389,NLG
-0.4951859448111801,VTB
-0.5090259871887106,BMC
-0.5284596993083349,FRT
1.7862651532612377,EVE
0.5415249901516975,HMC
0.1628945114297145,GDT
0.03358587431716874,TEG
-0.21913600684971823,ORS
2.1555323442233503,PJT
-0.39642452508668624,FMC
0.17998330562674417,CTS
-0.027942882892027922,VFG
-0.01004722454884453,CTF
-0.07331652621241291,BBC
-1.0798379514181211,ST8
0.002173252341008279,SFC
2.3285721067828824,HCM
-0.5393725355461546,HUB
-0.14641838887582703,NVL
-0.8773805009485995,DHG
1.2363173054684595,TCH
-0.4614509181811007,DLG
-0.7765025743212935,ITC
0.8222483720236057,HHS
0.018347376058329236,SGT
0.577542635403987,DHG
0.0011892775149193113,SAV
-1.1192835506726484,ST8
-0.32094907930671684,BSR
-0.171503553855015,PDR
0.04700787075779438,IMP
-0.36865933553064545,KBC
-0.08036792485032627,VND
-0.7275912165529491,TNT
-0.2988620355550033,ANV
1.3518925827332742,TBC
-0.18932940772593654,GMD
-0.507677207728955,ABR
0.48416402616527354,TN1
0.7069866594601534,TDG
0.8831121798338388,VIP
-0.37159273724002817,FRT
-0.6396078620118111,IMP
0.18270755210691464,PTB
-0.35509626340669975,DSC
-0.01343741566151019,DRL
-0.08735320419827959,ILB
0.2622943941979263,HUB
2.004318486534342,ABS
-0.10375339620015742,HHP
-0.3507708473942981,C32
1.6035986150303354,STG
-0.8825898789116707,HU1
0.028940401239610555,ADP
0.6619812866958781,AGR
-0.26456496958053666,GDT
0.4790056894578086,SMB
0.17399788090501755,TLG
0.2267865426317844,TEG
-0.5110539788323825,HCM
0.10971801590041858,VPI
-1.2944920669335285,LIX
0.020147548209148023,IDI
-0.03796103738210988,TIX
0.4229907603093907,ACC
2.2792737278204607,NLG
-2.039284252665903,TYA
-2.2323300354867115,SRC
0.12319113838596495,NAF
0.10713433870492849,VPB
0.3472651793393671,FPT
-0.5073947902958993,PMG
1.565466604599706,PMG
-1.2695646209861737,FCN
1.0493512163893384,CII
-0.03629801188803617,MBB
0.12378646871278724,VID
1.08511453743436,SCS
-1.0291527373521432,TVB
-0.05521149234921085,CLC
-0.37445167003741064,ABS
0.294318088416429,SJD
0.09757901247098752,HAP
0.4591507708141291,NT2
0.3597548036978363,NT2
0.2716064214475301,OPC
1.1938335361616441,SHB
1.026123548279694,TLH
-1.567474601115851,D2D
-2.9602953970614685,CNG
0.16484094753758302,SAV
-0.20105814766167332,LHG
-0.675041176476843,SFI
-0.03796103738210988,TIX
0.6595425526549685,QCG
0.19943088562603042,DTA
0.2051340235661475,VTB
0.06473843774787251,HII
0.3859053758123065,SZC
-0.34450220712081814,DGW
0.6876248606893582,SKG
2.125095740279046,CKG
-0.038616142255850645,LIX
0.8957436791244693,CTI
-0.7817654702092255,SVD
0.4802337574102063,BCE
-0.443540849496555,HNA
-0.1364454110574686,ACG
-0.43125479523454135,HII
2.1640389615844757,VNL
0.5482157717700719,STK
-3.1948658275231727,ASG
-0.2457290086283297,HAG
0.08576875862776306,PAC
-0.0019336602746562672,LM8
0.12185940426941731,ORS
-1.9677866444566399,GMH
-0.0015343096101767507,BCM
0.10940141833499585,HCD
0.04698250045445724,GMD
-0.040003774254101336,VSH
-1.2706791461988132,SJS
-2.3992654832326417,AGR
-0.3841805988874941,ABR
-0.2028240924569021,BCG
0.0341408805583172,HAP
-0.5666967354848212,VRE
0.9983344936605022,PET
-0.017295779253476598,SZL
1.6956827834037955,BWE
0.4488280708813748,TIP
0.12514010815156057,GMD
-0.5189338736432622,RAL
-0.13782043317671802,TCT
-0.014537026827334171,VNS
1.7443014704783106,DIG
-0.7203247017139671,GDT
-0.3409618394278339,HAP
0.44861108923735177,PET
-0.2516581864512188,DIG
0.05045951111223686,CIG
-0.890229314207331,CII
-0.23388542194910447,CTG
-0.22061731364953507,CHP
-0.08351418145783948,TIX
0.14418629078773143,KOS
0.5464645226609476,VJC
-0.5397609462190494,HTN
1.8231643036015026,SRF
0.02648727116462291,DXV
-1.2947298138111383,PHC
-2.333032553347694,NTL
-0.30032784193582657,JVC
0.14371010861823888,KOS
0.9764578094115192,VFG
-0.23403606773620733,PIT
0.9179380173589009,VSI
0.29068201664399207,TCM
0.20749678474486205,VSC
0.10526405091319066,ABR
2.63935052888212,FCM
-0.6408759810989799,DCM
-0.027942882892027922,VFG
-0.018411210625910134,BBC
1.2099837630670696,TLG
0.2375046319148826,VPI
-0.7622236531810046,SKG
0.009208852275549986,TMS
0.3308605484411739,LSS
1.6837662906495967,LDG
-0.7891242284581517,VTB
-0.47347466282772865,PGI
3.013872832326086,POW
0.6171294106869245,BID
-1.2209417278318113,SGT
0.001551846068671221,CRC
0.04422408295220057,SVC
-0.6712711251081664,ST8
-0.009804542526258004,NAV
-0.7969343772693464,VDS
0.08833324800223558,ADS
0.1652085328476677,HTI
0.5031965936218833,HAP
2.149905296823418,DC4
-1.4620730945345235,IMP
0.21163674584297673,IJC
-0.030829265911083176,VIC
-0.07541531479994659,EVG
-0.039068905303655886,FPT
0.44310569218057877,ADP
-2.7307725452265856,DAH
0.498385657701788,LGL
0.16004476435721113,ASP
1.673202291778267,VGC
1.2456926106741515,VSC
0.48480728625255715,VPH
-0.0892631318922477,VSC
-0.3118881762946154,HDC
-0.1478571938417521,STB
-1.6403648032162585,GIL
0.01074755616262742,EVE
1.3064628815972614,FCM
-0.06411807354513586,LPB
-0.20937630281067424,SJS
-0.4126229048981071,DSN
-0.027592690586339775,BKG
0.6064750993718859,TRA
-0.8245905980117568,KDH
-0.1781907970354898,DXS
0.06767036328455481,ASM
-0.23485349078449758,AAM
-0.043900548160177646,DBD
0.2337615008570266,NHA
0.15009187697522625,CRE
-0.6863171771937989,TBC
-0.3540570442401972,DPR
0.9935599216746929,ST8
2.6078621895428755,CTI
-0.5139070812105431,GEG
-0.24750675219802212,PGI
-2.613732251367007,DGC
-0.8504581494746879,TCD
-0.5810428847571636,SMC
-2.2040702659650915,DXS
-0.5362981281533165,NO1
0.6125548380667264,PAC
0.007161490546100228,HTV
-1.288668459176885,GEE
0.7498874718575241,HTL
-0.6485524687835112,NVT
-0.54837103358335,VNG
-0.06345626579326227,CHP
0.02622420446581552,PMG
-0.3584822150814864,AGG
0.8281253563063619,ABR
0.5909566463314387,SSI
-0.21496813692847042,VRC
3.0744738659146935,SVT
-0.3895942716618256,SSB
-0.06880177164218526,HDG
0.34460069193993836,HQC
1.0530942501014657,NVT
-1.806980444568377,BTT
0.503541179594186,VID
0.052236574810680426,HTN
-2.1951212852796353,HTI
2.27364607340635,ITC
-0.3247132240012675,ABS
-0.55154351633545,IMP
0.5166591662430302,ACG
1.5577285348255103,VID
-0.25138945257441564,DPM
0.0011892775149193113,SAV
-0.7179927769525186,VNE
0.18143278862088977,ADS
-0.22413689508938084,TNH
1.7641812858600472,SRC
0.2108705872371741,EIB
0.19119059841697153,MBB
0.7401832211390934,SFG
-1.579265792382449,MDG
0.019263079553071816,HSG
-0.0009499257658802867,KDC
-0.17467840305628737,HU1
-0.011224436964656638,VAB
-0.000200210842177191,PJT
2.5071930084558676,AAA
0.019727751281224896,SFG
0.37147039420917793,NBB
1.050419784356824,LIX
0.19883740271409223,CVT
-2.3096267813219034,HTN
-0.692031889119677,CMV
-0.12518836651383497,HAX
-0.5582351813337942,DC4
-2.6310261807067032,IJC
0.348728234984969,MCM
0.029626090837454145,CCL
0.04274847194969713,MHC
0.6689878854246093,CSV
-0.31353858771667864,DCL
-0.6534166813723625,PGC
-0.21318279034615653,DXS
0.009963128801333257,PTB
1.2106820960387255,PVP
0.05038822276623242,CIG
-0.4566235922717615,DGC
-0.19894246807418048,SGR
0.7037417839798428,LSS
0.052373086287017236,DPR
-0.5559116899236335,TLH
-0.4928313817498325,PLP
0.006453295359853701,GSP
0.19066176313434582,IDI
-0.09245126034030217,PGI
-0.922670238147042,CVT
0.004558087972000823,ABR
-0.6184008542735498,CCI
0.7113224742274581,VID
0.035676689866664224,GDT
0.6567489608175512,DXV
-0.36488523836310094,ASP
0.4723155875310532,SSI
-2.0676764573108652,YEG
0.34507023342071386,HDC
1.0672527633834286,KHG
-0.7042554398987427,C47
-0.13394497397333285,CKG
0.7265712811176673,AST
-0.36948182912756944,VPD
-0.24377964121560763,CLC
-0.2143275988229181,BTP
-0.9052633917328152,NLG
0.027434199616881812,C47
0.06905106115087961,SBA
-0.17681586466109114,SRF
0.041038401243958945,BIC
-0.09675430605734076,HAH
0.17932397035299227,ITD
-0.01453429557303398,MSH
0.8039723023283909,NHT
0.4880943411166315,ITD
0.602086510585239,TLD
-0.0191656674683709,BWE
0.4925586789669998,DQC
2.0530485810923746,HSL
-0.707631091452595,ACG
0.5946992693769018,HDB
0.12162368679060274,FIR
0.40463485484728084,LBM
0.8320929771332971,VFG
-1.104298921986038,VCF
-0.7783864821582198,MSH
0.4158210667322352,VPD
-0.4662556761493731,KDH
-0.4558551936420413,VHC
-2.904227670855245,AAA
0.03935557211596819,CTS
0.4786821367237558,CHP
-0.16654411811433975,AGG
0.024320860789517625,APG
-0.16569206246129178,CRC
-0.508361579041429,HTL
1.2353672574429997,TVB
-0.6990992954993432,HT1
-2.387272357596639,ADS
1.310713320195417,SSI
-0.3016403002771673,TRC
-0.22098378214343006,PVT
-2.5271782174191126,HHV
-0.06345626579326227,CHP
-1.6425058256405376,HU1
-2.059037691269177,TBC
-0.13349255703589935,NCT
-0.535649850281452,HPX
1.2978732491397065,VPI
-0.13568500912500248,TNI
-0.1413901717214485,BKG
-0.3520524989920477,PVT
-0.27450245250870303,VCB
0.18166963571791855,CCI
0.539582524784749,ST8
-0.21225864789463628,TBC
0.5508921348369963,CTS
0.28064590568265,MSH
-0.2002112936790946,HCD
-1.0951754467842882,BRC
-0.3489300856102822,GDT
0.11104751010611555,BVH
0.3155972642710067,PIT
0.9037055731617122,HMC
-0.8030308972397396,CCL
1.3915617320819396,VPG
0.019727751281224896,SFG
2.1061649699062257,SPM
1.2225891936572373,SRC
0.2235165435736209,TDG
-0.4169137023255314,NAV
-0.29907933874336157,BHN
-0.1610564080493429,HSG
-0.0045751588509370545,SBT
0.2321928237950561,MSB
-0.09921440589902965,VHC
-1.079211308844841,TV2
-0.6752547222901312,REE
0.16624196073839653,IJC
-0.024895423692819097,DIG
-0.36570039328631243,MCM
2.924002095477703,HAP
-0.8326972028645772,DBC
-1.053060213716003,APH
2.182842930729583,FCN
-2.7214802471750392,TEG
-0.2581343140392095,STK
-0.16208174432300534,SHB
-1.4801607060767297,CTG
-0.4896076908800709,VPG
-0.5690924980359507,KDC
-0.6392535923695902,PAC
-1.4495608642896087,RAL
0.033891742871444946,PGV
-0.5804493715127772,VTO
-0.06345626579326227,CHP
1.4433281161991725,HDG
2.902010827078613,BAF
-0.6400686820244788,KHG
0.7211260660145208,DHM
-2.236997835073364,SGR
-2.1143388374704264,DQC
0.5062637490250953,TDC
0.40850530945041813,CTR
-0.21634162007472804,HUB
-0.018411210625910134,BBC
-2.5214848170508435,ORS
-0.31920996114761535,CII
-0.10969107068924801,TCT
-0.4424565351339616,MSH
0.09392101950802313,TLH
1.2329969335426396,HVX
-0.27345326163648787,TRA
0.07572269820454633,DRH
0.13104521112118406,NAV
0.7955602806570706,HII
-0.015364705103247427,ELC
0.060373120840264784,FTS
-0.014124100804867113,TLG
2.270033147936244,HTN
1.4059102749695562,ASP
2.6343008293526777,FCM
-0.37461224542216054,MBB
0.4123212987708903,MSB
-0.6637026001728888,SRF
0.16991963735328938,TCH
1.7599107112307781,SGN
-0.041060200127146784,C47
-0.3301386618311002,CLC
0.008777466983687194,UIC
-0.7748860153699082,GVR
-1.0597480586224053,SZL
0.1233014443664447,PHC
-1.003669166030342,VGC
-1.8726818149451367,SJS
-3.3191240104533404,NT2
-0.010001346113462593,GEX
0.9587401180306523,HAH
-1.0078442813542159,AGG
-0.5220761116231636,MWG
-0.003618052175033325,PGI
-0.5209297565214943,CMG
0.5282143599161669,SGR
-0.06882389866508294,KHP
0.013465116801354671,CMV
0.29053647964750506,STK
1.5445564962538838,VJC
-2.749938984838344,SFI
0.4359478979143012,APH
-0.36261667352635535,VNG
0.06428312974292623,KHP
0.6282382402551611,HSG
0.01966832860068962,HRC
0.19158757936190615,PAN
-2.5295783588807086,SVD
0.4489677970872152,C47
2.2362336940734107,APG
-0.00233886418680605,BSR
0.716834397778733,TYA
0.0029509043181032784,DBT
2.011482843470126,HNA
-0.35221445949290087,MSN
-1.3256136323409966,TNC
0.19318949875241948,LAF
1.3201550582492938,GIL
-0.09380032050839672,HVX
-0.4342116879079227,PGC
-2.622828060848244,NLG
0.04358321072904349,STB
-0.028599439991756733,ACB
-2.2844416308096447,HDC
-0.2733802484958118,CKG
-0.5700247525973959,TMT
1.1085877746798767,DGC
0.015255258796785395,HMC
0.43176800396107134,HDG
0.9927363086076643,ITD
-0.2654473308024896,TNT
0.5115121726772637,ASG
0.030181399204709268,VPH
-2.199076576850483,TCR
-0.5489156895890889,EIB
2.07148827190379,CTS
0.020643279426379058,TCI
-0.3877830574734513,VCI
-0.20048956073377866,SHB
0.23080743030685547,DPG
-1.8529652910727867,VTB
-0.1922586480202757,BKG
-1.013937917375504,PJT
-0.1938612589471021,VMD
-0.8653265249657163,PHC
1.2178557571065314,ACB
-0.12931092874254155,NKG
-1.070894353333759,PDR
-0.349414484434217,DXV
-1.3141391957530801,VID
-1.1382281281023006,CHP
0.3560997522566985,CII
-0.5775837705151633,DQC
-0.0349773765667286,MHC
-0.0030895986419726996,SJD
-2.5042954792471193,HAH
-0.2973710420375236,VNS
0.207793282119765,TTA
0.031877776436495295,BCE
1.039498814041291,TCH
0.3489113849529981,DXG
0.40878301404741607,TCI
-0.46440788875385103,DXS
0.6824680582532177,YEG
1.3182267734278772,CTS
1.0694833330466704,HTG
-2.004732427603425,DPG
0.8315489726466814,TCI
2.124557573749537,TCR
-0.229281614679938,TCL
3.0061495264045033,DPR
0.5118184887186055,DSC
-0.1821857111932586,MBB
-0.6671711036635012,PGC
1.1327198240213625,BBC
-0.6064506291007354,DRC
-0.27821785244744335,VCA
2.242589139968306,VAB
0.20454873846987714,DC4
0.7019529698949786,PVP
-0.5178707010755955,CMV
0.2106256778400246,KMR
0.4843623618164832,NLG
0.9428337280036223,APG
-2.0121304351880642,SCR
-2.5621222966523423,CMX
-0.9159909030648204,HVX
0.07546974414540096,THG
-0.6890682177265641,CSV
2.2506150920509964,VPD
0.028813633490521434,VID
0.4834839668705512,NHH
-0.6485601454370805,DTA
0.17907124095035132,BHN
1.6567368822019863,SCS
1.6174592068910063,D2D
-0.40443066749722156,GEX
-0.644230041458657,DAT
-0.0019336602746562672,LM8
0.03613302467133759,TCR
-0.07986364308361249,DCM
1.9040181854742226,ITC
0.3535931440056031,SMB
0.6658790730653972,SMC
0.2947813590408397,KHG
-0.011517262643307597,TTF
-1.050827856781268,GEX
0.003030631788115741,SGN
-1.9160657930050233,HPX
0.17898300346843898,BCE
-0.009357836561759423,VSI
-0.0746478558225911,VRE
0.5307793463545445,TN1
-0.01566176893035851,BID
-1.6052003544644744,VRE
1.1977077488140462,BAF
-0.46004713840274636,PNJ
1.2535009828989414,VOS
-0.6633183947352321,TCB
0.9704172027032942,ITC
3.7834856267754624,BTP
0.6332249984092888,SAM
1.1297961191731674,NLG
0.20523851912913432,CSV
-0.34347387453648354,EIB
-0.038616142255850645,LIX
0.001551846068671221,CRC
0.28884745970242814,CSV
0.6820815476285308,ITC
0.7792254281620634,PLP
0.922821946163393,AAT
0.29885489760462386,RAL
0.005204343965944775,APH
0.0011892775149193113,SAV
-0.04220018171487552,DVP
-0.12918706460012008,AAA
0.05479246954272211,DAH
0.003030631788115741,SGN
0.40393437261106674,FRT
-2.0010918400317514,BMC
0.3133558797342319,SJD
0.9275000997380444,OCB
1.7520485903033927,PC1
0.0362638322978957,SBV
-1.20031382769715,CCI
-0.01768901764287977,VAF
0.3186162078079332,TV2
-0.5853617366927355,KHG
0.42091856637615954,SCR
-1.6991067641055757,NVL
-0.21605443458003337,IDI
-1.171734047188963,IJC
0.006453295359853701,GSP
-0.04169881736344594,HHP
0.23166733022071492,VAF
0.035675814561297495,HQC
-0.5866638027208154,CCI
-0.023742270352669615,PDN
-1.1559579277223737,SRF
1.0395261027360982,MSN
0.6150707931216183,TCO
-0.034854670552280795,PIT
0.010318126139600627,LBM
1.9243288720226388,VSI
-0.17254186316654385,HNA
0.3349320146200375,TVS
0.03942839082399665,NHH
-0.38810328689999957,TN1
-2.3979119515967375,DGW
-2.904348746324018,ACL
1.1195462251440733,NHA
-0.41663452759472974,TDC
0.7971635803769929,BMP
-0.3749440504484604,CKG
0.47455167405439,PGC
0.24747824048436434,SBV
1.8740704373524602,MBB
-0.38769844342124526,SZC
-1.4694216374365712,HSG
-0.48545766921873823,SMC
-1.4326763758665162,CCL
-0.5204294046121349,SCS
-0.33626478148367894,YEG
2.980319685777828,KHP
-0.018411210625910134,BBC
-0.09251179113593787,CTI
-0.8532305017383003,GEE
0.2607792517743127,VIX
0.6223860250193938,NAF
0.666732221201897,EVE
-0.35779435869383125,ITD
1.3427885213199375,HCD
-0.46796445401390746,DMC
0.1346486264577534,TVS
1.0665118908567026,SIP
-0.7979668968701489,CTI
0.0679939173390387,NO1
-0.06345626579326227,CHP
-0.7153625404281503,COM
1.4426586609285386,CSM
-1.0927140182699966,SAB
-1.3716376538241835,SBT
0.3415824980387828,PVT
0.3630783202500245,ITD
0.009086502229505166,HCD
0.21194597297191456,VTB
-1.375225281399204,HID
-1.6507802206926683,HSG
2.115222135548052,PTL
-0.5945203573247474,MCP
2.0256577386874612,ST8
0.2334348677438434,DAH
1.6585690483951028,VTO
0.35009055213777257,DRC
1.0042886700314524,SPM
0.041690769470247226,HAR
-0.5608687289939349,PET
-0.45685501420420277,REE
-0.8132440044208384,CSM
-0.8400889389357207,AST
0.605686844335316,DGC
-0.07030665502763071,ADG
-0.4674329329209672,DC4
0.6555404358611322,VCB
-0.11895931027550767,KHP
-0.3980669933346886,SHB
-0.09031876837524246,DLG
0.022746471693790186,STK
-0.000200210842177191,PJT
0.01811243066550267,CIG
0.9978406281363422,TSC
0.32263204701069265,PPC
0.3487082125821225,NT2
1.6299738108312367,ABT
0.8505612105934716,GEG
2.3072784321768576,VCF
-1.1846105897435573,NHA
-0.11778130632316505,TNH
-0.20014997019051825,VNM
0.26479615389816513,DCM
-0.16419674703332296,ACB
-1.1637718587215466,APH
-1.1484348640589144,DVP
-0.5818169161523493,OPC
-0.9950759015621573,CLL
1.4657595240953012,HCD
1.447088293274663,BRC
0.24759117738258343,HAR
-0.04007052630584957,SMB
0.3477175198696792,VNL
0.8126188072198909,VRC
0.11359328612301689,NVL
0.2589254273510116,TVB
-1.4188409238312225,KHG
-1.0832217466937593,ADG
1.9804186270642077,PAC
0.0341408805583172,HAP
-0.7066919998410077,HSG
-0.5713625084193686,GMH
1.3127037550991478,DGW
-0.03085772129366536,KHG
-0.9602625452755574,TRC
1.535160338676616,VIP
-1.3026968186827608,SAB
0.2525334625201021,VNS
0.836659955119763,BRC
-1.4876955975549286,HU1
2.011409562183441,TIX
-0.0950510483548737,PDR
-1.2231238256473838,DRL
0.6781062468747576,AST
-1.53617161222507,HMC
-0.46776476214992135,KDC
-0.48493823499316197,BHN
0.3068479432836046,FPT
0.058514895475326505,FTS
-0.04677377040858557,NNC
0.34390915033428604,DCM
0.10907800660823924,MWG
-0.06229934083713379,HDG
-0.22370033851902985,BCG
0.2534734267055952,LAF
1.7912630507118805,ABR
-0.8012188124069356,DHG
-1.24610603206759,CTR
-0.2461945457162224,LDG
0.17230141608957625,SFG
-1.744796888469168,PMG
-0.7450811258434753,YBM
0.5126979952890762,BRC
0.1664690036158597,TNI
0.1210193449888374,DHG
-0.0045751588509370545,SBT
0.447467618064361,NHT
-2.198015844736887,CTF
0.41641527166324876,VPH
-0.12506826180991212,AAA
-2.676500027178583,TLG
-0.11125677666260958,FRT
0.2801796153062556,VDS
0.03613302467133759,TCR
0.15538287207669643,TYA
-4.5284282802982485,TCI
-1.9710630965677554,DHM
-0.010023420587186551,PAC
0.40621153331882676,TPC
-1.9992754769139085,NHA
0.18719284802735647,ACC
-0.12397768158041365,BMC
-0.7457538723369476,DMC
0.2288132189447482,ASP
-0.6654149580829164,BWE
-1.1501724193623706,SVT
0.42763220459453194,KBC
2.24329530812511,ORS
-0.8634393349828382,DPR
0.19260799153844643,RAL
0.2958929839462392,VNE
-0.1201401898874379,VDP
-0.7511661180495918,DQC
0.1184553260907478,DTA
0.27635970498029466,VPI
1.0651913023658037,SAB
0.19163507740016567,DLG
0.3338036658902995,IDI
-1.1070009509587475,CLC
-0.13041207591205586,BFC
-0.35868291259330093,TMP
0.191108483255429,KHG
-1.5711075723739591,NHH
2.6837424915367425,NHH
0.12857564422848855,ILB
0.19075583187442513,SBT
0.43838764063390445,C32
0.8932025264347704,AGG
-0.008094871487904687,TCL
0.5739883336730699,POW
0.18676413821026738,GSP
-1.655467188999082,VTB
-0.5786381346029625,EVE
-2.567269834908224,TVB
-0.19380226156390154,SGT
2.4196573288234746,BMC
0.28449134471650384,VNL
-0.1192470712900554,AAT
-0.006974362964496282,SVT
-0.35400872090372515,VNL
-0.9585205512637333,BSI
-0.15673963357558718,AAM
-2.641205101033083,IJC
0.04916930423302487,DPM
-0.008094871487904687,TCL
0.4415120237406167,HQC
-2.8246557942233,SZL
-1.2404217342037984,SVT
0.7622046317876998,CRE
0.012677815929662398,HHP
-0.7089527548475653,BTP
-2.0265216536579285,STK
-4.669971420330225,CDC
-0.024751085154507194,TMP
0.7375456406736927,NTL
0.002173252341008279,SFC
-0.10041977834330237,PNC
0.05684529562428749,TCI
-1.854519758964623,CVT
0.5375699373778994,VMD
-0.255214210472105,ELC
-0.16701607701192459,TCD
2.353809704886728,CTD
0.9682783053918369,VCB
-0.3588624204314185,HNA
-0.38583359626251995,TRA
-0.3068787784339674,TDP
0.9391259610658318,ELC
0.23385320609102797,BFC
-0.9310957146975505,HCM
1.2850755823659175,KHG
-3.9200973848003215,HMC
0.31089013648360747,CDC
-1.117033390569821,PTB
0.7864058843248697,NO1
0.1541747462789413,DTA
0.2182143835577117,VNE
-0.024437552020783782,HTL
-0.4579832684912277,FRT
-0.08176325634876136,IMP
-2.2290306728609814,BCG
-0.15281773503467355,ACL
0.19703023087010618,NLG
-0.04613334019022306,NCT
-1.2073561680252496,DAT
0.323343075221842,HAP
-0.19901658457005675,ICT
-0.37334637200122567,TNI
-0.19847474219067832,CMX
0.27051434819451853,PPC
1.1640633803878817,SZL
-0.502359331322571,DIG
-0.4593472898186984,SAB
0.5772291735405011,MSN
-0.017295779253476598,SZL
0.03956661659568135,SHA
0.03724311386447903,PTC
-0.18923940350031282,TLH
-0.9243840952357159,GEE
0.41845752991041296,STB
-0.586527485533542,LBM
-2.221391065153721,GIL
-2.0193381212675257,TLD
-1.0745418871840942,EVF
-1.739208865204545,ADP
-0.16184636713550452,CII
-0.36445084499075486,BSI
-0.06984619029859117,TCT
-0.3858963992177122,PNJ
2.507703384308543,HDG
1.2007511626872576,SAB
-0.0264407812785305,VDP
0.9635976928328001,BCM
-1.5580136741872284,CTI
0.009208852275549986,TMS
-0.0849499312980735,IMP
1.0856910832501776,NHA
0.4337879107287345,C32
0.3780223756324086,HDG
-1.0358373847287543,DRL
-1.6600633981461321,VAF
1.8070957513664567,VPS
1.1172941333409154,DPG
-0.1600720223964966,IMP
-0.004716289416680875,VIB
1.4585498455046604,VPG
0.3775963299970001,FIR
0.017275768872348746,TRA
0.5228030207818583,FPT
-0.7678643373533464,TPB
0.0362638322978957,SBV
-1.8736217257641208,TTF
1.320067140082657,POW
-0.09791870528970903,GEX
-0.3375304668448405,CII
-0.6387117316916308,CTD
-0.850169545667493,NTL
-0.17825395883324754,DHC
0.4351882352889452,VTB
0.8503046153648345,FCM
0.708607814439568,BMI
-0.008094871487904687,TCL
-1.030669126438083,ITC
-1.2690337582097762,MWG
-0.04078145236801527,LIX
0.02227599319932012,HU1
-0.7589442418013801,DHA
0.11282251733433554,MIG
-0.1932736950707232,HSL
-0.7044151383835716,BSI
-1.6331593230612358,HU1
0.12000519196818875,BVH
0.08807284635881,VSC
1.976192617093981,AAA
0.033891742871444946,PGV
-0.5548192291650956,RAL
0.4011958322969949,DAH
0.7534056776643271,BFC
0.02227599319932012,HU1
-0.14687837824666916,CTI
0.7298454522879072,STK
0.3184943506987098,LPB
0.015255258796785395,HMC
-1.4898728225611058,DHG
-0.11408641245389113,APH
-0.00953636976089501,ILB
0.10828017040353821,HTG
0.9117365115016265,ST8
-0.22891676050252638,LDG
-2.196662131955702,VOS
0.7769637469934775,NKG
-0.41523250404739837,HAH
0.6425139055522409,HHP
0.25601225609598527,PAC
-1.8731644561357235,TEG
-0.5188754406888227,DTL
-1.7479135486415767,TDG
0.008777466983687194,UIC
-2.025217969573836,ILB
-0.5504495106894735,NLG
-0.7686597706443046,CRC
-0.3001389424841162,KMR
0.0877520014558802,PIT
1.3770324328998484,PTC
0.6828998597305717,DQC
0.4400769580660113,DGC
-0.9362049558183722,DQC
-0.1937316196707555,TTA
-0.03278322785512887,VPD
-2.430654387342056,LGL
-0.24772694554132835,SGT
-0.03796103738210988,TIX
-1.0715850178160249,VNM
0.8788618436342844,IJC
-0.3899864705676783,ABR
0.3647849055452655,CNG
-0.7152365811497514,SZC
0.44502436346779833,KBC
-0.5568368057527633,PGI
-0.8427574329474883,VHC
-1.5413881895868313,PET
-0.21073748541496393,VCG
-0.46328862417198535,VSC
-1.9711448697493097,STG
-0.06345626579326227,CHP
0.8239923086492696,HQC
-0.5092023289353568,SBG
1.704561994334574,ABR
0.49186715570385026,CCL
0.04503576612743704,PLP
-0.12794495893437213,HDG
-0.007402523705726499,OPC
0.937594103879335,TSC
2.125645255395216,EVG
-0.22316040608311163,CTG
-0.6825165968727257,BAF
-0.2721643229599662,HSL
0.793880950192458,NSC
0.13006157973845903,AGR
0.23113852507535015,BSI
1.6163334623484582,VHM
0.24232220445414865,ORS
-2.3384162567744142,PDR
0.2188315983250259,HU1
-0.07292025705733195,SHP
2.761014008617606,PHR
-0.3711191645274293,CRC
-2.7765489513728094,MIG
-0.04103195786980026,TLH
-0.09885360240010166,TNT
0.400543723041368,POW
-0.006848030183802705,DHA
-0.006610800981848937,VGC
-1.1396545500392856,PDR
0.00866844301216053,CSM
0.3005923625897427,DRH
0.2405410640459599,LBM
-0.2953641530680696,HPG
-0.6152109601080762,BVH
-0.2974406330438217,DBD
0.20182823559590954,PC1
-0.09838942673995285,GEX
-1.0751159857462036,SHP
0.09875155588174604,TLD
-1.2004318909487934,HMC
0.020147548209148023,IDI
-0.7166752744879386,D2D
0.3084962451740567,VAF
-1.1802545469083667,DSN
2.163412182403144,SHP
1.4567562526187765,SFC
0.013928113503173137,LHG
0.28092392841857067,HUB
0.6113004214741143,TV2
-1.437682263258185,DXV
0.6059656987822172,SSB
0.034422787801548956,TDH
-0.09590440571418352,VFG
-0.17573493567558363,ITD
2.3775613221035647,VCG
-0.4601097425098708,ASG
-2.1119162405946015,TIX
0.009086502229505166,HCD
-2.8078774788290137,VHC
0.24890861510256448,HTV
-0.39161848034756136,VPB
0.5158961172458786,VID
0.3567757941606233,DRL
-0.010278857846892493,ICT
0.1755063299832163,FRT
-1.8215539531159388,DXV
0.2447149103277111,SSB
0.4918365370929219,KHG
-1.0243592096805803,CTF
-0.5175938188627125,TMT
0.9855972584211969,PDR
0.0324173028238746,NHT
-0.06270417514303173,MSN
-0.13775999424894356,EVE
-0.8701517048197216,MSH
-0.00719836091860017,TYA
0.8227443253297686,VSC
-0.0565525504288519,TV2
0.23341329533229335,HAP
0.5085006408253411,CMX
0.0362638322978957,SBV
-0.26290399396610353,STG
0.4591608664792699,HDG
-1.272139213144112,PTL
-0.25161256260295894,PPC
0.10734316051509535,CII
0.7990641332850325,DCM
-0.0890743270845644,TCD
-2.710737143780605,DAH
1.3201169302962286,CIG
1.168033836461262,DSC
0.9338400653761862,HTI
0.4884781565142121,AAM
0.12402656767231894,ORS
0.021263913029223785,SSB
0.725953174913347,VNM
0.612032852404958,SBT
2.0650246714670626,HSG
-0.07790164166509787,EIB
1.3953937463771597,VNE
0.9503042310147177,TSC
0.19044041735620879,AAT
1.2105995324679586,HU1
1.0647098576132161,TPB
2.0756328681706187,VND
-0.7176865042505711,DHM
-0.8194894623312331,CSM
1.39578299526781,PMG
0.24663869030626637,SGR
0.9598034760607499,CSV
-0.1581211620622165,VCI
-0.0406913853511416,KOS
-0.4161285991549058,DC4
-0.20105828213215793,LPB
-0.401329805364609,UIC
-0.18530746720043306,PET
-0.2851888712624572,DXV
-3.0976293232221974,ACC
-1.8314346739620082,CTR
1.2746754412184318,EIB
0.29312161131163206,DPM
-0.37290392407762013,FPT
2.120279669144703,DCL
-1.310492115586001,SJS
0.41223158653606184,VCI
0.4742729383335765,VPH
-3.2430240803048584,NAF
0.011830004151621692,CTI
0.0940461131490308,EVG
0.2455008151000865,HII
0.02299732134407447,VMD
1.5021851908410517,BWE
-0.13992357354908752,PJT
0.21735482561444233,SCS
-0.08912738670559875,FCN
0.3960672366442469,VIX
-1.761274257191995,VPG
-0.4844271761642393,DQC
0.018951805322753378,HT1
1.942287802387414,NT2
-1.2986005398501488,BAF
0.5965162434121165,SBT
-1.0060990761637316,DC4
-1.7323414709983296,STK
-0.09460099437239812,DQC
-0.37390054596154576,CLL
1.3252260633485682,SHA
0.5315454952522515,IJC
1.12298571597755,AAM
1.5384014432165178,SSB
1.9769154960439619,REE
-0.3721690241819485,DPG
0.07637999547496133,VAF
-0.23514922153883136,TDP
-0.19218115280339132,VSC
1.5747049002736384,TIP
0.15372829638344582,PAC
1.2612810357857056,EIB
-0.008373754902828255,DHG
0.021011504725503907,AGG
0.40535602599843557,VCI
0.06839524545885395,VPG
2.1353620814102263,DGC
0.19408256666188936,AAT
-2.5655386832993874,HCM
-0.46816925385582125,HDG
0.18375736583922528,BMI
-1.6096865653178576,VIX
0.27599240177050466,PNJ
-0.14547761026981482,ACB
-0.5923128349828968,SAB
-0.2817959448857032,SJS
-0.5349150441086457,DAT
-0.6291355995137791,PLP
-0.04613334019022306,NCT
1.7227202872745784,ACL
0.78878543542569,SSC
0.604260936120928,HAX
-0.6990314599991234,OPC
-1.8197795279617806,DHM
0.8150164177900199,TYA
-2.0885772431972396,PET
0.43246926693531057,LGL
-0.474565511055804,FCM
2.0988274970292986,PET
-0.738269176340573,YBM
0.7148489045254687,VIX
-0.485238332546875,CNG
-1.2758069837512784,KSB
1.2850335515464086,VPB
1.0554107751083943,CTF
-2.6529540676527104,NLG
-0.017295779253476598,SZL
0.7247744075230426,STK
-0.42074490371235557,TCL
1.9987360477821028,TCI
-1.1165505554392476,FMC
-1.5906232687831519,SVT
0.019727751281224896,SFG
-1.7460039805176526,VPG
0.04503576612743704,PLP
1.5836663460821445,VID
-0.5023745178418391,VNS
0.20571173899327938,ELC
-0.6604120094740191,TV2
-2.2682917468062125,LM8
0.7181766136290592,PC1
-0.06411807354513586,LPB
-0.5726886195063787,PIT
-0.3845032264239314,TN1
-0.16513419918600739,HTG
-2.825951902732236,DQC
0.9641860176772433,SZC
-0.651267549908556,DBT
-1.4642653273287625,VAB
0.7627426780776152,DGW
0.23959795774977058,ELC
0.08236597076980459,DSC
-0.38515931064895553,BID
1.1227527156289898,NHH
7.811246830181047e-05,ITD
3.7162134066581785,BTP
0.08634797532676669,HPX
-0.26770508634106166,CMX
0.2636497982620679,VPG
0.46182877002694683,ANV
1.5155888368494386,HID
-0.6733528531101631,VAB
-0.07264784498033562,FIR
-0.040003774254101336,VSH
0.6755382596729833,TNC
-0.3383619616154802,DPM
-0.13545792951687763,HT1
0.6908971460771668,HUB
-0.11930738153487125,TDH
-0.1856399946729833,VOS
0.051354330134984284,SAM
0.15917063715710192,PGI
0.0007264038441690482,BRC
-0.6454839759830647,NNC
0.061860650254499855,APG
2.7120465402156597,EIB
-0.9741685448991714,BVH
1.217938102809238,HVX
0.3259867670871193,KOS
-0.440837642203289,ASG
0.32104065146651367,MCM
-0.36786978086818345,SSI
-0.6083351289470941,GDT
-0.5365890580795397,TDH
0.8152010756051805,VID
0.9399627398065534,BTP
-0.6616193850292101,DSC
-0.2027522245796262,CTD
-1.286920923115444,TPC
0.26535415630549425,VNS
0.7284600642883864,MBB
-0.17857626173864236,PGD
0.9367216232739864,LGL
0.5493699154557856,ACC
0.12581879532625173,HAP
2.8045368683358656,HMC
-1.5755639994413921,CLC
0.6594584683275553,BKG
-0.11874901900718582,THG
0.7566444474556088,CII
0.12465636703591927,TCH
-1.1008286122781457,LSS
-0.11412460974003312,BAF
-0.022303180542137136,ASP
0.40659272787451795,C32
-0.1322298652236446,TPB
7.811246830181047e-05,ITD
-0.20556414869890466,HDB
0.677353038137252,CTI
-0.0030895986419726996,SJD
-0.586115744787243,SMA
-0.8101026582287257,AAM
0.12951648809985544,HVN
-2.383153201697725,DGW
1.46651696688055,IDI
0.03942839082399665,NHH
-0.03442921915365666,HNA
0.16135309013563393,BVH
0.1626279222636669,VTO
0.2076366296294472,VTB
-0.371947909285756,PGV
0.5752574957557878,PC1
0.165316165001304,DSN
-0.4615418416549425,DQC
0.48730528853787675,CTR
0.6852570024961294,GIL
-0.08297631292403088,GTA
-0.7386956582974369,CVT
-0.45752839567303355,ANV
-0.18345902910618223,LHG
0.657570181118995,MBB
-0.0005548721080492898,SMC
0.04608311046099352,LDG
1.5276523305433076,KBC
0.18446730919615614,CTF
1.5000196837331323,SFI
-0.13304832867702635,TPC
-1.3810104506818608,NHT
-0.18545942381557248,HTN
-0.49783135276236573,APH
0.304771240256725,HPG
7.811246830181047e-05,ITD
-0.4232872116652842,GMD
-0.45191023604904124,NAV
-1.190091292083761,SBA
-0.0019336602746562672,LM8
-0.3665555794807012,NVL
0.37994781539821465,SFG
-0.07292025705733195,SHP
0.3481708326984861,HID
0.9370811791288663,NO1
0.24194441042321707,PGC
0.3530701130171811,HAS
-1.8258761630549927,PNC
-2.243447599607429,FCM
-0.8046723870699394,AAA
-0.45993895172632004,DBD
-0.4070930905190601,VTB
-0.5006903011458188,DRH
0.06941610846179128,QCG
-0.0030895986419726996,SJD
1.6252295927370446,AGG
0.13825869303477908,DGW
0.37641335933120784,TDH
-0.07514867263914385,HSL
1.7873961797392932,HCD
1.651584162697551,POW
0.1990587323675721,VNS
-2.3286669599339245,ASP
0.009963128801333257,PTB
-0.4925004549445154,VNM
0.860476239100604,DTL
-0.16406536987043135,FTS
0.06441724574230437,HVN
0.13132013834458478,PET
-0.03278322785512887,VPD
-0.24863811995777652,DGC
0.025194249438446836,HHV
-0.05435918765649435,SCR
0.029626090837454145,CCL
2.6245290926951568,LHG
-0.304052663406649,ASG
-1.4675198094563495,TN1
1.7338074209632905,GIL
0.004558087972000823,ABR
0.11921485556941687,PVD
2.179234032235548,MSB
1.7964363165092578,MSN
0.024848883416702383,SAB
-0.150024826972573,MSH
-0.2672738595253293,CSV
-2.48610328895305,TVB
-0.4100553891286196,PLP
-0.5288757044600156,JVC
0.025286651832193426,SPM
-0.009357836561759423,VSI
0.26177588121481754,DHG
-2.199598416032756,EVG
-1.2219640002150214,SHA
1.0707057174677912,SSC
0.021263913029223785,SSB
-0.3818808397685223,C47
-0.1767253078328887,HHS
-0.37459419522009546,DGW
0.16782797192182652,DGW
-1.9804646315957268,CVT
-0.11895590842205268,AST
0.05823254814772904,NVT
-0.04066022876370414,SRC
-0.025823844989583473,STB
-0.009357836561759423,VSI
0.037449764337897366,PPC
-3.1004630695669118,PGI
-0.009410963906315451,DPM
0.9169688174923829,DGW
2.5354292293712044,HAP
1.0679880097478522,HDG
-2.140116418276906,PET
0.6163735640018594,SHP
0.3246896557002592,PGD
0.022876160959303934,AAM
-0.37418829400731946,SBA
-0.43168508866414745,DGC
-0.7469487543568556,DBC
2.5793863865148388,MSH
-0.6055447544245008,APG
0.11488254100819667,TDP
1.1284534009710783,GSP
0.6931878129581983,VNE
-0.856525109769139,DCL
0.12416546851228992,VID
0.30083431064958455,LAF
-0.1628937212382545,HPG
-0.2392150623600999,CNG
0.041504414854526286,TMP
0.26431895896751867,PJT
-0.7955587349616764,CIG
0.163875324637497,STB
-0.48094188643034713,FIR
-0.019990019602662928,CRE
0.008078648031764968,ACC
-0.44428992953218693,VPH
0.126786951189136,SAB
1.8962408203626078,DIG
-0.45967457605128403,BFC
-0.3396257731796374,ADS
-1.2337716541689552,VMD
-0.32749870477331855,ASP
-2.036880763986712,BHN
-0.006300765478296128,HAG
0.344613184596462,GVR
1.4552870415489574,SJS
-0.10220432903287438,HTG
-0.5168215807331452,GTA
-1.4608924096009523,BMC
0.07094122771175826,NVL
0.4190976062006325,ANV
-0.08592719274745868,TLH
-0.6607384880507747,NTL
0.02622420446581552,PMG
-0.5359792286027599,CVT
-0.19747642221379222,DHC
-0.021401135220634582,VNG
-0.017295779253476598,SZL
-0.7206439923315842,VIB
0.009963128801333257,PTB
0.375239535619569,DHM
-0.06618383010215133,TYA
-0.14622070774582993,YBM
0.2174562488664799,VCB
0.05479246954272211,DAH
0.16736296842036005,APH
-0.45398927299257413,PLX
-3.6144555374175846,OCB
0.30263260416629767,VHM
0.33844391223384834,SJS
0.06069482640122859,TCB
1.4819644185351613,KDC
-0.4009123055911879,KOS
-0.13547272559708537,TCI
0.09671080995612086,CTS
-0.14532861627432375,APG
0.3048800303385779,HSG
-1.0854096627887346,HDC
-0.13697642192076534,VCI
2.925700972822671,BAF
-1.5385455252927867,TTF
-0.19566926823626085,HTL
0.49961881813908754,TRA
0.889299395258604,LCG
-0.3937415103477101,VMD
0.24973270209843293,HSG
0.6457822715581897,CKG
-1.0819548095465035,ORS
0.5389301305310079,DCL
-0.4716494643753317,BCE
0.1338394468988612,FIT
1.6584455080741423,HTN
-0.48146120907467166,FCM
1.2586224176969296,MBB
0.3667017302236792,BHN
-0.6879882605210306,HMC
-0.011363361939300017,VCF
-0.22187136836308669,SAB
-1.2289006627038568,LBM
-0.21453009191552058,VPS
-0.03435743539841269,TLD
0.7381375568326366,DBT
0.26367152650949066,LCG
2.662645537665088,VNG
0.9768504774043872,HTV
-0.9834058856555551,HDB
-0.6105881545884929,TNH
0.04523473927360492,DQC
0.5704203467637953,FPT
-0.44577302559101406,BVH
0.6575466281663674,SIP
0.03942839082399665,NHH
-0.0015343096101767507,BCM
0.6221884384161442,HCD
0.327611420163026,VRC
-0.5845483231972118,HTN
0.4646235080417113,DLG
0.7173029286677852,NKG
-0.002536527193645212,HCM
-0.12790763743670566,MCP
0.6573944206639256,THG
-0.19011568570890394,SBT
-0.3607878048402745,LIX
-0.7558757581273488,SRC
0.5825094757111915,PNJ
-0.6808588175718099,NBB
0.324368072166631,AST
0.5066522423441631,CRE
0.17520892205616012,ADG
-2.4183596324355388,LGL
-0.6381653622751908,VTP
0.7072280646602146,LIX
-1.8801718716125788,QCG
-1.1565767425039413,ACC
0.16189200609857848,CKG
-0.027216118594928514,HAH
0.2957518426901683,PVP
-0.21229461967622792,TCL
0.25773327374022936,DXG
0.7664163496834959,EVG
0.28236085898232705,KHP
0.015075088486803464,DCL
-2.682034269121347,NTL
-3.0877726530984586,VMD
-0.47328357483297295,NVL
-0.5089189228265952,APH
0.3139841896071291,D2D
-0.6913205314378292,SAV
-2.276581098257792,TMT
-1.7015197926884063,TDC
0.30146226139595944,GMD
-1.492338880623865,PPC
-0.5438944618051268,CSV
-0.1400219894130808,CVT
0.4396725671641154,NCT
1.4110390055681472,PGV
0.18164003984586477,OCB
0.09200201490706561,BFC
-0.9253558731439021,PET
0.08474110172633922,AST
0.37564197034056174,PLX
-0.6169098454531698,PGC
-0.15863783634707995,LHG
3.962234051803345,TDM
0.020643279426379058,TCI
0.19202176545928354,TIP
0.7473505380038495,TPB
0.9424313257168503,VOS
-0.1907271805993244,VOS
-1.7896254896829134,DXV
0.5490801952349618,ORS
0.0324173028238746,NHT
1.6147086976747715,QCG
-2.511667189522052,CMX
0.05640186992323977,VCB
0.8276400605151174,DPR
-0.6912230358211001,HVN
2.531816154354774,TCL
-1.0264667754631251,SMC
-0.01004722454884453,CTF
0.011830004151621692,CTI
0.20658804650107418,CTR
1.1325278796968843,KMR
-0.8928364870943012,ITC
0.35587077387594596,DAT
2.1262442163260378,EVG
0.015607452319873193,IJC
-1.382126491448175,PTC
-0.12043347351848685,YEG
-0.031228178938411733,SJS
0.06498218563453641,KMR
-0.8922117794285183,SVT
0.23812526684201157,SAM
-1.6802555032434188,DC4
0.7817873220232725,VNL
-1.1273631568986224,HAH
-0.06250363679375201,PAC
0.3754948284059736,VMD
-0.17858359089724393,SJS
1.679358080339324,TVS
0.17642013254269068,NAV
-0.11653913265637166,TCL
-0.4162169339962647,HQC
0.03490476373496119,BHN
1.9315546619339614,TVB
0.1273250625000509,GMD
2.3285295476609167,DGC
-0.07428526424255355,CTS
0.006207182326561493,MSB
0.2983433328820552,CLL
0.5878648193928264,STB
1.4139657337859606,NKG
-2.3193052906304428,BMC
-0.04547328992370556,SRF
0.0913181108297161,OGC
-0.3122412076701035,HTG
-0.29682489217873814,MCM
-0.10183301747586433,CTD
0.2603431407388585,NCT
-0.5626561037028863,GEG
2.7798536183841307,HCD
1.1407284355471583,TYA
0.04377497076555655,VHC
1.5505914256181024,HDB
0.02144605611736599,DXS
0.017192709580587395,ACL
-1.678077771512231,HAG
0.21849657973081685,HPX
1.619746757263483,TVT
0.2224017472260002,VFG
0.12738382845790447,CMX
0.32304726800647476,TBC
1.1905011988366394,DXG
0.882265658591878,TDM
0.13050948764684137,HDB
0.27436380641708996,VPG
-1.0935795499962866,CDC
-1.7595934785961425,PNC
0.05458029371610892,VJC
0.8551564512162689,SFG
-0.784012952547994,ADS
0.9876880813447743,BFC
-2.3377395193315818,GTA
0.3714913643894268,HII
-0.004178447362447563,D2D
0.01966832860068962,HRC
-0.3213010961468197,CMX
0.1454886701099456,PLP
-0.08648290161910475,FCN
0.3911665704025675,BRC
0.4467368257888916,PHR
0.07113793829330498,TCD
1.6644395666031104,YBM
-0.0014287976065902627,YEG
-0.2404219768059233,SPM
-0.21933162225307176,VRC
-0.32707646341495944,C47
2.090747579719827,DLG
0.3187560801433239,PDR
0.07094122771175826,NVL
1.6097035073772792,HDG
1.4517110947175327,IMP
0.04525888939335784,VTO
-0.4565740531053754,SHI
-0.2612034999697667,MSH
0.028112285754165734,TN1
0.7759826007995158,VDS
0.7211517069484912,HCM
-0.286975941419733,NSC
0.12860872697329886,HDC
-2.7485360849529057,DAH
0.005916506007162316,BMC
0.5043768372665778,TRA
-0.16560424386191683,TCR
-0.16998631670305311,VHC
-0.27401755981132425,DTL
-2.710506108770375,KBC
0.21318036749013333,LIX
2.0640216026908322,SPM
-1.315052358964298,TN1
1.5876131055055949,PET
-0.13553679995742748,VCI
-0.457897303315203,HVX
-0.19183727664684427,GEE
-0.06428675126756113,VND
0.38364201667677555,CTI
1.1133407617552928,FCM
-1.7721060845864423,GIL
-2.225929075109668,TIX
-0.6047087201436481,PIT
-0.8646065566257789,HSL
-1.1339289692215362,NHA
0.49619028629100526,FIT
-0.6776689220712693,FPT
0.204299228368379,LGL
-0.7965321957448238,DTA
-0.033450308484670115,PNC
-0.33883613897524617,EIB
0.34590683670977285,HVN
0.026941231610136597,MCM
-3.0962661227944968,ILB
-0.5986402721143251,MSH
-0.9239391509272341,HPG
0.8603442488461706,DQC
0.19861123993704702,NVT
-2.5038510348134837,BRC
-0.5565940446786837,STB
0.17394603973799175,LSS
0.5545011533541933,VIB
0.3065590144961557,TDH
0.0362638322978957,SBV
0.6651719911047502,VSH
-1.4704184695933191,VAF
0.026941231610136597,MCM
0.15279755922001392,CRE
-1.2219009308092634,SZC
0.20464620895432412,TCM
0.3820553548220471,ASG
0.2327726585563933,QCG
0.3004808285094441,SZC
0.2607392411740235,SJD
-0.7956670030133549,CSV
-0.8004479659003523,CDC
-1.5010464949600402,DHC
-1.3956318475982619,DBC
1.7922029268578352,SBA
-0.46764550540213057,PVP
-0.9917276611537214,SMC
-0.8543460456410894,VNG
-0.4503175990799337,DGW
-0.28805702239491054,HAH
-0.07292025705733195,SHP
0.40040886975908124,PLX
-2.2398333411547307,DPG
-2.8701594201619685,KDH
0.04929621435486494,VJC
-2.5395479725362744,CTD
-0.3866438272392375,SSB
0.10582189601214483,TDP
-0.46717049230529173,LM8
0.5599845696513855,GIL
0.5730176396669784,HVH
0.37406669323617675,TVB
-0.00924355146444541,BCG
-0.08776587939779017,KMR
-0.06898774815623422,PGD
-1.9214487638447069,LDG
1.723181113523984,FIR
-0.33896000282850736,BCG
0.1587305429951267,MSH
0.10438538907728812,OGC
-0.7318711592497507,PNJ
0.42380084526386513,VCA
0.028112285754165734,TN1
-0.8539783641056284,TRC
1.5133262851982576,SHP
-0.6005777437556838,ASG
0.09185429812889624,PGD
0.8913950805954006,VSH
1.5734317936775446,VIP
2.9909706455128964,SHA
0.02676723197583641,CVT
-0.027942882892027922,VFG
2.1256335171927927,VOS
0.0023951870223284273,VTB
-1.8349548818617256,VCF
-0.8471880282003782,PLX
-0.14017502837538817,LIX
0.15891471164212326,GDT
-2.003585681045452,DCL
2.2410666186718764,VPH
0.024740980322053182,TIP
-1.2855255502116458,GIL
-0.5083882853918624,HID
0.07812019103487806,BMI
-0.7730495935213902,EVE
-1.0066661043597707,HVN
-1.851616545974429,SC5
0.18233651350464794,TRA
0.026296599896096524,ACG
-0.34272333718109693,HII
0.005526522326290344,PC1
-0.3410935667656245,SBT
0.1330327413030514,GIL
-0.10265022800313146,DHC
1.0088438172178282,DRL
-0.6477970501761133,EVF
0.14941652644015874,TTF
1.6881830149700845,SRF
-0.015585174148734268,NAF
-0.16783135544126584,ACC
-0.45512310259739214,AGR
0.47055507420713905,CLC
0.08768557113824618,CIG
-0.5700529377966587,TDH
-2.285681387087929,HDC
0.015756027169093047,CII
-0.36245815930295505,HCM
0.1777468204017868,DQC
-0.8742252584175833,LBM
1.2550433017790565,ASG
-0.5797942049385857,YEG
0.39038929458909233,D2D
-1.1131908118233234,JVC
0.22767376270572676,CII
-0.0010929923421224704,NT2
-0.024699671355255956,YBM
-2.1939525386178906,GMH
-0.7435108905668124,VPS
1.6538935048344587,PVD
0.007161490546100228,HTV
-0.14365860777895215,TVT
0.015255258796785395,HMC
-0.004205372210390653,TCH
-0.1424935603653262,CSV
0.35726651071951343,NAB
-0.9754613194552242,SHI
1.7260254016534178,SPM
-0.532606232535142,HDC
-2.197485094862332,DAT
0.15280384970251956,KDC
-1.6509357953041732,BBC
-0.11932984073611322,KBC
-1.2589990233189043,SHI
0.2924065197246726,DHG
0.4019881981010239,CKG
-0.23762432807892134,BTP
-0.17173417863223822,TRC
0.9032761129067338,HCD
-0.18046845696967992,TIP
0.01811243066550267,CIG
-0.18743777460895192,NO1
-0.01075329575248783,CNG
0.20824233053833818,SHB
0.949584882684986,NCT
1.9191602622122477,AGR
1.7871834520374001,FCM
-1.0060442550725015,KBC
-0.23128297004520376,HAP
1.3132953944165615,PPC
-2.7841469588284733,DGC
0.5824897829507908,CIG
0.017275768872348746,TRA
0.0051826703712155,CTD
-0.3402176074047208,NBB
0.7033396140324317,TMT
-0.006974362964496282,SVT
0.5430133343285893,TRC
0.10111302754799077,PGI
0.05693944029948315,TMP
-0.23197496962774816,MIG
0.16060858504042497,GMH
0.08485316087450719,PDN
0.09383696827752987,BMP
0.310453056594457,REE
0.17692027216185086,DHG
-0.16480668867116785,DLG
0.12164177381763669,DHG
-0.3591948834389815,TVB
-0.7460721553649872,DGC
-0.7445005038045944,D2D
-0.15641939318133838,VRC
2.035929029477789,LHG
0.7826375635909945,HDG
0.017470414537389668,DAT
-0.1373265169173328,DC4
-0.38781945598291157,VTO
0.5371368947089311,DBC
0.3014089316264492,DHA
-0.2431648432092171,CLL
0.3432332125901559,TTF
-0.2431132282938439,VCG
-0.4548609411658261,FCM
-1.1881509164320099,SSI
-0.022085107659761037,HII
-0.4009291193152937,VDS
0.03724311386447903,PTC
0.3353964328728432,TVB
0.33024649012879914,DBD
0.808740253379978,NBB
0.4278724570691618,HQC
-2.2314799388053457,HTL
0.701487128726041,HAX
-0.033450308484670115,PNC
0.10516243707989631,STK
-2.512942052750174,ORS
-0.8900075888691552,REE
0.05574791319189526,HVX
-0.345611151044681,BSR
0.09281182282323047,CMV
0.29840232001917893,DQC
1.467255203869597,BMI
0.17803380265914537,VDS
0.6127456048219286,TVB
0.5929041464177458,ASP
0.006207182326561493,MSB
1.3009844725701714,QCG
0.00209073858101088,SHI
-0.29115117182689537,OGC
0.34417236564032566,NAB
0.24507350324478833,HDG
-2.7379428425699435,TVS
0.43781555603789757,BKG
-1.9090518274031143,PGC
-2.097858217924512,KSB
-0.688453875751157,TIP
-0.636683995672048,ST8
-0.17152803452770826,SSI
0.14677791913230565,VNG
0.33814976494519117,CTS
0.029208460341036874,NBB
0.07537301079521444,PGI
-0.6071863684305566,SZC
-2.208460137097054,BKG
-0.3075715027884341,DC4
-2.0105402019389,CMV
2.4295731118793156,TVB
-3.3917025436247603,BMI
-0.000200210842177191,PJT
-0.16937616282422557,QCG
2.6259453822150927,TEG
-0.6637060534757888,TCR
-0.739619283311134,PET
2.287438691754053,TDP
-0.7348270559638606,ASP
0.16600422817600013,PTL
0.015607452319873193,IJC
0.14989426995692126,CRE
0.18654197238185893,SGT
1.272229202477563,GEX
-0.16521061598859993,BKG
0.035676689866664224,GDT
2.5530619443538356,TN1
-0.25104749516634917,SPM
0.7997321599611064,GMD
-0.8989471293690028,VPS
0.9648824420006392,AST
0.1121541906767614,BWE
-0.8194704042674648,MBB
0.5636481808816464,NNC
0.2028169691015278,BFC
-0.11930093583751439,BCM
0.20779752187619985,PLX
-0.01453429557303398,MSH
0.8434138309515821,SVT
-0.02248099633783189,DAT
-0.02920682824693474,SMA
-0.191329468627926,ACG
0.21909966735110128,TYA
-0.0191656674683709,BWE
0.238170104078276,DPR
0.16488685642044476,VFG
0.24548982729082747,YEG
-0.26184568000218184,NCT
0.17786297349090918,LSS
-0.01803149338245371,HHS
-2.2961478762125087,HTL
0.773627627481583,PC1
0.19275509298632204,S4A
0.19996869721202135,SRC
0.0861640273610271,PLX
-0.1583183880783673,KSB
-2.8632943332927376,GEG
-1.7403351182247466,VJC
1.8209182653498446,DLG
-0.7346883818935346,ANV
-1.0521080347626888,S4A
-0.557365884119819,PDR
-0.6097452170777699,HVN
1.9458670342552065,LBM
-1.1120143028700333,GMH
2.591920582993276,VSC
1.336606596005537,TV2
1.9734216677021452,DPG
-1.834132727598138,SSC
-0.22205697360122015,ADG
-0.7722170875068157,TDH
0.11654539722538122,SMC
1.140181559220409,PMG
0.46677381799467754,MIG
-0.39245039760670686,STB
0.8774870898011774,D2D
-2.3002587799831575,DPM
0.7787491568179431,CNG
1.4538396946332381,HAX
0.4776776036738668,PVD
0.06715384011419694,AAT
-0.09681283819397873,ADS
0.00866844301216053,CSM
0.8691931288969263,DIG
-0.1264714962683373,VCB
1.1032540189511149,THG
0.6856457058633617,TDM
0.3193740541740852,FTS
0.004558087972000823,ABR
-0.09274288528830864,PGV
-0.24048245529929832,TSC
-0.2480438082546966,VPG
0.03080125194786874,KSB
0.20275199276182104,SKG
-0.023440289354174852,GMD
0.0324173028238746,NHT
0.3086037243314243,TTA
-0.6223765367790692,FTS
-0.176707750926391,HTL
0.3707315607667013,HAP
0.09178262808578387,TCL
0.21232266760140636,IJC
-0.48104077110539883,DPM
0.6113324443048832,HCD
2.596682232444919,TTF
-0.03631780628272053,PHC
0.7771707658906489,TN1
-0.17328578848296503,TTF
0.4757804156893218,VAB
0.22898086644297969,HAH
0.7842580506494632,TYA
0.1838579771293421,DXS
0.31699712036128336,HVH
-0.0359930094381846,HII
-1.661175872166717,HU1
0.48173976724155,PGV
0.20815993320616344,MBB
-1.8668793950940263,VID
0.060529458605799516,STG
-0.03278322785512887,VPD
-0.36854692230935177,ELC
2.1645519451966098,STK
-1.167728241735178,HTI
-1.0135085550607825,GMD
-0.8518646161982435,ADS
-1.169623070755212,CHP
-0.2986069362481188,PGV
0.07417024486567224,SCR
0.03288315152464663,SMC
-1.116962861341508,PDR
0.6908094479430664,PHC
-0.5353497914284311,PPC
1.5550867021317645,OGC
0.0216565996698444,TCM
0.48889440637969267,HAS
0.8592293375841726,NVL
0.014846674365648113,PAN
-1.348124238782615,TCI
-0.6879239499821673,LBM
-0.5489886078225752,EIB
-0.010886727105730258,VHM
-0.9592656930361392,HMC
-0.7877466886159875,NHA
0.32838946439964384,LCG
0.029208460341036874,NBB
1.9853088726736492,LIX
0.9350431112265537,VGC
-1.5413097414541068,MDG
-0.11539443467768827,MWG
-1.7395719929442857,LBM
-3.0547267226190655,BMI
-0.04558285409718214,LDG
0.07364015118561493,PVD
0.04503576612743704,PLP
2.4900788512215417,CCL
-0.7892181396091086,PGC
0.27333915456725333,DGW
0.21138277673394573,BSR
2.3415385748401074,ELC
0.17211619232048994,NAV
0.10203564585876865,QCG
1.1576841425646247,DSC
-0.7117563764636198,GAS
0.9307532506596624,TDH
0.09568984111078419,CMG
-2.064014996384768,MSH
0.55573443100903,BHN
-0.0009499257658802867,KDC
0.6537320978352535,PLX
-0.9370097113477708,TEG
1.1371032732566688,SAV
-0.06344771081801259,VNS
0.38987599109336285,TMP
-0.33829734156653846,FCM
-1.7931326118033217,CNG
-0.5232948128262358,ACG
-0.4932126103169083,REE
-0.4117695829942287,VOS
0.0007264038441690482,BRC
2.019792266432937,SSB
0.06592190589745558,CTG
-0.39681682851919675,ICT
-0.3832760014126169,TDC
-0.42405905820900314,KOS
-0.4328720463203418,ACG
-0.12235810789352726,VTO
0.20246876593577126,NT2
0.22549625284357425,MSB
-1.1720048356840826,CSM
0.1086793294330346,VGC
-0.018174175036499922,TCI
0.09358152016219291,PTC
0.4068162212184633,VJC
-0.11475167468617443,EIB
-0.9260463324526528,SAV
0.904157548804794,DGC
-1.5596875960601808,CTS
1.041681067434861,VHM
1.5870082659231541,VAF
-0.599788194542238,DPM
2.032283145789597,TAL
1.614459784108656,TVS
-0.49323072400760926,BMP
-0.20737670092407628,DMC
-0.816193422322291,HVH
0.0023951870223284273,VTB
1.7114361164557153,VPD
-0.6752838604400132,VCG
-1.2106154946789647,PAC
-0.020682664548655548,AST
0.34381813842010606,ASG
-1.6976882048966688,CTI
-0.8269133862093171,VIP
1.8089184321638498,DXV
0.09343651414474632,HU1
-0.03082873983865126,AAT
-0.004716289416680875,VIB
-0.288090952002092,NAF
0.24922827504329065,IMP
0.6893726915285917,SSI
0.2261169665480909,BTP
-0.143498770020906,MWG
0.13361290119336802,HDB
0.20354550317922315,BAF
-0.1825489954815392,TIP
0.588971011235121,DRH
-0.04240646847583921,VID
-2.3828189820424384,OPC
-0.0045751588509370545,SBT
0.7866237870468196,DHC
0.9240907691242749,ITD
0.35040554049618394,TYA
-0.6826885522403496,GSP
0.6050884741663907,TCR
1.0413139858937295,SVT
0.04041191113923224,BBC
-1.1650104895908546,TCM
-0.4772820254541473,FCM
1.939704152963364,SHP
1.9960885404782942,PGD
1.3272593200728102,MIG
1.8496369143919749,TCI
0.6070996946776464,VCG
0.760059448975255,HUB
0.20839027230436394,FRT
0.5132003789094683,TVB
-0.2708112705986173,TCI
-0.08111431971772606,KMR
0.416946207885363,PGV
-0.847384121122381,CTR
-1.4195381854707378,DPM
-1.7967725026144197,DBC
0.08023973100674638,DMC
-1.4963684968698607,TCI
-0.3081641254189303,BFC
0.11018035011030132,OGC
1.73999827525794,PDN
0.9735654608839471,BHN
0.37290835790605964,CLL
0.34371113688930366,PTL
0.10416603282195376,PAN
1.565020807495877,KBC
2.1634399634835813,AAT
-2.041256876818171,YEG
-2.135570474137487,VHM
0.7886949052067539,VIX
-1.3719859401524734,HRC
-0.834824738313198,MWG
0.030428795898334436,DHM
-0.38733397886104554,DQC
-0.0770137480086097,MHC
-1.2092536098744129,PVP
-0.3806711314389998,GDT
0.030181399204709268,VPH
-1.1446725978670964,FIT
-0.4708912660773678,MBB
-0.05209227830080504,PDN
-0.10680609831259154,FPT
0.0004851910247505998,SMC
-0.5115998454253725,NAF
-0.44345840658275676,HCM
0.09839491263333001,JVC
0.29143512516385944,SCS
-1.0496069995836201,AST
-0.5956138570831594,VNE
-0.2140572731096331,DGC
-0.34245949619098603,STB
-0.8396809043436504,TCB
2.2499613856476053,IDI
0.1262928640789286,SSB
0.009963128801333257,PTB
2.3457186339495535,TVB
-0.5997826035751663,ACG
-2.3102256318849586,VCB
0.20219745141818166,NVT
-0.24576886120926672,DTA
-0.16388951172725552,C32
-0.7408265655065244,HSG
-0.28203057683742394,SZC
1.390217734150673,VPD
0.035762294982051905,ABT
-0.11746880478020771,ASG
-0.5384882266198764,LDG
1.401581774816775,HPG
-0.22766179941956027,HNA
0.22275919184164228,BSR
0.18842535878732697,BSR
0.24486678949060314,MWG
-0.0009499257658802867,KDC
0.3187920281729847,GTA
0.13684662919445995,CTG
-0.06635791735072984,GEE
0.20241468140237137,GTA
-0.15924525013259525,KBC
-3.486279868882365e-05,BTT
-0.15709337904804388,LBM
0.6847781910932789,VCA
-0.344738241716876,EVF
1.187801028266767,VPH
-1.4998640465518969,PTC
-0.004835036487623733,SSC
0.46004135107650945,DRH
0.7218014082164534,TVB
0.11851163075918872,LCG
-0.6223976181355526,TVS
0.5381353625041102,HAG
-0.7201645763521503,VFG
-2.3310543770659007,HCM
3.282881945293404,IMP
-0.1454895557894401,TCR
0.8930030331043345,PAN
-0.220844339979832,DBT
-0.10536404024264734,SVD
0.0575038555050164,APG
-0.48137011157663656,TYA
-0.9999657553214854,BVH
-0.6299895531722458,GEX
-3.4701027997236245,MSB
0.2361775215134674,ASP
-0.9944381365597728,BHN
1.4630514194762458,GMD
-0.28021051906310585,CTS
-1.4098731750388505,HSL
0.20121692624209708,SGN
-2.811876451322347,SKG
-0.30569450384884467,HCM
-0.6980941533613484,BRC
0.0007264038441690482,BRC
-0.4549297465672774,FIT
0.015514060050549882,HTG
0.5032017006848585,HAS
0.00209073858101088,SHI
-0.08850819714848449,TVB
-0.3847383677709318,KSB
0.17936252519969167,HCM
0.17144019837829,SHA
0.005916506007162316,BMC
0.052603569316217395,HTV
0.07113793829330498,TCD
2.4941239096082195,BSR
-0.01300979062983036,PTC
0.8203765532208885,LHG
-0.4308009928124237,BAF
0.2329503569480854,SVD
-0.09542943120481553,SIP
-0.11213909048244897,DGC
-0.7297208213224577,TBC
0.744714478366955,HTI
-0.36445534972043814,VNS
-1.0675388578394256,CTR
2.113010940166965,THG
0.00209073858101088,SHI
2.4132070160532564,DRL
0.028112285754165734,TN1
0.29635316544342016,CRE
0.2080112663103574,KHP
-0.4087745090753,SCS
-0.5335379187543714,ACB
1.5043720573419892,SPM
-0.29224507626120183,BIC
0.6352312976230022,DGW
-0.05688053959735339,SBA
-2.093298572845969,CIG
0.10970060347691653,GTA
0.6580748506905603,SHA
-1.548209289535227,HCD
0.5528990987244323,OCB
0.12523658569080953,SCR
0.20072207176523926,LDG
0.4686553874151472,DTL
-0.3263886738165319,SZL
0.4553894300300026,HPG
-0.35207384382130597,SGR
-0.2466060429908446,HAG
0.16955803475873638,HII
-0.08695443432252276,CTF
-0.6437887681901094,ACB
-2.8437872756039426,ACL
-0.4319871595521981,BMP
1.4530534172789704,VNL
-1.2561354516308878,BWE
0.2800980058257603,TRC
0.7916636699292219,TCB
0.4862382166902168,HVX
-0.25395158062437284,SAM
-2.5310008504104538,SKG
0.22817884487349127,PDR
-0.15791922452684315,KSB
1.1040854477984101,CMG
-0.0015343096101767507,BCM
-3.9650708448107888,ADP
0.29346113511319655,SCS
-0.3042072701337077,DGW
-1.5113582278123086,BKG
-1.20329088576599,PPC
-0.004178447362447563,D2D
0.21024271157500402,GTA
2.3572243014036576,SVD
-0.42286707546460306,TPB
0.6704938820556251,VOS
-0.15269465150367156,SCS
-0.3092347335404366,HVN
0.2371604732823231,DRC
-0.48952872709244954,SFG
0.1010859394585196,JVC
-0.12230938403854297,C47
-2.7700374640356986,ADS
0.11999035342119704,ELC
-1.5861139395797124,HNA
-1.1298498188021644,VFG
1.9674242330386256,HAR
0.16515504459727653,APG
-1.6598868928488018,OGC
1.2515812685401966,DCL
1.0161699173576473,TDM
2.03029899071392,SJD
0.4838660806644563,HDB
-0.9445080616148951,VIP
-0.3179593326092922,PPC
-0.2172645746533584,SBG
0.6240006594236474,ADG
0.4730797121887581,SJS
0.9785618197880392,HTL
-0.017295779253476598,SZL
-0.08311951635044496,BWE
-0.3389385281156735,PAN
0.3142950447914417,YEG
1.8881591106149558,HTL
-0.4570465485391492,AGG
0.6670475925653344,GVR
0.4094876961884821,BMP
-1.055799517974865,DMC
1.6709501981572739,KMR
0.8240968570194249,HRC
0.891116357099905,FIR
-0.5216415532611117,GEX
0.3714315515116337,FIT
-0.04689989957192018,STK
-0.36849902683810054,RAL
0.32670095309972547,HID
-0.4218201851093423,SIP
0.4987110734261905,PGI
-0.035739001128254747,BAF
1.374492136631269,SFI
-2.3655403129014836,SJS
0.032702393867099826,TCT
0.16471652392781172,SCR
-0.004178447362447563,D2D
-0.3944170072778318,VNM
1.694029137645329,QCG
0.030428795898334436,DHM
-0.05876350521104314,BMP
-0.6335005525491685,FIT
-0.20982920617081938,ICT
-1.358569192334631,VFG
-0.1402243355888403,ACL
0.03724311386447903,PTC
0.016963408149210168,BMP
-0.26021801955769824,BSI
0.16157309209539303,HVH
-1.4717718993495663,CTS
2.302024230649621,VND
-0.1697533571249423,SCR
1.2083477375586194,SHP
1.0030762223307192,SBT
-0.7179799235395483,SHB
-1.1662410479909042,PNJ
0.0361952643223708,VSC
0.5001706157511037,SJS
0.7253272797014023,DVP
-0.738521086780222,TCT
0.12131788108252782,DBD
-0.5380297834282665,GAS
0.7966508027920772,GIL
0.05668424151154002,DGC
-0.7274992383497733,DVP
0.21981385919154134,VNG
0.4669871776826387,CTD
1.2447474475421014,HVX
-1.0533469847301866,VPS
1.2858589762194281,TCI
-1.5932454225801262,HAX
-0.44397551956359,VNE
0.14199795471743423,VPH
-0.21412824517554277,TSC
-1.9249920568984586,SGR
-0.3724148423062579,PPC
-1.11308180617092,ABT
1.1918855559211734,EIB
0.11195385359064718,SAV
-0.020564292720653403,VIP
0.057645725020512364,DTL
-0.20235130766627374,DCL
0.16248292699410724,IDI
0.4710907184205839,SFC
-0.8518682866283802,VTB
-0.3181484787842953,HPG
-0.1850837320998755,VIX
0.0021460263351075802,PGD
1.5606443354803243,SMA
-0.5820244108457988,BIC
2.2145586742043357,MHC
-1.282228973574446,VPB
-0.8409851208964308,DAT
0.5295101368007451,POW
-0.0035793402573823466,DSN
-1.0815919974395196,ITC
0.8505261559797714,CSM
-0.01574428151394302,CLL
-0.13677348912734272,CMG
-0.5965345936782288,HQC
0.6917793484537691,ACB
-2.9361033920010393,TRC
-0.5331337890092133,CRC
0.7147359731663079,CTF
2.268810167048142,DGW
0.004158505906995598,EVF
1.1435936199786791,GEG
1.4753921573832056,COM
-1.442695434012892,HVN
-0.5648264482030042,DAT
-0.6771057370158882,LHG
-2.4688612623486734,YBM
0.3672645300723936,VHM
-0.8058685429278126,ASG
-0.5761718689550831,ABS
-0.6059439552913222,QCG
-0.1638673477303785,VPS
-1.109163141228583,SSI
-0.8096379624413662,VIB
0.03618225777717025,CRE
-0.34030731416311977,DLG
-0.5812546416847354,HAP
1.7606260475825697,STG
-0.5310273521906096,PGV
0.08815834864320342,ANV
-0.5037468779397499,DGC
-0.12602815223195657,VIB
-0.031912303747719216,TDP
-0.7169613495849186,SFI
1.3920402419816729,TVB
0.6675956648438002,HTN
0.5364682790815584,VHC
-0.20813805002271388,DCM
0.12778670321781876,VIB
1.2504145942983746,DAH
0.33650628563940865,SSB
1.6350681100438005,PVP
-1.0638808003505749,ASG
1.0140183351046237,SGN
0.23637427568867225,DHC
-1.862935676894066,CMX
-1.2620609694828595,TNI
-1.3581435968238669,HDC
-1.2582145062310626,PGI
-0.274979733850387,SMC
0.7073891689713251,CSM
-1.3151802930020249,DPR
0.2213525523158465,DBT
1.1168710151934282,S4A
-0.15357950475849272,CLL
-0.5019970775516992,VRC
0.38125456228805055,HTI
0.5124345973081788,DGW
0.7843015933841405,TLG
0.007161490546100228,HTV
2.3986099269277306,UIC
0.27908005502215233,KSB
-0.1748205958005666,VSH
0.3313625737290599,CHP
-0.6484858089976915,GAS
-0.005930102498459649,PVP
0.022372337832914972,NHA
-0.05712683481970466,VNG
2.2222681586487867,APG
0.17679886917462362,DLG
-0.3078082541030059,ITD
0.7059263771040714,FPT
1.3491555165695464,VSI
0.16230731939930312,NKG
0.03613302467133759,TCR
-0.5120494766800845,NBB
-0.31422520737579424,VNE
-0.3443523651856579,PLP
-0.5411708428425757,BWE
0.21076691584836976,RAL
-0.32436498414993253,SKG
-0.214747958767704,BWE
0.5114006560738591,HMC
-0.023440289354174852,GMD
0.6163151693991556,PGV
-0.5183273925956093,PLX
0.13854271515828448,CTI
-0.41651010090076057,BMI
0.01811243066550267,CIG
-0.7016675114581041,ICT
0.28830466409309463,HUB
0.17318745266389754,VHM
-0.4196396924980698,AGR
-2.200054414321609,SMC
-0.2306423583467972,EIB
-0.08314109506427239,CRE
0.6897696659426306,ABR
1.572094012752505,BBC
-0.42387596263912164,SVD
0.03490476373496119,BHN
0.20126115031489256,OCB
-0.05688053959735339,SBA
0.00918782595031593,BCG
-0.3643825950985379,MCP
0.4020520578379319,ABR
0.6649912500760277,HU1
0.10860251419409311,DCL
0.2357263638925827,KSB
0.07330090312111626,CCL
-1.1391405681870024,FMC
-1.505218052240696,BSI
0.6653697663869859,ACG
-0.9101564042708862,FIR
0.04523473927360492,DQC
-0.4489422550928907,EIB
-2.0423737051828437,PAN
-0.8380186399828708,BAF
0.1246459194599321,HCM
-0.5565120691307164,FCM
-0.45386606694746495,HID
-0.4540119337791681,PTC
0.03953862011854572,TVB
0.5346290369508686,BFC
0.6208789777165646,FPT
0.4867234857275377,DBC
-2.081332066377846,SGR
-0.03219463086457722,ABS
-0.3437571766175159,DHA
-0.4436182417112038,LDG
0.4328533434691177,HVH
-0.009453585934845988,SAM
-0.37945995302012586,ASP
0.4146942381287686,DCL
-0.12173946488937132,ASG
-1.8032870152678044,DRH
0.10187067502923423,TCL
-0.3373468551643014,NNC
0.0029509043181032784,DBT
0.34409968160408066,TLG
-0.7252281854471395,D2D
-0.38263341776214455,VNM
-1.3695707759409184,FMC
-0.5847410761140925,POW
0.2555625545271471,HAX
2.3550318236729955,LAF
-0.7140162884511889,PAN
0.2636882397790615,TNT
0.19280925108585917,SVT
-0.25959564323493495,HAG
0.5191630528880674,SAB
1.9345893557869218,GAS
0.43945394544300737,GDT
-1.3584712627087174,ACC
-0.5880952471827045,EVG
-0.28384353483697433,HTN
-0.16831450289703978,PPC
-0.4962763423032521,BMP
-0.13020699845531067,CSM
0.5752081213776596,ELC
0.12520020514459337,FMC
0.7542593385979605,SHB
1.268742675668961,PLP
1.0251554499905386,DXV
-0.005930102498459649,PVP
0.6420109564916268,DTL
0.9167267229716667,PVD
2.0724419434890162,CTS
-2.0192472168847657,BCE
1.6759360198755269,CMV
0.7337088251219956,DRL
-0.3345484773615752,ACC
-2.0781585080151133,SRC
1.1984454584514384,GIL
1.281594266011966,SCR
0.36675804276021984,TLG
-2.498144699829696,TBC
0.020644082801921166,LCG
0.37031395542647966,HTN
0.3846608489489256,HSG
-0.8961586403156698,SAB
0.15780154806748845,SGN
-2.8622581111319727,BID
-1.7305175098126007,VAF
-0.15298037114174007,PHC
0.06715384011419694,AAT
0.8904634970228927,TV2
-1.4576480880390215,EVF
1.29521094277845,TDC
-1.382246059240676,TPC
-1.0210637792663184,REE
-0.40848927853891626,HHV
-0.6028707900385861,DHG
-0.15313259634116144,PVP
2.11588555952124,VTO
0.17018274071909284,YEG
-0.9190511090228157,LIX
-0.20816561308085016,FCM
0.37552715698112216,VPG
-0.35904551037045973,HVN
0.19034419861580068,VCF
-0.9977194117547097,BMC
0.032702393867099826,TCT
2.5072174322961844,TLD
-0.0039582804429665885,OGC
2.0114481548327148,HHS
-0.40369752316636626,STK
0.006207182326561493,MSB
-2.2460473422499123,EVG
-0.6671828863614087,SPM
-0.8521779053363226,HTL
0.0021460263351075802,PGD
-0.011224436964656638,VAB
-0.7775691259696423,DGW
-0.7990974812673368,VNL
0.6026705416159355,VIB
-0.04066022876370414,SRC
-1.4277153169833636,SAM
-0.1898391818087629,SGN
-0.17202809443074904,ITD
-2.211030285294177,BCG
0.3820519173522419,DGW
-2.1425534996662345,TVS
0.7762310244399172,DHC
-0.7209729494302195,VGC
2.49937836075599,GEG
-0.044990159783938305,NBB
2.7285410292645964,PVP
-1.8651944580802418,MSH
-2.1414759628664055,OGC
-0.19977971893057025,ANV
2.199946600244126,APG
-0.19581844879245836,DXV
-0.06981239968959406,JVC
-0.3204733484557508,TDH
0.025194249438446836,HHV
0.7852975393042774,TMS
-0.21211431699828856,BCG
0.45921388713542344,VPH
0.4293806925929202,BRC
2.6426069203591385,GMD
-0.07118893133729123,VTP
-1.712922238263743,VAF
-0.9826962123887504,DPR
-2.209274248217179,ORS
-0.43412313867237695,TVB
-1.3682053485875214,VRC
-0.20494105942522867,SAB
0.01645569009551116,HAS
-0.04210693693822231,HID
-0.6842457741147,LCG
-0.31701477566453823,HVN
-0.181729664115566,HU1
2.20095124783829,GEX
0.034665017933939175,TNT
-1.208498770695299,SBG
3.0034258186902996,HPG
-0.18018688888672485,PJT
0.19168315543304784,TRA
0.7319918434038067,SGN
-0.580192526336397,LPB
0.005916506007162316,BMC
-0.25524341671591105,DIG
-0.0191656674683709,BWE
0.46907304882437534,HQC
0.15113255397457054,DMC
0.10012434207483037,CVT
1.5233356848594606,ITC
-0.4150947647803471,SHP
1.4825240967864384,MIG
1.2288346103880414,DRH
-0.00953636976089501,ILB
0.013465116801354671,CMV
0.015255258796785395,HMC
0.2532665935458697,NKG
0.2638497663658633,VSC
0.04503576612743704,PLP
-1.4891320127641334,VIX
-0.3298017877549436,CRC
-0.031228178938411733,SJS
-0.10654259321568858,NSC
-0.5604836081683509,BHN
0.5842763026524149,PHC
0.14418629078773143,KOS
0.14883177168512568,TCH
-0.04386165855295459,HTI
0.15284385785348234,HCD
0.29018574342214143,HVH
0.07028372131997793,STG
-0.06767434264999031,DPM
-2.9326214937679813,AAA
-0.22196022888292163,EVF
-0.6985158849203081,AST
-2.25609547471092,PJT
-0.5802241823717016,CIG
0.8955423786558117,CNG
0.6344357907756848,PVD
1.5334510387332159,SIP
1.4984008929248662,SFC
0.4170745517563323,PAC
-0.3612780033478253,DRH
0.332125903283338,ANV
-0.5642069550873231,ADG
-2.073385365266384,GEE
-0.8424877582798396,GAS
0.186350885504603,HSG
1.7239596615085664,ACL
0.4500981563814401,TDM
3.7943898094949224,RAL
2.746436177059292,HPG
-1.8773107045007147,ST8
-0.24624055563025293,IMP
0.3137052284124324,HAH
0.9002150615885529,SVC
-0.9609542082536106,STB
0.4613027017411808,CTS
-0.004835036487623733,SSC
0.015607452319873193,IJC
-1.495179358617254,CVT
-3.127507334148642,MSH
-0.18661214983023847,TNT
0.01889814935128961,DHC
1.3076439246617138,HVH
0.5449599701062765,TVB
0.2131678075529013,VHC
2.40535235958664,SBT
0.32108698891957754,SJD
-1.457532567792251,KDH
-0.19731299609477038,DVP
-0.2764814278498041,DQC
1.1565584950494232,PIT
0.09622109720680386,THG
-0.19758512148034638,VAF
-0.04115409732248038,TDM
-0.009357836561759423,VSI
0.6063603389491773,CMX
-0.6474100639378135,TTF
-0.0049924012690083005,VHC
-0.25177574259079233,RAL
-0.6619849841903014,NHH
0.0633194619849285,BKG
0.6674191518260147,GVR
0.42451205884902177,HQC
-0.6362380013419239,MCM
-0.6692682819063789,FPT
0.319031978677906,SBV
-0.051400324241874275,ASM
-0.18902906336930594,BSI
-0.9659881432086046,STG
0.011116422163687436,SGR
0.3100183999513539,TVS
0.6364213024430841,GMD
3.529090949549956,ICT
0.1687305536510473,SSC
2.151861504908762,TCD
-0.21907188945102396,GAS
-0.09574952761507481,HSL
1.052840513433505,LIX
0.5932634499437089,MSH
0.49352753144018274,FTS
-0.918408364659855,PAN
-0.9346130971890761,OPC
0.6119318922578126,HSL
-0.000200210842177191,PJT
0.44659859169339383,PIT
0.14653333716723532,TNI
-0.27991439520172057,TSC
-0.9709744541312427,VPH
0.1273741294851745,CDC
1.7608520691318923,QCG
0.7362377161944097,PVP
0.028112285754165734,TN1
0.015075088486803464,DCL
-0.08769759648657881,ABR
-0.03710937689935996,VID
-0.6448353887252735,LHG
0.924528253692688,PHR
0.8637544778734385,TVS
0.6552658875134701,PTB
0.1985470321738035,GVR
-1.5639303063224577,TEG
-0.5273461325892014,CIG
-0.43411297512233027,ORS
-0.027069022218978625,IMP
-0.41426635212217705,GDT
-0.7395641872234904,ADG
-0.4909801896432361,PTB
0.031048946261416795,SCR
0.3007729744709816,KBC
-0.06799017223610253,CRC
0.2802831439371468,DC4
0.028112285754165734,TN1
-0.8352541792619982,SBV
2.5892911588965415,DHG
0.9952115060061444,LGL
1.8368110604621617,APH
0.269857109675357,TTF
-0.11160886900110825,DAH
0.23921271885473477,VNG
0.21764900083956817,TNH
-0.4422776992667609,GMH
-0.9773073023212624,VCG
-0.6189873935099742,VCG
-1.6432054672211782,VNL
0.04422408295220057,SVC
-0.10039695318323968,TNH
-0.020444028634569948,VPI
-0.17911824551546354,CCL
0.4941325088762082,HTN
-0.36396079829048117,SFC
-0.5328237433359313,TIP
0.015756027169093047,CII
0.719104754833765,PET
-0.7361502980742084,VTP
-0.23426894784458335,TTF
2.499440761135156,SAV
-0.17026363127181343,VPS
0.08828718501981785,VNG
0.18190916201185764,TLD
-0.6750138445106311,JVC
0.40505754946821254,CTI
0.030181399204709268,VPH
2.0772976687831983,DXG
1.0414578697856756,CSV
0.20190695521069318,BSR
1.8625370891717632,CTS
-2.8363400563447625,VHC
-0.2339155663613365,TCI
0.013465116801354671,CMV
-0.8495294024115045,HVX
-2.1215878886474435,PNJ
0.9394476880860617,ADP
-0.08267852322988359,JVC
-1.28453529984819,NCT
-0.04779064835802274,HHP
-0.006222087480280274,MWG
-0.24047727092187995,GIL
0.531204327083552,CTF
0.03154598345416735,VNE
-0.35163530934671244,VFG
-0.00719836091860017,TYA
0.5494600642394155,DHA
-2.110187423357072,SPM
-0.17914895193360827,SPM
2.2412743033913465,BBC
0.40324050016684243,PVP
0.571244940307276,SZC
-0.09531497852158509,SVD
1.2732291087841798,TCI
-0.900864185457592,MSB
-0.19655047728666367,SHB
-0.01343741566151019,DRL
0.093637486370691,DCM
-1.3266846514321522,LSS
-0.5501806862999522,HHV
-0.07522237248271468,DGC
0.6951344474438595,LPB
1.3258350389901616,TVT
-2.14376538663062,CCL
-0.8406653923631785,HVH
0.3066510692226224,ACG
-0.3095875834928048,NT2
0.10194639111624133,CII
1.9765719929650298,NVT
0.9600420524627545,CNG
-0.339287831674837,YBM
-0.47008047135803577,PC1
0.06914185301882858,D2D
0.18181504686447952,EVF
0.5911934173392951,HAG
0.26836061922564325,TVS
0.09310038955659264,EIB
2.981740997056568,STK
0.05909975057017358,TSC
-0.0019336602746562672,LM8
-0.2697936624844578,ASP
-0.439672410867475,SGR
-2.2146658597318782,VIX
-0.875770000998707,SAV
0.03546051914034058,KHG
2.0763020685412936,VSI
0.39381865271589284,BSR
0.04608311046099352,LDG
-0.09739414830244512,MHC
-0.3319245011742193,VAB
0.8593244997830218,VNE
-0.0035793402573823466,DSN
0.41561304603261995,NVL
0.5736468012870363,MHC
-3.3441271609140384,DRC
-0.8510174959131532,TLH
-0.8118338402348206,HCM
1.6749897853843,VPB
-3.6442110307652436,MSB
0.8221297631378981,ICT
0.5746831008475232,TVB
1.4477547059324019,TV2
-1.227049905790147,LSS
0.5468357701419326,HVH
0.32892061129750827,DBD
-0.30127853915835096,PLP
0.021263913029223785,SSB
-0.4860244467873887,TDC
-0.02141062148425133,HVN
-0.14002438735066147,TCM
0.14029972291261802,DCM
0.031877776436495295,BCE
-2.443289880045753,TNH
-0.19354832669773384,PGC
-2.733704859732641,ITD
0.5005104039782167,SGT
1.6295299836300372,JVC
0.4423842486131246,HVN
0.40892816193197745,HTI
-0.822099789835604,SSI
0.44139643438531956,FCN
-2.930500774928209,PGI
0.48523187649902094,VCI
0.034665017933939175,TNT
0.013098078317394157,ST8
-0.2534686924374985,NBB
-0.5092845802316602,SSI
-2.123325450541216,DPR
-0.6542169322623631,YBM
-0.11910961881626594,HDG
2.2979706975773833,SGN
-1.2140270228623908,PGC
-0.16605318946135164,TDH
0.008703668770632687,BTP
0.44472527399818856,PTC
-0.6865536650402357,KMR
0.19346152669831815,TNT
0.41735986151731747,AGR
0.12965151993869947,TVB
1.6390636775075085,VTO
-0.31815264214153,CTI
1.1134591315135725,KHG
-0.43761404726517494,BSI
0.15028103851668992,SGT
0.13999482080308345,HHV
-1.6359537257993544,SVC
-0.3302395527137757,BVH
-0.024036413028313063,VIX
-0.033450308484670115,PNC
-0.19098770270796941,MSB
0.08140583113830702,TCM
-0.19616170836754068,CII
-1.9151973312001789,PDN
-0.7748510241241763,LIX
-0.3072808663229451,PET
-1.5281478069967795,VCA
0.3031645921807155,SRF
-1.0870651472193287,MSH
1.8931597755032201,BVH
-0.7440800272942334,SCS
0.6055299387633167,SC5
-0.9802344608218816,DAT
-0.008610516439201882,CMG
0.6585358448531962,HII
-0.03278322785512887,VPD
0.25626479795974666,NT2
-2.235018804413664,DXS
0.5118518252675326,BBC
0.02669369775050547,LPB
-2.5162759041269536,KHG
-0.5757650922875076,TVS
0.7190642000537903,VJC
-0.4316293818184252,NHH
-0.24425158099644312,VID
0.8373097884983096,IDI
-0.8181947078185678,HRC
0.13898432669444666,HTN
1.2262679899452955,CTG
-2.0104314349034906,NAB
-0.07079270609638798,SSI
0.43156664291380736,VNM
-0.5895657599328565,TLH
-0.06411807354513586,LPB
0.20794120526114562,GSP
0.5173553382847852,SMC
-0.03611241160351432,TBC
1.2848819895313504,ADS
1.4940764417433283,DRC
-1.2653502667394172,POW
-0.7877560527758879,HAS
0.14177663817186195,VTP
2.815729123401215,KHP
0.6288592304877534,PVP
0.011128580492306719,VND
-0.008950780652485281,DPR
-0.14601005962495336,ACG
-0.7541250234519958,C32
1.4964959107071123,PMG
-0.1640737457879942,ILB
-0.0938442058578879,PVT
0.015640677262310918,GTA
0.4380046451312845,HTV
-0.2681605557040554,TEG
0.8539594992391799,ANV
0.41161258465960826,KHG
1.530500791048928,TMP
0.022876160959303934,AAM
0.45128544835553064,VAB
-0.08917180546590088,BMI
-0.057360823703790996,TTF
-1.066434591977414,GVR
0.013377725558469403,SFI
-0.006222087480280274,MWG
-1.2102691531902976,HQC
-0.4672754549717331,HSL
-0.0015343096101767507,BCM
1.0473692860115003,VMD
0.26636782301467177,BCE
-2.757200212527204,CTR
-0.5199869487360755,HMC
-0.1965302572171778,BMI
-0.03442921915365666,HNA
0.006453295359853701,GSP
-2.174202104888428,SRC
-1.0795370820900634,GMD
-0.5382970555112918,VCF
0.21298188631914802,HPG
-1.946719951123217,MCP
2.203708877138983,GTA
-0.004864726025937184,MCP
0.4730489121713549,SMB
1.0543875696511806,BAF
-0.01343741566151019,DRL
0.047030044829136586,TBC
0.031877776436495295,BCE
0.04232938800590612,AAA
-0.10681560975036301,DMC
0.09781391757848956,CIG
0.3107811018819586,DRL
-0.12437036316778306,VDP
-0.17634059087647544,RAL
-0.024036413028313063,VIX
0.5262803407648511,DLG
-0.2568438629656447,ASG
0.3126735356242799,IJC
0.1168323463788932,QCG
0.5046267855814455,STG
0.515945041617244,KBC
0.510421118991265,TTF
-0.10077759040069345,TCT
1.6593841428448195,CHP
-0.6852855989732748,VGC
-0.5052191246537996,VPS
0.16440175309533678,VPH
-0.9148220845552198,ACB
-0.3468498732547602,PET
0.0846478698426706,VNG
0.012462185561779658,NO1
0.030181399204709268,VPH
-1.096607105738566,STB
-0.5746019337386558,RAL
-0.7053236534016577,SVD
-0.0039068908842595125,TPC
-0.8240162873658398,LCG
2.0708342621162155,PET
0.005916506007162316,BMC
-0.5935817260394836,PGV
1.6600756708943072,DSN
0.09232901583697252,TCL
0.27211128810852275,SBA
-0.39516048811482946,GMH
-0.770941548652417,TDM
0.0011892775149193113,SAV
-0.00719836091860017,TYA
-0.0010929923421224704,NT2
0.24483818349007033,CII
2.970307538108936,GDT
-0.6966586352068872,ELC
-0.5803200595259167,ADS
-0.10306101434925685,NHH
-0.43757288358288904,AST
0.3975214401864569,DXG
0.8651414768761971,VNM
-0.11515133953133527,SSI
-0.061213845297609246,CMG
0.14561257225826288,FCN
0.1940379387330996,HVH
-1.3866420374304633,HVX
0.8542973215003618,HMC
-0.4066651931113698,VNG
0.36444436614129244,TBC
0.17678786033873675,PGV
-0.3718744280399326,HTG
-0.00262911211976307,DPG
0.9419805943415019,VGC
-0.4560802069208735,NSC
2.4888881696199605,CMG
-1.6707427242849744,PTC
-0.3372605463136212,BMI
-0.24375802018136894,TCI
2.3847534787568017,PLP
-1.5677536233388865,C32
0.006207182326561493,MSB
-0.6821697411708824,PLX
0.040565510509001645,THG
-0.6273975824020807,PAN
2.1324164122877804,TDC
1.7652265762866421,PGD
0.030428795898334436,DHM
-0.004694580843479522,LAF
-1.6500271494948444,NVT
-1.2186445176163403,C32
-0.09569803877947061,MCM
-0.189221096290345,JVC
0.10017414898949224,TCL
-0.11783883202029018,TNT
-1.3908849096958054,VRC
0.02014837469879161,TMT
2.4292394163685063,BMC
0.6063170260412692,GSP
-1.5820670608667704,PVD
1.4752274224684232,HQC
0.7331625063481086,YEG
-2.3396623633263456,TDC
0.04550195069731325,PHC
1.2423812687297398,SGT
-2.222230937172252,TNT
-0.0010929923421224704,NT2
-1.9772271742807859,DGW
0.10971710323565005,FRT
-0.11498753749339108,SAV
-0.2591788277816221,VHC
0.36127412728118774,BIC
0.07705647688690244,OGC
0.3253142339309314,TEG
0.24305173330830226,VND
0.14869864556778553,DHA
0.08803450312656291,PTB
-0.05248382125370592,ADP
0.08606551734636181,TLG
0.9603726513790413,EVE
0.1290430044889586,AGR
-1.3416370224538978,DPR
0.19377640327020634,ACG
2.536069032490845,VSC
-0.5074807916758448,TYA
0.381366358774586,DLG
0.1440726062303136,BMP
1.6016098887164114,C32
0.01074755616262742,EVE
-0.11076674242394645,SPM
1.4062807421524273,ACC
1.3889215681513838,GEG
0.17380853461915738,AAA
-0.03796103738210988,TIX
0.008078648031764968,ACC
-0.40341382641601253,CKG
-0.027942882892027922,VFG
-0.19328291079160254,TYA
-0.05046321834091934,PHR
-0.7443801553594288,FMC
-0.5905441376727616,ILB
-0.14830653541441347,VCI
-0.49739293447572397,MSH
2.211219522337343,CTD
1.6008268717715066,DRC
-0.1422783664159637,TVB
-1.7088331370652043,TCH
-0.033450308484670115,PNC
-0.3431615783389475,VTP
-0.01803149338245371,HHS
0.0216565996698444,TCM
0.12933886909203396,ELC
0.8555862422796773,SCR
-0.5640520849961863,TDC
-1.652004576749617,MCM
-0.5018043987666425,TNC
-0.02627033401665442,S4A
0.3385161550902262,VTO
-0.00233886418680605,BSR
-1.5263395752800064,VCB
0.2627597047985414,VPI
0.4008743067442575,MIG
0.06498218563453641,KMR
-0.5847873165818139,KOS
-2.44833258616968,HHS
0.7081351002448403,FPT
0.7968180673014392,TDC
-1.2438314188238562,BTP
0.5123074170523648,DXG
0.3035689255457451,TDP
-0.3193556467916951,SBA
0.058347596660054464,ORS
1.2237385825323612,MIG
-0.06635791735072984,GEE
-0.603081007271291,KDH
0.26702286357645955,TDC
-0.6435181744274863,HII
-1.1430314362135163,PAC
0.10444679861764937,BFC
1.097282193014519,TCH
-0.15392388458733403,KDC
0.1982769092236486,BCE
1.042044172671527,SCS
0.37341928909970357,SFG
0.4047031632554331,DVP
0.028813633490521434,VID
0.2776682100963515,SHP
-0.04294927728495271,ABT
0.25053950089733107,BVH
0.01645569009551116,HAS
-0.01574428151394302,CLL
0.6208026485843375,PTL
0.12131923241111403,DAT
0.47487216791067055,DMC
0.4187067374848153,PTC
-1.1005610673353516,KOS
-2.1128791287570587,YEG
-0.5024129869473302,IDI
-0.18947894678333393,HVH
-0.06635791735072984,GEE
-0.39867547548630294,PGC
0.2126269708708312,TCL
0.031048946261416795,SCR
1.784710087982597,VRC
-1.5838858703965664,SBA
0.6021005418057919,HVN
0.5916734832627849,NVL
0.34777008899623,VCF
-0.02609029168059178,CTG
-0.21154457582475783,TCT
-0.05307105965907868,DTA
0.23969920129599542,FCN
0.2953311174419258,ST8
-0.6999272081021622,DCM
-0.02051230092712541,BFC
0.024446818269452077,TLD
0.046234121896835824,THG
1.261504314873346,DXG
-0.37622180443767145,PGI
1.325267298837718,TLG
0.4794134610548177,HHP
0.014036268184765917,RAL
0.5392757360388447,SCR
-2.5220874872676102,KHG
-1.0441812675110949,QCG
0.27983511061391536,PGV
-0.23316081226927976,TYA
-0.622790634725555,AGR
0.012214087315748521,HDC
0.3514905016174577,FCN
-0.350720518780479,GVR
-0.3197486176255854,POW
-0.37949805570471473,BFC
0.05714046472054829,CNG
0.9795632625691443,LBM
-0.04386165855295459,HTI
0.009963128801333257,PTB
0.26117873073141396,PC1
0.012160565285822909,TVT
0.507760523778891,BSI
0.40472712573480785,PHC
1.712651221600486,CCI
-2.5281201602705896,MIG
-0.8534521535659729,VID
0.15611232628273428,VIP
-0.41537021195674206,BFC
-0.5344690304578422,BCE
-1.9047692870480555,HTI
-2.2797782318710675,BSI
0.16792493822393076,HTI
-0.06880945406265654,TAL
-0.15106586406928055,NVT
-0.14484379289711988,NHA
-0.5298041684600893,OPC
0.033653587015879,VFG
-2.3136307772390454,DQC
1.1511985312285316,SPM
0.706036626689077,NSC
-0.35246904775669907,CMG
0.5173479708780424,JVC
0.05838937479421513,VIC
2.835962104397995,STB
0.9930230561373444,GTA
0.2758124175706311,SGN
1.9227779843884203,VIX
-0.46200661002408344,FRT
0.9726030813090243,DPR
-1.0650492291835045,HPG
1.264881189131531,VCI
0.8120938260638937,DGC
-0.4388452163183561,HSL
1.2206537498395966,SKG
2.6729354566403862,DAH
1.8425312898716488,ACL
1.3564016828746732,VRC
-1.2875919538242913,HDB
-1.119016604151431,DSN
-0.33538461461243413,VNE
-0.011224436964656638,VAB
0.778888266034396,TCO
-0.592082049847019,VHM
-1.1091831787402038,YEG
-0.4497625671607117,KMR
1.5925973552916908,VMD
1.2177664213874275,GDT
-0.6399605636208237,VGC
0.9049112642172484,HAG
-0.017617238915926134,VCB
0.5739971425630744,SSB
-1.7030878169220764,DXV
-0.08132844423356404,SBV
0.15018673047714687,MSH
0.37519761025598414,HT1
2.2520463772570225,CKG
-0.6002517377128862,STB
-0.529342149167619,NTL
-0.12962709493754948,NAF
-1.1384503878870036,CIG
0.07094122771175826,NVL
-0.18463399053655583,REE
-0.6730629353141692,SSB
-0.7153254271562369,TCL
0.0023951870223284273,VTB
-0.004716289416680875,VIB
0.037834008213693565,S4A
0.417818699824863,FRT
-1.6364824672458766,VAF
-0.4454758988385673,VIC
-0.4982213965110527,LHG
-0.03193702628664863,NAB
-0.5902820679383305,HHS
0.4594197322881345,LIX
-0.843560284204632,CLC
0.8028371860899338,AAA
-0.7208349946541847,CVT
0.9158016012654356,MWG
0.8561262476418462,FCN
-0.252902965499535,HAX
0.6125518434936608,TYA
0.19328355154473714,SCS
-0.031912303747719216,TDP
1.2509830579660624,SFI
0.069808365172883,BCG
0.5742910298195891,NVL
-2.2410237004936433,NAB
0.2168378263989453,DBT
-0.9255406891681917,SIP
-0.049535190184584535,CKG
-1.260315051905721,SMC
0.06900052985677735,APH
-0.5659787453016724,SMC
-1.0636205540425137,KDH
-0.03692850154686618,NVL
0.10208527463721263,HAP
0.0681819181128491,DXS
-2.184657049744773,SPM
-5.4236108763896835,NAB
0.9819080909792088,ADS
0.6930875520831605,STG
-0.38060016232491284,YBM
-1.105355596707398,PJT
0.05170224232768506,ASP
0.12717185369224432,CCI
0.12533527167522357,NKG
0.3687331400299234,HTI
0.447948435189813,SGN
-0.7680839016078674,HAR
0.1256199137776084,FCN
-0.41843708536700847,ADS
1.6945034382120825,TRC
-4.413521299899542,LIX
0.04523473927360492,DQC
-0.01574428151394302,CLL
-0.5248482071935892,NLG
1.19980677408042,VAB
1.2490267839267755,PHR
1.0192462455737161,VAB
0.21974874440692688,TCM
-0.3085967802794936,PC1
-0.12266194928607438,MSH
-0.31547104106708945,HDC
-0.16059776472386197,KHP
0.8414555262131409,LM8
-2.6396359315112607,TDP
0.022746471693790186,STK
1.3902019682531026,ITD
-0.24535255935034805,ELC
1.2907588845822298,AGR
-0.3170760884195543,PET
-1.7453916809627275,PGD
1.4198570156835801,EIB
-0.40591297998251535,HSG
-0.17050443630837378,DSN
0.30666078284871184,MCM
0.4406409771581389,APG
-2.9006781135383486,AAA
-2.352067654499623,SCR
0.015756027169093047,CII
-0.0045751588509370545,SBT
-0.8148143949579534,KMR
0.7560733920819319,ELC
0.517626072665258,REE
1.5752818209602835,ILB
0.5351348030143939,HMC
-0.26084995286125207,VOS
-0.1233444912017713,CCL
-0.7346014772445546,STK
-1.8802922959038237,EVG
-0.7276321475865645,VSC
1.3170105755165842,TEG
-1.6781632890651816,PLP
0.5790676701550886,SBA
-3.0514852708552156,PHC
-0.07220213562885497,C47
2.683232863867873,TLD
0.24696196750031232,HDB
0.0795612884823521,DHM
0.5596957678883525,PC1
0.5085626917836602,SGN
0.013098078317394157,ST8
0.002173252341008279,SFC
-0.28729457043852574,BAF
-0.10113699410579663,MSN
-0.3310994532765165,NAF
-1.0225674750477949,TPB
0.4394276340182205,DTL
0.026941231610136597,MCM
-0.6037958111717596,HHS
-0.08595041558555731,DHG
0.0653053959002662,TCB
-0.32094648656190516,BKG
0.05574791319189526,HVX
0.11205090834197273,PVP
0.496461277158564,BCG
0.21676645015676746,NVT
-1.0191720838032405,SBG
1.5098808725556303,DPM
1.0856597797697392,DBC
0.48289852532028454,DTL
-0.5092176565694521,TIX
0.8221297631378981,ICT
0.13492752145348527,PVT
0.7934822334956874,PAN
-0.8130015442386976,SBT
-0.020564292720653403,VIP
0.18737343080361873,HCM
0.9824538536544515,BSR
0.10115532617639869,TLD
-0.5597182304390855,PGD
-1.7983707368173443,AST
-0.3576378529916275,JVC
-0.08409779051995461,SSB
0.4732811372271979,SGR
0.6389431451542805,TRC
0.014036268184765917,RAL
-0.6541768737349445,DXV
-0.1748494171361472,DBC
0.6945657099418708,DPR
-0.12944706547725698,ACG
2.158021868158736,HQC
-0.014418223887514183,STG
-1.4841120920705995,SFI
1.924752038523603,MCP
-0.2752889545282267,TMS
0.2964714186473591,VDS
-0.1241172105484933,NHA
-0.576154192585966,ST8
-0.18558419859175534,AAT
-1.9646878775591547,SGR
0.31101813665829364,PET
-1.3477463515724661,GAS
0.13263673957815397,SVD
-0.6382684555493718,SFI
0.041031868517834726,NNC
-1.3001938227008085,SHI
-0.7851832280420805,VCA
0.6355490707297745,DBD
-0.015585174148734268,NAF
0.06078545676741069,DVP
0.31988292446590616,DSC
-2.7535312487792627,LHG
0.5688487709462013,DRH
-0.6548703347871702,VAB
4.893516581585925,TCI
-0.19534085819270866,TRC
0.5362432623387932,TCT
-0.7851019273006925,ST8
-1.150230469210047,BCM
0.27962126974030005,VNE
-0.2047949088181321,SAM
-0.5440237322016774,SGN
0.020644082801921166,LCG
-0.15420653594444142,MCM
-0.6459763106137426,AGG
0.29618110419080834,PLX
0.882552414504904,HDG
1.449236723272414,COM
-1.4940444795829622,CNG
-0.3295522550085038,SJD
-1.033534793163701,MSB
-0.09083466296069588,CII
0.13972055053170712,CHP
-0.3163142956037284,PDR
0.12038112097815545,BCG
0.7770313592689745,CRE
-0.31893344383092015,TCB
-0.4618161580669189,AAM
0.43480704709655704,PGC
1.0969521867164276,TMP
-0.9556960890907497,SBG
-0.39562381307395256,KBC
0.7111546034681759,DAT
-1.4730214263984862,PLP
-0.16263328252721654,DHM
-0.5005176785082864,ACG
-0.5271920229488616,GAS
-0.4695880453861421,FMC
-2.598042799744956,DRC
-0.0868972016780498,SBV
0.06858033368662228,DXS
-1.082657040401561,DRL
0.24955355972062224,HAP
-0.2781992254737381,FMC
0.13852080944256118,PVP
0.13266391888974502,SSC
-2.220121461612691,CLC
0.17576428048306503,CRE
-0.597287396042329,HHV
-0.5397052070025954,LAF
-1.8632161731479813,DXG
0.33493148450869786,HVH
2.663901096951702,ACB
-2.1322766203474854,DGC
-0.285290877211715,IJC
-1.663451588915599,MSH
-0.4648785297386109,HHP
-2.0783645806050313,TDC
2.3987751191835978,VDP
-0.41463632860465366,NAF
-1.6838609872550336,TPC
-0.010886727105730258,VHM
-2.1294005143516856,OGC
0.26520194816883275,DPR
-1.005590293754016,SZL
0.1009680786488988,VCB
-2.023203115718861,FPT
0.237647297117182,SMA
-1.0649441167085725,VOS
-0.9839137573136408,DCM
0.18276937308579622,PMG
0.6609120282952726,ACB
0.2126269708708312,TCL
-2.8592115384758388,DPM
-0.5805576117588725,CSM
0.5449607601797857,CTR
0.38995984449613824,SBV
-1.430538299458483,SBA
2.5906768845758323,ACB
-0.9230138254960953,VNS
-3.713689421583061,TCM
1.1170793493530704,TNH
-1.53628128482772,MSN
-0.9579766509990965,KOS
-0.39410804966548263,DVP
0.4393092937181043,SHI
0.47912630221309116,PJT
0.14242174670105873,BMC
0.6128270736042101,HPX
-1.0655578693453382,TLG
0.03288315152464663,SMC
-0.009419720709676867,HSL
0.21910352458870136,PVD
1.5953606828240223,SVC
-0.07292025705733195,SHP
0.21974069394592782,PVD
1.6609286587255527,ACB
-0.09260526156622764,CTD
0.08104954377817992,CII
0.10464041684108692,BWE
1.3708722829421773,BSI
-1.1982530999696663,SBV
2.277482096173375,DGW
-0.1456305077588494,SGR
-0.3448594113216168,BVH
-2.565326095063312,HHV
-3.1322672211895037,HTV
0.013928113503173137,LHG
-0.12987054575832305,CMG
-0.024437552020783782,HTL
0.84270107270747,PDR
-2.232109036547677,PAC
0.5125349318785195,TCM
-0.088794723558699,TEG
-1.5256682051746817,DTA
-0.1700821546153457,CMV
-0.0768834865327755,QCG
0.6153829254417411,HPG
-1.1422153013734573,VAB
-1.2378331419656838,NAF
7.811246830181047e-05,ITD
1.3908197026517275,PMG
-0.1889781404562312,PVD
3.169118017230251,BVH
2.2114385374873864,HDB
-0.4356429258327466,ACL
0.24729555180456836,IMP
-0.05688053959735339,SBA
-0.19892302128087455,VID
0.3632821831649669,NBB
-1.4321202843673155,ORS
-1.5781925912205093,PET
-0.028630796768290494,PDN
-0.7068019810272912,BSI
-1.678720282911504,C47
0.6753136419376606,PGC
0.9570645319936142,DPG
-0.09091551512725303,SSC
-0.6051653128754105,IDI
-1.1757380750472257,CSM
-0.4007126157326211,HAG
-0.08898491068693305,AAT
0.7020295688438072,SHA
-0.494930908632038,AAM
-0.3152783091961662,DBC
1.7237520716384631,NVL
-0.5403490723647651,VND
-1.0721495692066347,FRT
0.36429570700654673,HAP
3.839757737931719,FPT
-0.020564292720653403,VIP
-0.6901159273934134,PC1
-0.0819355015178766,HID
-0.385299831747419,BVH
0.04422408295220057,SVC
-0.2282326567942976,KOS
1.0427328776088283,VTP
-1.0710395903657253,CLC
0.6816870860115377,HMC
-0.11182023076904088,HHP
0.8539864090014649,UIC
-0.023440289354174852,GMD
1.2315802535200056,TDG
0.012274989498509439,SC5
0.0029509043181032784,DBT
2.290896964735644,ITC
-1.1135168639801554,VNS
1.817467606820598,TVB
0.8688340785059323,TCT
1.1540628183293073,PJT
1.3557650578906284,SIP
-0.27676616439158724,DIG
-0.5590364958682696,KBC
-0.5275069195693098,SVC
1.6792520006809664,CMV
-0.5115008135954734,STG
0.9492659942104161,C47
-0.4669847080787937,PVT
0.11823940175920908,ACG
-0.483510817752664,NHH
0.006453295359853701,GSP
-2.5433534649272374,SAB
0.4860715926176009,HVH
-0.3698090885643121,SRF
1.8328280557271175,CLL
0.6333019137693316,TVS
1.0445200109020811,BKG
0.037449764337897366,PPC
3.263200172487484,IMP
-0.8439713350834945,CVT
0.8163972822300151,ASP
0.8496424002852576,BKG
0.22017881030079078,VCB
0.357932461179591,ACL
-0.3005796617050118,VOS
0.3980198616654723,VSI
-0.052117459623875234,HDC
1.6544175301702144,GEG
0.446959030186235,CDC
-0.10221566300866446,CKG
0.45853610923699617,NVT
0.16407571671402807,MSB
-0.45889670810991035,SVC
0.9039119471499054,VTO
0.015756027169093047,CII
0.4216231412438681,HTV
0.5198430743457679,BKG
0.5115771995683571,SBG
-0.459846221898365,DAH
1.0187371635002984,DMC
0.25053420928476317,DAH
0.5513636622788518,ACC
0.003175982886676942,MIG
-0.6185619403694306,NHH
-1.1938874731727385,KOS
-0.8620799438831657,ABT
0.47186793342479605,HCM
-0.27234920255105444,TDC
0.2052636989728961,TVB
-1.0584337820570087,TMT
0.015433275483225834,PGC
-1.2780479825810875,CMG
-0.34797919062894855,BSR
-0.1548973512184753,CTI
0.8693945459947151,VDS
0.6858296338423694,VNE
-0.0991867519032057,DXG
1.901037842857023,NO1
-2.13472844578729,SMC
0.22854936795311742,NNC
-0.2216862171425079,YEG
0.03900506491361488,GMH
2.590481753675784,HMC
0.0139888896727529,VCG
1.9226122140676805,LPB
-0.24263930475845566,ST8
0.5468955101702462,ITC
0.5281138277065482,VFG
-0.20077272648956584,DSC
-0.3469725354405245,PNJ
-0.3088032312550274,TCH
-0.3645426318721142,TDP
-0.80905789725824,MHC
-0.6326684647118438,NTL
2.1575706508350625,LGL
0.9307490304810327,SZL
-0.14668640484500753,SFI
0.003175982886676942,MIG
-0.02953604913969924,PDR
0.2034530679849273,TCO
-0.030829265911083176,VIC
-0.7573946396899367,HDB
0.24184919569010774,SVD
-0.13342101396565992,TCI
-0.663262632575221,HHV
-0.7803938480216539,VHC
-0.08397413374969996,HPG
-1.1233212438466826,POW
-0.27048206914279627,TN1
0.03900506491361488,GMH
1.150305803758339,MSB
-1.3358494278908266,HHP
0.17316416217292493,BSR
0.008078648031764968,ACC
-0.2665427649908367,HUB
0.6509620305255536,SBA
-0.9608610442685173,CTG
-0.04677377040858557,NNC
0.03618225777717025,CRE
0.14787144576103534,TMP
0.0324173028238746,NHT
-0.183208648091707,VNL
0.032692845857769645,CLC
-1.0179699769137924,SSI
0.9441491817096007,SHB
0.23706488000562514,ANV
1.7064975110325833,HVN
-0.10863476990079199,HAH
0.5465669130635921,LGL
-0.4094319124206663,DBD
0.061827851613987544,CNG
-0.06345626579326227,CHP
-0.6699664677436464,KDC
-0.22212274505217225,ABT
0.19377834050874146,BRC
0.8419148517482788,DHG
-0.1820940220102961,S4A
-0.158192589196111,HVN
0.35608900009393674,SVT
0.4752331955035599,TBC
-0.1307519098646682,FIT
0.20402465788328553,FMC
0.431103370895414,VNG
0.0216565996698444,TCM
0.3233931121554514,VNG
-0.582294971609907,CIG
-1.2315618521582756,PTL
-0.007402523705726499,OPC
2.58724858080405,TPB
-0.8341841270227395,QCG
-0.20731595733836358,ILB
0.08262706806748336,RAL
0.2792255917378419,C47
-1.37577681932954,DGW
-0.25831256725532914,REE
-1.4982756254275595,PLP
-0.34760933070031214,TLH
1.1038221527422356,RAL
-0.2628772837999356,NKG
1.1536858546799995,SC5
-0.39325404341393544,TBC
0.4999227947338572,SPM
0.33980991711963343,VTP
-0.3980585803992975,TSC
-0.3881621639446538,HAG
0.2099054276719754,HID
-0.4308795362612493,TAL
0.7774730228728866,TDP
-0.0009499257658802867,KDC
0.1352067635534371,S4A
-1.1468188849056475,DXG
1.1365148538252199,CMV
0.31441787511674807,GIL
1.9472451166422855,CHP
-0.6366883376892496,PHC
-1.7468136728164736,VAF
-0.4234718408307756,RAL
-0.22885569647453666,HID
0.026296599896096524,ACG
0.14296402501587888,ANV
0.42454140215346686,PHR
-0.753180548528495,GMD
0.585279228357488,BCE
2.2475856957783966,NKG
0.39724866195976155,CLC
0.057645725020512364,DTL
0.4257162202889179,HPG
0.0362638322978957,SBV
0.19844496352194282,VNE
-4.0842694095516485,TRA
-1.9395436159676838,ANV
-1.495947139273573,GEX
-0.9726891637339629,PDN
-0.08607289043083602,ADG
0.014626282193093318,APH
-0.30129097752336303,BAF
0.20654795656245828,VHM
-1.742431280302604,HVN
-0.9093722211363856,FTS
-0.24973163418452624,LCG
-0.5569898907134936,POW
-2.5854587551435593,C32
0.839686092088327,TDC
0.3072788517111856,LBM
-1.3301816291443904,GDT
-1.5306593807378945,NVL
-0.09038632572853392,VPS
-1.0786162311268728,MBB
-0.5207805870365062,TN1
-0.20135463217675492,MSB
0.14476772351459608,ITD
-1.0481519073395076,EVE
0.9143060288681782,ACG
0.8835158035316278,LCG
1.1276664430895893,NVL
-0.6401447165484726,DLG
-0.08499471112210855,ILB
1.5177070480448633,PVD
-0.9755109202104703,CSV
-1.3592200944634227,FIR
-0.9970889945988535,PGC
-0.5206827807587849,LDG
0.2656284822939046,LCG
-0.257230474357461,FCM
0.8457445696166743,DTL
0.5855278669993136,HSG
0.023256748796257352,BMI
0.009713457624341842,JVC
-0.22757221821073867,HTL
-0.1661053256665549,CTS
-2.513250950270861,CTD
-0.16990650890033757,KHG
0.5899561262776098,VSH
-1.3178268802573676,REE
0.5589959277657388,MWG
-0.20634676114839476,HAS
0.5262506863958466,VNM
-0.6241593833167948,SBG
-0.04677377040858557,NNC
-0.13594801245044544,OCB
-0.12543231884439707,DIG
0.8379935486180689,CTR
-0.7102952085430113,VNL
-0.15653638360701108,AAA
-0.614675442208956,CIG
0.3986926474681494,SVT
0.2585328541474974,VSC
-0.41396611722937743,STG
0.042030315331775765,CMX
-0.2848543760707637,VNE
-0.2335833241778193,GAS
-0.05521149234921085,CLC
-0.7628383118616999,YBM
1.4354991929180092,NVT
-0.0009503050825391499,BVH
-0.914680944704897,PET
-0.000200210842177191,PJT
0.10728570543553724,TLD
-0.46758209456811745,VOS
-0.006848030183802705,DHA
0.03613302467133759,TCR
-1.815512755094136,TNT
-0.3763332846412524,VNM
-0.5054164217412631,TCL
0.8324489895472376,CIG
0.11594251148229574,NBB
-0.15810778018235008,VRE
1.7751698319106477,HT1
-0.5274337200382007,VTO
0.013377725558469403,SFI
0.31710427439814265,ASP
1.9318100747722624,LDG
0.1323698339619976,DC4
-1.06133957230207,C47
-0.15825506668960496,HMC
-0.31975329035444966,HTN
-0.2700959498439837,VNL
-0.8051643840655666,IJC
-0.8373672709087977,MSN
-0.46263543189620837,GMD
1.8850047687616454,TPC
0.0847680079209726,DPR
2.099356385271802,SFG
0.41747422916925087,BMI
-0.3479010829428203,MWG
-0.019337463463892632,VTP
1.1168217533895723,HDG
0.20127210683131622,VIC
-0.084589365456516,PAC
0.1940151306273776,D2D
0.04071508627371328,VFG
-0.576328018595098,BMI
-0.3816795700804459,HAX
-0.8718294229776461,HHV
-0.2600548155105484,HUB
0.03490476373496119,BHN
0.01966832860068962,HRC
0.23099805497750336,GEX
-0.18796396903461327,DVP
0.06610763065669717,ADP
-0.29433471603351163,TIP
-0.22458952410561772,HAS
0.13137445241502377,OPC
-0.6458325472682805,BWE
-0.008610516439201882,CMG
-0.5904276125543623,TN1
-0.14742587017760525,ACG
-0.05499768640575931,SAM
-2.228111236980489,PET
-1.3155139418913184,HAR
0.008703668770632687,BTP
0.953652599447628,SZL
-0.1862510493739705,PC1
0.0913836319052335,BMP
0.9707077195906761,AST
-0.5965605674177322,SSI
0.6793080973263772,ACC
0.02014837469879161,TMT
1.1784168095726024,AGR
0.7083430627199554,BID
1.3429043084126013,HSL
0.4542680537128842,CMX
0.7444911781386089,VGC
-0.1266622017090131,LIX
0.36610278592424994,FPT
2.164440198222918,HQC
0.17647759438037047,CTI
-0.0988539336158517,HCD
-0.5567467804046121,VRC
-0.5715064248200267,NVL
-1.3384624418122215,SPM
3.3903687037628893,ICT
-0.09717799228944382,CII
-0.3727645619610448,NAB
-0.13428376998110947,HTN
-0.01004722454884453,CTF
-0.03611241160351432,TBC
0.02676723197583641,CVT
0.09475691816993893,PHR
-0.0264407812785305,VDP
-0.27083061587852114,HAG
-1.3467283202275346,HAX
-0.2722725904729587,CTG
-2.579492478900049,VPG
0.7413938876102767,BTP
1.0692355947857142,DPR
-0.21486101550128148,TCO
0.8179474757511269,AAM
0.3555485996809631,ACC
1.3575085844221146,HAS
1.89071023081452,SC5
0.9969765374963423,VPI
0.3073273387499949,TLD
0.024848883416702383,SAB
-0.37963599762565775,DPR
-1.6189614478592784,EVF
-0.37180250194057507,KHG
0.043086002982327495,LBM
0.18661241738867018,NO1
1.0458607199481742,VNG
-0.0030895986419726996,SJD
-4.1144301580695855,SSB
0.3065115297877279,YBM
-0.620657663137622,ITD
0.06795461938756762,LPB
-0.8429716775131871,VHM
3.3989703080741416,DCL
0.3457874192052435,HVH
-0.5912146930469848,VMD
0.000406860529786333,HTG
-0.8592925093232718,DXS
0.07408495842569952,PDN
0.925530683686576,STB
-0.4572889404170697,SMC
-0.28723440456554755,GEG
-0.6788107723385252,VNE
-0.45616770300866694,DIG
-0.01574428151394302,CLL
-0.9355920761958489,VOS
-0.652525367142894,TCB
-0.5889886282272211,DRC
0.4713923094255558,EVE
1.5158458790055451,VDS
2.8016315000967733,HVX
0.17202165810112932,BSI
0.9224882997199776,CLC
-0.023194506770531354,SMA
-0.5587959249498048,FIR
1.065506468626554,PPC
2.978847357766461,SAV
-0.3160308801646651,VCI
1.54968047134205,GEG
-0.03837589159009122,LM8
0.6576782471598793,TCH
0.20419964067619212,ABR
1.1350177647852338,TCM
0.8085829265081863,CSV
-0.9501168170111668,AGR
0.0216565996698444,TCM
0.43737184362766357,VIB
0.5607071019206221,BMI
1.4369233063473874,TLD
-0.1310916236056824,DIG
-0.7122762720350917,MSB
0.02227599319932012,HU1
0.1747020501076268,OGC
0.4944952565418948,D2D
2.4284143016062405,NAF
-0.30519432036095695,NT2
-1.0847855029719702,PLP
-2.1242370538260773,AAM
1.8916102418771956,NHA
0.6301891317446103,BSR
-0.4220937850759963,AGR
0.6227878518609622,DTL
-4.969860709996168,SJD
-1.3458502789008429,VFG
-0.0413940478759859,C47
0.2531911837007405,PAN
-2.334196501130799,DPR
0.04608311046099352,LDG
-0.1955369444078027,ADS
-3.368281641625674,TPB
0.6780186870450203,TIP
-0.03971406357014488,DGW
0.32485683901644075,CTI
-1.0558695748873896,PGV
0.03609131443961166,LGL
-0.06533010593477673,PVD
0.04422408295220057,SVC
-0.5473712311164498,DHG
-2.929405503446546,AAT
0.3083889016689567,NVT
-0.37101091534797576,HDB
-0.24921019763960994,DPM
-2.7544970275913987,TIP
0.529324307470487,DCM
-0.8288559776282582,VNM
-0.02337097832192641,TCB
-0.5111558402154588,SBG
0.918750044935765,HAX
3.449680448485487,BVH
-0.02337097832192641,TCB
-0.4816634744233028,STK
0.24249583671086755,VRC
0.20984402609278033,DXS
0.6434913413546325,VCB
0.15880336111224694,HNA
0.2027934821802712,SFG
-1.614546522614815,EVF
1.867393739707705,VRE
2.014648772159666,PNJ
-0.7808330544586022,BRC
-0.35088288168696613,TCM
0.13547377116309706,FMC
-0.1630167343538691,HDC
0.5015070692956098,PLX
0.839231742541492,POW
0.09419810719244949,PNJ
0.18575777033346216,NBB
-0.39382888776048836,TDC
0.8198381571672667,VID
0.02014837469879161,TMT
-1.3553399330609837,MDG
-0.26858100046336175,CIG
-0.4365829307790671,BCM
2.395157904273036,BIC
0.4487423349261495,PC1
-0.481186674597625,PET
0.4062067580832313,SAB
0.017192709580587395,ACL
0.11314599954221735,TPB
-0.1787470272464335,TPB
-0.12458676873261046,DRC
-0.3075874951590757,KDH
-0.25715496373362884,ABS
0.105818845490016,SJS
1.0054389230277656,SIP
-0.0642665714091797,DGC
0.7312463257871075,HSL
1.5256260145175022,BSR
1.239709329599908,DXG
-0.5267989837908045,SSC
-0.03894937318512056,CMX
-0.4347905723985891,PAC
-1.2526705017083277,DAT
0.003030631788115741,SGN
-0.09976688411442218,DC4
0.012214087315748521,HDC
-0.4663879622720014,IMP
-0.6902866463834725,DGC
-1.0533395138933712,CMX
0.4673713534427653,LGL
0.39713660893803837,LHG
0.8501217377357281,SHP
0.8461836473895845,PHR
-0.31132211265417914,PHR
-0.3094906091186582,QCG
0.07166755031911211,MHC
2.0673798852029983,VCF
-0.945529110841842,ITC
0.03613302467133759,TCR
0.049477776676981555,MHC
-0.5112711444997547,TCM
0.03700757625693046,BID
-0.09050599450691925,JVC
0.018347376058329236,SGT
-0.037959585100596646,TDC
-0.0010929923421224704,NT2
1.3430177492463422,ASM
-0.9930039834114579,BFC
-0.20787228618932696,D2D
-0.17447572495164582,IMP
-0.06836967401315516,DAT
-0.3306026785161424,UIC
-0.16905559439041218,HTG
-0.0398565116355575,TV2
1.392846358291682,TEG
0.028813633490521434,VID
0.659727040303941,LIX
0.20333276755407617,KMR
0.4458670966641673,VDP
-0.02627033401665442,S4A
-0.5953545965957108,MSB
0.5598022835458636,HHS
0.5706874459393385,BRC
-0.29447980238454236,TTF
0.6620532404259087,BSI
0.6057238143281238,TIP
0.042030315331775765,CMX
0.0007264038441690482,BRC
1.3837719838655607,BBC
-0.07985662818273266,PHR
-2.485078769430873,PDR
1.144912477491486,TCT
-0.15648831218303494,EVF
-1.8008011360114822,AGR
0.03490476373496119,BHN
1.5726527245106774,CHP
-0.311699306370685,NLG
0.22230043341311698,DHG
-0.054035981894161894,SHA
0.6244038206155607,VIP
-0.43879116414296343,SMC
0.2939257275671453,IJC
-0.2863541343411316,DC4
-1.3669926578103426,TIP
-0.2947538920742259,VND
-0.00233886418680605,BSR
0.02084168342773609,TNI
0.47939894768047925,TCB
-0.6538116573381632,HRC
3.523852642478801,ASG
1.0564079695549424,GAS
0.8795559267750779,LSS
2.4632271446025285,BSR
1.8283220695396345,LDG
0.6007962895201244,TRC
-0.006974362964496282,SVT
-0.020564292720653403,VIP
-0.1434103937585941,TIX
0.6327130786247003,PAN
-0.29112324197072914,SVT
-0.05081509868905584,UIC
0.2567128379216575,SAB
0.34574821349334867,TCI
-1.256138706917556,PET
-0.4226307432421171,VNS
0.31761783673827676,PPC
4.833229960487537,VPI
-0.8591741056761139,VTO
0.21830683283161523,TCH
0.9640406872529339,DXG
-2.514169508229031,HHV
0.43670555350795154,SJS
-0.24456232831237346,HCM
-0.633060465407954,HAP
0.04523473927360492,DQC
-0.23648070122789336,NVT
-0.04220018171487552,DVP
-1.8853232306310146,RAL
0.9190805635582581,GVR
-0.5248213935127928,MIG
-0.45372145897250427,LGL
0.7154739709961604,LDG
0.3359794672722139,ASM
1.7162367009598274,NVL
0.5636481808816464,NNC
2.1440453729999156,FCN
-0.0010929923421224704,NT2
0.7088880165999434,CCI
0.87991875476294,NLG
-0.25525253816692695,GVR
-0.26754064284349227,TMS
-0.03816533798397886,VID
-0.5004279749150033,PPC
1.4109877139810085,HDB
0.03154598345416735,VNE
0.2072512471357845,NVL
-0.340185550293834,ADS
1.2983375445008125,PJT
-1.0745125194463778,BFC
-0.5636779163651379,DHC
-0.6241971106248562,ITC
-0.638094149036659,PLX
0.2390100678728921,TNH
-0.36728680944725983,BVH
0.1826091806902714,PNJ
-2.5795799943851416,PVD
-0.10157911102218661,SGR
1.277204146034745,GDT
2.0083014611299452,TCT
-0.31843497513088515,PTB
0.06498218563453641,KMR
0.40172512569588154,FPT
-2.177112095195988,TIX
0.45203996547137765,KSB
0.6486968500309341,VTO
1.6138654812295359,HCD
0.8396930206541197,AGR
-2.8079229240440853,SFG
0.6039939505059052,HTN
0.0324173028238746,NHT
1.6850870671096108,KHP
0.8543251696048769,OGC
0.7204824223829677,SSI
-2.1126381546097033,YEG
-1.2561179468627408,VHC
-0.009804542526258004,NAV
-0.9812407790149369,TLD
0.18865313235060976,CMV
-0.6657923635429506,SSB
-0.323886595959432,SAB
-0.5041245058852413,DPG
0.00209073858101088,SHI
-0.09872668103758167,SBT
-0.8129919730927142,CRC
2.1914649984760564,TDC
1.5248072124297154,COM
2.60051072194277,TTF
0.5298854869234718,MCM
-0.41223823078678484,ASG
0.7191721516997985,VGC
-0.3357606433929394,NAB
0.7523230781742738,TLH
0.0053002998141508054,VPS
1.6911651491124198,PNJ
-2.3965412558849426,BBC
-0.10167592135027435,VMD
-0.33913268773807986,MWG
0.11065757371432731,VNM
1.3916812469444655,PIT
-0.6296965119953721,BID
-0.04887336121148237,VNE
-0.23193565735796604,NNC
1.2433330843913442,AST
-0.57029590039028,VCF
-2.287353921882524,GIL
-0.16213724839866187,HCD
-0.4984801832964866,SSC
0.8483269649848515,HHV
-2.3690005429978815,DAH
-0.9049656601820114,PC1
0.8607767805204535,LCG
0.5739698049012134,PET
0.728886120385065,DXS
0.1800142901777069,IJC
1.0393570778376595,OGC
0.8824874615348751,BTT
-0.2246968852474431,ELC
1.6219927644136187,AST
0.244411937739276,SBA
0.20485229776580846,SFI
-0.488654323744774,FCN
-0.48724063493777375,SJS
-0.12292433921094302,BKG
-0.0014816338040509857,PVT
-0.7806835769675705,SRC
0.42000255124493596,NAF
-0.6233222162974584,HID
-0.5169256909763189,LGL
-0.9768597302076458,VFG
-0.4292382890101139,YBM
1.107933599726148,VIB
0.5111979146627024,LGL
0.001013232608016712,VRE
-0.5779448888264304,NBB
-0.31927228643327304,HQC
-0.004385846804446878,DSC
-1.218542924697839,NT2
0.004558087972000823,ABR
-2.041644186110773,SSB
-0.15335493488301227,DPR
1.347050635590603,GEG
0.39461332002566624,VTB
-0.21225702324942658,GSP
0.2495545784157442,DGW
-0.03278322785512887,VPD
-0.24443478998774537,SKG
0.17928324344855723,HHV
0.049568303495592714,FIT
0.2733317129167329,DHM
-0.047432790896677714,HII
0.36069269112803265,CIG
-0.04386165855295459,HTI
2.805978247465227,PAN
-0.33251591019422455,REE
-0.06411807354513586,LPB
-0.5885405018385095,IJC
0.001013232608016712,VRE
0.7408136405034561,KDH
2.1138683665599576,PET
-1.6542347513335693,VPH
-0.725425410157373,NAF
0.6726563326155162,VPG
1.7110271628429101,DLG
0.38605909561088314,BRC
0.31337424282224696,AAT
-0.42521849966183095,BKG
0.019727751281224896,SFG
0.017470414537389668,DAT
0.01399729444144872,PIT
-0.6109964893527767,COM
-0.010278857846892493,ICT
0.3519461879979699,REE
0.10291924170677447,SPM
-1.4473653118190202,PET
-2.4069525088357873,VGC
0.5572445878279756,S4A
0.06216955436000747,CNG
-2.2699508822756798,TNT
-0.13080430316177388,NAF
-0.2620659017469237,SFI
-0.40393393086929424,BAF
0.2408338545003481,TYA
0.699991673337612,FCN
-0.09709955086363901,TCH
-0.37778638269624837,ADP
0.3283059903577138,STK
-0.061238163173652035,DXS
-0.0035793402573823466,DSN
2.129858283739915,CTI
-0.16962561406414475,TCR
-1.0696165346402249,PTL
-0.05925870108523933,CDC
-0.4865031201637073,TAL
0.028466738123896978,BIC
-0.9786158187300077,DHC
0.5862132007976978,LBM
0.33285619634543595,ITC
-0.009419720709676867,HSL
-0.44270368108344393,CSV
-0.48740541606856863,KDH
0.644223943772736,PC1
0.6179462891194287,SJD
1.8333993725392934,TCB
-1.3383638132021014,SHI
0.057645725020512364,DTL
-0.40577236896509067,VGC
-0.12283277796055618,PGV
0.09633595477920194,SGR
-0.2346725228705234,HVX
-0.5541466404694569,SBA
-0.7001072539501727,ILB
0.3606087936675489,GMD
0.6525791970078426,TCI
-1.0932294516386423,MBB
-0.5339853816722715,ITD
-1.8508613214432224,PGD
-0.15494335233756626,DGC
1.2548978774615305,TCL
0.4959171714753846,SMA
-0.40588738384314066,VCA
-0.5526707589607447,HNA
-0.3032874716030421,PC1
0.421210785972814,FCM
0.5108413376325962,SHA
0.10161429883806827,HTN
-0.30987168918261576,LSS
0.06128233621904545,DHA
0.5292719491865533,FIT
-2.5954017597722725,ASM
0.2830815051746499,SBT
0.25049619568334036,GAS
-0.15162406889939686,ITC
0.22975791134129916,CII
-1.2391114486354304,FIR
-0.2574283312041139,DRL
-0.7399798148318327,ADG
-1.0218694984458803,HDC
-2.294445463837808,HDC
2.2745453733839622,VCI
0.010052461188120178,TV2
0.017470414537389668,DAT
0.668910968525485,YEG
-1.4744047625463261,DRC
-1.3183718216274554,TBC
-0.5782338450177008,PNC
1.3435686768687292,TNC
-0.6794888254369478,VCB
-1.48667703947436,MWG
-0.9744836024965069,HTL
0.5907020386670309,SGT
-2.115614596040081,TCD
-0.00719836091860017,TYA
1.1091809499241683,GEX
-1.3563294083363453,ANV
-0.04901282464354301,UIC
-0.383037572357106,ORS
1.7888230910731089,HT1
-1.2405238563664707,EVF
0.3794188763689987,HTL
0.06831597199000329,DVP
0.05479246954272211,DAH
0.8372122755418819,PTC
-0.2284803412894267,VPG
0.032702393867099826,TCT
0.0010431538240905256,OCB
2.5575640062603453,PAC
0.056204394119716304,SFC
0.17702890239401697,DXV
0.3444903012483287,CII
-0.0743292433197045,DPR
0.032702393867099826,TCT
-0.1507224014343537,BKG
-0.35150076839782607,BCM
-0.870279606894242,DLG
-0.03611241160351432,TBC
1.071983824004213,SSC
0.583278158958647,DLG
0.10715647765287505,LM8
0.09620634626531299,PDR
-3.1843691324907115,TNH
0.1467409122772688,TV2
0.6379588423345244,VJC
0.4392663755276614,TTF
-0.7358456187253536,HUB
0.015075088486803464,DCL
0.3127789359823089,IDI
-0.28073732596244355,PAN
-0.41709461933495706,CTS
-0.3984663106455815,DGC
-0.5559365352012154,ST8
-0.27482233833598363,SSB
0.0362638322978957,SBV
0.1278426483284375,NLG
-0.3135658707840345,AST
-0.7890088081275572,MCP
0.0362638322978957,SBV
-0.04677377040858557,NNC
0.6203482807110663,AAM
-3.2857108452468355,SZL
1.5630328558100857,IJC
-2.1693867384672174,TIP
0.6908235741450012,CTF
0.7640714472447677,HII
0.1538008359114713,BTP
0.2593437667386444,BTP
0.06554744250817425,FMC
-0.9619863916020212,ICT
0.347357364946973,TCR
-0.46240857566515425,PIT
-0.6996109176615427,KHG
0.7396940907542032,HQC
0.02622420446581552,PMG
-0.3834912998879543,CTI
0.5946111013388333,ACB
0.006316405241595661,TTA
-0.18443557958698212,HCM
0.33140670566823327,VNE
-0.0010929923421224704,NT2
-2.3346443757411928,FCN
0.035676689866664224,GDT
0.3307033071119927,BKG
-1.0606213226673094,EIB
0.3392574779452596,ADG
1.5201726027955038,VCF
1.0314217010356233,DAT
2.1506806530343683,DC4
0.9903233028689322,ASP
0.6791499625523432,HVX
-0.6495742726726949,VIX
0.3988209627116351,FCN
-0.6203930356879352,CIG
0.015607452319873193,IJC
1.6389719211079732,MWG
-0.2536265997046952,PVP
0.36617146068949114,DSN
0.03900506491361488,GMH
1.0613701738421184,VDS
-1.413429223168304,JVC
0.47884926233971775,PHR
1.7642664253128324,ABR
-0.7474735200222761,TDM
0.1956882156065892,SAB
0.15248457162651555,DRC
0.033891742871444946,PGV
0.36049904835750907,VPG
-2.3642541053219923,SHA
0.2887760196556159,TNI
1.7336944217706236,TIP
-0.4325161243221186,JVC
0.8325255122018056,DXG
1.184340079024297,TVS
-1.0088361806397221,NAB
0.49104169955993593,VPH
-0.24871116412087832,NHH
0.2037893513853835,NNC
-3.365545831218958,DRL
0.07771746935011008,PHR
-0.48665059413057704,ABS
0.8374863336577437,KBC
0.6252582343580345,TDC
1.1762076638661103,SGT
-0.8665709433873338,CKG
0.0029509043181032784,DBT
0.06166668890291119,CNG
-1.5933383955007443,SJS
0.941513926934408,PC1
0.020762476156149852,EVG
0.5948006488540614,GSP
-1.4902224465446574,STG
0.04360818881835552,BAF
0.3048263297904928,STK
0.11630148874165928,HSG
-1.2994715536567343,CTI
0.040365087961262064,VFG
-0.06345626579326227,CHP
0.622950328409236,NHA
0.7583049550040675,HMC
-0.4895464888621296,BMC
0.3791173481868849,PVT
2.6010507558592817,C32
0.0341408805583172,HAP
1.0981048623689935,STB
0.14288581416798612,SVD
-0.11580238634789516,TCT
0.026941231610136597,MCM
0.7895031370740457,ITD
0.06972815922554515,SSI
-0.2911185484175524,TTF
-0.06007149520162236,DCM
-0.3656733465716902,HAX
1.200274419841072,AAA
-0.3961555807422993,SMC
0.05574791319189526,HVX
-0.22473188428664387,C47
1.1230600243768736,GVR
0.923539184227184,MHC
-1.6120456194758566,GTA
2.4458545938527787,CCL
0.40238025864236415,APH
0.033653587015879,VFG
-0.07793748923313168,OGC
0.0139888896727529,VCG
-3.486279868882365e-05,BTT
0.3112851839824978,CTS
-0.024699671355255956,YBM
-0.07292025705733195,SHP
-0.03193702628664863,NAB
-0.6256915251536227,HT1
0.9327384378608805,FTS
-1.1969916686095932,KOS
-0.35397144433277294,SFG
-1.9768810665137633,DBT
0.48024798271536956,THG
-0.16627255136667926,HAH
-0.40989826170890464,LIX
2.6860258429720645,SGT
-0.33676480149585186,SHP
-0.18914232024045755,SHB
-0.08694946934723062,VNM
0.865636997878915,SJS
-1.2237050011934238,SSI
-1.0649071460523687,TCM
-0.634053834666255,SVT
0.19044041735620879,AAT
0.01227549044565495,KBC
-0.14696735233147235,VPD
0.44620606107533334,NLG
0.6578232367977633,HT1
-1.4950381943920963,GTA
0.1974525682833086,HT1
0.09697260613201204,BBC
0.977478123806275,CLL
2.0000056395314827,SRC
1.1205922413797185,DPR
-0.026616109313988844,SBV
-0.5175081869373436,REE
0.26521080708359795,HUB
-0.01803149338245371,HHS
0.03706341576841501,C32
-0.6269585266664168,HVN
-0.3136867815647939,LCG
0.7987403645458246,HCM
-0.027069022218978625,IMP
-0.38693521608949866,TN1
0.41672280521818783,ILB
0.29361078612738334,TMT
-0.323781920201168,TCI
1.3378709532477744,ACL
0.29905787227134495,REE
0.968741374074295,SHB
-0.2519462944319786,MWG
-0.19889659670399273,GEE
1.2623120826916199,VRE
-1.5550660450118239,BMC
-0.48670830347261756,DLG
-1.5843856772861968,VFG
-1.2432319385048967,BSI
-0.23903174692234494,KMR
0.6354697642416426,DPG
-0.06654115986305432,BCE
-0.7574789444573844,BTT
1.243071586214575,HAG
0.7034464375940376,TDM
0.8128963210140542,BCE
0.4278252119510607,CTG
-0.7672201829851913,HDB
0.4455402117881714,ITC
0.0949788131967288,YEG
-0.004694580843479522,LAF
-1.8973965360865979,TMP
-1.029187104354577,IDI
-0.9900126068034,VOS
0.7049014004977618,HCM
0.012462185561779658,NO1
0.024935044751338096,ASM
0.5223277220418104,SHB
-0.01453429557303398,MSH
-0.10193743338171829,TDM
-0.07085143234315783,KHP
0.1283502398916694,VPG
-0.6605500965641449,BBC
-1.1448836567129386,MSH
1.888218635555526,CSV
0.450102008359438,TCL
-1.1749858382077507,SCS
-2.542168921057963,SZC
-0.1714184266738974,EVE
0.5941253314110305,CNG
-0.618360195778378,CTD
-1.8312932308331198,DC4
0.3064521453104757,HTN
-0.5362845626370051,GIL
-0.9354488519968982,BKG
0.05479246954272211,DAH
-0.2204796257471448,VPH
-0.10529573548673728,LGL
0.09520962659897422,LSS
-0.012551033655145472,AAT
5.688363943400077,PVP
0.38134984761466156,NSC
-0.3486949312055119,KHG
2.10872718071672,ACC
-0.09123846491007241,TPC
0.04272214778406958,GEE
1.7346818688454095,DBC
-0.4880266766892853,SSB
1.233339429269636,KHP
1.0576769573380256,TNI
-0.1158199084457225,DC4
-0.6578659076801878,DCM
1.1933892637330006,FIT
-0.5358464834432544,MSN
0.09456328829079695,GAS
0.48464688507157555,UIC
0.08887949670977957,CLL
0.01399729444144872,PIT
-0.33237928604997435,BSR
0.382547960112383,HDC
1.5291950000556742,TCB
-0.1809600191010177,DPM
-0.46397857350859273,BCM
0.18946945453870184,SHB
-1.5662108221471647,VIP
-0.1233271029719997,DXV
-0.6065830959349264,TNI
-0.9593120249755814,THG
-0.8562187353210645,ACB
0.048540068602475055,VIX
-0.23535260154159438,VID
-0.00233886418680605,BSR
0.9817560561418279,BMP
-0.924716857534199,NSC
0.738186263396917,PTL
-1.1165234790250191,OCB
0.74581320111625,TRA
1.1787678933397434,APH
-0.12771419687486155,ACG
-0.10737159959486865,TLG
-1.6159609783642355,GEE
0.09836971612288717,PVT
2.2087668261938718,VNG
0.35695741174321544,VCB
0.07054601160753127,ASM
0.6257698547629993,D2D
-3.00343535086758,HDB
-0.4384402785590514,HTV
-1.7340174164411206,NLG
0.33094512775482315,SBV
0.08640445851411695,CRE
-0.8879337899700754,S4A
0.3332112965435101,BMI
1.2082295945650698,DPM
0.6061045554020482,DIG
-0.7030666268006942,VRC
-0.42816772690991467,PNJ
0.40671788419980137,TRA
-0.006974362964496282,SVT
0.27957962587077606,HTL
-0.2211105691091204,TRA
0.9599697140057962,YEG
0.1811655894502257,DMC
0.8532100211598769,DBD
-0.323146070019519,LHG
-0.4050336073862003,SBG
0.2173787376121265,JVC
1.361406815209162,MSN
-0.5455392875755192,VRE
0.0023951870223284273,VTB
0.01811243066550267,CIG
1.0264095471943444,STK
0.43653331194842643,DCM
-0.003618052175033325,PGI
0.2593499765165442,REE
-0.22262378071929995,PC1
1.205590935483642,DHA
-0.14113420403006544,LBM
0.0747762017831018,BFC
-1.3622352698672218,TDM
2.446987583482612,NLG
-0.15150488838218887,CTS
-0.36266861624920316,KMR
1.1350494459497968,BIC
2.259172331074231,APG
-0.035739001128254747,BAF
1.8866915126519443,APH
-0.16161167083748904,MSN
0.007956082369144593,HUB
-0.7262250120764587,VRE
1.1949779043231448,VSH
0.22492419335031916,HAP
1.2699546556442223,SJS
-0.3658982129447923,ITD
0.24935017836145104,VRE
0.3748268976003034,VTO
-1.2379496974306903,STK
0.21165941803866362,HTN
-0.11681785681246885,HCM
0.20711747800912347,TLH
2.049899616626852,ADG
-0.2776390992089938,SGN
-0.040266966201011126,FIT
-1.4508344634819863,ACL
-0.09460805827874859,OGC
2.477845424279629,IJC
-1.3819849396248889,AGR
-0.26691451695977547,TPB
2.1018520165028645,TMT
-0.36849606652467964,FIT
0.44238776333209723,CTG
0.3163910062542589,MSN
0.5321508102381532,TEG
1.1165498183779698,GAS
0.5110752745496354,TCM
-0.6015207860631796,FIR
2.6050790470749043,VSC
-0.5940664552899177,GDT
1.860030110286895,BBC
-0.655262144564682,PVD
0.1019630604799252,VID
0.6040502026849208,VFG
0.35730081954037185,HVN
-0.8802395421603258,PC1
0.955696847247927,SSI
-0.12868432036175667,NVT
0.33156744025881507,HCM
0.03956661659568135,SHA
0.24108652588494137,PDR
0.03288315152464663,SMC
-0.10914172847777048,NHT
-0.2237367028534152,DAH
-2.3659552331021345,TTA
2.6419530481326237,DAH
0.32778802391261574,SGN
0.08251703028465204,ABS
0.3100663760048836,TCB
-2.112852013456496,PTC
-0.10887061002878234,CMG
1.1235703903196932,FIT
-2.432031560167578,HHS
0.022876160959303934,AAM
-0.3615891737932825,HVN
1.0566838635281306,VTP
-0.22580807600531108,KOS
-0.03840242861228499,TCH
-0.08224248520836432,VID
-0.37664377560661344,CLC
1.8169125260860177,TIX
-0.06172786479004652,HAR
0.3726177761712946,NSC
-1.5996976616305778,BSI
-1.4994498286018325,DBT
-0.1935238857614835,SCR
-1.1406083717335553,GMD
1.191594221895632,HNA
0.465002137973774,DBT
-0.030829265911083176,VIC
-0.0919149400502015,NKG
0.025194249438446836,HHV
-0.006974362964496282,SVT
0.006453295359853701,GSP
-0.00233886418680605,BSR
0.31435038811794547,CIG
-0.1259491487030801,AAT
-0.8409278893327596,BCM
0.08634797532676669,HPX
-0.4530897294828344,GMH
-3.054324854435337,SJS
0.33871246078857,PGV
-0.25676473284308243,IDI
-0.7712180932527357,CTS
-0.33387256992614833,TCI
-0.31754443994861636,CCL
0.0007264038441690482,BRC
-0.546886837859725,AGG
1.9676958103493005,CIG
0.03154598345416735,VNE
0.034482932483054084,DIG
3.0359513727715925,VNS
-0.011071580345109812,ADP
-0.9917276611537145,SMC
-1.6319804793960933,PGV
-0.5932091357684589,ACL
-0.08130017763885984,GDT
-0.46593919520934285,RAL
-0.2482138162703292,VGC
0.7112596024358333,PVP
0.3220495973358357,VOS
-0.10245823178720953,CRE
-1.3178580492937788,PGC
0.16594339156991955,FCM
0.6430672799200678,BSR
1.9680375858986463,VNL
0.3217736697815271,CCL
0.06839524545885395,VPG
0.5963140770324736,VCB
-0.5835820732719056,HAR
-0.6701654467067953,SHB
-0.18646452849211773,EVF
0.03725911110027894,FIR
-1.8912249664059169,D2D
0.5051255017509023,DC4
-0.8263973839246841,GVR
0.011756480410744917,VOS
-2.0638323330201933,SZL
0.001013232608016712,VRE
-0.46819821725164956,VIP
0.5125048797937273,CSV
-0.8702377029101305,SCS
-1.7317868713752893,VAB
0.030428795898334436,DHM
-0.33044614122716887,EIB
-0.32960455525428284,IDI
0.029208460341036874,NBB
-1.032510234838615,DSN
-0.0019336602746562672,LM8
0.20497680431390586,PET
-0.038616142255850645,LIX
0.4842428027898424,PVP
0.15409709804979738,TNI
0.15633081331733498,DCM
0.28758281816222103,HAP
-0.24441831052640706,GDT
1.9410671498064611,DXS
1.8493099971354623,NAF
0.2893414578606986,THG
-0.30539480870980207,PVP
1.5100864080072602,HDC
2.0205226763956716,CTS
2.6882390741065834,LPB
-1.549419698617755,TCD
0.5749447224832247,FCN
-0.6541559441282749,PTL
-0.9686771903287728,DLG
-0.6875867572069929,HTN
1.1831667062464415,CTS
-0.6352721374010748,SHA
-0.00032934254271416673,DBC
1.0674726729074184,SCR
2.64750530439634,FCM
-0.14517005328637386,VPG
-0.296692652427475,HDC
-2.562933183834556,VPG
0.06935107464618351,VIC
1.2792868406721636,TMP
0.29509450860317793,UIC
0.3239958427733598,TDM
0.13089395070569593,SBT
-0.5074830248461777,BID
-0.03796103738210988,TIX
-2.5351129860588277,KSB
-0.07717620376964221,HPG
-0.6585730564299562,GDT
0.1309515864176489,LHG
-0.5917899860717563,AAM
1.1136271830287734,GIL
0.46778695777311435,VPG
0.04232938800590612,AAA
0.002106769581165213,OGC
0.6316496217868828,PHC
0.006207182326561493,MSB
1.1942239580002207,NHA
0.20359076295842057,HDC
-1.0847209369189854,VIP
0.5216928252128845,VRE
0.222282206065775,HAG
-1.234543499761185,PAN
-1.9945040432366565,VPS
-0.21551112644308495,MIG
-1.6796859463155314,SBG
-0.1383231017474766,BCE
0.8394489469120865,LHG
2.435073238926249,DBD
0.5130712935174009,BSI
-0.5589761147425752,SVC
-0.010001346113462593,GEX
-2.527351225691327,CMX
-0.002536527193645212,HCM
0.612696465533513,HNA
2.3774512141536253,VSC
0.05215171416720481,DPG
2.5120587120524953,DSC
0.6436232944645561,FCN
-0.6602833393730629,BMP
-1.9290525776237744,DVP
-1.2160432339039857,VAF
0.28187116295352527,SMC
0.04751506652631613,CNG
-0.19327170409814204,HNA
-1.1519208459760102,DC4
-0.7113324109773426,BCM
0.18350824287561407,TDC
0.04422408295220057,SVC
-2.3987974723031393,VPI
-0.5396706257961409,HAG
-0.024199799712239817,TDG
2.1949571991916748,GEX
-0.6394332669347539,VNM
0.7471891629517385,PVD
-0.266015993699021,EVG
-0.02280336060692953,TRC
-1.1612372719966315,HU1
0.0011307821903262022,TNC
-0.34279016122480255,BSI
0.07955272672929185,NSC
-0.02337097832192641,TCB
2.1559430955075967,DXS
-0.03978827027776972,BTT
-1.223237214037914,DRL
-1.8135674463115534,NKG
-0.0191656674683709,BWE
-0.03710416720687316,BMI
0.509364873766346,VNS
-0.2274485023126674,FMC
2.2052967624950686,CII
-1.8997655918491947,SHB
-0.6588784969341067,EIB
0.3279133521982071,DRH
0.03942839082399665,NHH
-0.35308930597565635,SCR
-0.29211358059153114,OPC
-2.238484730197161,SAB
0.08033884170083425,HVH
1.2670991091955368,PMG
-1.4523079194692696,MWG
1.204661704503414,VPH
-0.0010929923421224704,NT2
0.7992787449567696,ST8
-0.20492754063382213,STK
1.9628348399346072,VRC
-2.2471285149406843,CTS
-0.23477383015879705,VCB
0.04928699074251836,TLH
-0.4389160034941554,PGC
2.6418471359465476,BRC
-0.8281061705395811,TCR
-1.9740607482178771,PVT
-0.03220903068226657,AAM
0.7496798507013098,PVT
0.7310892198153796,BFC
0.003030631788115741,SGN
2.3033525849342915,VCF
-0.04901267103061383,ADP
-0.7601458069656176,BMI
-0.008094871487904687,TCL
0.051354330134984284,SAM
-0.4908184460679103,DAH
0.3347605603419995,CTD
0.01645569009551116,HAS
2.343341838913426,LGL
-1.5215427207265053,ADG
0.04550195069731325,PHC
-0.39833151668012007,MSH
0.02014837469879161,TMT
0.008703668770632687,BTP
-0.1065370044057026,LAF
-0.2440143494583939,SVD
0.018347376058329236,SGT
0.27391079416334957,TLH
0.09297458878050983,HPG
0.8014149443208547,LCG
0.04841076042871918,CMV
-0.24269454943156604,GDT
-0.04007052630584957,SMB
-1.2487797193996613,DCL
0.018951805322753378,HT1
3.118710108722823,FMC
-0.1408915869391392,DQC
1.1222763057091703,HTL
-0.24929864234530877,HUB
-0.8985513357544038,CLL
2.2442156845304257,VCB
-1.3510469794546225,BIC
0.8752024898166134,NVL
-1.0167392124702046,CTI
-0.017295779253476598,SZL
-0.5168980014146098,TDH
-3.1296682522222885,ASP
-2.3655775544839712,TTA
0.1958550609740313,VCA
0.7449579772234058,DRL
-1.5730004174704824,ITC
-1.7935299146236932,VIX
0.8762821320703525,VHC
-2.2860841613771137,TDH
0.19226177352605794,FRT
-0.08256805908662009,VNM
0.9710431168008037,GEX
2.000863953702113,SJD
-2.2640735022225886,PET
-0.4989110008449657,SVD
0.15532975290877415,MSH
-0.19319884895587355,VCA
0.020762476156149852,EVG
-1.5398812097030259,GEX
0.0778821288112495,NSC
0.4364035836059739,SBA
3.0266568179559616,GDT
0.0011892775149193113,SAV
0.014303895794980726,LSS
0.5219564934557787,FCM
-0.04885357402579121,CKG
1.6671340787281763,ABS
1.8509377959766768,SHB
-2.1465015903093474,LGL
1.305488701161092,HHP
-2.7919303685008483,HAX
0.017275768872348746,TRA
-0.17118391462374777,HTG
-1.8264494653752112,SKG
-1.7320943179683914,GMD
0.28836254411821066,CDC
-2.2811847358420154,DHG
-0.7540553545382598,FCN
0.20344228787619956,D2D
-1.1663236811088717,HT1
-1.4719949438960744,CRC
-0.5371116719120188,BCM
0.24865803275691112,AGR
-0.25778099090151446,PTL
-0.09536419724320196,SGN
0.15593804195788938,TSC
0.017192709580587395,ACL
1.3671760666471826,ABS
1.1543082980441501,STB
0.6467345174150406,BHN
0.04523473927360492,DQC
-1.7891691527282192,BTT
0.01459725152390297,FMC
-0.23089072602309324,TCL
0.12265698163800744,DGW
-0.34223547976597546,BCG
0.5256290529693999,VCI
0.7612413611290445,DPM
-2.3636179429453654,NKG
1.1795197671715263,BFC
0.0216565996698444,TCM
0.42492487618230496,VNS
-2.1458887987319026,HAH
0.12482785361105365,KBC
-0.9649538414192484,ITC
-2.1513983650647424,KDH
0.00209073858101088,SHI
0.3649314117491923,CMV
-0.22583850966590432,HTI
-0.32596572365652254,DRL
0.5306585893543904,HT1
-0.12854208004461443,DSC
0.4987928570217319,SHA
-0.8348253983520195,SAB
-0.2414073272879713,TMT
0.2918856984798191,DRH
0.5555908138974925,LGL
0.0769834059038526,COM
-0.844038447010664,TNH
1.6015434360085834,TYA
-2.485105047323862,HVN
-0.6933664633451508,TCM
0.44511969033093024,ACC
-3.4600247422052672,MSB
-0.3839563884920682,CMX
0.017275768872348746,TRA
-0.08396989792688914,HPX
0.013465116801354671,CMV
0.4762260281309804,BTP
0.015672944538421517,DC4
-0.6638609335888955,IMP
0.8815185531110078,MBB
-0.39717776726196147,SFC
3.292812553630814,TTA
-0.3388118952533747,HT1
-1.6273114131383852,CLL
0.22898500429075172,ORS
-1.6027472354399435,SBA
-0.010290187609279433,SHB
-1.6333298476228797,MSH
-0.8704225468143206,CKG
1.7090989176033595,REE
0.5152957989420233,PHC
2.268011284175237,VPH
0.8328101880995518,NAB
-0.0009503050825391499,BVH
-0.42207218238118177,DBT
-0.5881656172743556,BCG
0.2987401392276848,TCB
-0.24273759628303926,VRE
-2.012357663151569,VDP
0.36716144268295653,VNM
-0.31397093210994054,HVN
0.6664441514035898,CTG
0.55281674392278,SKG
0.1039420843246905,ADP
3.239607275216815,PTB
2.065848715534688,VOS
-0.3272173582395495,SFG
-1.2942373030907008,ADG
-0.24738515929162008,HHP
0.18173915940639773,TMT
-0.2080284136579336,CTG
0.1896077342710121,STK
-0.19306523930071998,VCI
-1.2176204393159333,VIP
-0.4269296436962101,APG
-0.24712602222339725,HTG
0.1789501462230852,MCP
0.1223841015209904,VRE
-0.45107620826470396,ICT
-0.2720482822935545,STK
1.530686716653325,COM
0.8633633942001225,DBD
0.15834513276948814,VRC
-0.004178447362447563,D2D
0.023113353814478203,APH
0.15402398879070017,NSC
0.2520336225135195,VIC
0.03956661659568135,SHA
-0.17790747461265236,CSM
-0.7678142696755366,HII
0.37878642314686806,VGC
-1.7579469693348413,LIX
-0.5216580802855444,GDT
0.8290377281406659,VRE
-0.0015343096101767507,BCM
2.6078490842809225,SGT
0.2078023282476728,TMT
-0.08355750436816646,HPX
1.0754918589436127,HII
1.0989092291857205,BIC
2.4246955175407745,KHG
0.02144605611736599,DXS
0.8415264339634287,MSB
-0.4399862001551734,GMD
-0.7377598971875896,SGR
-0.5192260309656944,HVH
-0.49817516711422316,NAB
0.05232939289576211,CTR
0.006207182326561493,MSB
1.437376009595053,VTP
-0.010977080842714097,EIB
-0.44295851218786364,NLG
-0.9869803840229139,VNG
0.09615979680675941,PGD
0.2452098278852497,LCG
0.1868111702772923,STK
-0.9157073050068912,VHC
0.14852681972014622,HQC
-0.133439428959844,LIX
0.4097826834351548,VPG
0.4507844058947425,MWG
1.1698920524977556,MWG
0.03900506491361488,GMH
2.9594435358738016,CRC
-0.19868437522168633,TLD
-1.1816355915637082,KOS
0.14023623404898228,ADG
-0.3329996501879674,CTI
0.43861587677097497,STB
0.3698443613314088,VCG
-0.7776745955965954,SFI
-0.5449733386827685,CTS
-0.05888922913935263,UIC
0.07704496368156044,VIX
1.0118415356798067,NLG
0.6850132114294181,TMS
-0.13858703044438594,VFG
-0.102628642512091,KHG
-0.5882319630003567,TNI
-0.04579686224026968,HAR
0.5447074471817043,PTL
-0.03642562494160404,KSB
0.509914055225316,GEX
-0.6679130524740026,SMC
-0.5877269361748166,SIP
-1.9956624839990067,DIG
-0.2227088291034063,HPG
0.32328327458010336,VID
0.3179638468343554,FRT
0.02299732134407447,VMD
-0.5607272162077638,CMG
0.3517470066547703,SAM
0.2759650689297477,GAS
0.34648045361252305,PHC
-0.582784916356485,KHG
-0.1388829637396718,THG
-0.15537982171124504,DSC
0.09038491169474097,HPG
0.8787773710186351,VPS
-0.09769344420546688,PAC
-0.33176250142007435,VRC
0.09473093943535703,HDC
1.6417170786989799,PNC
0.0007264038441690482,BRC
0.191715687071217,DSN
0.13664355401032496,SAB
1.7409392662424177,GIL
-0.3457311777671268,TDP
0.2576300689429742,DXV
-1.0191696574482771,PNJ
0.07135677259836512,CTD
0.0345579637200513,REE
0.811003914260824,CTS
-0.6586229926567386,VRE
0.15016846068264658,REE
-0.3073006095455597,TRA
2.460720405579377,HVN
-0.32256750736935613,FRT
-1.5681113852082342,VND
2.567787957982078,NNC
-1.3236616315822713,CIG
-0.0937896369266664,HVH
0.006316405241595661,TTA
0.16611484585406167,HVX
0.402929266536853,PLX
-0.05925870108523933,CDC
0.006316405241595661,TTA
-0.19744920553513196,LPB
-1.5613844640868182,CCI
0.8060753196255711,ABR
0.1842270652148176,ACL
-0.22370431440123748,SBV
-0.5267698155573111,GVR
0.018853965741955983,DRH
-0.37032683179911385,DRC
-0.39905071455546703,CII
-0.7732181352380408,TV2
-0.24850444758665077,LPB
0.08618614744493151,HTL
0.03706341576841501,C32
1.3767055521604956,VIP
-0.01768901764287977,VAF
-0.08304382611537288,SSI
1.4467376621156682,FMC
0.5171498648654053,ADS
-2.352544606058968,CLC
0.20796008714236194,HHS
-0.9076647794566525,DCL
-0.011071580345109812,ADP
0.031877776436495295,BCE
-4.044277188528607,TCI
0.3072823700019633,NT2
0.13451928417935372,TVB
-0.9809548160316696,KDC
0.9106365008458372,HAP
0.21507218193992242,DPR
-1.330166854508949,TDC
0.868954689800366,HPX
0.011116422163687436,SGR
0.020762476156149852,EVG
-1.3921546044764506,FMC
0.022746471693790186,STK
-0.1774604839473373,VHM
1.6022285785681754,DRH
1.5156520989806932,KSB
1.2964748756218292,VGC
-0.00524231739177125,NTL
0.25237024738522035,JVC
0.1786319260308973,VTB
0.009713457624341842,JVC
-1.2946718598330853,TVT
1.1661353152994807,DBT
0.031877776436495295,BCE
-0.25567150038606795,TMT
-0.30307450737540154,DSN
0.11869964706555611,HAR
0.496409581960058,VIX
1.150623607162815,NTL
-1.1372992187616375,VDS
2.201026828643801,IDI
-0.00262911211976307,DPG
0.08714819563630166,PTB
-0.2591321861535321,GMH
-0.023989096304515546,VNL
2.4440073552737096,BMI
-0.004205372210390653,TCH
-0.2460605859685964,VNS
0.11145941478309536,DBC
-1.3503203066008826,VNL
0.008777466983687194,UIC
-0.33590208515581155,KMR
-0.10118909810297441,SMA
-0.009419720709676867,HSL
-0.47884775208587754,PTL
-2.1163172721006673,CII
-0.15816204251391514,VID
-2.0283183216435554,C32
0.1595493548587399,TCT
0.22969031230214976,GSP
0.9615196058668151,MSH
0.280660980255539,SSB
0.4073886530909076,LCG
-0.2963339113154034,BIC
-1.2976500041034247,SIP
-0.03227061023696112,SCS
-0.5334696682076865,ABS
2.1392739297001646,TDH
0.8471252721640689,FIR
0.09189464591881501,CTD
1.5993295664420308,NHA
-0.010886727105730258,VHM
0.012214087315748521,HDC
-0.2691529277654198,PNJ
1.7759849527595069,DHA
0.754766176042292,BID
-0.16798889102530434,SHB
0.24913618862721365,VJC
-1.912137287404783,CKG
-0.03629801188803617,MBB
-0.01768901764287977,VAF
0.0010431538240905256,OCB
-0.031228178938411733,SJS
0.9507748958920029,GSP
0.650530664287586,KHP
-0.5032856186758964,VSC
0.39291677708478273,TCH
-0.12658262557460329,HAS
0.9376383918885459,VRC
-0.12300297116495129,PGD
0.49745521867465814,DSN
-2.617652361038871,IMP
-1.5470600386104174,DHM
0.3053689069629192,TEG
-1.2896565913066669,VAB
0.045059397440728816,FCM
-0.2463454500665063,PDR
-0.05901136297516609,HQC
-0.23820809000923676,GIL
0.0007264038441690482,BRC
0.09339793332876804,BFC
-2.5647016232527613,FIT
2.0007252933896287,D2D
-0.6127073137484054,DSN
-1.7384783893780114,TCR
1.1662822210134796,PTC
-0.2830977337949518,DCM
1.6607465875007041,DXG
-1.4323720907617412,OPC
-0.4437512207534323,BAF
-0.6695746382109014,VCI
-1.1008576180731195,EVG
0.49660872712263,SGN
1.567499842748994,HSL
-0.10439104053964121,NHH
0.042702630137674454,HAH
0.8579956090432861,VPD
0.7636622118364806,SGR
-0.5089502245601867,GEX
-1.4161797795235873,SVC
1.683620294367584,ITC
-0.5015376350719511,TVT
1.3001674845699454,APH
-0.8449158714551362,NO1
-0.20949724830443134,HMC
-0.7334491624892046,VSC
-0.39737390108221343,LHG
-0.11880385601943293,DAT
-0.37056159131516975,DPM
-0.028146818320350358,SFG
-3.404617875786065,BCM
-0.17001695333117767,LIX
0.38535892904109553,SBG
0.13733783790766566,CTI
-0.6547692070374357,HDB
0.5263732713069367,CCL
2.7997799423856606,SVT
-0.3032814973252041,CMG
0.12743298846859316,LAF
-0.7562553157883065,TCO
1.8158706173187926,MHC
0.6415141819284621,CNG
-0.0495849908599795,TLD
-0.5133566048863037,GIL
0.7565123163556807,DXG
-0.3882150691536702,HCD
0.3818658964434719,CMG
0.5372239962112485,MCM
-0.3724973064030842,LBM
-2.4935948585100314,VIC
2.005704522337176,HAH
-0.009357836561759423,VSI
-0.5269766557110936,TCO
-0.6764566583158217,NO1
-0.2195168944085801,TCM
-0.054125693028135836,SAB
0.7587660639114757,VTB
1.1475221455634321,STK
0.19185009581271878,PNJ
-0.5612317562346876,FRT
-0.17047927295411414,TCM
0.3332576294548602,KHP
-0.8913883307010071,EIB
-1.1772037735367824,VIC
-0.843237931911685,ITD
1.2172153253250815,LIX
-0.20128368365018262,ICT
-0.008499813138435132,SRF
-0.15163788175967657,MCM
-0.3434893847479815,SIP
2.8947834522037317,MSH
0.5618364484426012,HCD
-0.3374239953852699,NT2
-0.12932552923095278,GTA
1.4844995942179946,NHH
-0.08778228292228885,ILB
-0.2840161942291654,TV2
0.1760960272967014,THG
0.24228125090101538,TCO
-0.06387461709362133,HAH
1.6803838750749038,ILB
-0.010001346113462593,GEX
0.4752390870833651,VPG
0.10234539748224197,TCL
1.5434889303140378,SVC
2.1055234356317007,EVG
1.4056684270041475,CHP
-0.11510032589557348,AAT
0.4119573043796856,FIT
-0.2982165056609425,SAV
1.0631898046032404,FCM
-0.8221829100839749,ACB
-0.6958441258358107,ELC
1.952388268743237,SCS
-1.233492755330824,VCI
2.0863422408441554,DXG
-0.2061297729489214,AST
-1.903192816103586,LDG
-0.9793740042092266,HSL
2.353983406826959,SHP
-4.700900901365842,TCI
0.10978823009362139,NT2
0.9613542713245357,ORS
-0.274894083798764,PDR
0.7620268866054428,HTV
0.6182574461123208,TVB
0.6242318451044974,ANV
1.3587274551534914,ABR
-0.45941339157979844,TRA
1.0136545480074222,SVT
0.6929959646129911,DIG
1.2331549783673132,POW
0.17418737697904257,NCT
0.9224483633842498,MCM
-1.484708012707924,BMI
0.3366503272845635,CTG
0.42727280191102907,BMI
0.05524429141736469,COM
-0.2682159106352399,HCD
2.25935090363619,TCH
-0.0010929923421224704,NT2
-0.4194914293458036,ITC
1.1278539134118393,C47
-0.0019336602746562672,LM8
-0.9592493656613044,CLL
0.6198192407315699,YEG
1.2161347285619328,ABT
0.06498218563453641,KMR
-0.04007052630584957,SMB
-0.7036890634578274,SPM
-1.3827642063005523,VPD
0.13417500030887758,LBM
1.70764454347809,CVT
0.11076536273026179,ASP
0.19640689726306973,MBB
1.213091391129758,GTA
-1.0335475916955343,NNC
0.4120184402883364,DBC
1.155550768803558,DXS
-0.9203849520405422,OCB
-1.6969375049912465,YBM
0.003030631788115741,SGN
0.751947625813858,DPM
0.732253758949461,KOS
0.6395789820270569,MSH
-0.046878520537138,NVL
-0.20801019547648195,SFG
-2.066296314905288,RAL
1.3661451853257474,VNL
-0.7189288262553308,VID
-0.02627033401665442,S4A
-0.8961774304892259,VOS
0.0324173028238746,NHT
0.0942624376916349,PAC
0.05574791319189526,HVX
1.4387788018060341,HMC
0.13659576615455413,HTI
1.0912100416127726,KHG
0.0053002998141508054,VPS
0.7522103981426038,SAB
-0.0010929923421224704,NT2
-0.6340888268621079,PAC
-0.34383944632128316,GAS
-0.432642527087305,MSN
0.09678390083917725,NNC
0.33371970159278785,EIB
-0.40640415750694664,NTL
-0.6683133363463921,SSI
-0.28668890415972437,BIC
-0.7209461943823176,TN1
-1.4193718088391618,ABS
-0.004716289416680875,VIB
0.05909975057017358,TSC
-0.2946287343459088,SPM
0.018347376058329236,SGT
0.2122575127982461,GVR
0.5579144253719078,ITC
-0.07365434252873992,PC1
0.12817149606583647,NKG
1.6008656445697231,POW
-1.3652547315830423,DRH
0.39531916268550044,TYA
1.4390913168278479,SHI
0.1167501957800254,NLG
-1.6297438957396628,BHN
-0.042756258447336784,TVB
2.200588540529843,VSC
-0.011062049762442155,SBG
0.41868308012914135,TIX
-1.7929067971946622,OGC
0.12153323892402466,ELC
0.6276012514213908,TCD
0.03613302467133759,TCR
0.2752441254078756,VPI
-0.2585118968411971,VOS
0.3592961872779907,TCH
-1.8063064432703106,DHC
-0.009357836561759423,VSI
1.2393761782874544,ORS
0.19473353293038967,VNG
0.013036722046752979,HAX
1.4499413644223513,ACG
-0.01343741566151019,DRL
-1.9112667443038842,ABR
-0.4049669594477636,SRC
-0.547554038463354,TEG
3.552442826348832,BSR
-0.12023606168920595,SAB
-0.5790989122823328,HVH
-2.699814526391805,LSS
0.00209073858101088,SHI
-0.4319870851524569,CDC
-0.7489622275519641,DPR
0.07094122771175826,NVL
0.33684490625603425,GIL
-1.733917734081106,LGL
0.912200516990571,TCB
0.028112285754165734,TN1
0.008078648031764968,ACC
2.204096060416972,FRT
-2.5365686057003174,HCM
0.14182965947442214,KOS
-0.05688053959735339,SBA
0.29260760574850014,HAH
-1.0056230051673087,BTP
0.16989408948024093,SGR
-0.02800770061945341,REE
0.20172400565503137,PGD
0.024320860789517625,APG
-0.10536694789602725,HDG
0.7737656547228401,TCO
-0.6572366873695887,EVE
-1.0513159873880051,ACL
0.8652031410149634,DHG
-0.10290490001707626,NHH
0.14428871787884293,TVS
-0.05521149234921085,CLC
0.6265306240265768,DTL
3.204184910192392,TCT
-0.00233886418680605,BSR
-0.08962533817904009,D2D
1.0219805323401614,SRC
1.001817787117429,PAN
0.5955819408522114,VMD
-0.48278440302159503,ADS
-0.2053611526111243,TCL
0.21121862298346078,TRA
0.699949849424173,VHM
0.6213937965289662,ACC
-0.031912303747719216,TDP
-0.5040796649823732,VPB
2.34787431338729,PNJ
0.7947309575354349,TCH
0.5032124095769969,ADS
0.9187612926642518,CLC
-0.098385615666332,TCB
-2.9144350029821746,EIB
-0.03278322785512887,VPD
-1.8734423178778825,DRH
-2.4589884160899405,SSI
0.19769364521477736,TDM
-0.2782125689122762,TAL
-1.9313602989509273,PDN
-0.8974971289112226,ABS
0.774469232482722,MDG
-3.366305713895587,TLG
3.093124204313171,TCM
-0.038616142255850645,LIX
1.390187864733012,DCM
-0.3472596047959886,CIG
0.960024570254339,HAP
0.0010431538240905256,OCB
-0.6371956419211577,BKG
1.5962550834570368,HPG
-0.2578855576805942,DRL
-0.01574428151394302,CLL
-0.3538750147859785,HCM
-0.4412791758650394,VOS
-0.13799361323606654,VIC
0.5683039073148838,FCM
1.8835037768402911,SRF
-0.9423276239713284,PET
-0.038498611130546534,NO1
0.013098078317394157,ST8
-1.1660820455568424,VRE
1.3106507923619564,FCN
-0.24409554662433589,VRE
1.7742529650939833,ABR
-0.6183951474126296,TCB
-0.10327079122282765,BSR
-2.641821783727468,HID
0.2282887050357636,SHI
-0.3591464654386912,GMD
-1.1093070669345244,TYA
-0.24865893932868033,ASM
0.973516442622553,FRT
0.02365177267205379,VCA
0.6075259738217132,PTL
0.030897458812704198,SRF
0.015255258796785395,HMC
0.19312562119878507,GSP
-0.05521149234921085,CLC
0.6183406085140849,FIT
-0.8338890734070972,HCM
0.039309187906676465,CLC
2.301963915342463,CRE
-1.2620255991842109,QCG
0.026296599896096524,ACG
0.005916506007162316,BMC
-1.0804061406020353,GSP
1.239323649242468,DPR
-0.6304374093215712,SJD
-1.1069556799101,PMG
0.13803432009862648,OCB
0.732472601518533,DVP
0.08770115723749486,SBT
-0.0620775697317785,SAM
0.0341408805583172,HAP
-0.172802467593752,VCA
0.23029471436278948,VNM
1.2335995631253003,HPG
-0.7317059042821432,TCT
-0.7802328064197591,EVG
0.0612574714025042,HID
1.6370004947392551,DXV
0.03358587431716874,TEG
-1.822856552188983,VCA
1.686867575062843,DXV
-1.6659231289710053,DTA
-0.0002576781687008662,CTR
1.1631621861341779,DXV
-0.38802653097335893,GSP
0.11410566358856186,ACG
0.08013973628962155,VIC
0.40407545447979737,SZC
0.008703668770632687,BTP
0.38324226210040807,PMG
0.02227599319932012,HU1
-0.1228788716470833,TRA
-0.1186028091050922,TCL
-0.7775333059135561,CTS
-0.7448652660767546,KMR
-0.06334202814312684,HDG
-2.609172007263843,PVD
-0.4186820067549361,DLG
0.01074755616262742,EVE
0.00866844301216053,CSM
0.8876498745090263,SRC
-2.3091394796989637,GIL
-1.225030497745393,GEE
-0.40464970884761053,OCB
-0.02141062148425133,HVN
0.006207182326561493,MSB
1.0158006457990452,CTF
0.9305390737040585,LHG
-0.005930102498459649,PVP
0.008777466983687194,UIC
1.6845084909239294,BWE
-0.026823822074883,ORS
-0.8879084508868785,TMT
0.3144204329079676,VIP
-0.02627033401665442,S4A
-1.8684619828109228,VIP
-0.6189584328985474,TCH
1.2061265423855387,ANV
0.40942053943183887,ABT
1.1998661126728272,DSC
2.1420798716824545,REE
-0.5277673149985349,VPS
0.019727751281224896,SFG
1.6500793786463197,NNC
-1.2822601975686279,VCI
-0.06240550126560604,VID
-0.0037298741554064947,VDS
-0.3796546079809798,SCS
-0.000200210842177191,PJT
-0.004864726025937184,MCP
-0.09633184875447708,LBM
0.49821577935167494,HQC
0.1060358090926225,HQC
0.028073826948156785,CKG
0.09921045499971985,VTP
0.9883097114837748,HVX
0.5168300998649581,TMS
0.31123467581589603,VIP
-1.025792536826328,PGD
0.20820396304870742,VCF
-0.003869585664092303,PMG
-0.393192344558255,CTR
-0.3591718855634058,NAV
0.4189600666423891,HU1
-2.310163470358857,POW
-1.179335646293425,PNJ
-0.5692372591306771,TCM
-0.37637539586980395,CIG
0.08326698258366823,SSC
-0.5407754508220175,ST8
-0.5720851980879068,CHP
0.0341408805583172,HAP
0.7148899285400733,BMI
-0.5854183601948089,POW
0.4365574356928789,SHP
0.4840713793166572,PGC
-1.406761587085576,VIB
-0.9981997993759852,DAT
0.22731869476131122,TDM
0.9347193791326575,NSC
0.7532530485947777,PNC
0.04992262607112687,MWG
-0.11376149576941698,PHC
-2.895755805669027,TLD
-0.259816761070833,BCM
0.21971508257790937,TPC
-1.467274097320174,HRC
0.057645725020512364,DTL
0.06917823925648343,ADG
-2.2834824292104265,ANV
-0.43765298089141375,DCM
0.18513074184793937,BMI
0.41112433854362773,SHB
-0.050687061921707875,TVB
0.006207182326561493,MSB
-0.20056420708033978,VIP
1.6127536235779998,SMA
0.19898542213527437,JVC
-0.06458368055320328,TCM
0.4489527062874514,BCE
0.5674148092718244,GEG
0.692659965419874,FMC
0.1733754420565758,VCG
2.2753825624210413,VDP
0.017192709580587395,ACL
3.248107291642205,VPB
2.5688302072202354,SAM
0.13076685710777808,VMD
-0.9646021184714808,QCG
0.03900506491361488,GMH
-0.5769776247066053,NLG
0.40465745901011885,VRE
-1.7809877476369214,ADS
-2.9854358265810093,STB
0.07159039246627215,MHC
-1.0343659177539082,ACC
-0.04007052630584957,SMB
2.410486561595533,HTG
-0.20069454821890342,TDH
0.22490352322908744,DPR
-0.22654936816863355,SC5
-0.038616142255850645,LIX
-0.5559169487877359,CDC
-1.0314950563343848,AAM
-0.8041317100229103,TV2
0.3447562075357345,HTV
-0.30367396785018996,SKG
0.29497607492645755,NAV
-0.8121862295649067,SMA
0.04936661219403477,VHM
-0.2550129257765244,TDM
0.2730541848807601,NBB
-0.6031067047197727,VPD
0.22315390515539615,CTS
-0.5256225589416519,SHA
0.3252610629636659,TCL
0.29775235264494687,DSN
-0.06785935611508719,KHG
-0.13593509979889834,S4A
-0.6996446129426724,BHN
-0.3700488472462284,TIP
1.995030635850927,CTF
0.5035590730133274,DSN
-0.03611241160351432,TBC
-0.1275670713291599,OPC
-0.8782557817069281,TMT
0.2465937562691992,HAS
0.2837886877935449,BAF
1.4617240470450035,VNL
0.0139888896727529,VCG
1.4909206193302984,MSN
-0.4227444958208284,PGV
0.6306732365696689,TDP
0.32952803693386995,LSS
0.3382269959491497,IDI
-0.08066130657095176,KMR
-0.19130031212130771,HID
-0.684005611415138,HDC
-0.8030375479144906,PNJ
0.5632590888160272,CTS
-0.18674914238645932,VNL
-2.230535881970481,FTS
-0.6088680082544712,BCG
-0.34048089859792185,EVG
-0.7680833447048082,HUB
0.3015251994642071,TPC
0.08492842874983328,AST
0.3894895552069874,ABS
-0.06482591811383209,ABS
1.4312475431149574,AAT
1.5917086464069647,TCB
0.9858623988398487,DPG
0.024935044751338096,ASM
1.2582148301737273,CTD
0.7299258869144303,HII
0.01074755616262742,EVE
-0.025642561920508296,SFG
-0.24887314795996351,TCD
-1.6227004913647005,VID
0.5585989300657255,FMC
-0.004178447362447563,D2D
-0.05521149234921085,CLC
-1.3568561155075085,HU1
-2.2038414464772433,ASG
0.9801128652830053,NAV
-0.3543738363319916,PTB
-2.177761723530484,DTA
0.5494477138567398,OCB
-0.0877141160164268,ADP
-3.0989747610613048,GSP
-0.5534051776137601,CCL
-0.12841637597692243,DAT
1.7343865854161107,PDN
-0.20738602491002203,AAT
-1.7689893186591241,VNG
0.308747492894772,NVT
-0.05521149234921085,CLC
0.6351562776891527,NKG
-1.6113973553125118,VRE
1.0197314232873633,DHC
1.1129737972109188,HHP
0.255284777707728,REE
1.3195303505808562,BFC
0.0053002998141508054,VPS
-0.0035793402573823466,DSN
-0.2651461885462246,SGR
-0.14615743548456353,JVC
-1.1909652723613622,DQC
0.19218103173526607,MBB
-0.24539154927374843,KOS
-1.3228457521116952,NHT
0.4918748701494284,MCM
-0.33715844577939946,NKG
1.0024862207215608,VID
0.28475620008573765,CTS
-0.2158105262643174,SHP
-0.5898167391862591,HDB
0.0733077637797973,HTG
0.5493112495449745,LIX
0.02648727116462291,DXV
-0.4292426478461369,DXS
-1.9836684183131306,NT2
1.0724474269476658,DVP
0.28334732711588156,VRE
-2.87359329760221,VNE
-0.09424371583541614,IMP
0.015038873568294201,AGR
0.028615215971607134,FRT
-0.0045751588509370545,SBT
-0.26742918370039503,NLG
-0.44952436151041186,CHP
0.32488725942600444,ASG
0.012160565285822909,TVT
1.1660990369106994,DTL
-1.6138590418741499,APG
-0.5019160495479209,PC1
1.1252531379645812,HCD
-1.8200010451740332,ABR
0.5535304958182123,CTI
1.2612324741889795,BMI
-0.5838180937055993,PGV
1.0088064258960106,TLD
-0.4174316806677628,NAB
0.013036722046752979,HAX
-2.8971867905063395,ITD
-0.09847689185697979,BMC
-0.2959761899708858,NHH
-0.2747859362725718,DQC
1.127293058590152,ANV
1.0773009271125544,SAB
-0.28829006606709606,STB
-0.2505532265903693,GEE
1.2651052265274814,NBB
0.20340714165759036,HID
-0.35514352238865843,DLG
-1.1886851473110875,MHC
0.3404968151541743,ELC
-0.06345626579326227,CHP
0.6286483044562249,HSG
-0.04569536818246115,HHP
0.2371625455507052,IDI
-0.008063053544571389,MDG
-0.9380511788665208,GDT
1.8147775374845578,CIG
0.25683020608038704,TLG
0.11778816523252905,QCG
-0.5356183584250405,DMC
-0.42800043586391484,OGC
-0.004205372210390653,TCH
0.03546051914034058,KHG
-2.0481185623070077,DPM
0.057645725020512364,DTL
-0.22475087600802232,HDB
0.6240866684553943,TNT
-0.10266170919714526,AGR
0.9457977421432743,IDI
0.08312745419907576,KDH
1.0717098325130787,LAF
-0.05209227830080504,PDN
0.23542570480876227,PGD
-0.20689408630053027,TCL
0.10580685387115321,PNJ
0.19844138792250615,BSR
-0.006222087480280274,MWG
-0.3678667999750174,VID
0.38219634110339945,NHH
-0.939135094939789,SKG
1.70220272577903,PDN
0.7369214393571769,MWG
-0.844336394859372,TAL
-0.031912303747719216,TDP
0.03040880053809135,TDP
-0.09935156248047564,AAM
0.19164681186614166,FMC
-0.5459836871866003,VGC
-0.1908659526602917,TCM
-0.010290187609279433,SHB
-0.04220018171487552,DVP
0.4354615472713701,SSC
-0.7884090684989223,HDC
-1.7659659140634971,HSL
0.018347376058329236,SGT
-0.21903575214653923,GDT
-0.02627033401665442,S4A
-0.9513608494860126,VOS
-1.4429155447328366,BTP
0.381828131280323,PVT
0.29754008628943185,VPG
0.34127893003005527,LSS
-0.48721728191157265,NLG
-1.2264875100535637,NHA
0.30109879195346073,TLH
-0.454834616081419,NVL
-0.08755451757705704,HTN
-0.07096626252787223,DHC
1.0296474991989035,TV2
0.8671391631710063,LBM
-1.444494302922112,SVT
0.4542811643918103,TIX
0.04295096114441927,DLG
-0.10037157014962134,MSN
2.456155450561341,HNA
0.4818031159768129,ORS
0.8006369200103046,STG
0.033891742871444946,PGV
-0.02002816655042015,VPB
-0.8770708485574588,SIP
0.21450482995607298,AAA
-0.1865279132336468,APG
1.1003266983340325,SVC
-0.09038601959897817,PLP
-2.651777533144505,ABT
0.9382358055721545,TCD
-0.7566285807611806,HTL
0.06184557576923672,GEX
-1.375863575219988,AAM
-1.9192110028153102,AAM
-0.38096567670273723,ST8
0.86427529365419,TLD
0.7421161358474127,PTL
1.0609422662619545,DGW
-2.8203937176328737,VPB
-0.0010929923421224704,NT2
-2.9291116712074623,HAP
0.5814743293016617,CMG
2.8780605119146574,VTO
-0.25376619031872244,SRF
-1.537449587252406,OGC
-0.2887829821438396,UIC
0.187124950105858,VNG
-0.434704330446879,VTB
-0.05688053959735339,SBA
0.06620435468902482,VJC
0.5500155821579059,THG
-0.3039533789119449,POW
-3.65241191091951,MSB
-1.1958008571798828,QCG
0.14809639627619792,VPS
-0.5221693656219024,VNM
0.506577467987318,CRE
0.1479238969417282,NTL
-1.3804626641386146,DCM
-0.2012761408909661,DSN
-2.491764612578536,TSC
1.633034948411052,PMG
-1.7983653906149328,PGD
0.11360285910970667,BCE
0.02648727116462291,DXV
0.6575777359861672,TLH
-0.027216118594928514,HAH
-0.540873383052935,CMG
-0.3343069925089771,ABS
-0.5625255591615168,KBC
1.6025497025581412,DPR
-0.5455735008245773,VNM
-0.006921818163786036,HVH
0.09735801300222673,VCG
0.6789271005088332,HTL
0.2014587657269007,STK
0.19751933751625642,NVT
-0.5519175361397683,STB
-0.20515392514443742,VTB
-0.3602760600053304,HSG
-2.1272245291789558,DHG
0.2253685749015784,KSB
0.8478634519343233,HAX
-0.3509947845362127,REE
0.007161490546100228,HTV
-0.1567886893903227,AGG
-0.22664032382525245,LGL
-0.14357974289768902,VCI
0.3882282618295895,BAF
1.0432362033214595,PGV
0.31781757691399964,AST
0.2797451864781373,IJC
0.423556518799501,EVF
-0.3963448988024728,LHG
-1.3825164848033664,VNL
-1.572627579565966,CTR
0.03008774980406276,MSH
1.0755725494064012,SVC
0.02299732134407447,VMD
0.18463125344491038,BID
0.1345977820598689,TCM
-0.9908456742951078,CVT
-1.5555601165074804,PNC
1.777195744712317,NVL
0.006316405241595661,TTA
2.564570570227335,BTP
-0.7114472044731706,VCG
0.02030769272218389,NLG
-0.09245674286193181,SBV
-1.3206600496422243,BCM
-0.0849384891871601,S4A
0.15711028690769022,VHC
0.33149719778378345,SGN
-0.5365683702143694,KSB
-0.18084604411140848,LIX
-0.04077526336695236,PDR
0.02144605611736599,DXS
-0.09463588629088843,ABT
-0.34858672719744077,ORS
-0.028599439991756733,ACB
0.039612147682590734,DVP
-0.7964893478710208,MSB
1.3625745546768868,DXV
0.39302958312596903,ADG
0.06260368117700178,MWG
0.3344931300667916,SBA
-0.00032934254271416673,DBC
0.947600242091112,DTA
0.07113793829330498,TCD
-2.093458734863177,ANV
-0.11453132970605524,HHV
0.4087123978036749,HVN
-0.010278857846892493,ICT
0.4449167500381845,HTG
1.6307112251372464,TDM
-0.006974362964496282,SVT
-0.19890493160823566,PGV
-0.5768369082488067,HAH
0.29842490400644683,APG
0.2091864026177765,VHC
1.1310886125787374,FTS
-0.05688053959735339,SBA
-0.7037308659526701,BVH
-0.8081314663476585,VIC
0.8246367416448033,VPD
0.17111368913884825,SRF
0.5846318264011022,MSH
0.05301402030039575,PTL
0.03154598345416735,VNE
-0.012137816238345218,VCF
-0.192716263636153,VIP
-0.4722438513272611,HII
0.035676689866664224,GDT
0.0022471575666348073,SMA
0.03942839082399665,NHH
1.4878776736426071,HCM
0.41795502261601497,MDG
0.40661137124298335,HAX
1.8987459139269214,NVT
-0.49399672708012154,HII
0.1449868841157581,CDC
-0.214900389579094,ACC
0.020644082801921166,LCG
-1.9332505576909607,GTA
-0.004835036487623733,SSC
0.13003622240412896,DSC
0.13374848200426578,QCG
0.3616303304398049,PDN
-0.645766860611817,BCG
0.2970253000609057,SMC
2.0085981326955133,DGW
-0.33531723259332713,PHC
-0.7757670373181642,FTS
0.8032704819766116,BWE
2.016162745259183,HQC
0.5407499013311302,EIB
-0.5234594318569844,ACC
-0.272379784043989,HAR
-0.000200210842177191,PJT
-1.2079071764514924,DGC
-1.0869997217761638,TNT
0.006207182326561493,MSB
-0.2747523030229103,SVT
2.2976436444801336,NAV
1.298933050227444,DXV
0.4502914455054556,HDC
-0.07589191472174789,VHC
0.1857525917336992,VTB
1.8721823054701712,DRH
-0.4111954886684148,HRC
1.517867941333016,TCL
0.125456961279696,NO1
0.012210617965143007,DGW
0.6980376546299527,PGC
-0.7843526850409482,NAB
-0.15467751800605553,GAS
-0.37079266063831195,CKG
1.2224182066489986,AST
-0.5247914704679263,NNC
-0.9022812924715158,SHP
-0.30591015379970204,PLP
-1.0029761315050654,DLG
0.3671034080789321,SVC
-0.07942396300010522,CNG
-0.1361052475012465,HSG
-0.3573214049989402,MHC
0.1536215635806952,SSB
0.03154598345416735,VNE
2.2280898918422385,VPH
-0.06880945406265654,TAL
0.5415728667376166,CTI
0.25934421706557836,CTF
0.003671570062307575,HDG
0.3990459906426441,GMH
-0.33037682230895465,PGI
1.76400384340586,QCG
0.01074755616262742,EVE
0.0029509043181032784,DBT
0.6294453410150498,TNT
-0.5296480099398301,TPB
-0.1486312187476253,HAP
1.5629464855434252,TDP
0.15593804195788938,TSC
0.05263427139917218,ITC
-1.0789897223802187,GMD
0.017275768872348746,TRA
-0.366472570209447,VSC
0.7049639476700285,JVC
0.10197849198228216,DGW
2.325517242893286,OCB
0.2163014464617054,VPS
2.90899337747283,TCI
-0.09381748128288683,HSL
1.3831713370299874,CHP
0.3916536286686908,OCB
-0.006974362964496282,SVT
-0.4261449866661238,TV2
1.0516628271805746,POW
0.5447236630690675,TBC
0.48723349469779553,LGL
-0.09941063454517031,PC1
0.1809535076031129,TLH
-0.871750692391901,ICT
0.5726499881100335,TCD
-0.0406913853511416,KOS
0.5829885783935597,TN1
-0.8878234512859872,NT2
-1.1572573305225295,BMC
-2.1118555896328854,DLG
0.322444389112699,LDG
-0.1741065010700421,ABR
-2.0659070490387887,SVT
-0.3570017342408953,SSI
-1.0221482677150522,CTD
-1.7440430195664425,VAF
-0.38545975594824394,DIG
0.2750928896647602,SBT
-0.6892624221926383,VNL
-1.7874715668650432,BVH
0.06879371215557883,FMC
-0.608322145657371,KBC
-0.0030895986419726996,SJD
-0.5885969401640619,HQC
-0.11673085264159797,CCL
0.9719828597852426,EIB
-0.5287342427772932,DPG
-0.16372373300334012,NNC
-0.7474319156797026,AST
0.47885547829642505,AST
-0.3902206539598922,SHP
0.0010431538240905256,OCB
0.5991558663714015,SHI
-0.19831051167304264,TCT
0.33981799572673277,TCT
0.019727751281224896,SFG
-0.08944638488325654,TCI
-0.32169030974653673,GTA
-0.06995945181198635,VID
0.3507176857694803,VIP
-1.9663906991164717,SRF
-0.03193702628664863,NAB
1.6460675513789267,HNA
-0.7939028565325776,ICT
0.5715893538898824,PC1
0.015607452319873193,IJC
0.37431754427587843,HPG
-0.48384574096733507,PDR
0.14371010861823888,KOS
0.21299712301558918,ANV
-0.1442765261701177,PTL
0.08920503420156885,TCH
0.10457350468796933,EIB
0.5849906176308356,DPG
0.15433109448954804,CTD
0.5942885478373028,KOS
0.8360039266549228,ADP
-0.001445058150676528,TVB
-0.40521568745122366,CKG
0.37327335032085307,EVF
0.11503511246950322,VMD
-0.434469908856936,BIC
-0.9519544176125082,ACG
-0.03278322785512887,VPD
2.282574737421006,HSL
-0.8101595541995573,NAV
2.1983986899469086,KHG
-0.5423504234065123,TLG
-0.20446028815646236,CHP
-0.45492911986297363,CHP
-0.32453784336977276,VNM
-0.8071454265536562,HT1
-0.43851368091880844,VHC
-2.3785464546886392,HSG
2.3081795227840476,CTR
-0.04220018171487552,DVP
0.751690429310026,BMC
-0.5734843831505098,TIX
-0.3141588701995554,TYA
-0.13655686255257232,PGD
0.2507264051003568,BIC
1.3995456863417093,VMD
-1.8726836933404052,QCG
-0.9813560228278835,MSB
-3.3476501465546593,CLL
0.039034448411409815,DRH
0.4516414637179563,BCM
-0.000200210842177191,PJT
0.022372337832914972,NHA
0.3906047374461584,HAP
-0.7125378759394461,CMG
1.0012073169247866,FMC
1.055225086190656,HDC
2.160075299030045,PTL
0.5560753610344438,SJS
-0.15575109886739438,TCH
0.17736543203261224,NHH
2.0054062206217322,NAF
0.1806819185647712,BTP
0.4105703244666396,APH
0.1696185713388066,BRC
-0.15045389261055697,DPG
1.2818056572307357,LSS
-0.7275407331754183,TSC
0.8727658246690497,NTL
0.18150667096346546,ACC
-0.6854638007176203,NNC
-0.193787703025595,AAT
0.10972489063412734,FTS
0.015038873568294201,AGR
-1.9811448881256104,SC5
-0.146203340848621,PIT
-0.35167141887076,CLC
1.1306732656326424,REE
-0.39954678187529624,TPB
0.9466654182735059,BSI
1.1645618240568585,BBC
-0.4062647567493215,VPB
0.7769259986051572,DRC
-0.49260596909627247,CTI
0.10007501588768107,DBD
-0.05097005824859734,TLD
-0.16184656803359665,BSR
-0.22147628668496183,CDC
0.0335346367920974,SMA
-0.047751173124005585,PHR
0.6031797530119533,LBM
-1.242777039335541,TN1
-0.3973467988209951,VIX
0.9202349580491546,CRE
0.10002742087827453,FCM
-1.1355760209086172,HMC
0.04523473927360492,DQC
0.2037305982412868,LBM
-0.9617690175447472,AAA
1.1373443999678536,FIR
-3.0813948836474516,STB
-0.23641702019943228,SHP
1.1365204109324702,PGC
0.024935044751338096,ASM
-1.1835836633239145,HPG
-0.06316718897463132,VTO
0.026793484416727745,TRC
-1.2100260029714973,SBA
0.18938890986241796,HPX
-1.006908244727664,NSC
-0.010977080842714097,EIB
0.36257427309498785,TVT
1.3100748932104211,DPM
0.1768493277076672,VGC
1.1066666052753402,DBT
2.1081797012280052,DHA
0.2781057616453154,NAF
-2.0088936157485944,SHI
-0.012111503478808516,TEG
0.38426713296099974,EVF
-0.31633596915991746,AAA
0.07723399308027744,HTL
0.6129672188215727,SHA
-1.4575518959896083,KBC
-0.0510581831068849,CTR
0.4387666684195321,VMD
1.4076221034335228,PC1
-1.3956975436784531,SAM
-0.37568071997754393,IDI
-1.116959672222796,VCF
1.627786498826566,VAF
-1.409043491286635,TRC
0.18503296443471473,DHA
-0.15451127663823822,HT1
-0.4501347074291064,HHV
0.11956245534984009,THG
0.5644806295179673,FIT
0.3176813620020266,REE
0.0324173028238746,NHT
-0.591974628248672,BMI
-0.3927044557319378,HVN
-0.20124012043389305,CKG
-0.4160198840737653,KOS
0.7873748107613602,VSI
0.21674318551878036,KMR
2.57566656949281,TTF
0.05479246954272211,DAH
0.3110398638927919,DTL
0.6461813288734176,LHG
0.1311053133347344,CNG
-0.40935694460281086,D2D
-0.15693159436242424,SZC
0.43522683501639836,DGW
0.6048543709753603,ICT
1.499326439915884,BCE
0.47851257207783787,ADP
0.026296599896096524,ACG
0.39138956293706556,DSN
-2.534291131548027,CMX
-1.803327877614474,PGC
0.7497720493300037,MCM
0.262033979457445,DC4
0.03852001250863837,FPT
0.0022471575666348073,SMA
1.1020621275260585,FRT
-0.45852199546456585,CDC
-1.8392489456167642,SSC
0.10002856415982628,SCS
-0.2649449739741062,HUB
-1.7034212361384171,SMB
0.8640187788736179,VIB
-1.2479641748832433,VHM
-0.23819318522063568,DPM
0.9029402339206876,TVS
-2.6729147073259125,SSB
-0.15407943443908284,TVB
0.1811069124150039,VCI
0.012677815929662398,HHP
-1.1183733183393447,SJD
-0.45775258243847605,CHP
0.2626029068896745,HII
0.4251490343479304,MSH
0.7540845529907622,TPB
-0.3668212936566245,VCI
0.7872862420953914,VIB
0.6512994660370917,HVN
0.014475379580521927,VNM
0.3602528784927843,NHH
-1.6570247393282596,ANV
-0.702973446421756,REE
0.33155959296636744,AAA
-0.48326063444946205,HVN
-2.3455794631836304,ANV
0.041640713602567624,PET
-0.19938216423209057,HSL
-0.6675222554763325,SGN
0.13449749552876805,OPC
-1.210821044684759,LGL
-0.14122932051761633,SAM
0.3869176259664611,MSN
0.007161490546100228,HTV
0.1230100038486721,CMX
-0.22935801285077276,HCD
0.06473843774787251,HII
1.0943129799290752,HHV
0.7219578059858217,LDG
0.7769346728635464,ACB
-0.09081015112526901,JVC
-0.6219114461009738,TMT
2.0683247197056973,VOS
-0.8176440074214857,TDM
-0.7687664511439638,ACB
0.09626230899524411,HTG
-0.520905681819659,DPM
1.1951595963257329,PTC
0.22065852522346244,CTG
-1.324045781061265,DCM
2.2776222685111094,BAF
-0.16359615999366828,CCL
0.1877057489491543,SIP
-0.5972664329110312,MSN
-0.08739048486696697,HID
0.3107981750864291,PVD
0.23233692507271056,VIB
0.18868101449889782,STB
-0.2095892903948696,SIP
-0.5240032341529883,EVF
0.8472731197420531,CII
-0.18639968121019387,NAB
0.9103493652849626,SPM
0.7840138868698209,VPB
-0.014124100804867113,TLG
0.07572269820454633,DRH
0.07590766769757151,SC5
0.8348408800005667,DRC
0.2592055117245387,PMG
-0.28825661543759873,PDN
1.119919084095404,NAV
0.003030631788115741,SGN
-0.4974138808951567,PVP
-1.2909590096915977,DBD
-0.04639433467933496,AAT
-0.15182315528423138,EVE
0.28409740942661565,NSC
-0.529019220886176,NVT
0.07758722001912295,VAF
1.3532163763219036,QCG
-0.8405540359345851,NTL
-0.8292562782041061,PLP
0.5426967253078298,HTI
0.9133998319354345,HSL
-0.01343741566151019,DRL
-1.2286663951655432,TCD
-0.8603631578173486,AST
-1.5735288101059886,FCN
0.3375020176771097,DBD
1.5034852253193995,SHB
-0.5353436633411036,SAM
-3.0247787497098675,KHP
-1.401488248720941,UIC
-0.6856772857817259,NVL
0.4952082310853617,PPC
-0.5968317065577078,APH
-0.00953636976089501,ILB
0.7367997948035967,TIP
-0.1491380304994788,SSI
-0.010278857846892493,ICT
0.47080360292575607,FIR
0.5015594885600413,SZL
-1.1957802106785171,ITD
0.06348845996905979,TTF
0.23507747380673222,PGC
-0.49737676313511076,TLD
-0.3595954839627453,VND
0.05465655722112093,DTA
2.0217967034173276,PTC
0.05691484256639348,HAS
0.31661305811732254,SMA
2.495247501808766,VNM
2.1543503023536763,ADG
0.569757288607798,DBC
0.2444445256853606,HQC
-0.3032567108258556,DHM
1.0299670193932686,LGL
0.48840933493799,PHC
-0.530784478657368,FCN
0.020643279426379058,TCI
1.7307801327479222,VIC
0.4182138487101845,PLP
0.6520492854529082,VPH
-0.5747039051386963,BFC
0.03942839082399665,NHH
-0.3555567396647305,CCL
-2.55879597973083,PVT
-1.418381337090028,SFI
1.0503875775206823,MDG
0.13754504411060126,SBA
-2.418351650062488,MHC
0.8348151370675203,SMA
-0.02141062148425133,HVN
-0.008373754902828255,DHG
-0.475294638999191,DTA
0.3808927035418415,ANV
0.24145959286450985,SBG
-0.6491482286747243,AST
-0.5708139019925323,FMC
-2.5461479393518367,CTD
-1.8161088704331094,HTN
1.1037250316339033,SKG
-0.19781898536154285,MHC
-0.4142705271341714,SHI
-0.028700000538287324,ST8
0.1072639624383378,BCG
0.839929184906209,APG
-0.4488156916360317,HID
0.2516769056676876,GDT
0.028073826948156785,CKG
0.7456132994865133,HSG
-0.5707740377545674,NAF
0.793642361477382,DLG
2.3521500598037663,HCM
-0.07684746277559176,IMP
0.3763869844382139,JVC
1.3436505722416967,TV2
-2.192298293954929,DXV
-0.3979117678082296,TAL
-0.6590862586828317,LPB
0.7329512526261736,MSN
0.08267255698469213,VPD
0.003175982886676942,MIG
-1.0446898347624918,NHA
-1.1965458276064906,STB
-0.12521774260580917,DQC
0.33528202115285255,LPB
0.004616794520872598,VJC
1.0277517340776643,GVR
-0.08138919758290836,MSH
-0.1302065773244425,LPB
-0.004864726025937184,MCP
-1.244468732801389,SKG
1.5808800809480617,KHG
-1.9945532740205734,VNM
-1.0687984582138563,DHA
-0.027751029266709932,HPX
-0.05688053959735339,SBA
-0.2820861943060051,CTD
0.493673880159539,GIL
1.0699160864234638,ABT
-0.04220018171487552,DVP
-0.8645598086493623,TMT
-0.49301285123654187,GMH
0.3346591284938946,DAH
-0.3470414822620255,CSM
-0.0746622943766322,SGR
0.09484807346385803,SZL
-0.0785375022564779,CNG
-0.40344800324470265,HDG
-0.230885611871427,TDC
0.11858650218340992,GMH
-2.3472191918989433,HTI
-0.5546513293650447,SAB
-0.059315002081047966,ADG
-1.2944987070435783,EIB
-0.5431271053929001,SKG
1.2304489399217509,SHI
0.7941034668538876,VTO
-2.757460584602385,HID
0.4598747979690007,DLG
1.1484765834580866,VSC
0.14159729652829772,KOS
0.7925553229996625,VGC
-0.8182734679437623,ACC
0.13439262107693237,PET
1.2239904244151854,LDG
0.01459725152390297,FMC
-1.5422555992012061,CDC
-0.769985350807784,IDI
-0.6366834296880548,NHA
0.3140392457646765,CHP
1.1792865341684764,TDG
0.37511804366296536,VCI
0.1907632775307972,UIC
0.04353539343429986,VHC
0.1835155242922972,ICT
-0.19089136769760934,LPB
0.8892609352007591,DGC
0.1669346950303117,PLX
0.01853429594566506,ITC
0.20761215847059444,MSB
1.2709697580223613,AAM
-2.3986690107838364,ELC
0.028112285754165734,TN1
-0.2855787840331721,VPB
-0.018411210625910134,BBC
0.14679940965395785,KHP
-0.01677450126770854,NSC
-1.3353727452524409,GVR
1.1072368283262743,BCM
-0.462001058418397,PNJ
-0.6322686983763974,BRC
-0.5367328182096996,SZL
-0.5890047258359983,EVG
-0.6683706372570164,TDH
0.006316405241595661,TTA
-2.8547369544624783,BID
1.7275283624749724,GTA
0.03052579434061413,COM
0.0053002998141508054,VPS
-0.33648349821870843,SBT
0.84203308948405,DGW
1.0875488354604272,HDG
-0.0009503050825391499,BVH
0.05603335352134811,DHG
0.02086647986769666,HTG
0.26759678379713975,ASP
-0.05688053959735339,SBA
-0.15707709237682418,FRT
-1.6367434290132943,LGL
-0.01343741566151019,DRL
0.14198414858581732,TLH
-0.5024294403689946,TCR
0.002173252341008279,SFC
0.014104344966181522,TNH
-0.24691269252273648,REE
0.9681923241020138,PVP
0.744277996965776,TN1
0.017470414537389668,DAT
1.6364263238409422,TRC
0.1975298079301872,DHM
0.011128580492306719,VND
-0.2330185746227473,KHG
0.003030631788115741,SGN
-1.8268373795150037,ADG
-0.01566176893035851,BID
2.0597918022431427,DXG
0.5840738208914795,SGR
0.5101805270713219,ABS
1.3038634393134445,MCP
-0.043900548160177646,DBD
-0.20061116495683828,LPB
-0.22735818141153027,CLC
-0.890412213133491,PLP
-1.031253809929146,ST8
0.3876038174014981,ABS
1.004788604410541,VRE
0.1719112142724235,FMC
0.42592174786340353,BMC
1.2965567017895396,CSV
0.6536850168477184,HTG
-0.9167524986131992,PLX
0.783296366653901,FPT
-0.0970535612020713,NKG
-0.4123588005371819,VCF
-0.20218511468181155,EVF
0.029208460341036874,NBB
-0.007402523705726499,OPC
-0.6618988107417413,SHB
-0.002617376910091106,ABS
-0.35633506512810803,BMC
-1.7424598591199412,SMA
0.4103024048639211,FPT
-0.21195332246100818,TCL
1.314794056141104,TPC
0.165145308456042,LIX
4.732092202069634,SJD
0.4099349858755995,DCM
0.030897458812704198,SRF
-0.6635378245680867,DXV
-0.05688053959735339,SBA
1.2426225184497663,LIX
0.42524122933193914,DBC
0.4065267630321994,BWE
0.047780982518154935,THG
-1.2687063477518565,SMB
0.2278513640534302,CRC
2.531182328537995,HVX
0.029208460341036874,NBB
-1.4880304511222915,DPG
-0.36180112858050856,HTL
-1.5619856536165304,SPM
0.250296164277749,VRC
-0.12981126808515567,IJC
-0.04220018171487552,DVP
0.3094680229681128,DPR
-0.14319551813829823,TDC
1.5396693619431767,HTN
-0.2161275204321799,SBA
-0.004385846804446878,DSC
0.2445008079657316,ADS
0.08967251032036011,MBB
-1.0708736362401639,SAV
1.0941041044370967,LSS
-0.031912303747719216,TDP
-0.21923651325388552,HSG
-0.6681134844956125,APG
-0.20234354847007371,CII
0.034681873757295215,VNG
0.21240635965696694,VDS
0.13245127704140872,DGW
-0.024751085154507194,TMP
0.053611610650889444,EVF
1.8415104553010242,ASM
-1.915786063701287,LDG
3.1715679554294263,KMR
-0.325275045741467,HCD
0.9508157802034676,SRC
-0.3315002819985906,SCR
2.1340359178359525,SMC
-0.049020028889599915,DQC
0.1379617099005223,KDC
-0.25140805688868173,TCI
1.083176919110244,MSB
-0.5130454803357463,ABT
0.5918947047120586,TLG
0.4696956594613172,LM8
-1.0498997738668587,TLD
-0.10832258468278039,HNA
0.09873836216810217,DSN
0.33703870973428485,DPM
0.03618225777717025,CRE
-1.2188448401203036,VHC
0.263553055201029,TCH
0.9266027875122518,VIC
-0.11911314130802296,EVG
0.38688554388429147,DAH
0.45091378126565085,TDP
0.8152881652441701,TNH
-1.9771990320653723,DIG
-0.8100456973199226,DC4
0.14733273840747177,DCM
-1.4300835527782305,BWE
0.32856809952948424,SBT
-0.25054408440221637,D2D
0.4868911984712875,VPH
-0.8251403303168902,TNI
-0.4912668304765969,SJD
-0.6021658000766269,HVH
-0.4023294061102487,CIG
0.14300041697747187,KOS
-2.5567685806600653,ACG
0.16421123240198307,NCT
-0.09152852475729822,VCI
-0.7417308357470501,BCM
0.06266711184425411,JVC
-0.029521000079729912,EVG
0.7544545115427066,DXG
-2.330364404494463,DPR
-0.45574353270105555,VCB
-0.1832697677286586,NHH
0.7793874983869892,VID
-3.0955386829237086,STB
2.3574505349610217,NSC
-1.2239870677079092,NKG
0.12171520316141299,HAP
-0.2768492423003323,DGW
0.15506259786984905,DAH
-0.44543663790091104,EIB
1.3541867326675099,BKG
-0.3604095782767601,CCL
-0.8374152932490868,CTD
0.23721903550054618,GAS
0.008078648031764968,ACC
0.7789866561777646,TCI
-0.10430880046003156,ABT
0.9989876181520664,MWG
-0.005685430298105819,TCR
-0.05925870108523933,CDC
0.17860745044211065,AAT
-0.79780195762913,STB
-1.3940037229683067,SCR
1.2582811792968542,DLG
-0.15968410781407374,TMS
-0.009419720709676867,HSL
-0.010157513165326669,DCM
0.07306049603054969,TLG
0.12624373023265792,AGG
-0.08460319977827147,SSB
-0.6295817159877354,TTA
-0.2991714787455701,NHA
-0.36872564762240806,GAS
2.475653935945743,IMP
0.4656002203325668,SFI
-0.40103972117404113,ACB
-1.175827555345211,VSC
0.049057894822726655,DCM
-1.241770675921718,PJT
-1.3804399855558454,VPS
-0.5353338122173171,NHT
-0.1695431910867268,BRC
0.9023868078590944,HAG
0.03609131443961166,LGL
-0.5404888968911624,VSC
-0.043900548160177646,DBD
0.4806723308106358,VNL
0.5644663966481547,TTA
1.015956152734043,LAF
-0.04294927728495271,ABT
0.026941231610136597,MCM
-0.6611817713254958,IJC
0.2897845808947363,BWE
0.3736170727864211,GEG
-0.024699671355255956,YBM
-0.7525838385819361,NVT
-0.5767044394376306,TNI
-0.7402056544672297,VHC
0.39308863977120073,KHP
0.8493505090609665,IMP
-0.6786755838870505,CMV
0.45359217296968873,SFG
-0.904372564204145,DSN
-0.5911703720691447,VPI
-0.40501852524488047,ITD
-0.10812036100684726,DAH
2.5054697771598695,EVF
-0.0406913853511416,KOS
-2.0168243137030504,KHP
0.19735144463867837,HTL
-0.1258698971872209,SJS
-0.3999346925659563,TPB
-0.9855882463636191,BIC
0.02084168342773609,TNI
-0.07973420841086315,AGR
-0.35336393737412247,DTL
-0.8155097496176436,CMV
0.5640471767453437,DBD
0.0893425827041084,PTC
-0.008373754902828255,DHG
0.08308555809888434,AAM
-0.2781888156289935,FPT
-0.13104562135724254,TBC
0.8219598450610521,CLC
-0.5935088954212472,VPD
-1.5142669232237085,HQC
0.18654270431038986,ACC
-0.2845081898913863,VSC
-0.09635781835585612,TDH
-0.3900446384096425,PPC
-1.6163082992310152,TDH
-1.967891550556884,SHA
0.018347376058329236,SGT
-0.10744376987322071,STG
-0.4194663525548321,CII
0.03288315152464663,SMC
0.1333326283121688,KBC
2.805145044656983,AAA
1.0175546077196398,FPT
1.4757048822708765,NAV
-0.1529092464443742,SSB
0.1143796573713688,VCI
-1.8701386079912365,SFC
0.6719917739408441,GAS
0.2091144783807134,SHP
-0.19437845435548468,BTP
0.06342692111219392,SRC
-0.006222087480280274,MWG
-0.431509991630851,PNC
-0.03514758090144569,BIC
0.018347376058329236,SGT
0.3645682451002331,FTS
0.17577169718520472,HAH
-0.3985489821356611,VCI
1.752220292973397,PDN
-0.11709732554652867,FIT
-0.009357836561759423,VSI
0.2601563520399565,BVH
-0.4595074017944125,VHM
-0.8336897155319637,ACB
-0.2102006271628992,SBG
-0.22746841609311516,SFI
0.18990720667423155,VPD
0.3632347663370036,TCO
0.336231348807829,TCB
-0.0035793402573823466,DSN
-0.1474060511955124,ACL
0.0708674957432117,PVD
-1.904223792704732,GTA
-2.277042355854349,HDC
-2.0034944512044968,GIL
1.763327707412746,THG
-0.4529975266139938,DRH
0.6137537676165107,BMC
0.7163798135335772,CTD
2.2407809046462024,VGC
-0.9293524004345552,VNS
1.7830219272105876,CTF
-0.038616142255850645,LIX
0.012274989498509439,SC5
-0.2565589548151587,TTF
-0.0015343096101767507,BCM
-0.21867598024778306,CDC
-0.015585174148734268,NAF
0.11618474906568432,HCD
-0.29282305148283044,FIR
0.2964162247274191,CMX
0.9931903157307882,VCI
0.0624842929118329,DHG
1.4347057431552548,DIG
-0.3349597216773332,TVB
-0.6860415349406843,ADG
-1.4571944473024776,FTS
-0.5235950969170732,VIP
-0.3745609753699653,HVX
-0.21110945275677961,HCM
1.3193128174503261,DCM
0.2817487279133049,VMD
-1.4271371443969925,TV2
-0.1714446098089937,HPX
-0.020697327943307985,CCL
-1.333628050830483,TEG
-1.8257317569314893,HAX
0.8504787021894297,DAH
-1.897992149109369,DAT
-0.04613334019022306,NCT
-0.09203061052811742,TCM
-2.1995083740643397,CTS
0.1877343506907656,CTF
-1.4901491999587,FPT
0.5617921483349378,TMT
0.8569562329119826,DC4
-1.4965594354442233,NT2
-0.2201516120086606,PGC
2.330664248002924,CDC
-0.6717840295370783,ADS
-0.6108768588170727,VMD
-2.608829967184691,TDP
1.47289233888892,BCE
0.007956082369144593,HUB
-1.1417703779026016,PPC
0.09452574065436559,TAL
-1.396047252736134,SAV
-0.09020910364917789,HVX
0.3598428921988312,MWG
-0.5587031440478704,HDG
1.0563513296686151,VIX
-0.1632079539703165,CNG
0.009713457624341842,JVC
1.3240302735696547,DPG
1.92815153355546,ADS
0.7551023130272578,SIP
-0.1851187291167962,PC1
-2.660262528246385,SFG
0.1079816715274071,SMB
-0.010278857846892493,ICT
-0.016731769693568224,DMC
0.013036722046752979,HAX
0.003959303627979109,TPB
-1.3333098313831826,PDR
-2.419397588342923,HPX
-3.8870529893033448,GAS
-0.9333874146174889,DVP
0.7706220792820235,DHC
1.0229927260628608,NKG
0.13481492332711373,TLH
1.8344188423329497,DPM
2.2635276854907014,VPH
-1.8179298025406103,SFC
0.07986706370327334,PGD
-0.4943121608255907,GEX
0.013036722046752979,HAX
-0.1835392796957831,SZL
-1.353556049335175,MCP
0.6179294575159981,TCL
-0.33962200903102285,GEE
0.9158097181726854,SHP
0.010052461188120178,TV2
-0.3801005113468544,FPT
1.0297159335477388,DSC
0.6525349452122378,TTA
0.02299732134407447,VMD
0.10182560371883587,PNJ
-2.276657430239397,CII
0.07802735733467964,MHC
1.9701168921536771,VAB
0.01889814935128961,DHC
0.049192592075759455,THG
-0.843065783737502,S4A
0.5940005057760384,PC1
0.35245548112989894,VTO
0.1073821053519275,CKG
0.015607452319873193,IJC
2.8853367155603618,CSM
0.43004317251715174,NAB
-0.010897298958706775,PTC
1.2513340879043546,DIG
-0.3627933217132201,CNG
-0.9761612478715113,BHN
0.7009081557313686,VPI
0.18630277608062928,TTF
-0.8958379614184238,AAM
0.19893621410139223,BKG
0.9658637378403043,TCR
1.0791559155073063,SGT
0.6417761379943977,VCA
2.213582350733368,TNT
0.015433275483225834,PGC
1.9220169307418062,SZC
-0.5034270462926166,VAB
-0.3733304458463113,BCE
0.5401567560913783,HMC
2.047757503243672,CMX
0.5893016720206787,TCT
0.005202653795539408,PET
-1.46620398265678,HRC
-0.4527930724755936,LBM
1.2789954858502695,ICT
-0.348429241103253,TEG
-0.55612795653529,DC4
-0.5160339896371434,DPR
-0.2490383298669473,BIC
-0.9908361705047645,HMC
0.18928955493864658,VCA
-0.7129791368693552,VJC
0.12551145966398783,YEG
2.1879895809392025,GEG
-0.37971270446722555,OGC
-0.01453429557303398,MSH
2.186512776809574,TDH
-1.3165802589088278,SCS
0.3358317789246252,NLG
-1.2447144872340414,DBD
0.046777225447849465,VHM
-0.34379349377929674,NAV
-0.8853747331569732,DRC
-0.08891496870315518,PDR
-1.1690962931519013,MCP
0.16623113366823336,CTG
-0.6468162202679063,SMA
0.5367141638738882,TMS
-2.7030220142344636,KBC
0.06498218563453641,KMR
-0.2685454577708899,VSC
-0.7437812809089027,FIR
0.25544653794114563,APG
2.082622432356009,BSI
-0.000200210842177191,PJT
-0.1900072598354538,LBM
1.2024149947898246,SRC
0.43337347464478654,HSL
0.007956082369144593,HUB
-0.40401635020687654,ABR
0.4645324155844938,VCI
0.01889814935128961,DHC
1.0094538097279095,VPB
0.002173252341008279,SFC
0.8855433230571856,FCM
-0.47704082667519837,NVT
0.00209073858101088,SHI
1.370572495981861,CSV
0.3119989898892286,AST
0.7571995055707267,SFG
0.13787143647097408,VTB
0.15780180888826711,SVC
0.2035459753692102,SHI
-2.225200234971002,OCB
0.010454840687900278,GAS
0.9598318583047885,VNL
0.3782688422291738,SCS
-2.39357752326589,PGD
0.02365177267205379,VCA
-0.4871233580847524,NT2
0.4523645459488361,SJS
-0.5163933625430009,TVB
-0.038616142255850645,LIX
-1.6042174505158622,AAA
-0.6203768905728672,VTO
0.7307087996776207,FMC
0.31660881056756707,SBA
-0.0833442311907569,VRC
-0.035739001128254747,BAF
0.18166308339605727,ACL
1.5810389449801556,NBB
0.03669302206462041,FPT
0.009086502229505166,HCD
0.15990079258442588,DMC
0.00209073858101088,SHI
-0.2878154360946934,PDR
-0.17049853556642386,VPH
-0.8360558127112865,BMP
-0.19135113677970356,AGG
-0.36845920508592866,GAS
-1.846939727481174,SSC
0.5816577076173648,VOS
-0.3650851796990262,SCS
-0.05688053959735339,SBA
0.42196337380910404,HAP
0.13718698192058598,TPB
0.0023951870223284273,VTB
0.054704735391483204,PHR
0.2523446771661658,TLD
0.8567816293802836,FIR
0.5527999509621011,VGC
-0.6829772190118915,OPC
-1.0315540551158402,SHA
-0.3610446758539967,NNC
1.0930683126837937,SZL
0.5485400122505564,EVG
0.20390750996109377,SAB
-0.29369802005409623,SSI
-0.3469537857881348,EIB
1.3566271218819017,SHI
0.10180828881005467,DIG
0.03154598345416735,VNE
-0.28784283414634804,PVP
0.06118005192728217,CCI
0.761466847385147,GAS
-0.27195826800211836,NCT
0.22292402836119812,ICT
-0.7109409201040412,BVH
-1.1808899191339937,AAT
0.0759137657578148,VNE
0.18419934493233747,VPG
-1.5592203265879836,NTL
-0.6033036601030499,C47
1.0148389402396372,GEE
0.5288135183706565,LIX
-0.30214062298546474,CTR
-0.3990981137638768,BAF
-0.9574272856191937,SAV
0.2735922848338654,DXV
-0.0500053135652407,KBC
-0.46710433657082173,NCT
-2.581470425610272,FIT
1.1576102605493943,VIB
-0.821014478465616,BBC
-0.06604483349625964,TPC
0.11953656530823605,TDG
0.11253143848624363,VID
-0.12688339704786283,SJS
0.5843360589028925,TLG
-1.0198735944756918,TN1
0.03546051914034058,KHG
-1.571747128936984,CCL
-0.7178540675134011,NHA
-0.5934104353215619,GSP
0.3059381780888671,NAF
-2.07430444546945,TPC
0.13391386725750717,HAR
0.12909303450416215,FIT
-1.1129607943222801,SAB
1.096796773932442,VIP
-1.5967403051269926,SVC
0.45125174528951784,LAF
1.5812747769400555,DXV
0.009086502229505166,HCD
-0.0037298741554064947,VDS
-0.2373952652520061,YEG
0.6895830827488675,MSH
-0.25804760594161286,NCT
-2.3477008935592734,LGL
1.6608365660505091,CKG
-0.04066022876370414,SRC
-1.0719282276858504,PGV
1.1192858229379132,DTA
0.4042116156750505,SJS
-0.5885681540458348,DGW
0.10151517791211614,SHP
-0.6454887946459992,BMI
-0.44397831653175746,TCR
0.17762015980964735,LCG
-0.6827786586584815,VPI
2.310795186165321,ITC
-0.8864379396748582,FCM
-0.3462854847812686,TDM
-0.05209227830080504,PDN
-0.7880936897021108,PAN
-1.5448343953357113,HCM
0.10699236071221618,DSC
-1.0806163576438046,IDI
-0.7148573350430335,SMC
-0.031228178938411733,SJS
1.2667233767256731,HCD
1.6226708445692615,DQC
-4.128431001927849,GDT
-0.08334383495678276,HVH
0.4802249778849728,GEG
-0.4194230458420998,GEG
-0.08484246644870219,KMR
-1.6668465673867185,PLP
-0.12182579375950182,HSL
-0.00719836091860017,TYA
-0.10796260357300021,PGV
0.753193051986139,TCI
1.2632718088891546,CHP
-0.6899630635442163,SC5
-0.30257614048421944,TTF
1.8981780202727743,DIG
-0.07254602228092438,ADG
0.4206083669413716,NVL
-0.9871722809004374,TCL
-0.9824238494434613,QCG
-0.4627550262026655,PPC
0.5018487327783551,NCT
-0.8447578121109517,VPS
-0.09279563898118755,PVT
-0.8799232403514687,SFG
2.3609887181808813,CKG
0.6123058123600671,VJC
0.04545669419330155,ASG
0.6604641826879817,TLH
-0.5832152909734352,TDH
0.879940659903415,TDG
0.07849871337910745,IJC
-0.1547045733903888,MCM
0.20323302591878975,HDG
-0.410584160876739,PNJ
0.07117339298029711,PVT
0.1387485365653062,TDH
0.02014837469879161,TMT
-0.36739244070730054,HSL
-2.4239491281314156,HHS
1.2495054666861485,EVE
-0.11778410974213303,MIG
0.0362638322978957,SBV
3.532698434743935,SHA
-3.296479679721398,VNS
0.4449716246566145,SSI
-0.49985546421355076,ELC
2.5763833243551644,SGT
4.3400553923541825,SGN
0.07256931630053164,DSC
-1.0394472365443759,TCM
-0.4436482505317363,AAA
0.7218748732999869,VCB
-0.4075201555854443,ACB
0.007161490546100228,HTV
-0.1270305839816915,ACC
0.5087352247364841,VIB
-0.23788461451439902,VRE
1.7823164505667355,SGN
0.022876160959303934,AAM
0.06959984122190237,ASM
0.19706605012972456,VJC
1.9958738840120642,SHI
-0.14080739373240814,ORS
0.01853429594566506,ITC
-0.4727635790681412,GVR
-0.6988032718105267,PVP
0.12975079411262655,BHN
-0.8020751425217716,LSS
0.5504837409572064,CLC
-0.39312125287581495,SSC
0.23903777102121182,LBM
1.3897134369789867,NKG
0.363313249051593,VDS
0.12222624949071913,DBC
0.017275768872348746,TRA
0.4005567500363002,NHA
0.07579840135572452,HAH
-0.39337884986993815,VAF
-0.04212180012934001,TCM
2.2820216466740133,DBC
0.18430703218191452,SCS
-0.06991863700085317,PHR
3.040328742235037,FIR
-0.40587285536956996,DSC
1.9791694671293405,SGR
0.7997737138481048,SRC
-0.1719716191525029,VNM
-0.47043957378154777,TVT
1.7163732860045795,AST
-0.36632896439542767,FPT
-0.5303228781309686,SGT
1.381920271958113,TNH
0.03706341576841501,C32
1.7655333816578143,QCG
0.5372726870592018,LIX
0.2832843535572492,VMD
0.16973664908265543,LBM
-0.7953741105912979,EIB
-0.29832137800723724,LM8
0.29280901638643847,AST
0.7574913783066223,VTP
0.3756727113639017,ELC
0.43188831514402143,DHC
-0.5250647726663675,GDT
0.019727751281224896,SFG
2.3921810967035975,VIP
0.6283843297553776,ADS
-1.3974907428733172,DQC
0.16371631638759512,KDC
-0.020564292720653403,VIP
-0.08505962317472206,SPM
-0.14265634538249097,VPD
0.20934404978325366,TDG
-0.4213303159824079,BHN
0.3579222685714457,EVF
0.6425811214325933,ADS
-0.1410712364320303,MDG
-0.4015161202845763,MSB
1.3759793225577184,SCR
-0.016731769693568224,DMC
-0.27202387471488915,TLH
0.36214772107112775,CSV
0.5125564829365381,HAS
-0.21980998719807107,PC1
-0.23159409764979122,KSB
0.9924192755838137,PTL
-0.7737830230315491,HVN
-1.7591184020798591,ST8
0.3501082653866575,AGG
2.256144513510857,DGW
-1.9398847256104372,DHC
0.826207429602236,VTB
0.9135306359097151,HTV
1.2600428727752584,MHC
0.13370749021216757,CRE
0.22061561350253775,HCM
-1.2435088498176088,PNC
-0.4014016608795353,PTL
-3.5386824248738002,TCB
0.26240310793900895,TYA
-0.04696466000024859,ADP
0.6311485903138072,TVB
0.273304957714399,TV2
-0.43022711055905294,TCH
0.20991570907309817,SHI
0.6358566205352374,BBC
0.03490476373496119,BHN
0.250284955816988,FIR
1.166966879481794,HSL
1.2683391067884442,CCL
0.5592618214755546,HVX
-2.4642843971482407,ORS
0.25096740568437376,HAG
0.971993240974578,GTA
0.19195069083795135,VTB
0.5949539894431366,TN1
-0.45877612583712957,SGT
1.6397068954627454,BVH
-0.39186778163131814,HSG
0.26119789600539506,HAH
0.7577058926082466,HU1
-0.007542252784980188,VTO
0.505735492614444,HCM
-0.6704299636629454,STB
-0.06340876365298363,BFC
-0.09310914822025429,HTN
-3.6050910411964847,DHA
0.026296599896096524,ACG
0.20519913745153923,CII
0.7910792754056168,GVR
-0.21233756455115574,TNH
-1.5264412483480023,UIC
-0.17109118546357058,CTS
0.8338341879594732,VTO
-0.010977080842714097,EIB
-0.6108496778776344,RAL
-1.1444566606062234,SAV
0.06105837805224234,TMS
-0.5184718850069612,GEX
0.48996849568969675,CHP
0.5720625232129103,BSR
-0.4854355040332218,DXS
-0.05521149234921085,CLC
0.3320887160461577,DTL
-0.38088175129707447,GTA
0.042030315331775765,CMX
-0.1879872141864184,BRC
0.30525947203294485,TSC
0.936170511733137,PIT
0.632573143479122,BCE
0.029626090837454145,CCL
-0.014418223887514183,STG
0.012677815929662398,HHP
0.1886977633482856,VCG
-0.3098504436579561,POW
-1.0639534096554746,ABS
0.3795200921155246,ABR
0.03490476373496119,BHN
-0.5855691947835102,PNJ
-0.8815717721572234,VRC
-2.2013939562934555,PTL
