family,episode,k,ret
index level,0,0,0.0009935420588780275
index level,0,1,0.0009925559127514916
index level,0,2,0.0
index level,0,3,-0.0009925559127514916
index level,0,4,-0.0009935420588780275
index level,0,5,0.002977669693924767
index level,0,6,0.0
index level,0,7,0.0
index level,0,8,0.0
index level,0,9,0.0009905894816961691
index level,0,10,0.000989609185165996
index level,0,11,0.0009886308269395627
index level,0,12,0.0
index level,0,13,-0.0019782400121055588
index level,0,14,0.0
index level,0,15,0.000989609185165996
index level,0,16,-0.000989609185165996
index level,0,17,0.000989609185165996
index level,0,18,0.001976285228211694
index level,0,19,0.0
index level,0,20,0.0
index level,0,21,0.0
index level,0,22,0.0
index level,0,23,-0.0009876544012721311
index level,0,24,0.003944778291016249
index level,0,25,-0.0029571238897441177
index level,0,26,0.0009866799024456085
index level,0,27,-0.0009866799024456085
index level,0,28,-0.0009876544012721311
index level,0,29,0.0009876544012721311
index level,0,30,0.0019723872272043863
index level,0,31,0.0009847366625397314
index level,0,32,0.0
index level,0,33,-0.0009847366625397314
index level,0,34,0.0009847366625397314
index level,0,35,0.0
index level,0,36,0.0
index level,0,37,0.0009837679101325492
index level,0,38,-0.0009837679101325492
index level,0,39,0.0009837679101325492
index level,0,40,0.0
index level,0,41,0.0
index level,0,42,0.0
index level,0,43,0.0
index level,0,44,0.0029455102297566427
index level,0,45,-0.0009808730555915801
index level,0,46,0.0009808730555915801
index level,0,47,-0.0009808730555915801
index level,0,48,-0.0019646371741650626
index level,0,49,-0.0009837679101325492
index level,0,50,-0.0009847366625397314
index level,0,51,0.0
index level,0,52,0.0009847366625397314
index level,0,53,-0.0009847366625397314
index level,0,54,-0.0029600416284765174
index level,0,55,0.0029600416284765174
index level,0,56,-0.0009857073247587778
index level,0,57,-0.0019743343037177397
index level,0,58,0.0
index level,0,59,0.0009876544012721311
index level,0,60,0.0
index level,0,61,0.0
index level,0,62,0.0019723872272043863
index level,0,63,0.0
index level,0,64,-0.0019723872272043863
index level,0,65,0.0029571238897441177
index level,0,66,-0.003944778291016249
index level,0,67,0.0019743343037177397
index level,0,68,0.001970443987298509
index level,0,69,0.0009837679101325492
index level,0,70,0.0
index level,0,71,0.0
index level,0,72,0.0
index level,0,73,-0.0009837679101325492
index level,0,74,0.0
index level,0,75,-0.0009847366625397314
index level,0,76,0.0
index level,0,77,0.0
index level,0,78,0.0009847366625397314
index level,0,79,0.0
index level,0,80,0.0
index level,0,81,-0.0009847366625397314
index level,0,82,0.0009847366625397314
index level,0,83,0.0009837679101325492
index level,0,84,-0.0009837679101325492
index level,0,85,-0.0009847366625397314
index level,0,86,-0.0019723872272043863
index level,0,87,-0.0009876544012721311
index level,0,88,0.0019743343037177397
index level,0,89,-0.0009866799024456085
index level,0,90,0.0009866799024456085
index level,0,91,0.0029542118974310583
index level,0,92,0.0
index level,0,93,-0.0009837679101325492
index level,0,94,0.0009837679101325492
index level,0,95,0.0009828010619079564
index level,0,96,0.0019627091678486863
index level,0,97,-0.0019627091678486863
index level,0,98,0.0019627091678486863
index level,0,99,-0.0009808730555915801
index level,0,100,0.0
index level,0,101,0.0019607849419402967
index level,0,102,-0.0019607849419402967
index level,0,103,0.0019607849419402967
index level,0,104,0.0
index level,0,105,0.0
index level,0,106,0.0
index level,0,107,0.001956947786961649
index level,0,108,-0.001956947786961649
index level,0,109,0.001956947786961649
index level,0,110,-0.001956947786961649
index level,0,111,0.0
index level,0,112,0.001956947786961649
index level,0,113,-0.0009779951879771431
index level,0,114,0.0029311208088591556
index level,0,115,-0.0019531256208820125
index level,0,116,0.0039024439769317354
index level,0,117,-0.001949318356049723
index level,0,118,0.001949318356049723
index level,0,119,0.001945525905490797
index level,0,120,0.0
index level,0,121,0.0
index level,0,122,-0.0009722898189385987
index level,0,123,0.002914038001849306
index level,0,124,0.0
index level,0,125,0.0
index level,0,126,0.0
index level,0,127,0.0009694620245479513
index level,0,128,0.0
index level,0,129,0.0
index level,0,130,0.0009685230781304455
index level,0,131,-0.0009685230781304455
index level,0,132,0.0009685230781304455
index level,0,133,0.0028999536997895703
index level,0,134,-0.0009657171199588532
index level,0,135,-0.001934236579830717
index level,0,136,-0.0009685230781304455
index level,0,137,0.0
index level,0,138,-0.0009694620245479513
index level,0,139,0.003872221682509114
index level,0,140,0.0
index level,0,141,-0.001934236579830717
index level,0,142,-0.0009685230781304455
index level,0,143,0.0009685230781304455
index level,0,144,0.0
index level,0,145,0.0009675859487359162
index level,0,146,-0.0009675859487359162
index level,0,147,-0.0019379851026783967
index level,0,148,0.0
index level,0,149,0.0
index level,0,150,0.0
index level,0,151,-0.002914038001849306
index level,0,152,0.001943635208570882
index level,0,153,0.0009704027932784243
index level,0,154,-0.0019417481829107075
index level,0,155,-0.0009722898189385987
index level,0,156,-0.0009732360865521983
index level,0,157,0.0
index level,0,158,0.0
index level,0,159,0.0
index level,0,160,-0.000974184197843897
index level,0,161,0.0
index level,0,162,0.0
index level,0,163,-0.0029282597790878384
index level,0,164,0.0019531256208820125
index level,0,165,-0.0009760859730558735
index level,0,166,-0.001955034835803282
index level,0,167,-0.000978952598984506
index level,0,168,-0.0009799118863487166
index level,0,169,0.0
index level,0,170,-0.0009808730555915801
index level,0,171,0.0
index level,0,172,0.0
index level,0,173,0.0009808730555915801
index level,0,174,-0.0009808730555915801
index level,0,175,0.0009808730555915801
index level,0,176,-0.0009808730555915801
index level,0,177,-0.0019646371741650626
index level,0,178,0.003925422116105359
index level,0,179,-0.0019607849419402967
index level,0,180,0.0
index level,0,181,-0.0019646371741650626
index level,0,182,0.0
index level,0,183,-0.0009837679101325492
index level,0,184,0.0009837679101325492
index level,0,185,-0.0019685045726722805
index level,0,186,0.0
index level,0,187,0.0009847366625397314
index level,0,188,-0.0009847366625397314
index level,0,189,-0.0009857073247587778
index level,0,190,-0.0009866799024456085
index level,0,191,0.0
index level,0,192,-0.0009876544012721311
index level,0,193,0.0
index level,0,194,0.0029600416284765174
index level,0,195,0.0009847366625397314
index level,0,196,-0.003944778291016249
index level,0,197,-0.0009886308269395627
index level,0,198,0.001976285228211694
index level,0,199,-0.001976285228211694
index level,0,200,0.0
index level,0,201,-0.001980198666862165
index level,0,202,0.0
index level,0,203,0.0009905894816961691
index level,0,204,-0.001982161203991417
index level,0,205,-0.0009925559127514916
index level,0,206,0.0019841276350467396
index level,0,207,-0.0019841276350467396
index level,0,208,0.0
index level,0,209,0.0
index level,0,210,0.0
index level,0,211,-0.001988072225386439
index level,0,212,0.0
index level,0,213,0.0009945301665084116
index level,0,214,0.0009935420588780275
index level,0,215,0.0
index level,0,216,-0.002983592466888396
index level,0,217,0.000995520241501957
index level,0,218,0.0
index level,0,219,0.0
index level,0,220,0.0
index level,0,221,0.0
index level,0,222,0.001988072225386439
index level,0,223,-0.001988072225386439
index level,0,224,0.0029806281381379307
index level,0,225,0.0
index level,0,226,0.000991571722295248
index level,0,227,-0.0019841276350467396
index level,0,228,0.0
index level,0,229,-0.002983592466888396
index level,0,230,0.0
index level,0,231,-0.0009965122897384049
index level,0,232,0.0009965122897384049
index level,0,233,0.000995520241501957
index level,0,234,0.0009945301665084116
index level,0,235,0.0009935420588780275
index level,0,236,0.0
index level,0,237,-0.002983592466888396
index level,0,238,0.0
index level,0,239,0.0
index level,0,240,-0.0009965122897384049
index level,0,241,0.0
index level,0,242,0.0
index level,0,243,0.0
index level,0,244,0.0
index level,0,245,0.0
index level,0,246,0.0
index level,0,247,-0.0019960086467154525
index level,0,248,-0.0009995003330836028
index level,0,249,0.0
index level,0,250,0.0009995003330836028
index level,0,251,-0.0009995003330836028
index level,0,252,0.0009995003330836028
index level,0,253,-0.0009995003330836028
index level,0,254,-0.0010005003335828988
index level,0,255,0.0010005003335828988
index level,0,256,-0.0010005003335828988
index level,0,257,0.0
index level,0,258,-0.002004008686715686
index level,0,259,0.002004008686715686
index level,0,260,-0.002004008686715686
index level,0,261,0.0010025063496259534
index level,0,262,-0.0010025063496259534
index level,0,263,-0.002008032803245463
index level,0,264,0.0
index level,0,265,0.0
index level,0,266,-0.0020120731134198877
index level,0,267,0.0
index level,0,268,0.0
index level,0,269,-0.0020161297151846114
index level,0,270,0.0010085729548849898
index level,0,271,-0.0010085729548849898
index level,0,272,-0.0010095912013525776
index level,0,273,-0.002022245380767451
index level,0,274,0.0010116338748442644
index level,0,275,0.0
index level,0,276,-0.0010116338748442644
index level,0,277,0.0010116338748442644
index level,0,278,-0.0010116338748442644
index level,0,279,-0.0020263431452329783
index level,0,280,-0.0010147134305462657
index level,0,281,0.0
index level,0,282,0.0
index level,0,283,-0.0020325210249225734
index level,0,284,0.0020325210249225734
index level,0,285,0.0
index level,0,286,-0.0010157441198357375
index level,0,287,-0.0010167769050868358
index level,0,288,0.0
index level,0,289,-0.0020366605818029626
index level,0,290,0.0
index level,0,291,0.0020366605818029626
index level,0,292,0.003047234455468839
index level,0,293,0.0
index level,0,294,0.0
index level,0,295,0.0010136848308466284
index level,0,296,0.0020242921892306143
index level,0,297,0.0010106115059231868
index level,0,298,0.0010095912013525776
index level,0,299,-0.0010095912013525776
index level,0,300,0.0020181641562375674
index level,0,301,-0.0010085729548849898
index level,0,302,0.00302267232658604
index level,0,303,-0.0020140993717010502
index level,0,304,0.0030196298737195093
index level,0,305,0.002008032803245463
index level,0,306,-0.002008032803245463
index level,0,307,0.002008032803245463
index level,0,308,0.0010025063496259534
index level,0,309,-0.0010025063496259534
index level,0,310,0.0
index level,0,311,0.0030045090202985847
index level,0,312,0.0
index level,0,313,0.0
index level,0,314,0.0009995003330836028
index level,0,315,-0.0009995003330836028
index level,0,316,0.0009995003330836028
index level,0,317,-0.0009995003330836028
index level,0,318,0.0009995003330836028
index level,0,319,0.0019960086467154525
index level,0,320,0.0
index level,0,321,-0.0019960086467154525
index level,0,322,0.0039880411779558145
index level,0,323,0.0
index level,0,324,-0.00298953884836628
index level,0,325,0.001994018606864323
index level,0,326,0.0
index level,0,327,0.000995520241501957
index level,0,328,-0.001992032531240362
index level,0,329,0.001992032531240362
index level,0,330,-0.000995520241501957
index level,0,331,-0.0029925209364538574
index level,0,332,0.007960241038388993
index level,0,333,-0.0019841276350467396
index level,0,334,0.0009925559127514916
index level,0,335,0.0
index level,0,336,0.001982161203991417
index level,0,337,0.0
index level,0,338,0.0019782400121055588
index level,0,339,0.0009876544012721311
index level,0,340,-0.001976285228211694
index level,0,341,0.001976285228211694
index level,0,342,0.0
index level,0,343,0.0
index level,0,344,0.0
index level,0,345,0.0
index level,0,346,0.0009866799024456085
index level,0,347,0.0
index level,0,348,-0.0029629651306573024
index level,0,349,0.00394867245541608
index level,0,350,-0.0009857073247587778
index level,0,351,0.001970443987298509
index level,0,352,0.0009837679101325492
index level,0,353,-0.0009837679101325492
index level,0,354,0.0
index level,0,355,0.0009837679101325492
index level,0,356,0.0
index level,0,357,0.0
index level,0,358,0.0
index level,0,359,0.0
index level,0,360,0.0009828010619079564
index level,0,361,-0.0009828010619079564
index level,0,362,0.0029455102297566427
index level,0,363,0.0
index level,0,364,0.0
index level,0,365,0.0009799118863487166
index level,0,366,0.000978952598984506
index level,0,367,-0.000978952598984506
index level,0,368,0.0
index level,0,369,0.000978952598984506
index level,0,370,0.0
index level,0,371,-0.000978952598984506
index level,0,372,0.002933987434787788
index level,0,373,0.0
index level,0,374,0.0
index level,0,375,0.0009760859730558735
index level,0,376,0.0
index level,0,377,0.0
index level,0,378,-0.0009760859730558735
index level,0,379,0.0009760859730558735
index level,0,380,0.001949318356049723
index level,0,381,0.0009732360865521983
index level,0,382,-0.0009732360865521983
index level,0,383,0.0
index level,0,384,0.0009732360865521983
index level,0,385,0.0009722898189385987
index level,0,386,-0.001945525905490797
index level,0,387,0.0009732360865521983
index level,0,388,0.0
index level,0,389,0.0
index level,0,390,0.0
index level,0,391,-0.0038986404156577947
index level,0,392,0.0
index level,0,393,0.0
index level,0,394,-0.000977039647826139
index level,0,395,0.0
index level,0,396,0.0
index level,0,397,0.0
index level,0,398,0.0
index level,0,399,0.0
index level,0,400,-0.001956947786961649
index level,0,401,0.0
index level,0,402,-0.0019607849419402967
index level,0,403,0.0009808730555915801
index level,0,404,-0.0009808730555915801
index level,0,405,0.0
index level,0,406,0.0
index level,0,407,-0.0019646371741650626
index level,0,408,0.0
index level,0,409,0.0
index level,0,410,0.0
index level,0,411,-0.0009837679101325492
index level,0,412,-0.0009847366625397314
index level,0,413,0.0019685045726722805
index level,0,414,-0.0019685045726722805
index level,0,415,-0.0029600416284765174
index level,0,416,0.0
index level,0,417,0.0019743343037177397
index level,0,418,0.0009857073247587778
index level,0,419,-0.0029600416284765174
index level,0,420,-0.0009886308269395627
index level,0,421,0.0
index level,0,422,0.0
index level,0,423,0.0
index level,0,424,0.0009886308269395627
index level,0,425,0.0
index level,0,426,-0.002968829493801728
index level,0,427,0.0009905894816961691
index level,0,428,-0.0009905894816961691
index level,0,429,-0.000991571722295248
index level,0,430,0.0
index level,0,431,0.0
index level,0,432,-0.0009925559127514916
index level,0,433,0.0
index level,0,434,0.0
index level,0,435,-0.001988072225386439
index level,0,436,0.001988072225386439
index level,0,437,-0.001988072225386439
index level,0,438,-0.001992032531240362
index level,0,439,0.0
index level,0,440,0.0
index level,0,441,-0.000997506317125918
index level,0,442,0.000997506317125918
index level,0,443,-0.0019960086467154525
index level,0,444,0.0
index level,0,445,-0.0009995003330836028
index level,0,446,0.0029955089797990553
index level,0,447,-0.0029955089797990553
index level,0,448,0.0
index level,0,449,-0.0020020026706726313
index level,0,450,-0.0010025063496259534
index level,0,451,-0.0010035123772400567
index level,0,452,-0.0010045204260054064
index level,0,453,0.002008032803245463
index level,0,454,-0.004020105916665351
index level,0,455,0.0010065426114014286
index level,0,456,-0.0020140993717010502
index level,0,457,0.0
index level,0,458,-0.0010085729548849898
index level,0,459,0.0020161297151846114
index level,0,460,-0.0010075567602996216
index level,0,461,-0.0010085729548849898
index level,0,462,-0.0010095912013525776
index level,0,463,0.0
index level,0,464,0.0010095912013525776
index level,0,465,-0.003031836582120029
index level,0,466,0.002022245380767451
index level,0,467,0.0
index level,0,468,0.0
index level,0,469,-0.0040485885260004295
index level,0,470,0.0
index level,0,471,-0.0010147134305462657
index level,0,472,-0.0010157441198357375
index level,0,473,-0.0010167769050868358
index level,0,474,0.0
index level,0,475,0.0
index level,0,476,-0.004077477616656111
index level,0,477,0.0020408170348531485
index level,0,478,-0.0020408170348531485
index level,0,479,-0.0020449904877271052
index level,0,480,0.0
index level,0,481,-0.0020491810449358994
index level,0,482,0.0
index level,0,483,-0.0020533888118423604
index level,0,484,0.0
index level,0,485,-0.002057613894679733
index level,0,486,0.0
index level,0,487,0.0010293361691138259
index level,0,488,-0.002059732963010319
index level,0,489,0.00411523214510634
index level,0,490,-0.00411523214510634
index level,0,491,0.001030396793896493
index level,0,492,0.0010293361691138259
index level,0,493,-0.004123717183861508
index level,0,494,0.0
index level,0,495,0.001032524614188901
index level,0,496,-0.002066116437472232
index level,0,497,0.002066116437472232
index level,0,498,0.0010314596066622883
index level,0,499,0.0
index level,0,500,0.002059732963010319
index level,0,501,-0.004123717183861508
index level,0,502,0.001032524614188901
index level,0,503,-0.002066116437472232
index level,0,504,0.0010335918232833308
index level,0,505,0.0
index level,0,506,0.0020639842208511894
index level,0,507,-0.00309757604413452
index level,0,508,0.0
index level,0,509,0.0
index level,0,510,-0.002070394114308094
index level,0,511,0.0010357328735315363
index level,0,512,0.0
index level,0,513,-0.0020725396019720677
index level,0,514,0.0
index level,0,515,-0.001037882812419788
index level,0,516,0.001037882812419788
index level,0,517,0.0
index level,0,518,0.0010368067284405313
index level,0,519,-0.0010368067284405313
index level,0,520,-0.001037882812419788
index level,0,521,0.0020746895408603194
index level,0,522,-0.003113650673279622
index level,0,523,-0.0010400416954139402
index level,0,524,0.0010400416954139402
index level,0,525,-0.0010400416954139402
index level,0,526,-0.0020833340868540162
index level,0,527,0.0020833340868540162
index level,0,528,-0.0010411245084105403
index level,0,529,-0.001042209578443476
index level,0,530,-0.0010432969125782066
index level,0,531,-0.0031364374901299286
index level,0,532,0.00209205097222398
index level,0,533,-0.00209205097222398
index level,0,534,-0.0020964368265286026
index level,0,535,0.001048767794085137
index level,0,536,-0.0031496089028966168
index level,0,537,0.00210084110881148
index level,0,538,-0.004206105044273656
index level,0,539,-0.001054296354905837
index level,0,540,-0.0021119332031442895
index level,0,541,0.0
index level,0,542,-0.0021164029063776013
index level,0,543,0.0
index level,0,544,-0.0021208915691373065
index level,0,545,0.0010610080570945257
index level,0,546,0.0
index level,0,547,-0.0031864073694078954
index level,0,548,0.0031864073694078954
index level,0,549,-0.0031864073694078954
index level,0,550,0.0
index level,0,551,0.0
index level,0,552,-0.001064396055786787
index level,0,553,0.005310686937237463
index level,0,554,-0.0010598835120427808
index level,0,555,0.0010598835120427808
index level,0,556,0.0
index level,0,557,0.0
index level,0,558,-0.0010598835120427808
index level,0,559,0.0010598835120427808
index level,0,560,0.001058761348242676
index level,0,561,0.0
index level,0,562,0.0
index level,0,563,0.0
index level,0,564,-0.001058761348242676
index level,0,565,0.001058761348242676
index level,0,566,0.0
index level,0,567,0.0
index level,0,568,0.0031695747612792147
index level,1,0,0.0009828010619079564
index level,1,1,0.0009818361122571062
index level,1,2,-0.0019646371741650626
index level,1,3,0.0
index level,1,4,-0.0009837679101325492
index level,1,5,0.0
index level,1,6,0.0019665689720405055
index level,1,7,-0.002951305634580237
index level,1,8,0.002951305634580237
index level,1,9,0.0019627091678486863
index level,1,10,-0.004914014802428923
index level,1,11,0.0009847366625397314
index level,1,12,0.0009837679101325492
index level,1,13,-0.0029542118974310583
index level,1,14,0.0
index level,1,15,0.0
index level,1,16,-0.0009866799024456085
index level,1,17,0.0019723872272043863
index level,1,18,-0.0029600416284765174
index level,1,19,0.0009876544012721311
index level,1,20,0.0
index level,1,21,-0.001976285228211694
index level,1,22,0.0
index level,1,23,0.0
index level,1,24,-0.001980198666862165
index level,1,25,0.0
index level,1,26,-0.000991571722295248
index level,1,27,0.002971770389157413
index level,1,28,-0.001980198666862165
index level,1,29,0.0
index level,1,30,0.0
index level,1,31,0.0
index level,1,32,0.0
index level,1,33,0.0
index level,1,34,-0.0019841276350467396
index level,1,35,0.0
index level,1,36,0.0
index level,1,37,0.0
index level,1,38,0.0009925559127514916
index level,1,39,0.0
index level,1,40,0.0
index level,1,41,0.000991571722295248
index level,1,42,-0.000991571722295248
index level,1,43,0.002971770389157413
index level,1,44,0.0009886308269395627
index level,1,45,-0.0009886308269395627
index level,1,46,0.0009886308269395627
index level,1,47,0.0009876544012721311
index level,1,48,-0.0009876544012721311
index level,1,49,0.0
index level,1,50,0.0009876544012721311
index level,1,51,0.0
index level,1,52,-0.001976285228211694
index level,1,53,0.0009886308269395627
index level,1,54,0.0009876544012721311
index level,1,55,-0.0009876544012721311
index level,1,56,0.0
index level,1,57,0.0009876544012721311
index level,1,58,0.0
index level,1,59,0.0
index level,1,60,0.0019723872272043863
index level,1,61,0.0009847366625397314
index level,1,62,0.0
index level,1,63,0.0
index level,1,64,0.0009837679101325492
index level,1,65,0.0
index level,1,66,0.0
index level,1,67,0.0
index level,1,68,0.0
index level,1,69,0.0
index level,1,70,0.0
index level,1,71,-0.0009837679101325492
index level,1,72,-0.0009847366625397314
index level,1,73,0.0009847366625397314
index level,1,74,-0.0009847366625397314
index level,1,75,0.0009847366625397314
index level,1,76,0.003929278139889192
index level,1,77,0.0
index level,1,78,0.0
index level,1,79,0.0
index level,1,80,-0.0009808730555915801
index level,1,81,0.0009808730555915801
index level,1,82,0.0
index level,1,83,0.0
index level,1,84,0.0
index level,1,85,0.0
index level,1,86,0.0009799118863487166
index level,1,87,0.0
index level,1,88,0.0
index level,1,89,0.0
index level,1,90,-0.0009799118863487166
index level,1,91,0.0009799118863487166
index level,1,92,0.0
index level,1,93,0.0
index level,1,94,0.0
index level,1,95,0.002933987434787788
index level,1,96,0.0
index level,1,97,-0.001955034835803282
index level,1,98,0.0
index level,1,99,0.001955034835803282
index level,1,100,0.0
index level,1,101,0.0
index level,1,102,0.0
index level,1,103,0.0009760859730558735
index level,1,104,0.0009751341582058259
index level,1,105,-0.0009751341582058259
index level,1,106,0.0
index level,1,107,-0.0019531256208820125
index level,1,108,0.0019531256208820125
index level,1,109,0.0
index level,1,110,0.001949318356049723
index level,1,111,0.0
index level,1,112,0.0
index level,1,113,-0.000974184197843897
index level,1,114,0.002919710103334694
index level,1,115,-0.001945525905490797
index level,1,116,0.001945525905490797
index level,1,117,0.0
index level,1,118,0.0019417481829107075
index level,1,119,-0.0019417481829107075
index level,1,120,0.0009713453896322832
index level,1,121,0.002908387895956821
index level,1,122,-0.0019379851026783967
index level,1,123,0.0
index level,1,124,0.0009694620245479513
index level,1,125,0.0
index level,1,126,0.0009685230781304455
index level,1,127,0.001934236579830717
index level,1,128,0.0
index level,1,129,0.0
index level,1,130,0.0009657171199588532
index level,1,131,0.002891568279799195
index level,1,132,0.0
index level,1,133,0.0
index level,1,134,0.0009620010361910403
index level,1,135,-0.0009620010361910403
index level,1,136,0.003842463901545301
index level,1,137,0.0
index level,1,138,0.0
index level,1,139,0.0019157093981387874
index level,1,140,0.0019120464716255725
index level,1,141,0.0
index level,1,142,0.0
index level,1,143,0.000954654010450362
index level,1,144,0.0009537435153097462
index level,1,145,0.0019047624806542984
index level,1,146,0.0
index level,1,147,0.0019011412570240083
index level,1,148,0.0
index level,1,149,0.0009492169673324113
index level,1,150,0.002842256768929907
index level,1,151,-0.0009465216040309699
index level,1,152,0.0037807228399060477
index level,1,153,0.0
index level,1,154,0.000942951507870049
index level,1,155,0.0018832397279648916
index level,1,156,0.0
index level,1,157,0.0
index level,1,158,0.0018796998015782052
index level,1,159,0.0018761731582275232
index level,1,160,0.0
index level,1,161,0.0018726597232916475
index level,1,162,0.0009350164309065434
index level,1,163,0.0
index level,1,164,-0.001870907935811239
index level,1,165,0.002805050927608299
index level,1,166,0.000933271182998574
index level,1,167,0.0009324009999511773
index level,1,168,0.0037209345256901116
index level,1,169,0.0
index level,1,170,0.0018552881017459555
index level,1,171,0.0
index level,1,172,0.0018518523810735488
index level,1,173,0.0
index level,1,174,0.0
index level,1,175,0.0
index level,1,176,0.0
index level,1,177,0.0009246417672184037
index level,1,178,0.0009237875945640184
index level,1,179,-0.0027739268827247088
index level,1,180,0.0027739268827247088
index level,1,181,-0.003700281742855971
index level,1,182,-0.0018552881017459555
index level,1,183,-0.0009289364346587448
index level,1,184,0.0
index level,1,185,0.0
index level,1,186,0.0009289364346587448
index level,1,187,-0.0009289364346587448
index level,1,188,0.0027842245364047002
index level,1,189,-0.0018552881017459555
index level,1,190,-0.0009289364346587448
index level,1,191,-0.0009298001599669092
index level,1,192,0.0
index level,1,193,0.0
index level,1,194,0.0
index level,1,195,0.0
index level,1,196,-0.0009306654929526204
index level,1,197,-0.0009315324381118373
index level,1,198,0.0009315324381118373
index level,1,199,-0.0009315324381118373
index level,1,200,-0.0018656721829497513
index level,1,201,0.0
index level,1,202,-0.0018691594227036035
index level,1,203,-0.0009358915049046956
index level,1,204,0.0
index level,1,205,0.0009358915049046956
index level,1,206,-0.0009358915049046956
index level,1,207,-0.0009367682183869519
index level,1,208,-0.0018761731582275232
index level,1,209,-0.0018796998015782052
index level,1,210,0.0
index level,1,211,-0.0018832397279648916
index level,1,212,0.0009420631879013541
index level,1,213,-0.0018850146957714031
index level,1,214,-0.0009438415047062776
index level,1,215,0.0
index level,1,216,0.0
index level,1,217,-0.0009447331831617944
index level,1,218,-0.0009456265480070059
index level,1,219,-0.0009465216040309699
index level,1,220,0.0
index level,1,221,0.0009465216040309699
index level,1,222,-0.0018939399600705897
index level,1,223,-0.0018975337761917288
index level,1,224,0.0
index level,1,225,0.0
index level,1,226,0.0018975337761917288
index level,1,227,-0.0018975337761917288
index level,1,228,0.0
index level,1,229,-0.000950118836319902
index level,1,230,-0.0028557849013584047
index level,1,231,0.0
index level,1,232,0.0
index level,1,233,0.0
index level,1,234,-0.0019083975257601082
index level,1,235,-0.0019120464716255725
index level,1,236,0.0
index level,1,237,-0.0009573959563269341
index level,1,238,-0.0009583134418118533
index level,1,239,0.0009583134418118533
index level,1,240,-0.0009583134418118533
index level,1,241,-0.000959232687460343
index level,1,242,0.0019175461292721963
index level,1,243,0.0
index level,1,244,0.0009573959563269341
index level,1,245,-0.0009573959563269341
index level,1,246,0.0
index level,1,247,-0.0009583134418118533
index level,1,248,0.0
index level,1,249,-0.000959232687460343
index level,1,250,-0.0009601536983430137
index level,1,251,0.00287769982761521
index level,1,252,0.0009573959563269341
index level,1,253,-0.0019157093981387874
index level,1,254,0.0009583134418118533
index level,1,255,0.0
index level,1,256,0.0
index level,1,257,0.0
index level,1,258,-0.0009583134418118533
index level,1,259,0.0009583134418118533
index level,1,260,0.0
index level,1,261,-0.0009583134418118533
index level,1,262,0.0
index level,1,263,0.0
index level,1,264,0.0009583134418118533
index level,1,265,-0.0009583134418118533
index level,1,266,0.0
index level,1,267,-0.0019193863858033566
index level,1,268,-0.0009610764795509041
index level,1,269,0.0019212301778939178
index level,1,270,0.000959232687460343
index level,1,271,-0.0019193863858033566
index level,1,272,0.0019193863858033566
index level,1,273,-0.0019193863858033566
index level,1,274,-0.0009610764795509041
index level,1,275,0.0009610764795509041
index level,1,276,0.0
index level,1,277,0.00287769982761521
index level,1,278,0.0
index level,1,279,-0.0009583134418118533
index level,1,280,0.0
index level,1,281,0.0009583134418118533
index level,1,282,-0.0009583134418118533
index level,1,283,-0.0028804628653542608
index level,1,284,0.0
index level,1,285,-0.0009620010361910403
index level,1,286,0.0009620010361910403
index level,1,287,-0.0009620010361910403
index level,1,288,0.0
index level,1,289,0.0
index level,1,290,0.0
index level,1,291,0.0009620010361910403
index level,1,292,0.0
index level,1,293,0.0
index level,1,294,0.0
index level,1,295,0.0
index level,1,296,-0.0009620010361910403
index level,1,297,0.0
index level,1,298,0.0
index level,1,299,0.0009620010361910403
index level,1,300,0.0
index level,1,301,-0.0009620010361910403
index level,1,302,0.0
index level,1,303,-0.0009629273733935406
index level,1,304,-0.0019286409064056542
index level,1,305,0.0
index level,1,306,0.0
index level,1,307,0.0
index level,1,308,0.0
index level,1,309,-0.0009657171199588532
index level,1,310,0.0
index level,1,311,0.0
index level,1,312,0.0
index level,1,313,0.0
index level,1,314,-0.0009666506310948009
index level,1,315,-0.0009675859487359162
index level,1,316,0.0
index level,1,317,-0.0009685230781304455
index level,1,318,0.0
index level,1,319,0.0009685230781304455
index level,1,320,-0.0009685230781304455
index level,1,321,0.0
index level,1,322,0.0
index level,1,323,0.0009685230781304455
index level,1,324,0.001934236579830717
index level,1,325,0.0009657171199588532
index level,1,326,0.0
index level,1,327,0.0009647854100993669
index level,1,328,0.0
index level,1,329,0.0
index level,1,330,0.0
index level,1,331,0.001926782869699828
index level,1,332,-0.001926782869699828
index level,1,333,0.0009638554963062873
index level,1,334,0.0019249284095845809
index level,1,335,0.0
index level,1,336,-0.0009620010361910403
index level,1,337,0.0009620010361910403
index level,1,338,0.0009610764795509041
index level,1,339,0.0
index level,1,340,-0.0009610764795509041
index level,1,341,0.0
index level,1,342,0.0009610764795509041
index level,1,343,-0.0009610764795509041
index level,1,344,0.0009610764795509041
index level,1,345,-0.0009610764795509041
index level,1,346,-0.0009620010361910403
index level,1,347,0.0019230775157419444
index level,1,348,-0.0019230775157419444
index level,1,349,0.0009620010361910403
index level,1,350,0.0
index level,1,351,0.0009610764795509041
index level,1,352,-0.0009610764795509041
index level,1,353,-0.0009620010361910403
index level,1,354,0.0009620010361910403
index level,1,355,-0.002888783905890868
index level,1,356,-0.0009647854100993669
index level,1,357,0.0
index level,1,358,-0.0009657171199588532
index level,1,359,0.0
index level,1,360,0.0
index level,1,361,-0.001934236579830717
index level,1,362,0.001934236579830717
index level,1,363,0.0009657171199588532
index level,1,364,-0.0009657171199588532
index level,1,365,-0.001934236579830717
index level,1,366,0.001934236579830717
index level,1,367,0.0
index level,1,368,-0.001934236579830717
index level,1,369,0.0009675859487359162
index level,1,370,-0.0009675859487359162
index level,1,371,-0.0009685230781304455
index level,1,372,0.0
index level,1,373,0.0009685230781304455
index level,1,374,0.0
index level,1,375,-0.0009685230781304455
index level,1,376,0.0
index level,1,377,-0.0009694620245479513
index level,1,378,0.0009694620245479513
index level,1,379,-0.0009694620245479513
index level,1,380,0.0
index level,1,381,0.0
index level,1,382,0.0
index level,1,383,0.0
index level,1,384,-0.0009704027932784243
index level,1,385,0.0
index level,1,386,0.0019398648178263755
index level,1,387,0.0
index level,1,388,0.0
index level,1,389,-0.0009694620245479513
index level,1,390,0.0009694620245479513
index level,1,391,-0.0009694620245479513
index level,1,392,0.0009694620245479513
index level,1,393,0.0
index level,1,394,0.0
index level,1,395,0.0009685230781304455
index level,1,396,0.0
index level,1,397,0.0009675859487359162
index level,1,398,0.001932367751053654
index level,1,399,0.0
index level,1,400,0.0
index level,1,401,-0.0009657171199588532
index level,1,402,0.0019305025300582201
index level,1,403,0.0
index level,1,404,0.0
index level,1,405,0.0
index level,1,406,0.0
index level,1,407,0.0
index level,1,408,0.002888783905890868
index level,1,409,0.0
index level,1,410,-0.0009620010361910403
index level,1,411,0.0
index level,1,412,0.0
index level,1,413,0.0019230775157419444
index level,1,414,0.0
index level,1,415,0.0
index level,1,416,0.0
index level,1,417,0.0
index level,1,418,0.0
index level,1,419,0.0
index level,1,420,0.0009601536983430137
index level,1,421,-0.0009601536983430137
index level,1,422,-0.0009610764795509041
index level,1,423,-0.0009620010361910403
index level,1,424,0.0009620010361910403
index level,1,425,0.0009610764795509041
index level,1,426,0.0
index level,1,427,-0.0009610764795509041
index level,1,428,0.0
index level,1,429,0.0009610764795509041
index level,1,430,-0.0009610764795509041
index level,1,431,0.0019212301778939178
index level,1,432,0.0019175461292721963
index level,1,433,-0.0019175461292721963
index level,1,434,-0.0019212301778939178
index level,1,435,-0.0009620010361910403
index level,1,436,0.0019230775157419444
index level,1,437,-0.0009610764795509041
index level,1,438,-0.0009620010361910403
index level,1,439,0.0019230775157419444
index level,1,440,-0.0009610764795509041
index level,1,441,0.0
index level,1,442,-0.002888783905890868
index level,1,443,0.001926782869699828
index level,1,444,-0.0009629273733935406
index level,1,445,0.0009629273733935406
index level,1,446,-0.001926782869699828
index level,1,447,0.0038498603854417723
index level,1,448,-0.0009610764795509041
index level,1,449,0.0019212301778939178
index level,1,450,0.0019175461292721963
index level,1,451,-0.0009583134418118533
index level,1,452,0.0
index level,1,453,0.0009583134418118533
index level,1,454,-0.0009583134418118533
index level,1,455,0.0019157093981387874
index level,1,456,-0.0019157093981387874
index level,1,457,0.0
index level,1,458,0.0
index level,1,459,0.0009583134418118533
index level,1,460,0.0019138761822841133
index level,1,461,0.0
index level,1,462,0.0
index level,1,463,0.0009555662456683933
index level,1,464,-0.0019120464716255725
index level,1,465,0.0019120464716255725
index level,1,466,0.0
index level,1,467,-0.0009555662456683933
index level,1,468,0.0019102202561187553
index level,1,469,0.0028585059959640446
index level,1,470,-0.0019047624806542984
index level,1,471,0.0009528347552718586
index level,1,472,-0.0009528347552718586
index level,1,473,0.0019047624806542984
index level,1,474,0.0019011412570240083
index level,1,475,0.0
index level,1,476,0.0009492169673324113
index level,1,477,-0.0018993358036523134
index level,1,478,0.002847652612511631
index level,1,479,0.0
index level,1,480,0.0
index level,1,481,0.0018939399600705897
index level,1,482,0.0018903597311688003
index level,1,483,0.0
index level,1,484,0.0
index level,1,485,0.0
index level,1,486,0.003770032740541218
index level,1,487,0.0
index level,1,488,0.0
index level,1,489,0.0009402915596421479
index level,1,490,-0.0018814680997056854
index level,1,491,0.004697049499869266
index level,1,492,-0.0018761731582275232
index level,1,493,0.002812941376614475
index level,1,494,0.0009358915049046956
index level,1,495,0.0
index level,1,496,0.0028024306057021775
index level,1,497,-0.000933271182998574
index level,1,498,0.0018656721829497513
index level,1,499,0.0
index level,1,500,0.0018621979310644576
index level,1,501,0.0
index level,1,502,0.001858736594625654
index level,1,503,-0.0009289364346587448
index level,1,504,0.0037105793965359624
index level,1,505,-0.0027816429618772176
index level,1,506,0.0009280743125543722
index level,1,507,0.0018535686493228454
index level,1,508,0.0
index level,1,509,0.0009254975209422867
index level,1,510,0.0
index level,1,511,0.0018484293617824221
index level,1,512,0.0
index level,1,513,0.0
index level,1,514,-0.0018484293617824221
index level,1,515,-0.0009254975209422867
index level,1,516,-0.0009263548601312621
index level,1,517,0.0009263548601312621
index level,1,518,-0.0027816429618772176
index level,1,519,0.0027816429618772176
index level,1,520,0.0
index level,1,521,0.0
index level,1,522,0.0009254975209422867
index level,1,523,0.0
index level,1,524,0.0
index level,1,525,0.0018484293617824221
index level,1,526,0.0
index level,1,527,0.0
index level,1,528,-0.0018484293617824221
index level,1,529,0.0
index level,1,530,0.0009246417672184037
index level,1,531,0.0018467225931653175
index level,1,532,0.0
index level,1,533,-0.0009229349986012991
index level,1,534,0.0
index level,1,535,0.001845018973569701
index level,1,536,0.0
index level,1,537,0.0
index level,1,538,-0.001845018973569701
index level,1,539,0.001845018973569701
index level,1,540,0.0018416211466494303
index level,1,541,0.0
index level,1,542,-0.0009203866273290728
index level,1,543,0.0009203866273290728
index level,1,544,-0.0009203866273290728
index level,1,545,0.0018399269220070735
index level,1,546,0.0
index level,1,547,-0.0009195402946780007
index level,1,548,0.0009195402946780007
index level,1,549,0.0
index level,1,550,-0.0009195402946780007
index level,1,551,0.001838235811750799
index level,1,552,0.0
index level,1,553,0.0
index level,1,554,-0.0009186955170727984
index level,1,555,0.0009186955170727984
index level,1,556,-0.0009186955170727984
index level,1,557,0.002753558417182944
index level,1,558,0.0009161704717799424
index level,1,559,0.0
index level,1,560,0.0
index level,1,561,0.0
index level,1,562,0.0
index level,1,563,0.0
index level,1,564,-0.0009161704717799424
index level,1,565,0.0009161704717799424
index level,1,566,0.0
index level,1,567,-0.0009161704717799424
index level,1,568,-0.0018348629001101457
index level,2,0,-0.0020120731134198877
index level,2,1,0.0
index level,2,2,0.003016593539425294
index level,2,3,-0.003016593539425294
index level,2,4,-0.0010075567602996216
index level,2,5,-0.0010085729548849898
index level,2,6,0.0010085729548849898
index level,2,7,-0.0010085729548849898
index level,2,8,0.0
index level,2,9,0.0020161297151846114
index level,2,10,-0.004036332422460376
index level,2,11,0.0
index level,2,12,0.0030287756621607542
index level,2,13,0.0
index level,2,14,0.0030196298737195093
index level,2,15,-0.0020120731134198877
index level,2,16,-0.0020161297151846114
index level,2,17,0.0020161297151846114
index level,2,18,0.0
index level,2,19,-0.0020161297151846114
index level,2,20,0.0
index level,2,21,0.0
index level,2,22,0.0010085729548849898
index level,2,23,-0.0010085729548849898
index level,2,24,0.0010085729548849898
index level,2,25,0.0010075567602996216
index level,2,26,0.0
index level,2,27,0.003016593539425294
index level,2,28,0.0
index level,2,29,-0.0010045204260054064
index level,2,30,0.0
index level,2,31,0.0
index level,2,32,0.0010045204260054064
index level,2,33,-0.003016593539425294
index level,2,34,0.003016593539425294
index level,2,35,-0.003016593539425294
index level,2,36,0.0
index level,2,37,0.003016593539425294
index level,2,38,-0.0010045204260054064
index level,2,39,0.0010045204260054064
index level,2,40,-0.0020100509280238654
index level,2,41,-0.0010065426114014286
index level,2,42,0.0
index level,2,43,0.003016593539425294
index level,2,44,0.0
index level,2,45,0.0
index level,2,46,0.0010035123772400567
index level,2,47,0.0
index level,2,48,0.0
index level,2,49,-0.0010035123772400567
index level,2,50,0.0010035123772400567
index level,2,51,0.002004008686715686
index level,2,52,-0.0010015023370897325
index level,2,53,-0.0010025063496259534
index level,2,54,0.0
index level,2,55,0.002004008686715686
index level,2,56,0.0010005003335828988
index level,2,57,0.0
index level,2,58,0.0
index level,2,59,0.0009995003330836028
index level,2,60,-0.0009995003330836028
index level,2,61,0.0029955089797990553
index level,2,62,-0.000997506317125918
index level,2,63,-0.0019980026626731373
index level,2,64,0.0
index level,2,65,-0.0010005003335828988
index level,2,66,-0.002004008686715686
index level,2,67,0.0040040093533821874
index level,2,68,-0.0060120421566276505
index level,2,69,0.002008032803245463
index level,2,70,0.0
index level,2,71,-0.0010035123772400567
index level,2,72,-0.0010045204260054064
index level,2,73,-0.001005530502018459
index level,2,74,0.0
index level,2,75,0.001005530502018459
index level,2,76,-0.001005530502018459
index level,2,77,-0.0010065426114014286
index level,2,78,-0.0020161297151846114
index level,2,79,0.00302267232658604
index level,2,80,-0.004032263527938618
index level,2,81,0.0
index level,2,82,0.0010095912013525776
index level,2,83,0.0010085729548849898
index level,2,84,0.0
index level,2,85,-0.0010085729548849898
index level,2,86,0.0
index level,2,87,0.0
index level,2,88,-0.004044494896506379
index level,2,89,0.004044494896506379
index level,2,90,-0.004044494896506379
index level,2,91,0.00101265831438635
index level,2,92,-0.003041056575779244
index level,2,93,0.0010147134305462657
index level,2,94,-0.0010147134305462657
index level,2,95,0.0
index level,2,96,-0.0020325210249225734
index level,2,97,0.0020325210249225734
index level,2,98,-0.0020325210249225734
index level,2,99,0.0020325210249225734
index level,2,100,-0.0010157441198357375
index level,2,101,-0.0020345886977874983
index level,2,102,-0.0010188487891023001
index level,2,103,0.0
index level,2,104,0.0
index level,2,105,-0.0020408170348531485
index level,2,106,0.0
index level,2,107,-0.0020449904877271052
index level,2,108,-0.0010240656296902628
index level,2,109,0.0010240656296902628
index level,2,110,-0.0020491810449358994
index level,2,111,0.0
index level,2,112,0.0
index level,2,113,0.0
index level,2,114,0.0
index level,2,115,-0.0030816665374082675
index level,2,116,0.001028277725565907
index level,2,117,-0.002057613894679733
index level,2,118,0.0
index level,2,119,0.0010293361691138259
index level,2,120,-0.0030911925696726072
index level,2,121,0.0010314596066622883
index level,2,122,-0.0010314596066622883
index level,2,123,0.0
index level,2,124,0.0010314596066622883
index level,2,125,-0.0010314596066622883
index level,2,126,0.0
index level,2,127,-0.002066116437472232
index level,2,128,0.002066116437472232
index level,2,129,-0.004136510551780326
index level,2,130,0.0
index level,2,131,0.0
index level,2,132,-0.0020746895408603194
index level,2,133,0.0
index level,2,134,0.0
index level,2,135,0.0
index level,2,136,0.001037882812419788
index level,2,137,-0.001037882812419788
index level,2,138,0.0
index level,2,139,0.0
index level,2,140,0.0
index level,2,141,0.0
index level,2,142,0.0
index level,2,143,0.0
index level,2,144,0.0
index level,2,145,0.0
index level,2,146,0.001037882812419788
index level,2,147,0.0010368067284405313
index level,2,148,0.0
index level,2,149,0.0031039859375914247
index level,2,150,-0.0010335918232833308
index level,2,151,0.0
index level,2,152,0.0010335918232833308
index level,2,153,0.0
index level,2,154,0.001032524614188901
index level,2,155,0.0
index level,2,156,0.0
index level,2,157,0.0010314596066622883
index level,2,158,0.0
index level,2,159,0.001030396793896493
index level,2,160,-0.0020618564005587814
index level,2,161,0.0010314596066622883
index level,2,162,0.001030396793896493
index level,2,163,0.0
index level,2,164,0.002057613894679733
index level,2,165,0.0
index level,2,166,0.0
index level,2,167,0.0
index level,2,168,0.0020533888118423604
index level,2,169,0.0010251154152456365
index level,2,170,0.0
index level,2,171,-0.0010251154152456365
index level,2,172,0.0020491810449358994
index level,2,173,-0.0020491810449358994
index level,2,174,0.0010251154152456365
index level,2,175,0.0010240656296902628
index level,2,176,0.0020449904877271052
index level,2,177,0.001020929134107007
index level,2,178,-0.001020929134107007
index level,2,179,-0.0010219724956925802
index level,2,180,-0.002047083621724788
index level,2,181,-0.0010251154152456365
index level,2,182,0.0
index level,2,183,0.0
index level,2,184,0.0020491810449358994
index level,2,185,-0.0030753484002481457
index level,2,186,-0.002055499182096021
index level,2,187,0.001028277725565907
index level,2,188,0.0
index level,2,189,-0.002057613894679733
index level,2,190,0.0
index level,2,191,0.0010293361691138259
index level,2,192,0.0
index level,2,193,0.0
index level,2,194,0.0
index level,2,195,-0.0030911925696726072
index level,2,196,0.0020618564005587814
index level,2,197,0.0
index level,2,198,0.002057613894679733
index level,2,199,-0.002057613894679733
index level,2,200,0.0010293361691138259
index level,2,201,-0.0010293361691138259
index level,2,202,0.0
index level,2,203,-0.001030396793896493
index level,2,204,0.001030396793896493
index level,2,205,0.0010293361691138259
index level,2,206,0.001028277725565907
index level,2,207,0.003078504227087997
index level,2,208,-0.0010251154152456365
index level,2,209,0.0
index level,2,210,-0.0020533888118423604
index level,2,211,0.0
index level,2,212,0.0020533888118423604
index level,2,213,0.0
index level,2,214,-0.0020533888118423604
index level,2,215,0.0
index level,2,216,-0.002057613894679733
index level,2,217,0.002057613894679733
index level,2,218,0.003078504227087997
index level,2,219,0.0
index level,2,220,-0.0010251154152456365
index level,2,221,0.0
index level,2,222,0.0
index level,2,223,0.0010251154152456365
index level,2,224,0.0
index level,2,225,0.0
index level,2,226,-0.0010251154152456365
index level,2,227,0.0
index level,2,228,0.0
index level,2,229,0.0020491810449358994
index level,2,230,0.0
index level,2,231,0.0020449904877271052
index level,2,232,0.0
index level,2,233,-0.0010219724956925802
index level,2,234,0.0010219724956925802
index level,2,235,-0.0020449904877271052
index level,2,236,0.001023017992034525
index level,2,237,0.0010219724956925802
index level,2,238,0.0
index level,2,239,0.0020408170348531485
index level,2,240,0.0
index level,2,241,0.0
index level,2,242,0.0020366605818029626
index level,2,243,-0.0020366605818029626
index level,2,244,0.0010188487891023001
index level,2,245,-0.0010188487891023001
index level,2,246,0.0020366605818029626
index level,2,247,0.0
index level,2,248,0.0
index level,2,249,0.0010167769050868358
index level,2,250,-0.0010167769050868358
index level,2,251,0.003047234455468839
index level,2,252,-0.0010147134305462657
index level,2,253,0.002028398261392894
index level,2,254,-0.0010136848308466284
index level,2,255,0.0030379770200772427
index level,2,256,0.0
index level,2,257,0.0
index level,2,258,0.0010106115059231868
index level,2,259,0.0010095912013525776
index level,2,260,-0.0020202027072757645
index level,2,261,0.0020202027072757645
index level,2,262,0.0020161297151846114
index level,2,263,0.0
index level,2,264,0.0
index level,2,265,0.0
index level,2,266,0.0
index level,2,267,0.0
index level,2,268,0.003016593539425294
index level,2,269,-0.0010045204260054064
index level,2,270,0.002008032803245463
index level,2,271,0.0
index level,2,272,0.0010025063496259534
index level,2,273,-0.0010025063496259534
index level,2,274,0.0010025063496259534
index level,2,275,0.0010015023370897325
index level,2,276,0.0010005003335828988
index level,2,277,-0.0030045090202985847
index level,2,278,0.0
index level,2,279,0.0
index level,2,280,-0.0010035123772400567
index level,2,281,0.0
index level,2,282,0.0010035123772400567
index level,2,283,0.0
index level,2,284,0.0
index level,2,285,0.0
index level,2,286,-0.0010035123772400567
index level,2,287,0.0010035123772400567
index level,2,288,0.002004008686715686
index level,2,289,0.0
index level,2,290,0.0010005003335828988
index level,2,291,-0.0030045090202985847
index level,2,292,0.0010025063496259534
index level,2,293,0.0010015023370897325
index level,2,294,0.0
index level,2,295,0.0010005003335828988
index level,2,296,0.0009995003330836028
index level,2,297,0.0
index level,2,298,0.0
index level,2,299,0.0
index level,2,300,0.0019960086467154525
index level,2,301,-0.000997506317125918
index level,2,302,0.000997506317125918
index level,2,303,-0.000997506317125918
index level,2,304,0.001994018606864323
index level,2,305,0.0
index level,2,306,0.000995520241501957
index level,2,307,0.0
index level,2,308,0.0
index level,2,309,0.0
index level,2,310,0.0
index level,2,311,0.0029806281381379307
index level,2,312,-0.0009925559127514916
index level,2,313,-0.001988072225386439
index level,2,314,0.0
index level,2,315,0.001988072225386439
index level,2,316,0.0019841276350467396
index level,2,317,-0.000991571722295248
index level,2,318,0.000991571722295248
index level,2,319,0.0009905894816961691
index level,2,320,0.0
index level,2,321,0.000989609185165996
index level,2,322,0.0
index level,2,323,0.0009886308269395627
index level,2,324,0.0009876544012721311
index level,2,325,0.0
index level,2,326,-0.0009876544012721311
index level,2,327,0.0009876544012721311
index level,2,328,-0.001976285228211694
index level,2,329,0.0009886308269395627
index level,2,330,0.0
index level,2,331,0.0
index level,2,332,0.0009876544012721311
index level,2,333,0.0
index level,2,334,-0.0009876544012721311
index level,2,335,0.0009876544012721311
index level,2,336,0.0009866799024456085
index level,2,337,0.001970443987298509
index level,2,338,0.0
index level,2,339,0.0
index level,2,340,0.0009837679101325492
index level,2,341,0.0
index level,2,342,0.0
index level,2,343,0.0
index level,2,344,0.0
index level,2,345,0.0019646371741650626
index level,2,346,-0.0009818361122571062
index level,2,347,-0.0009828010619079564
index level,2,348,0.003925422116105359
index level,2,349,0.0
index level,2,350,-0.0009799118863487166
index level,2,351,0.0
index level,2,352,0.0
index level,2,353,0.0009799118863487166
index level,2,354,-0.0009799118863487166
index level,2,355,0.0009799118863487166
index level,2,356,0.001956947786961649
index level,2,357,0.0
index level,2,358,-0.001956947786961649
index level,2,359,0.0
index level,2,360,-0.0009799118863487166
index level,2,361,0.0
index level,2,362,0.0009799118863487166
index level,2,363,0.0
index level,2,364,-0.0009799118863487166
index level,2,365,0.002936859673310366
index level,2,366,-0.002936859673310366
index level,2,367,0.0009799118863487166
index level,2,368,-0.0009799118863487166
index level,2,369,0.003913899321136505
index level,2,370,-0.001955034835803282
index level,2,371,0.0009779951879771431
index level,2,372,0.0019531256208820125
index level,2,373,-0.0019531256208820125
index level,2,374,0.0019531256208820125
index level,2,375,0.0
index level,2,376,0.001949318356049723
index level,2,377,0.0009732360865521983
index level,2,378,0.0
index level,2,379,0.0
index level,2,380,0.0009722898189385987
index level,2,381,0.0
index level,2,382,0.0
index level,2,383,0.0
index level,2,384,0.0029112102074586588
index level,2,385,0.0
index level,2,386,0.0
index level,2,387,-0.0009694620245479513
index level,2,388,0.0019379851026783967
index level,2,389,0.0
index level,2,390,-0.0009685230781304455
index level,2,391,0.0029027596579611625
index level,2,392,-0.0009666506310948009
index level,2,393,0.0009666506310948009
index level,2,394,0.0019305025300582201
index level,2,395,0.0
index level,2,396,0.0
index level,2,397,0.0009638554963062873
index level,2,398,-0.0009638554963062873
index level,2,399,0.002888783905890868
index level,2,400,0.0
index level,2,401,0.0019212301778939178
index level,2,402,0.000959232687460343
index level,2,403,0.0
index level,2,404,0.0009583134418118533
index level,2,405,0.0009573959563269341
index level,2,406,0.0
index level,2,407,0.0019120464716255725
index level,2,408,0.0
index level,2,409,0.000954654010450362
index level,2,410,0.0
index level,2,411,0.0009537435153097462
index level,2,412,-0.0009537435153097462
index level,2,413,0.0009537435153097462
index level,2,414,0.0028557849013584047
index level,2,415,0.0
index level,2,416,0.0
index level,2,417,0.0
index level,2,418,0.0
index level,2,419,0.000950118836319902
index level,2,420,-0.0019011412570240083
index level,2,421,0.0019011412570240083
index level,2,422,0.0
index level,2,423,0.0018975337761917288
index level,2,424,0.0
index level,2,425,0.0009474183560396199
index level,2,426,0.0
index level,2,427,0.0009465216040309699
index level,2,428,0.0
index level,2,429,0.0
index level,2,430,0.0009456265480070059
index level,2,431,0.0009447331831617944
index level,2,432,0.0018867930125763266
index level,2,433,0.0
index level,2,434,0.0009420631879013541
index level,2,435,0.0009411765400635375
index level,2,436,0.0018796998015782052
index level,2,437,0.0
index level,2,438,0.0
index level,2,439,0.002812941376614475
index level,2,440,0.001870907935811239
index level,2,441,0.0009341429917970601
index level,2,442,0.0018656721829497513
index level,2,443,0.0
index level,2,444,0.0009315324381118373
index level,2,445,0.0009306654929526204
index level,2,446,0.001858736594625654
index level,2,447,0.0
index level,2,448,0.0018552881017459555
index level,2,449,0.0009263548601312621
index level,2,450,0.0009254975209422867
index level,2,451,0.0
index level,2,452,-0.0009254975209422867
index level,2,453,0.0
index level,2,454,0.0009254975209422867
index level,2,455,0.0018484293617824221
index level,2,456,0.0009229349986012991
index level,2,457,0.0009220839749684018
index level,2,458,0.0
index level,2,459,0.0
index level,2,460,0.002761161441327431
index level,2,461,0.0
index level,2,462,0.0
index level,2,463,0.0009186955170727984
index level,2,464,0.002751033371890088
index level,2,465,0.0
index level,2,466,0.0009153318716883518
index level,2,467,0.0
index level,2,468,0.0
index level,2,469,0.0009144948053876334
index level,2,470,0.0009136592686749268
index level,2,471,0.0009128252573598061
index level,2,472,0.0
index level,2,473,0.0
index level,2,474,0.0
index level,2,475,0.0
index level,2,476,0.0
index level,2,477,-0.0027409793314223663
index level,2,478,0.0027409793314223663
index level,2,479,0.0009119927672687211
index level,2,480,0.0
index level,2,481,0.000911161794245885
index level,2,482,0.0018198367169857121
index level,2,483,0.0
index level,2,484,0.0009086779362181829
index level,2,485,0.0
index level,2,486,0.0
index level,2,487,0.0
index level,2,488,0.0027210901143606137
index level,2,489,0.0
index level,2,490,0.0
index level,2,491,0.0009053871148125836
index level,2,492,0.0
index level,2,493,0.0
index level,2,494,0.002711253355376364
index level,2,495,0.0
index level,2,496,0.0
index level,2,497,0.0009021200431380549
index level,2,498,0.0
index level,2,499,0.0009013069560124265
index level,2,500,0.0018001805041478747
index level,2,501,0.0
index level,2,502,0.0
index level,2,503,0.0008988764650172953
index level,2,504,-0.0017985616359146306
index level,2,505,0.004490353301625838
index level,2,506,-0.0017937224540265362
index level,2,507,0.0008972634069897012
index level,2,508,0.0017921151749815678
index level,2,509,0.0
index level,2,510,0.0017889092427241238
index level,2,511,0.0
index level,2,512,0.0017857147602349244
index level,2,513,0.0
index level,2,514,0.0
index level,2,515,0.0017825316662829493
index level,2,516,0.0008900757151932837
index level,2,517,0.0008892841848844313
index level,2,518,0.0
index level,2,519,0.0026631174194839957
index level,2,520,0.0008861320916571103
index level,2,521,0.0026536946134667616
index level,2,522,0.00088300226487803
index level,2,523,0.0
index level,2,524,0.0
index level,2,525,0.0008822232596905621
index level,2,526,-0.0008822232596905621
index level,2,527,0.0017636688874969053
index level,2,528,0.0008806693655936115
index level,2,529,-0.0008806693655936115
index level,2,530,0.001760563835032869
index level,2,531,0.000879120935739941
index level,2,532,-0.000879120935739941
index level,2,533,-0.001760563835032869
index level,2,534,0.0008806693655936115
index level,2,535,0.0
index level,2,536,-0.002644338253090517
index level,2,537,0.0008822232596905621
index level,2,538,0.0
index level,2,539,-0.0017652255245685922
index level,2,540,-0.0008837826470076138
index level,2,541,0.0
index level,2,542,0.0
index level,2,543,-0.0008845644097341676
index level,2,544,-0.0017714796483820905
index level,2,545,0.003539826705123872
index level,2,546,0.0
index level,2,547,-0.0017683470567417814
index level,2,548,0.0008845644097341676
index level,2,549,0.0008837826470076138
index level,2,550,-0.0008837826470076138
index level,2,551,-0.0017699119664591478
index level,2,552,0.0
index level,2,553,-0.0008861320916571103
index level,2,554,-0.0008869180182280445
index level,2,555,0.0008869180182280445
index level,2,556,-0.0008869180182280445
index level,2,557,0.0
index level,2,558,0.0
index level,2,559,0.0008869180182280445
index level,2,560,0.0
index level,2,561,0.0008861320916571103
index level,2,562,0.0
index level,2,563,0.0
index level,2,564,0.0008853475567249802
index level,2,565,0.0008845644097341676
index level,2,566,0.0
index level,2,567,0.0
index level,2,568,0.0017667849118856438
index level,3,0,-0.0009876544012721311
index level,3,1,0.0
index level,3,2,0.0009876544012721311
index level,3,3,0.0
index level,3,4,0.0019723872272043863
index level,3,5,0.0009847366625397314
index level,3,6,-0.0009847366625397314
index level,3,7,0.0019685045726722805
index level,3,8,-0.0009837679101325492
index level,3,9,0.0009837679101325492
index level,3,10,-0.0029542118974310583
index level,3,11,0.0009857073247587778
index level,3,12,0.0019685045726722805
index level,3,13,0.0019646371741650626
index level,3,14,-0.0019646371741650626
index level,3,15,0.0019646371741650626
index level,3,16,0.0
index level,3,17,-0.0009818361122571062
index level,3,18,-0.002951305634580237
index level,3,19,0.0019685045726722805
index level,3,20,0.0029455102297566427
index level,3,21,0.0009799118863487166
index level,3,22,0.0
index level,3,23,-0.0009799118863487166
index level,3,24,0.0009799118863487166
index level,3,25,0.0
index level,3,26,0.0
index level,3,27,0.0
index level,3,28,0.001956947786961649
index level,3,29,0.000977039647826139
index level,3,30,0.0
index level,3,31,0.0009760859730558735
index level,3,32,0.0
index level,3,33,-0.0009760859730558735
index level,3,34,0.0009760859730558735
index level,3,35,-0.0009760859730558735
index level,3,36,0.0
index level,3,37,0.0038986404156577947
index level,3,38,-0.0009732360865521983
index level,3,39,-0.0029254043291055964
index level,3,40,-0.000977039647826139
index level,3,41,0.0
index level,3,42,0.000977039647826139
index level,3,43,-0.000977039647826139
index level,3,44,0.000977039647826139
index level,3,45,-0.002933987434787788
index level,3,46,0.001956947786961649
index level,3,47,-0.0009779951879771431
index level,3,48,0.0009779951879771431
index level,3,49,-0.002936859673310366
index level,3,50,0.0
index level,3,51,0.0009799118863487166
index level,3,52,0.0
index level,3,53,-0.0019607849419402967
index level,3,54,0.0
index level,3,55,0.0
index level,3,56,-0.0029484050842976117
index level,3,57,0.0029484050842976117
index level,3,58,-0.0009818361122571062
index level,3,59,-0.0019665689720405055
index level,3,60,0.0
index level,3,61,0.0009837679101325492
index level,3,62,-0.0019685045726722805
index level,3,63,0.0
index level,3,64,0.0
index level,3,65,-0.0009857073247587778
index level,3,66,0.0009857073247587778
index level,3,67,0.0009847366625397314
index level,3,68,-0.003944778291016249
index level,3,69,0.0019743343037177397
index level,3,70,0.0029542118974310583
index level,3,71,0.0009828010619079564
index level,3,72,0.0019627091678486863
index level,3,73,0.0009799118863487166
index level,3,74,0.0
index level,3,75,-0.0009799118863487166
index level,3,76,0.0009799118863487166
index level,3,77,-0.0019607849419402967
index level,3,78,0.0029397375409248028
index level,3,79,-0.0019588644853332227
index level,3,80,0.0
index level,3,81,0.0
index level,3,82,0.0
index level,3,83,0.0
index level,3,84,0.0
index level,3,85,0.0
index level,3,86,0.0
index level,3,87,0.0
index level,3,88,-0.003929278139889192
index level,3,89,0.0019665689720405055
index level,3,90,0.0009818361122571062
index level,3,91,0.0
index level,3,92,0.0009808730555915801
index level,3,93,-0.0009808730555915801
index level,3,94,-0.0029484050842976117
index level,3,95,0.0
index level,3,96,0.0
index level,3,97,0.0
index level,3,98,0.0009837679101325492
index level,3,99,0.0
index level,3,100,-0.0019685045726722805
index level,3,101,-0.0009857073247587778
index level,3,102,-0.0009866799024456085
index level,3,103,0.0
index level,3,104,0.0029571238897441177
index level,3,105,-0.0009847366625397314
index level,3,106,0.0009847366625397314
index level,3,107,-0.0009847366625397314
index level,3,108,0.0009847366625397314
index level,3,109,-0.001970443987298509
index level,3,110,0.001970443987298509
index level,3,111,-0.0029571238897441177
index level,3,112,0.0019723872272043863
index level,3,113,0.0
index level,3,114,-0.0009857073247587778
index level,3,115,0.0029542118974310583
index level,3,116,0.0
index level,3,117,0.0029455102297566427
index level,3,118,0.0
index level,3,119,0.0
index level,3,120,0.0
index level,3,121,0.0
index level,3,122,0.0009799118863487166
index level,3,123,0.0
index level,3,124,0.0
index level,3,125,-0.0009799118863487166
index level,3,126,0.0009799118863487166
index level,3,127,-0.003925422116105359
index level,3,128,0.0029455102297566427
index level,3,129,0.002936859673310366
index level,3,130,-0.001956947786961649
index level,3,131,0.001956947786961649
index level,3,132,-0.0009779951879771431
index level,3,133,-0.0019588644853332227
index level,3,134,0.0009799118863487166
index level,3,135,-0.0009799118863487166
index level,3,136,0.0
index level,3,137,-0.0009808730555915801
index level,3,138,0.0
index level,3,139,0.0019607849419402967
index level,3,140,0.000978952598984506
index level,3,141,0.0009779951879771431
index level,3,142,0.0
index level,3,143,0.0
index level,3,144,-0.002936859673310366
index level,3,145,0.0009799118863487166
index level,3,146,-0.0019607849419402967
index level,3,147,0.0019607849419402967
index level,3,148,-0.0019607849419402967
index level,3,149,0.0029397375409248028
index level,3,150,-0.0019588644853332227
index level,3,151,0.0
index level,3,152,0.0019588644853332227
index level,3,153,0.001955034835803282
index level,3,154,0.0009760859730558735
index level,3,155,0.0
index level,3,156,0.0
index level,3,157,-0.0009760859730558735
index level,3,158,0.0009760859730558735
index level,3,159,0.0009751341582058259
index level,3,160,-0.0009751341582058259
index level,3,161,0.001949318356049723
index level,3,162,-0.001949318356049723
index level,3,163,0.0
index level,3,164,0.0009751341582058259
index level,3,165,0.000974184197843897
index level,3,166,0.0009732360865521983
index level,3,167,0.0009722898189385987
index level,3,168,-0.001945525905490797
index level,3,169,0.001945525905490797
index level,3,170,-0.002919710103334694
index level,3,171,0.0019474202843960953
index level,3,172,0.0009722898189385987
index level,3,173,0.0029112102074586588
index level,3,174,0.0
index level,3,175,-0.0019398648178263755
index level,3,176,-0.0009713453896322832
index level,3,177,-0.0009722898189385987
index level,3,178,0.001943635208570882
index level,3,179,0.0
index level,3,180,0.0019398648178263755
index level,3,181,-0.0009694620245479513
index level,3,182,0.0009694620245479513
index level,3,183,0.0
index level,3,184,0.0
index level,3,185,-0.0009694620245479513
index level,3,186,0.002905571051414313
index level,3,187,0.001932367751053654
index level,3,188,-0.0028999536997895703
index level,3,189,0.0
index level,3,190,0.0028999536997895703
index level,3,191,0.0
index level,3,192,-0.0009657171199588532
index level,3,193,-0.0009666506310948009
index level,3,194,0.002897153161153021
index level,3,195,0.0
index level,3,196,-0.0009647854100993669
index level,3,197,0.0009647854100993669
index level,3,198,-0.0009647854100993669
index level,3,199,0.0009647854100993669
index level,3,200,0.002888783905890868
index level,3,201,0.0
index level,3,202,-0.0009620010361910403
index level,3,203,0.0009620010361910403
index level,3,204,-0.0009620010361910403
index level,3,205,-0.001926782869699828
index level,3,206,0.0
index level,3,207,-0.0019305025300582201
index level,3,208,0.0
index level,3,209,-0.001934236579830717
index level,3,210,0.0
index level,3,211,-0.0009685230781304455
index level,3,212,-0.0009694620245479513
index level,3,213,0.0
index level,3,214,0.0
index level,3,215,-0.0019417481829107075
index level,3,216,0.0019417481829107075
index level,3,217,-0.0019417481829107075
index level,3,218,0.0009713453896322832
index level,3,219,0.0
index level,3,220,0.0019398648178263755
index level,3,221,-0.004856736112949456
index level,3,222,0.001945525905490797
index level,3,223,0.0
index level,3,224,-0.0009722898189385987
index level,3,225,0.0
index level,3,226,0.0009722898189385987
index level,3,227,0.0
index level,3,228,0.0
index level,3,229,-0.0009722898189385987
index level,3,230,-0.0009732360865521983
index level,3,231,-0.0029254043291055964
index level,3,232,0.0038986404156577947
index level,3,233,-0.0019474202843960953
index level,3,234,0.000974184197843897
index level,3,235,-0.001949318356049723
index level,3,236,0.0
index level,3,237,-0.0019531256208820125
index level,3,238,0.0
index level,3,239,0.000977039647826139
index level,3,240,-0.000977039647826139
index level,3,241,0.0
index level,3,242,-0.0009779951879771431
index level,3,243,-0.0019588644853332227
index level,3,244,0.0009799118863487166
index level,3,245,0.000978952598984506
index level,3,246,-0.0019588644853332227
index level,3,247,-0.0019627091678486863
index level,3,248,0.0
index level,3,249,0.002942621054197403
index level,3,250,-0.002942621054197403
index level,3,251,-0.0009828010619079564
index level,3,252,0.0
index level,3,253,0.0
index level,3,254,-0.0019685045726722805
index level,3,255,0.0019685045726722805
index level,3,256,-0.004928546201148798
index level,3,257,-0.0009886308269395627
index level,3,258,0.0009886308269395627
index level,3,259,0.0
index level,3,260,-0.0009886308269395627
index level,3,261,0.0009886308269395627
index level,3,262,0.0029600416284765174
index level,3,263,-0.00394867245541608
index level,3,264,-0.000989609185165996
index level,3,265,0.00296589441337769
index level,3,266,-0.003956483895073859
index level,3,267,0.0009905894816961691
index level,3,268,-0.001982161203991417
index level,3,269,0.000991571722295248
index level,3,270,0.001980198666862165
index level,3,271,-0.000989609185165996
index level,3,272,-0.0029747171167429087
index level,3,273,0.0
index level,3,274,-0.002983592466888396
index level,3,275,0.000995520241501957
index level,3,276,0.0
index level,3,277,0.0
index level,3,278,-0.001992032531240362
index level,3,279,-0.0019960086467154525
index level,3,280,0.0019960086467154525
index level,3,281,-0.0029955089797990553
index level,3,282,0.0009995003330836028
index level,3,283,0.0
index level,3,284,-0.003001503003756234
index level,3,285,0.0
index level,3,286,-0.0010025063496259534
index level,3,287,0.0
index level,3,288,-0.0010035123772400567
index level,3,289,-0.003016593539425294
index level,3,290,0.0010065426114014286
index level,3,291,-0.0010065426114014286
index level,3,292,0.0
index level,3,293,-0.0010075567602996216
index level,3,294,-0.0010085729548849898
index level,3,295,-0.0010095912013525776
index level,3,296,-0.0010106115059231868
index level,3,297,0.0
index level,3,298,-0.0010116338748442644
index level,3,299,-0.00101265831438635
index level,3,300,0.0
index level,3,301,0.0020242921892306143
index level,3,302,-0.0020242921892306143
index level,3,303,-0.0030441423812286317
index level,3,304,0.0020304575503820033
index level,3,305,-0.0010147134305462657
index level,3,306,-0.0020325210249225734
index level,3,307,-0.0020366605818029626
index level,3,308,0.0020366605818029626
index level,3,309,-0.0020366605818029626
index level,3,310,0.0
index level,3,311,-0.0010198879007461414
index level,3,312,-0.0030659196218341123
index level,3,313,0.0
index level,3,314,0.0
index level,3,315,0.0
index level,3,316,-0.0020491810449358994
index level,3,317,0.0
index level,3,318,-0.004111002706522093
index level,3,319,-0.0020618564005587814
index level,3,320,-0.002066116437472232
index level,3,321,-0.0010346612407765576
index level,3,322,-0.0031104224143918557
index level,3,323,-0.003120127336243783
index level,3,324,-0.001042209578443476
index level,3,325,0.0
index level,3,326,0.001042209578443476
index level,3,327,0.0010411245084105403
index level,3,328,0.003116885640253031
index level,3,329,-0.0020768439448390907
index level,3,330,0.0020768439448390907
index level,3,331,-0.001037882812419788
index level,3,332,0.001037882812419788
index level,3,333,0.0020725396019720677
index level,3,334,-0.0010357328735315363
index level,3,335,0.004136510551780326
index level,3,336,0.0
index level,3,337,0.0
index level,3,338,-0.001032524614188901
index level,3,339,0.0
index level,3,340,0.001032524614188901
index level,3,341,0.0020618564005587814
index level,3,342,0.0
index level,3,343,0.0010293361691138259
index level,3,344,-0.0010293361691138259
index level,3,345,0.0010293361691138259
index level,3,346,-0.0010293361691138259
index level,3,347,0.00513611812176773
index level,3,348,-0.0010251154152456365
index level,3,349,-0.0010261673553122463
index level,3,350,0.002051282770557883
index level,3,351,0.0
index level,3,352,0.0010240656296902628
index level,3,353,0.0
index level,3,354,-0.00410256985677826
index level,3,355,0.003078504227087997
index level,3,356,0.0010240656296902628
index level,3,357,0.0
index level,3,358,0.001023017992034525
index level,3,359,0.0
index level,3,360,-0.002047083621724788
index level,3,361,0.0010240656296902628
index level,3,362,-0.0010240656296902628
index level,3,363,-0.0010251154152456365
index level,3,364,-0.0020533888118423604
index level,3,365,0.001027221456530114
index level,3,366,-0.003084835351209847
index level,3,367,0.0
index level,3,368,-0.0020618564005587814
index level,3,369,0.0020618564005587814
index level,3,370,-0.0020618564005587814
index level,3,371,0.0
index level,3,372,-0.001032524614188901
index level,3,373,0.001032524614188901
index level,3,374,-0.001032524614188901
index level,3,375,-0.0010335918232833308
index level,3,376,0.0
index level,3,377,0.002066116437472232
index level,3,378,-0.002066116437472232
index level,3,379,-0.002070394114308094
index level,3,380,0.0
index level,3,381,-0.0010368067284405313
index level,3,382,0.0010368067284405313
index level,3,383,0.0031039859375914247
index level,3,384,-0.0010335918232833308
index level,3,385,0.002066116437472232
index level,3,386,-0.002066116437472232
index level,3,387,0.002066116437472232
index level,3,388,-0.002066116437472232
index level,3,389,0.004127972838031013
index level,3,390,-0.004127972838031013
index level,3,391,-0.0031072008427486253
index level,3,392,0.0010368067284405313
index level,3,393,0.0
index level,3,394,0.0
index level,3,395,-0.0010368067284405313
index level,3,396,-0.001037882812419788
index level,3,397,0.0
index level,3,398,0.0
index level,3,399,0.0
index level,3,400,0.0
index level,3,401,-0.002079002827833243
index level,3,402,0.0
index level,3,403,0.0
index level,3,404,0.002079002827833243
index level,3,405,0.0
index level,3,406,0.001037882812419788
index level,3,407,0.0010368067284405313
index level,3,408,0.0031039859375914247
index level,3,409,-0.004140792666031956
index level,3,410,0.0020725396019720677
index level,3,411,0.0031007776782487895
index level,3,412,-0.001032524614188901
index level,3,413,0.001032524614188901
index level,3,414,0.0
index level,3,415,-0.001032524614188901
index level,3,416,0.0
index level,3,417,0.001032524614188901
index level,3,418,0.0
index level,3,419,0.0
index level,3,420,0.0010314596066622883
index level,3,421,-0.0010314596066622883
index level,3,422,-0.002066116437472232
index level,3,423,0.002066116437472232
index level,3,424,0.0
index level,3,425,0.0
index level,3,426,0.0
index level,3,427,0.0020618564005587814
index level,3,428,0.0
index level,3,429,0.0
index level,3,430,0.0
index level,3,431,0.0
index level,3,432,0.0010293361691138259
index level,3,433,-0.0010293361691138259
index level,3,434,0.0010293361691138259
index level,3,435,0.001028277725565907
index level,3,436,0.0
index level,3,437,-0.002057613894679733
index level,3,438,0.0010293361691138259
index level,3,439,0.0
index level,3,440,0.001028277725565907
index level,3,441,0.0
index level,3,442,0.0
index level,3,443,-0.001028277725565907
index level,3,444,0.0
index level,3,445,0.0
index level,3,446,0.002055499182096021
index level,3,447,-0.003084835351209847
index level,3,448,0.003084835351209847
index level,3,449,-0.002055499182096021
index level,3,450,0.001028277725565907
index level,3,451,0.0020533888118423604
index level,3,452,0.0
index level,3,453,-0.0020533888118423604
index level,3,454,0.003078504227087997
index level,3,455,-0.0010251154152456365
index level,3,456,0.0010251154152456365
index level,3,457,-0.002051282770557883
index level,3,458,-0.002055499182096021
index level,3,459,0.001028277725565907
index level,3,460,0.0
index level,3,461,-0.002057613894679733
index level,3,462,-0.0020618564005587814
index level,3,463,0.0
index level,3,464,0.0010314596066622883
index level,3,465,-0.0010314596066622883
index level,3,466,-0.001032524614188901
index level,3,467,0.004123717183861508
index level,3,468,-0.0030911925696726072
index level,3,469,0.0020618564005587814
index level,3,470,-0.004127972838031013
index level,3,471,0.0
index level,3,472,0.0
index level,3,473,0.0010335918232833308
index level,3,474,-0.0010335918232833308
index level,3,475,0.0010335918232833308
index level,3,476,-0.0010335918232833308
index level,3,477,0.0
index level,3,478,0.0010335918232833308
index level,3,479,-0.0010335918232833308
index level,3,480,0.0010335918232833308
index level,3,481,0.0
index level,3,482,0.0
index level,3,483,-0.0010335918232833308
index level,3,484,-0.0010346612407765576
index level,3,485,0.0010346612407765576
index level,3,486,-0.002070394114308094
index level,3,487,0.0010357328735315363
index level,3,488,-0.0010357328735315363
index level,3,489,0.0
index level,3,490,-0.0010368067284405313
index level,3,491,0.0
index level,3,492,0.0
index level,3,493,0.0010368067284405313
index level,3,494,0.0
index level,3,495,0.0031039859375914247
index level,3,496,0.0
index level,3,497,0.0
index level,3,498,0.001032524614188901
index level,3,499,0.0
index level,3,500,0.0020618564005587814
index level,3,501,0.0
index level,3,502,0.0
index level,3,503,-0.0020618564005587814
index level,3,504,-0.001032524614188901
index level,3,505,-0.0010335918232833308
index level,3,506,0.0
index level,3,507,-0.0010346612407765576
index level,3,508,-0.0010357328735315363
index level,3,509,0.002070394114308094
index level,3,510,-0.002070394114308094
index level,3,511,-0.0010368067284405313
index level,3,512,-0.001037882812419788
index level,3,513,0.001037882812419788
index level,3,514,-0.001037882812419788
index level,3,515,0.0
index level,3,516,-0.0010389611324193027
index level,3,517,0.0020768439448390907
index level,3,518,0.0010368067284405313
index level,3,519,0.0010357328735315363
index level,3,520,0.0010346612407765576
index level,3,521,0.0010335918232833308
index level,3,522,-0.0010335918232833308
index level,3,523,0.0010335918232833308
index level,3,524,0.001032524614188901
index level,3,525,0.0
index level,3,526,0.0020618564005587814
index level,3,527,0.0
index level,3,528,-0.001030396793896493
index level,3,529,-0.0010314596066622883
index level,3,530,0.0020618564005587814
index level,3,531,-0.0020618564005587814
index level,3,532,-0.001032524614188901
index level,3,533,0.001032524614188901
index level,3,534,-0.001032524614188901
index level,3,535,0.001032524614188901
index level,3,536,0.0020618564005587814
index level,3,537,0.0010293361691138259
index level,3,538,-0.0030911925696726072
index level,3,539,-0.002066116437472232
index level,3,540,0.002066116437472232
index level,3,541,-0.002066116437472232
index level,3,542,-0.002070394114308094
index level,3,543,-0.0010368067284405313
index level,3,544,0.0
index level,3,545,0.0020725396019720677
index level,3,546,-0.0010357328735315363
index level,3,547,-0.0020746895408603194
index level,3,548,0.0020746895408603194
index level,3,549,-0.0010368067284405313
index level,3,550,-0.0020768439448390907
index level,3,551,-0.0010400416954139402
index level,3,552,-0.0020833340868540162
index level,3,553,0.001042209578443476
index level,3,554,0.0010411245084105403
index level,3,555,-0.0010411245084105403
index level,3,556,-0.001042209578443476
index level,3,557,0.001042209578443476
index level,3,558,-0.003129893008927631
index level,3,559,0.003129893008927631
index level,3,560,-0.001042209578443476
index level,3,561,0.001042209578443476
index level,3,562,-0.003129893008927631
index level,3,563,-0.00209205097222398
index level,3,564,0.0
index level,3,565,0.005221943981151611
index level,3,566,0.0
index level,3,567,0.0010411245084105403
index level,3,568,0.0
index level,4,0,-0.0019685045726722805
index level,4,1,0.0
index level,4,2,-0.0019723872272043863
index level,4,3,-0.001976285228211694
index level,4,4,0.0009886308269395627
index level,4,5,-0.0009886308269395627
index level,4,6,-0.001980198666862165
index level,4,7,0.0
index level,4,8,0.0009905894816961691
index level,4,9,0.000989609185165996
index level,4,10,-0.000989609185165996
index level,4,11,-0.001982161203991417
index level,4,12,0.001982161203991417
index level,4,13,-0.0029747171167429087
index level,4,14,0.0
index level,4,15,0.0
index level,4,16,0.0019841276350467396
index level,4,17,-0.0019841276350467396
index level,4,18,0.0
index level,4,19,0.003964326301908905
index level,4,20,-0.001980198666862165
index level,4,21,-0.0019841276350467396
index level,4,22,0.0009925559127514916
index level,4,23,0.000991571722295248
index level,4,24,-0.0019841276350467396
index level,4,25,0.0
index level,4,26,-0.0009935420588780275
index level,4,27,-0.0009945301665084116
index level,4,28,0.0029806281381379307
index level,4,29,0.0
index level,4,30,-0.0009925559127514916
index level,4,31,0.0
index level,4,32,-0.001988072225386439
index level,4,33,0.001988072225386439
index level,4,34,0.0
index level,4,35,0.0019841276350467396
index level,4,36,-0.000991571722295248
index level,4,37,-0.001986097971629519
index level,4,38,0.001986097971629519
index level,4,39,0.0
index level,4,40,0.002971770389157413
index level,4,41,-0.002971770389157413
index level,4,42,0.000991571722295248
index level,4,43,-0.000991571722295248
index level,4,44,0.002971770389157413
index level,4,45,-0.002971770389157413
index level,4,46,-0.0009925559127514916
index level,4,47,0.0019841276350467396
index level,4,48,-0.000991571722295248
index level,4,49,-0.0009925559127514916
index level,4,50,0.0019841276350467396
index level,4,51,-0.002977669693924767
index level,4,52,-0.0019900504080103687
index level,4,53,0.002983592466888396
index level,4,54,0.0009925559127514916
index level,4,55,0.0
index level,4,56,0.0
index level,4,57,-0.001986097971629519
index level,4,58,0.0
index level,4,59,0.0
index level,4,60,-0.0009945301665084116
index level,4,61,0.0
index level,4,62,0.0
index level,4,63,-0.000995520241501957
index level,4,64,0.0
index level,4,65,0.0
index level,4,66,0.0
index level,4,67,-0.0009965122897384049
index level,4,68,0.0
index level,4,69,0.0
index level,4,70,0.0
index level,4,71,0.0
index level,4,72,0.0009965122897384049
index level,4,73,0.0
index level,4,74,-0.0009965122897384049
index level,4,75,0.0
index level,4,76,-0.0019960086467154525
index level,4,77,0.0029925209364538574
index level,4,78,-0.0029925209364538574
index level,4,79,0.0019960086467154525
index level,4,80,0.0009965122897384049
index level,4,81,0.000995520241501957
index level,4,82,0.0
index level,4,83,-0.001992032531240362
index level,4,84,0.0
index level,4,85,-0.0019960086467154525
index level,4,86,-0.0009995003330836028
index level,4,87,0.0
index level,4,88,0.0
index level,4,89,0.0009995003330836028
index level,4,90,-0.0020000006666665016
index level,4,91,0.0
index level,4,92,0.0
index level,4,93,0.0
index level,4,94,-0.002004008686715686
index level,4,95,0.002004008686715686
index level,4,96,-0.002004008686715686
index level,4,97,0.0010025063496259534
index level,4,98,-0.0010025063496259534
index level,4,99,0.0
index level,4,100,0.0
index level,4,101,-0.003013563305263922
index level,4,102,0.001005530502018459
index level,4,103,0.0
index level,4,104,-0.0020120731134198877
index level,4,105,-0.0020161297151846114
index level,4,106,0.00302267232658604
index level,4,107,-0.00302267232658604
index level,4,108,-0.0020202027072757645
index level,4,109,-0.0010116338748442644
index level,4,110,0.0010116338748442644
index level,4,111,-0.0020242921892306143
index level,4,112,0.0
index level,4,113,0.0
index level,4,114,-0.0030441423812286317
index level,4,115,0.0
index level,4,116,0.0
index level,4,117,0.0010157441198357375
index level,4,118,-0.0020325210249225734
index level,4,119,0.0020325210249225734
index level,4,120,-0.0020325210249225734
index level,4,121,0.0020325210249225734
index level,4,122,0.002028398261392894
index level,4,123,-0.002028398261392894
index level,4,124,0.002028398261392894
index level,4,125,-0.0010136848308466284
index level,4,126,-0.003047234455468839
index level,4,127,0.0
index level,4,128,0.0040609192863154675
index level,4,129,-0.002028398261392894
index level,4,130,-0.0020325210249225734
index level,4,131,0.003047234455468839
index level,4,132,-0.0020304575503820033
index level,4,133,0.0010157441198357375
index level,4,134,-0.0020325210249225734
index level,4,135,-0.0010178117927006625
index level,4,136,0.0010178117927006625
index level,4,137,-0.0010178117927006625
index level,4,138,0.0020345886977874983
index level,4,139,0.0
index level,4,140,-0.0030534374868897984
index level,4,141,0.0010188487891023001
index level,4,142,0.003050332817623236
index level,4,143,0.0
index level,4,144,0.0010147134305462657
index level,4,145,-0.0020304575503820033
index level,4,146,0.004056800695614982
index level,4,147,0.0010116338748442644
index level,4,148,0.0
index level,4,149,0.0030287756621607542
index level,4,150,-0.004040409537005019
index level,4,151,0.0010116338748442644
index level,4,152,0.0
index level,4,153,0.0010106115059231868
index level,4,154,0.0
index level,4,155,0.0010095912013525776
index level,4,156,0.0
index level,4,157,0.0010085729548849898
index level,4,158,0.0030196298737195093
index level,4,159,-0.001005530502018459
index level,4,160,0.0
index level,4,161,0.003013563305263922
index level,4,162,-0.002008032803245463
index level,4,163,0.0
index level,4,164,0.002008032803245463
index level,4,165,0.0
index level,4,166,0.0030045090202985847
index level,4,167,-0.004008021397538641
index level,4,168,0.0030075210639557426
index level,4,169,-0.0010015023370897325
index level,4,170,0.0
index level,4,171,0.0
index level,4,172,0.0010015023370897325
index level,4,173,-0.0010015023370897325
index level,4,174,0.0020020026706726313
index level,4,175,0.0
index level,4,176,0.0009995003330836028
index level,4,177,-0.0009995003330836028
index level,4,178,0.0009995003330836028
index level,4,179,0.0
index level,4,180,-0.0020000006666665016
index level,4,181,-0.0030075210639557426
index level,4,182,0.0
index level,4,183,0.0010035123772400567
index level,4,184,0.002004008686715686
index level,4,185,-0.002004008686715686
index level,4,186,0.0040040093533821874
index level,4,187,0.0
index level,4,188,0.0
index level,4,189,0.0019960086467154525
index level,4,190,-0.0019960086467154525
index level,4,191,0.0019960086467154525
index level,4,192,-0.0019960086467154525
index level,4,193,0.0019960086467154525
index level,4,194,-0.000997506317125918
index level,4,195,-0.0009985023295895346
index level,4,196,0.0019960086467154525
index level,4,197,-0.000997506317125918
index level,4,198,-0.0009985023295895346
index level,4,199,0.0019960086467154525
index level,4,200,-0.0019960086467154525
index level,4,201,0.0039880411779558145
index level,4,202,-0.000995520241501957
index level,4,203,-0.001994018606864323
index level,4,204,0.000997506317125918
index level,4,205,-0.003996009313381954
index level,4,206,0.003996009313381954
index level,4,207,-0.0029955089797990553
index level,4,208,-0.0010005003335828988
index level,4,209,0.0
index level,4,210,-0.0010015023370897325
index level,4,211,-0.0010025063496259534
index level,4,212,-0.0010035123772400567
index level,4,213,0.0030075210639557426
index level,4,214,-0.0030075210639557426
index level,4,215,0.0030075210639557426
index level,4,216,0.0010005003335828988
index level,4,217,0.0009995003330836028
index level,4,218,-0.005007521730622244
index level,4,219,0.004008021397538641
index level,4,220,0.0009995003330836028
index level,4,221,0.0019960086467154525
index level,4,222,0.0
index level,4,223,0.0009965122897384049
index level,4,224,-0.00399202126953746
index level,4,225,0.0009995003330836028
index level,4,226,0.0009985023295895346
index level,4,227,0.0
index level,4,228,0.000997506317125918
index level,4,229,0.0
index level,4,230,-0.0029955089797990553
index level,4,231,0.0
index level,4,232,0.0
index level,4,233,0.0
index level,4,234,-0.0010005003335828988
index level,4,235,0.0020000006666665016
index level,4,236,-0.0020000006666665016
index level,4,237,0.0
index level,4,238,-0.0010015023370897325
index level,4,239,0.0
index level,4,240,-0.0030105391528714165
index level,4,241,0.002008032803245463
index level,4,242,0.0010025063496259534
index level,4,243,-0.0040160696548898756
index level,4,244,0.001005530502018459
index level,4,245,0.0
index level,4,246,0.0
index level,4,247,-0.001005530502018459
index level,4,248,-0.0010065426114014286
index level,4,249,0.0020120731134198877
index level,4,250,0.0
index level,4,251,-0.0020120731134198877
index level,4,252,-0.0020161297151846114
index level,4,253,-0.0010095912013525776
index level,4,254,0.0010095912013525776
index level,4,255,0.0
index level,4,256,-0.0020202027072757645
index level,4,257,0.0010106115059231868
index level,4,258,-0.0010106115059231868
index level,4,259,-0.004052690450623508
index level,4,260,0.0010147134305462657
index level,4,261,-0.0020304575503820033
index level,4,262,0.0010157441198357375
index level,4,263,-0.0010157441198357375
index level,4,264,0.0010157441198357375
index level,4,265,-0.004069181606725536
index level,4,266,0.0020366605818029626
index level,4,267,-0.0020366605818029626
index level,4,268,0.0010188487891023001
index level,4,269,0.0010178117927006625
index level,4,270,-0.0020366605818029626
index level,4,271,-0.004085807522580254
index level,4,272,0.0
index level,4,273,-0.0010240656296902628
index level,4,274,-0.003078504227087997
index level,4,275,-0.002057613894679733
index level,4,276,-0.001030396793896493
index level,4,277,-0.0010314596066622883
index level,4,278,-0.001032524614188901
index level,4,279,-0.0031039859375914247
index level,4,280,0.002070394114308094
index level,4,281,-0.002070394114308094
index level,4,282,0.0010357328735315363
index level,4,283,-0.0020725396019720677
index level,4,284,0.0010368067284405313
index level,4,285,-0.0010368067284405313
index level,4,286,-0.001037882812419788
index level,4,287,-0.002079002827833243
index level,4,288,-0.0010411245084105403
index level,4,289,-0.003129893008927631
index level,4,290,0.0010443865179059486
index level,4,291,0.0010432969125782066
index level,4,292,-0.0031331618320367127
index level,4,293,-0.004192878260036004
index level,4,294,0.0
index level,4,295,-0.003156236181437677
index level,4,296,-0.001054296354905837
index level,4,297,-0.0010554090689440798
index level,4,298,-0.002114165692335135
index level,4,299,0.002114165692335135
index level,4,300,-0.003172927040577811
index level,4,301,-0.003183026560120261
index level,4,302,-0.002127660377117202
index level,4,303,-0.0010655302020383672
index level,4,304,-0.003203419717537237
index level,4,305,-0.002141328441343404
index level,4,306,-0.0032206147000426455
index level,4,307,0.0
index level,4,308,-0.002152853361100604
index level,4,309,-0.0021574981400211968
index level,4,310,-0.0032450001433268483
index level,4,311,-0.0021691982475458005
index level,4,312,0.0010851873012871494
index level,4,313,-0.0032591012009071108
index level,4,314,-0.0021786500992222457
index level,4,315,-0.0010911075823338834
index level,4,316,-0.005473467414172539
index level,4,317,0.0
index level,4,318,-0.004400447144821129
index level,4,319,-0.0011031440721573915
index level,4,320,-0.0022099456508026805
index level,4,321,-0.0033241027838393222
index level,4,322,-0.00556484463340734
index level,4,323,-0.002234637801415751
index level,4,324,-0.0022396425935049535
index level,4,325,-0.0056211502704304195
index level,4,326,-0.0033879196719359683
index level,4,327,-0.0011318620336835394
index level,4,328,0.0011318620336835394
index level,4,329,0.0011305823702860707
index level,4,330,0.003384097984240775
index level,4,331,0.0011254925217345502
index level,4,332,-0.0022522532043254273
index level,4,333,0.0022522532043254273
index level,4,334,0.002247191956905148
index level,4,335,0.0
index level,4,336,-0.0011229647446242552
index level,4,337,-0.0011242272122808927
index level,4,338,-0.0011254925217345502
index level,4,339,0.0011254925217345502
index level,4,340,-0.0011254925217345502
index level,4,341,0.0011254925217345502
index level,4,342,-0.0022522532043254273
index level,4,343,-0.0022573373016498977
index level,4,344,0.0
index level,4,345,0.0
index level,4,346,0.0
index level,4,347,0.0
index level,4,348,-0.0033955890011378997
index level,4,349,-0.0011344300706115362
index level,4,350,0.002267574667779826
index level,4,351,-0.0011331445971682896
index level,4,352,-0.003407158321614645
index level,4,353,0.0
index level,4,354,0.0
index level,4,355,0.001137009787075094
index level,4,356,-0.004555816535860124
index level,4,357,0.001140901435791264
index level,4,358,-0.001140901435791264
index level,4,359,0.001140901435791264
index level,4,360,0.0034149151000688605
index level,4,361,-0.0022753138371349735
index level,4,362,-0.002280502698725151
index level,4,363,0.001140901435791264
index level,4,364,-0.0022831060145689364
index level,4,365,0.0
index level,4,366,0.0
index level,4,367,0.0
index level,4,368,0.0
index level,4,369,0.0011422045787776725
index level,4,370,-0.004576667027412107
index level,4,371,0.0011461319306222961
index level,4,372,0.0
index level,4,373,0.0022883305180121383
index level,4,374,0.0022831060145689364
index level,4,375,-0.0022831060145689364
index level,4,376,0.0
index level,4,377,0.0022831060145689364
index level,4,378,-0.0022831060145689364
index level,4,379,0.0022831060145689364
index level,4,380,0.001139601262933887
index level,4,381,0.0011383040500598796
index level,4,382,-0.0022779053129937665
index level,4,383,-0.0022831060145689364
index level,4,384,0.0011422045787776725
index level,4,385,0.001140901435791264
index level,4,386,0.0022779053129937665
index level,4,387,0.001137009787075094
index level,4,388,0.0
index level,4,389,0.001135718463928015
index level,4,390,0.0
index level,4,391,0.0
index level,4,392,0.0
index level,4,393,0.002267574667779826
index level,4,394,-0.0011331445971682896
index level,4,395,0.002265006630851829
index level,4,396,0.0011305823702860707
index level,4,397,0.0
index level,4,398,0.0
index level,4,399,0.0
index level,4,400,0.0022573373016498977
index level,4,401,0.0
index level,4,402,-0.0011280317044981558
index level,4,403,0.002254792387089033
index level,4,404,0.0011254925217345502
index level,4,405,-0.0011254925217345502
index level,4,406,-0.002254792387089033
index level,4,407,0.006749181974928575
index level,4,408,-0.003368897066104992
index level,4,409,0.0011242272122808927
index level,4,410,0.0011229647446242552
index level,4,411,0.0011217051091998442
index level,4,412,0.0
index level,4,413,0.0011204482964890516
index level,4,414,0.0022371373983567366
index level,4,415,0.0011166947000749161
index level,4,416,0.0
index level,4,417,0.0
index level,4,418,-0.0011166947000749161
index level,4,419,-0.0033575856948457883
index level,4,420,-0.0011217051091998442
index level,4,421,0.0011217051091998442
index level,4,422,-0.0022446698538240994
index level,4,423,0.0
index level,4,424,-0.0011242272122808927
index level,4,425,-0.0011254925217345502
index level,4,426,-0.0011267606825908771
index level,4,427,-0.0022573373016498977
index level,4,428,-0.0011305823702860707
index level,4,429,-0.0011318620336835394
index level,4,430,0.0
index level,4,431,0.0
index level,4,432,-0.0034032931317078408
index level,4,433,-0.001137009787075094
index level,4,434,0.001137009787075094
index level,4,435,0.001135718463928015
index level,4,436,-0.0034110323010629884
index level,4,437,0.0011383040500598796
index level,4,438,0.0
index level,4,439,-0.0022779053129937665
index level,4,440,0.0
index level,4,441,-0.0022831060145689364
index level,4,442,-0.0011435107020787427
index level,4,443,0.003426616716647679
index level,4,444,0.004550633563996875
index level,4,445,0.0
index level,4,446,-0.002272728251003109
index level,4,447,-0.0022779053129937665
index level,4,448,-0.0022831060145689364
index level,4,449,0.0011422045787776725
index level,4,450,0.001140901435791264
index level,4,451,-0.001140901435791264
index level,4,452,0.0
index level,4,453,0.001140901435791264
index level,4,454,0.0
index level,4,455,0.0022779053129937665
index level,4,456,-0.0011383040500598796
index level,4,457,0.0022753138371349735
index level,4,458,0.0
index level,4,459,-0.001137009787075094
index level,4,460,0.0
index level,4,461,0.001137009787075094
index level,4,462,0.001135718463928015
index level,4,463,0.0
index level,4,464,-0.002272728251003109
index level,4,465,0.002272728251003109
index level,4,466,-0.001135718463928015
index level,4,467,0.0
index level,4,468,0.002270148534539551
index level,4,469,-0.0011344300706115362
index level,4,470,0.0
index level,4,471,-0.001135718463928015
index level,4,472,0.001135718463928015
index level,4,473,-0.002272728251003109
index level,4,474,0.0
index level,4,475,0.0
index level,4,476,0.002272728251003109
index level,4,477,0.0
index level,4,478,0.0
index level,4,479,0.0011344300706115362
index level,4,480,0.0011331445971682896
index level,4,481,0.0011318620336835394
index level,4,482,0.0
index level,4,483,0.0011305823702860707
index level,4,484,0.0
index level,4,485,0.0
index level,4,486,0.0
index level,4,487,0.0
index level,4,488,0.0022573373016498977
index level,4,489,-0.0022573373016498977
index level,4,490,0.0022573373016498977
index level,4,491,-0.0011280317044981558
index level,4,492,0.0
index level,4,493,0.0011280317044981558
index level,4,494,0.0022522532043254273
index level,4,495,0.002247191956905148
index level,4,496,-0.002247191956905148
index level,4,497,0.0011242272122808927
index level,4,498,0.0011229647446242552
index level,4,499,-0.003372684478639698
index level,4,500,-0.0011267606825908771
index level,4,501,0.0
index level,4,502,-0.0011280317044981558
index level,4,503,0.0011280317044981558
index level,4,504,0.0
index level,4,505,-0.0022573373016498977
index level,4,506,-0.0011305823702860707
index level,4,507,-0.0011318620336835394
index level,4,508,0.0
index level,4,509,0.0
index level,4,510,0.0011318620336835394
index level,4,511,-0.00453515516539138
index level,4,512,0.001135718463928015
index level,4,513,0.0033994367014633653
index level,4,514,-0.0011318620336835394
index level,4,515,0.0
index level,4,516,-0.0034032931317078408
index level,4,517,0.001135718463928015
index level,4,518,0.0
index level,4,519,-0.001135718463928015
index level,4,520,0.0
index level,4,521,-0.001137009787075094
index level,4,522,0.002272728251003109
index level,4,523,-0.002272728251003109
index level,4,524,0.0
index level,4,525,0.002272728251003109
index level,4,526,-0.0034110323010629884
index level,4,527,0.0022753138371349735
index level,4,528,-0.0022753138371349735
index level,4,529,0.0011383040500598796
index level,4,530,0.001137009787075094
index level,4,531,-0.004555816535860124
index level,4,532,-0.0011422045787776725
index level,4,533,0.0022831060145689364
index level,4,534,-0.0022831060145689364
index level,4,535,0.0
index level,4,536,-0.0011435107020787427
index level,4,537,0.0011435107020787427
index level,4,538,0.0
index level,4,539,-0.0022883305180121383
index level,4,540,0.0
index level,4,541,-0.0011461319306222961
index level,4,542,-0.0011474470564767358
index level,4,543,0.0
index level,4,544,0.0034383988030324275
index level,4,545,-0.0011448198159333955
index level,4,546,0.0011448198159333955
index level,4,547,-0.0011448198159333955
index level,4,548,0.0011448198159333955
index level,4,549,0.002285715280856415
index level,4,550,-0.0034305350967898107
index level,4,551,0.0022883305180121383
index level,4,552,0.0
index level,4,553,-0.0034344624486344344
index level,4,554,0.0011461319306222961
index level,4,555,0.0
index level,4,556,-0.0011461319306222961
index level,4,557,-0.0011474470564767358
index level,4,558,0.0011474470564767358
index level,4,559,0.0011461319306222961
index level,4,560,-0.0011461319306222961
index level,4,561,0.0011461319306222961
index level,4,562,-0.0011461319306222961
index level,4,563,0.0011461319306222961
index level,4,564,0.0
index level,4,565,0.0
index level,4,566,-0.0011461319306222961
index level,4,567,-0.0011474470564767358
index level,4,568,0.0
index level,5,0,-0.0009629273733935406
index level,5,1,-0.0028943580263645075
index level,5,2,0.0028943580263645075
index level,5,3,-0.0028943580263645075
index level,5,4,0.0
index level,5,5,0.0009657171199588532
index level,5,6,-0.0038684767779200158
index level,5,7,0.0019361090268663617
index level,5,8,-0.0009675859487359162
index level,5,9,0.001934236579830717
index level,5,10,-0.0009666506310948009
index level,5,11,-0.0019361090268663617
index level,5,12,0.0009685230781304455
index level,5,13,0.0
index level,5,14,-0.0019379851026783967
index level,5,15,0.0009694620245479513
index level,5,16,0.0
index level,5,17,-0.0009694620245479513
index level,5,18,0.0
index level,5,19,-0.0019417481829107075
index level,5,20,0.0
index level,5,21,0.0029112102074586588
index level,5,22,0.0
index level,5,23,0.0019361090268663617
index level,5,24,-0.0009675859487359162
index level,5,25,0.0
index level,5,26,0.0028999536997895703
index level,5,27,0.0009647854100993669
index level,5,28,-0.0019305025300582201
index level,5,29,0.0019305025300582201
index level,5,30,-0.0019305025300582201
index level,5,31,0.0028943580263645075
index level,5,32,0.0019249284095845809
index level,5,33,-0.0009620010361910403
index level,5,34,-0.002891568279799195
index level,5,35,-0.0009657171199588532
index level,5,36,0.0009657171199588532
index level,5,37,0.0009647854100993669
index level,5,38,0.0
index level,5,39,-0.0009647854100993669
index level,5,40,-0.001932367751053654
index level,5,41,-0.0019361090268663617
index level,5,42,0.0009685230781304455
index level,5,43,-0.0019379851026783967
index level,5,44,0.0
index level,5,45,0.0
index level,5,46,0.0
index level,5,47,-0.0009704027932784243
index level,5,48,0.0
index level,5,49,-0.001943635208570882
index level,5,50,0.002914038001849306
index level,5,51,-0.0019417481829107075
index level,5,52,0.0
index level,5,53,0.0009713453896322832
index level,5,54,0.0009704027932784243
index level,5,55,-0.0019417481829107075
index level,5,56,0.0029112102074586588
index level,5,57,0.0009685230781304455
index level,5,58,-0.0019379851026783967
index level,5,59,0.002905571051414313
index level,5,60,0.0
index level,5,61,0.0
index level,5,62,-0.0009675859487359162
index level,5,63,0.003864739109888937
index level,5,64,0.0
index level,5,65,0.0
index level,5,66,0.001926782869699828
index level,5,67,0.0
index level,5,68,-0.002891568279799195
index level,5,69,-0.0009657171199588532
index level,5,70,-0.0029027596579611625
index level,5,71,0.0009685230781304455
index level,5,72,-0.0009685230781304455
index level,5,73,-0.0009694620245479513
index level,5,74,0.0
index level,5,75,0.0009694620245479513
index level,5,76,-0.0029112102074586588
index level,5,77,0.0009713453896322832
index level,5,78,-0.0009713453896322832
index level,5,79,-0.0009722898189385987
index level,5,80,0.001943635208570882
index level,5,81,-0.001943635208570882
index level,5,82,-0.0009732360865521983
index level,5,83,0.0
index level,5,84,-0.000974184197843897
index level,5,85,-0.0009751341582058259
index level,5,86,0.0
index level,5,87,0.0009751341582058259
index level,5,88,0.000974184197843897
index level,5,89,-0.001949318356049723
index level,5,90,0.0
index level,5,91,0.0009751341582058259
index level,5,92,0.0
index level,5,93,0.0019474202843960953
index level,5,94,0.0038835000263972574
index level,5,95,-0.0029112102074586588
index level,5,96,0.0029112102074586588
index level,5,97,-0.0009694620245479513
index level,5,98,0.0
index level,5,99,0.0019379851026783967
index level,5,100,0.0
index level,5,101,-0.0009685230781304455
index level,5,102,-0.0009694620245479513
index level,5,103,0.0009694620245479513
index level,5,104,0.0009685230781304455
index level,5,105,-0.0019379851026783967
index level,5,106,0.0009694620245479513
index level,5,107,0.0009685230781304455
index level,5,108,-0.0009685230781304455
index level,5,109,-0.0009694620245479513
index level,5,110,0.0
index level,5,111,0.0
index level,5,112,0.0
index level,5,113,0.0
index level,5,114,0.0
index level,5,115,0.0009694620245479513
index level,5,116,0.0
index level,5,117,0.0
index level,5,118,0.0
index level,5,119,-0.0009694620245479513
index level,5,120,0.0009694620245479513
index level,5,121,0.0009685230781304455
index level,5,122,0.0028999536997895703
index level,5,123,-0.001932367751053654
index level,5,124,0.0
index level,5,125,-0.0009675859487359162
index level,5,126,-0.0019379851026783967
index level,5,127,0.0
index level,5,128,0.0
index level,5,129,-0.0038872740884015045
index level,5,130,0.0009732360865521983
index level,5,131,0.0
index level,5,132,-0.0009732360865521983
index level,5,133,-0.000974184197843897
index level,5,134,0.000974184197843897
index level,5,135,0.001945525905490797
index level,5,136,-0.001945525905490797
index level,5,137,0.0
index level,5,138,-0.001949318356049723
index level,5,139,0.004866189651172803
index level,5,140,-0.00291687129512308
index level,5,141,0.001945525905490797
index level,5,142,0.0019417481829107075
index level,5,143,-0.0038872740884015045
index level,5,144,0.0009732360865521983
index level,5,145,-0.002922554442601921
index level,5,146,-0.0009760859730558735
index level,5,147,0.0029254043291055964
index level,5,148,-0.001949318356049723
index level,5,149,0.0
index level,5,150,0.0
index level,5,151,0.0
index level,5,152,-0.0019531256208820125
index level,5,153,0.0
index level,5,154,0.0
index level,5,155,0.0
index level,5,156,0.0
index level,5,157,-0.001956947786961649
index level,5,158,0.000978952598984506
index level,5,159,0.0009779951879771431
index level,5,160,-0.001956947786961649
index level,5,161,0.000978952598984506
index level,5,162,-0.000978952598984506
index level,5,163,0.000978952598984506
index level,5,164,-0.000978952598984506
index level,5,165,0.0
index level,5,166,0.0
index level,5,167,-0.002942621054197403
index level,5,168,-0.0009828010619079564
index level,5,169,0.0009828010619079564
index level,5,170,0.0
index level,5,171,-0.002951305634580237
index level,5,172,0.0019685045726722805
index level,5,173,-0.0019685045726722805
index level,5,174,-0.0019723872272043863
index level,5,175,0.0019723872272043863
index level,5,176,-0.0019723872272043863
index level,5,177,0.0
index level,5,178,-0.001976285228211694
index level,5,179,0.0009886308269395627
index level,5,180,0.0009876544012721311
index level,5,181,-0.001976285228211694
index level,5,182,-0.000989609185165996
index level,5,183,-0.0009905894816961691
index level,5,184,0.001980198666862165
index level,5,185,-0.002971770389157413
index level,5,186,-0.0009925559127514916
index level,5,187,-0.001988072225386439
index level,5,188,0.0029806281381379307
index level,5,189,-0.0029806281381379307
index level,5,190,-0.001992032531240362
index level,5,191,-0.0029955089797990553
index level,5,192,-0.0010005003335828988
index level,5,193,0.0010005003335828988
index level,5,194,-0.0030045090202985847
index level,5,195,0.0
index level,5,196,-0.002008032803245463
index level,5,197,0.0010045204260054064
index level,5,198,-0.0010045204260054064
index level,5,199,-0.004028202828604499
index level,5,200,0.0010085729548849898
index level,5,201,-0.0010085729548849898
index level,5,202,-0.004044494896506379
index level,5,203,-0.0010136848308466284
index level,5,204,-0.0010147134305462657
index level,5,205,-0.0010157441198357375
index level,5,206,-0.0030534374868897984
index level,5,207,-0.0020408170348531485
index level,5,208,-0.003069056117417368
index level,5,209,-0.0010251154152456365
index level,5,210,-0.0010261673553122463
index level,5,211,-0.003084835351209847
index level,5,212,0.0
index level,5,213,-0.0030943810147476825
index level,5,214,-0.0010335918232833308
index level,5,215,0.0
index level,5,216,0.0010335918232833308
index level,5,217,-0.0031039859375914247
index level,5,218,0.004136510551780326
index level,5,219,0.0010314596066622883
index level,5,220,0.003088010688576226
index level,5,221,0.0
index level,5,222,0.0
index level,5,223,0.003078504227087997
index level,5,224,-0.002051282770557883
index level,5,225,0.0010261673553122463
index level,5,226,0.0
index level,5,227,0.0
index level,5,228,0.0020491810449358994
index level,5,229,-0.0020491810449358994
index level,5,230,0.0
index level,5,231,0.0010251154152456365
index level,5,232,0.0010240656296902628
index level,5,233,0.0
index level,5,234,0.0030659196218341123
index level,5,235,-0.001020929134107007
index level,5,236,0.0020408170348531485
index level,5,237,0.0
index level,5,238,0.004069181606725536
index level,5,239,-0.004069181606725536
index level,5,240,0.0020366605818029626
index level,5,241,0.0010167769050868358
index level,5,242,0.0010157441198357375
index level,5,243,0.0
index level,5,244,0.0010147134305462657
index level,5,245,-0.0010147134305462657
index level,5,246,0.002028398261392894
index level,5,247,0.0020242921892306143
index level,5,248,-0.004052690450623508
index level,5,249,0.0010147134305462657
index level,5,250,0.0
index level,5,251,0.0020263431452329783
index level,5,252,0.0010116338748442644
index level,5,253,0.0020202027072757645
index level,5,254,0.0010085729548849898
index level,5,255,0.0
index level,5,256,0.0030196298737195093
index level,5,257,0.0010045204260054064
index level,5,258,-0.0020100509280238654
index level,5,259,0.003013563305263922
index level,5,260,0.0010025063496259534
index level,5,261,-0.0030105391528714165
index level,5,262,-0.0020120731134198877
index level,5,263,0.0020120731134198877
index level,5,264,0.0030105391528714165
index level,5,265,0.0020020026706726313
index level,5,266,0.0
index level,5,267,0.0009995003330836028
index level,5,268,0.0009985023295895346
index level,5,269,0.001994018606864323
index level,5,270,0.000995520241501957
index level,5,271,0.001988072225386439
index level,5,272,0.0019841276350467396
index level,5,273,0.0
index level,5,274,0.0
index level,5,275,0.001980198666862165
index level,5,276,0.0
index level,5,277,0.0029629651306573024
index level,5,278,-0.0009866799024456085
index level,5,279,0.0
index level,5,280,0.0029571238897441177
index level,5,281,-0.0009847366625397314
index level,5,282,0.0019685045726722805
index level,5,283,0.0
index level,5,284,0.0019646371741650626
index level,5,285,0.0
index level,5,286,-0.0009818361122571062
index level,5,287,-0.0019665689720405055
index level,5,288,0.0
index level,5,289,0.0
index level,5,290,0.0
index level,5,291,-0.0009847366625397314
index level,5,292,-0.0029600416284765174
index level,5,293,0.0009876544012721311
index level,5,294,0.0
index level,5,295,0.0029571238897441177
index level,5,296,0.0009837679101325492
index level,5,297,0.0
index level,5,298,0.0
index level,5,299,0.0029455102297566427
index level,5,300,0.0009799118863487166
index level,5,301,-0.0019607849419402967
index level,5,302,-0.0009818361122571062
index level,5,303,-0.0019665689720405055
index level,5,304,0.0029484050842976117
index level,5,305,0.0019607849419402967
index level,5,306,-0.003925422116105359
index level,5,307,0.0029455102297566427
index level,5,308,-0.003929278139889192
index level,5,309,0.0
index level,5,310,0.0019665689720405055
index level,5,311,0.0
index level,5,312,0.0019627091678486863
index level,5,313,-0.0009808730555915801
index level,5,314,0.0
index level,5,315,-0.0019646371741650626
index level,5,316,0.003925422116105359
index level,5,317,-0.0019607849419402967
index level,5,318,-0.0019646371741650626
index level,5,319,-0.0009837679101325492
index level,5,320,0.0009837679101325492
index level,5,321,-0.0019685045726722805
index level,5,322,0.0009847366625397314
index level,5,323,-0.0009847366625397314
index level,5,324,0.0
index level,5,325,0.0009847366625397314
index level,5,326,0.0
index level,5,327,-0.0009847366625397314
index level,5,328,0.0019685045726722805
index level,5,329,-0.0009837679101325492
index level,5,330,0.003929278139889192
index level,5,331,-0.0029455102297566427
index level,5,332,-0.0009837679101325492
index level,5,333,-0.0009847366625397314
index level,5,334,0.0
index level,5,335,-0.0019723872272043863
index level,5,336,-0.0009876544012721311
index level,5,337,0.0
index level,5,338,0.0
index level,5,339,0.0
index level,5,340,0.0
index level,5,341,-0.0009886308269395627
index level,5,342,0.0
index level,5,343,0.0
index level,5,344,0.0
index level,5,345,0.0009886308269395627
index level,5,346,-0.0009886308269395627
index level,5,347,0.0
index level,5,348,-0.000989609185165996
index level,5,349,-0.0009905894816961691
index level,5,350,-0.0019841276350467396
index level,5,351,0.0
index level,5,352,0.0
index level,5,353,0.0
index level,5,354,-0.0009935420588780275
index level,5,355,0.0
index level,5,356,0.0
index level,5,357,-0.0029865626977487736
index level,5,358,0.0
index level,5,359,0.0009965122897384049
index level,5,360,-0.0009965122897384049
index level,5,361,0.0
index level,5,362,0.0
index level,5,363,-0.0029955089797990553
index level,5,364,0.0029955089797990553
index level,5,365,-0.0019960086467154525
index level,5,366,0.0009985023295895346
index level,5,367,-0.0009985023295895346
index level,5,368,-0.0020000006666665016
index level,5,369,0.0010005003335828988
index level,5,370,0.0009995003330836028
index level,5,371,-0.0009995003330836028
index level,5,372,-0.0010005003335828988
index level,5,373,0.0
index level,5,374,-0.0030075210639557426
index level,5,375,0.0
index level,5,376,0.0
index level,5,377,0.0
index level,5,378,0.00200601872686601
index level,5,379,0.0020020026706726313
index level,5,380,-0.0010005003335828988
index level,5,381,-0.002004008686715686
index level,5,382,0.0
index level,5,383,-0.002008032803245463
index level,5,384,0.0
index level,5,385,0.002008032803245463
index level,5,386,0.0
index level,5,387,0.0
index level,5,388,0.0030045090202985847
index level,5,389,0.0
index level,5,390,-0.0010005003335828988
index level,5,391,0.0010005003335828988
index level,5,392,0.0
index level,5,393,0.0
index level,5,394,0.0009995003330836028
index level,5,395,0.0
index level,5,396,-0.0020000006666665016
index level,5,397,0.004992521603120359
index level,5,398,-0.0009965122897384049
index level,5,399,0.0
index level,5,400,-0.000997506317125918
index level,5,401,0.001994018606864323
index level,5,402,0.0
index level,5,403,0.000995520241501957
index level,5,404,0.0
index level,5,405,0.001988072225386439
index level,5,406,-0.001988072225386439
index level,5,407,0.0009945301665084116
index level,5,408,0.001986097971629519
index level,5,409,-0.001986097971629519
index level,5,410,0.0009935420588780275
index level,5,411,-0.0009935420588780275
index level,5,412,0.002977669693924767
index level,5,413,-0.0019841276350467396
index level,5,414,0.0
index level,5,415,0.0
index level,5,416,0.0019841276350467396
index level,5,417,0.0009905894816961691
index level,5,418,0.0
index level,5,419,-0.0009905894816961691
index level,5,420,0.0009905894816961691
index level,5,421,0.0019782400121055588
index level,5,422,-0.003960401216096976
index level,5,423,0.004948055617369107
index level,5,424,0.0009866799024456085
index level,5,425,-0.0019743343037177397
index level,5,426,0.0009876544012721311
index level,5,427,0.0019723872272043863
index level,5,428,0.0009847366625397314
index level,5,429,0.0009837679101325492
index level,5,430,0.0
index level,5,431,0.0009828010619079564
index level,5,432,-0.0009828010619079564
index level,5,433,0.0009828010619079564
index level,5,434,0.0019627091678486863
index level,5,435,0.0009799118863487166
index level,5,436,-0.0009799118863487166
index level,5,437,0.0019588644853332227
index level,5,438,-0.000978952598984506
index level,5,439,0.000978952598984506
index level,5,440,0.0
index level,5,441,0.0
index level,5,442,0.0029311208088591556
index level,5,443,0.0
index level,5,444,0.0
index level,5,445,0.002922554442601921
index level,5,446,-0.0019474202843960953
index level,5,447,0.000974184197843897
index level,5,448,-0.000974184197843897
index level,5,449,-0.0009751341582058259
index level,5,450,0.00389484426154052
index level,5,451,-0.001945525905490797
index level,5,452,0.0
index level,5,453,0.001945525905490797
index level,5,454,0.0
index level,5,455,-0.0009722898189385987
index level,5,456,0.001943635208570882
index level,5,457,0.0009704027932784243
index level,5,458,0.0009694620245479513
index level,5,459,-0.0019398648178263755
index level,5,460,0.002908387895956821
index level,5,461,0.0
index level,5,462,0.001934236579830717
index level,5,463,0.0
index level,5,464,0.0
index level,5,465,0.0019305025300582201
index level,5,466,-0.0009647854100993669
index level,5,467,0.0009647854100993669
index level,5,468,0.0009638554963062873
index level,5,469,-0.0009638554963062873
index level,5,470,0.0009638554963062873
index level,5,471,0.0009629273733935406
index level,5,472,0.0
index level,5,473,0.0019230775157419444
index level,5,474,0.0009601536983430137
index level,5,475,0.0028749420855991303
index level,5,476,-0.0019157093981387874
index level,5,477,0.0028721896240959666
index level,5,478,0.0019102202561187553
index level,5,479,-0.0028667004820759345
index level,5,480,0.0019120464716255725
index level,5,481,0.000954654010450362
index level,5,482,-0.000954654010450362
index level,5,483,0.0
index level,5,484,-0.0028694424279525066
index level,5,485,0.004777839953712615
index level,5,486,0.0
index level,5,487,-0.0028639637714285016
index level,5,488,-0.0019138761822841133
index level,5,489,-0.0009583134418118533
index level,5,490,0.0
index level,5,491,0.0
index level,5,492,-0.0028804628653542608
index level,5,493,0.0009610764795509041
index level,5,494,0.0
index level,5,495,-0.0019230775157419444
index level,5,496,0.0
index level,5,497,-0.0009629273733935406
index level,5,498,0.0009629273733935406
index level,5,499,-0.002891568279799195
index level,5,500,0.0009647854100993669
index level,5,501,0.0
index level,5,502,0.0
index level,5,503,-0.0009647854100993669
index level,5,504,-0.0009657171199588532
index level,5,505,-0.001934236579830717
index level,5,506,0.001934236579830717
index level,5,507,-0.001934236579830717
index level,5,508,-0.0019379851026783967
index level,5,509,0.0019379851026783967
index level,5,510,-0.002908387895956821
index level,5,511,0.0
index level,5,512,-0.001943635208570882
index level,5,513,0.0009722898189385987
index level,5,514,-0.001945525905490797
index level,5,515,0.0
index level,5,516,0.001945525905490797
index level,5,517,-0.005847969882422532
index level,5,518,0.0019531256208820125
index level,5,519,-0.0019531256208820125
index level,5,520,0.0
index level,5,521,-0.001956947786961649
index level,5,522,-0.0019607849419402967
index level,5,523,0.0009808730555915801
index level,5,524,0.0
index level,5,525,-0.0009808730555915801
index level,5,526,-0.0019646371741650626
index level,5,527,0.0
index level,5,528,0.0009828010619079564
index level,5,529,0.002942621054197403
index level,5,530,-0.003925422116105359
index level,5,531,-0.0019685045726722805
index level,5,532,0.0009847366625397314
index level,5,533,-0.0009847366625397314
index level,5,534,0.0019685045726722805
index level,5,535,0.0
index level,5,536,0.0
index level,5,537,0.0029455102297566427
index level,5,538,0.0
index level,5,539,0.0009799118863487166
index level,5,540,0.0
index level,5,541,-0.0009799118863487166
index level,5,542,0.0019588644853332227
index level,5,543,-0.0029397375409248028
index level,5,544,0.0
index level,5,545,0.0009808730555915801
index level,5,546,0.0009799118863487166
index level,5,547,0.0
index level,5,548,0.0
index level,5,549,0.002933987434787788
index level,5,550,-0.000977039647826139
index level,5,551,-0.0009779951879771431
index level,5,552,-0.0029397375409248028
index level,5,553,0.0
index level,5,554,-0.0009818361122571062
index level,5,555,-0.0009828010619079564
index level,5,556,0.0009828010619079564
index level,5,557,0.0
index level,5,558,-0.002951305634580237
index level,5,559,0.002951305634580237
index level,5,560,-0.0019665689720405055
index level,5,561,0.0009837679101325492
index level,5,562,0.0
index level,5,563,0.0
index level,5,564,-0.0019685045726722805
index level,5,565,0.0
index level,5,566,-0.0019723872272043863
index level,5,567,0.0019723872272043863
index level,5,568,0.0
index level,6,0,0.0
index level,6,1,0.0010035123772400567
index level,6,2,0.0
index level,6,3,-0.0010035123772400567
index level,6,4,0.0010035123772400567
index level,6,5,0.0
index level,6,6,0.0
index level,6,7,0.002004008686715686
index level,6,8,0.0
index level,6,9,-0.0010015023370897325
index level,6,10,-0.0010025063496259534
index level,6,11,0.0030045090202985847
index level,6,12,0.0
index level,6,13,0.0009995003330836028
index level,6,14,0.0
index level,6,15,-0.0009995003330836028
index level,6,16,0.0009995003330836028
index level,6,17,0.0
index level,6,18,0.0009985023295895346
index level,6,19,0.0
index level,6,20,0.000997506317125918
index level,6,21,-0.000997506317125918
index level,6,22,0.0
index level,6,23,-0.002998502996256036
index level,6,24,0.0
index level,6,25,0.002998502996256036
index level,6,26,0.001994018606864323
index level,6,27,0.0
index level,6,28,0.000995520241501957
index level,6,29,0.0
index level,6,30,-0.000995520241501957
index level,6,31,0.000995520241501957
index level,6,32,0.0
index level,6,33,0.0009945301665084116
index level,6,34,-0.0009945301665084116
index level,6,35,-0.000995520241501957
index level,6,36,0.003976148379639888
index level,6,37,-0.0009925559127514916
index level,6,38,0.0009925559127514916
index level,6,39,0.0
index level,6,40,0.000991571722295248
index level,6,41,0.0
index level,6,42,0.0
index level,6,43,0.0
index level,6,44,0.0
index level,6,45,0.001980198666862165
index level,6,46,0.0009886308269395627
index level,6,47,0.0
index level,6,48,-0.0009886308269395627
index level,6,49,0.0
index level,6,50,0.0009886308269395627
index level,6,51,0.0009876544012721311
index level,6,52,-0.001976285228211694
index level,6,53,0.0009886308269395627
index level,6,54,0.0009876544012721311
index level,6,55,0.0
index level,6,56,-0.0009876544012721311
index level,6,57,0.0
index level,6,58,0.0
index level,6,59,0.0
index level,6,60,0.0029600416284765174
index level,6,61,0.0009847366625397314
index level,6,62,-0.0009847366625397314
index level,6,63,0.0
index level,6,64,-0.0029600416284765174
index level,6,65,0.0009876544012721311
index level,6,66,0.0029571238897441177
index level,6,67,-0.0049334091179558115
index level,6,68,0.0009886308269395627
index level,6,69,0.0009876544012721311
index level,6,70,0.0
index level,6,71,-0.0009876544012721311
index level,6,72,0.0009876544012721311
index level,6,73,0.0009866799024456085
index level,6,74,-0.0029629651306573024
index level,6,75,0.0
index level,6,76,0.0009886308269395627
index level,6,77,-0.0019782400121055588
index level,6,78,0.0
index level,6,79,-0.001982161203991417
index level,6,80,0.000991571722295248
index level,6,81,0.0
index level,6,82,-0.000991571722295248
index level,6,83,-0.0009925559127514916
index level,6,84,0.0
index level,6,85,-0.001988072225386439
index level,6,86,0.0009945301665084116
index level,6,87,-0.0019900504080103687
index level,6,88,0.0
index level,6,89,0.000995520241501957
index level,6,90,-0.000995520241501957
index level,6,91,0.0
index level,6,92,-0.0009965122897384049
index level,6,93,0.0
index level,6,94,0.0
index level,6,95,0.0
index level,6,96,-0.000997506317125918
index level,6,97,-0.002998502996256036
index level,6,98,0.0020000006666665016
index level,6,99,-0.0020000006666665016
index level,6,100,0.0010005003335828988
index level,6,101,0.0
index level,6,102,0.0009995003330836028
index level,6,103,-0.0020000006666665016
index level,6,104,-0.002004008686715686
index level,6,105,0.0010025063496259534
index level,6,106,-0.0010025063496259534
index level,6,107,-0.0010035123772400567
index level,6,108,-0.0010045204260054064
index level,6,109,0.0
index level,6,110,0.0010045204260054064
index level,6,111,0.0
index level,6,112,-0.0020100509280238654
index level,6,113,0.0
index level,6,114,0.001005530502018459
index level,6,115,-0.001005530502018459
index level,6,116,-0.0010065426114014286
index level,6,117,0.0
index level,6,118,-0.0020161297151846114
index level,6,119,0.0020161297151846114
index level,6,120,-0.0020161297151846114
index level,6,121,-0.0010095912013525776
index level,6,122,0.0010095912013525776
index level,6,123,-0.0010095912013525776
index level,6,124,-0.003034903695153801
index level,6,125,0.0020242921892306143
index level,6,126,-0.0020242921892306143
index level,6,127,0.0020242921892306143
index level,6,128,-0.0020242921892306143
index level,6,129,-0.0030441423812286317
index level,6,130,0.0010157441198357375
index level,6,131,0.0
index level,6,132,-0.0010157441198357375
index level,6,133,-0.0010167769050868358
index level,6,134,0.0
index level,6,135,0.0
index level,6,136,0.0
index level,6,137,-0.0020366605818029626
index level,6,138,0.0020366605818029626
index level,6,139,-0.0020366605818029626
index level,6,140,-0.0020408170348531485
index level,6,141,0.0
index level,6,142,0.0
index level,6,143,0.0
index level,6,144,-0.003069056117417368
index level,6,145,-0.0010251154152456365
index level,6,146,0.0
index level,6,147,0.0
index level,6,148,-0.0020533888118423604
index level,6,149,0.0020533888118423604
index level,6,150,-0.0020533888118423604
index level,6,151,-0.002057613894679733
index level,6,152,0.002057613894679733
index level,6,153,-0.004119470295238514
index level,6,154,0.0010314596066622883
index level,6,155,0.0
index level,6,156,-0.00309757604413452
index level,6,157,0.0
index level,6,158,0.0
index level,6,159,-0.0031072008427486253
index level,6,160,0.0
index level,6,161,-0.001037882812419788
index level,6,162,-0.002079002827833243
index level,6,163,-0.0010411245084105403
index level,6,164,-0.001042209578443476
index level,6,165,-0.0010432969125782066
index level,6,166,-0.0010443865179059486
index level,6,167,-0.00209205097222398
index level,6,168,-0.0020964368265286026
index level,6,169,-0.0010498688628359787
index level,6,170,0.0010498688628359787
index level,6,171,-0.0010498688628359787
index level,6,172,0.0
index level,6,173,0.0
index level,6,174,0.0020986366569211157
index level,6,175,0.002094241603114888
index level,6,176,0.0010454784015525576
index level,6,177,-0.0010454784015525576
index level,6,178,0.0010454784015525576
index level,6,179,0.003129893008927631
index level,6,180,0.0
index level,6,181,-0.003129893008927631
index level,6,182,0.003129893008927631
index level,6,183,0.0
index level,6,184,0.0
index level,6,185,0.0
index level,6,186,0.0010411245084105403
index level,6,187,-0.0010411245084105403
index level,6,188,0.0
index level,6,189,0.0010411245084105403
index level,6,190,0.002079002827833243
index level,6,191,0.001037882812419788
index level,6,192,0.0
index level,6,193,0.0
index level,6,194,-0.001037882812419788
index level,6,195,0.001037882812419788
index level,6,196,0.0010368067284405313
index level,6,197,-0.0010368067284405313
index level,6,198,0.0
index level,6,199,0.0
index level,6,200,-0.001037882812419788
index level,6,201,0.001037882812419788
index level,6,202,0.0010368067284405313
index level,6,203,0.0
index level,6,204,0.0
index level,6,205,0.0
index level,6,206,-0.0010368067284405313
index level,6,207,-0.001037882812419788
index level,6,208,0.0
index level,6,209,0.0
index level,6,210,0.001037882812419788
index level,6,211,0.0
index level,6,212,-0.001037882812419788
index level,6,213,-0.003120127336243783
index level,6,214,0.0
index level,6,215,0.0010411245084105403
index level,6,216,0.0010400416954139402
index level,6,217,0.0010389611324193027
index level,6,218,0.0
index level,6,219,-0.002079002827833243
index level,6,220,0.0010400416954139402
index level,6,221,-0.0010400416954139402
index level,6,222,0.003116885640253031
index level,6,223,-0.001037882812419788
index level,6,224,-0.002079002827833243
index level,6,225,0.0010400416954139402
index level,6,226,0.0020768439448390907
index level,6,227,0.0010368067284405313
index level,6,228,-0.0010368067284405313
index level,6,229,0.0
index level,6,230,0.0010368067284405313
index level,6,231,-0.0010368067284405313
index level,6,232,0.0010368067284405313
index level,6,233,0.0
index level,6,234,0.0031039859375914247
index level,6,235,0.0
index level,6,236,-0.0010335918232833308
index level,6,237,0.0010335918232833308
index level,6,238,0.0
index level,6,239,0.0
index level,6,240,0.001032524614188901
index level,6,241,0.0
index level,6,242,0.0020618564005587814
index level,6,243,-0.001030396793896493
index level,6,244,0.002059732963010319
index level,6,245,0.0
index level,6,246,0.001028277725565907
index level,6,247,0.0
index level,6,248,0.0
index level,6,249,0.0
index level,6,250,0.003078504227087997
index level,6,251,-0.002051282770557883
index level,6,252,0.0010261673553122463
index level,6,253,-0.0020533888118423604
index level,6,254,0.0
index level,6,255,0.003078504227087997
index level,6,256,0.0
index level,6,257,-0.0010251154152456365
index level,6,258,0.0020491810449358994
index level,6,259,0.0
index level,6,260,-0.0010240656296902628
index level,6,261,0.0
index level,6,262,-0.0010251154152456365
index level,6,263,0.0
index level,6,264,-0.0030816665374082675
index level,6,265,-0.0010293361691138259
index level,6,266,0.0
index level,6,267,0.0010293361691138259
index level,6,268,-0.0010293361691138259
index level,6,269,0.0010293361691138259
index level,6,270,0.001028277725565907
index level,6,271,-0.001028277725565907
index level,6,272,0.001028277725565907
index level,6,273,0.003078504227087997
index level,6,274,0.0
index level,6,275,-0.0010251154152456365
index level,6,276,-0.0010261673553122463
index level,6,277,0.0010261673553122463
index level,6,278,-0.0030816665374082675
index level,6,279,0.0
index level,6,280,0.0
index level,6,281,0.0
index level,6,282,-0.0010293361691138259
index level,6,283,-0.0020618564005587814
index level,6,284,0.0030911925696726072
index level,6,285,0.0
index level,6,286,0.001028277725565907
index level,6,287,0.0
index level,6,288,0.0020533888118423604
index level,6,289,-0.0020533888118423604
index level,6,290,0.001027221456530114
index level,6,291,0.0010261673553122463
index level,6,292,0.0010251154152456365
index level,6,293,0.0010240656296902628
index level,6,294,0.0
index level,6,295,0.0
index level,6,296,0.0
index level,6,297,0.0020449904877271052
index level,6,298,0.001020929134107007
index level,6,299,-0.001020929134107007
index level,6,300,0.001020929134107007
index level,6,301,0.0010198879007461414
index level,6,302,0.0
index level,6,303,0.0
index level,6,304,0.0030534374868897984
index level,6,305,-0.0010167769050868358
index level,6,306,0.0
index level,6,307,0.0010167769050868358
index level,6,308,-0.0010167769050868358
index level,6,309,0.0010167769050868358
index level,6,310,0.0
index level,6,311,0.0
index level,6,312,0.0010157441198357375
index level,6,313,0.0
index level,6,314,0.0
index level,6,315,0.0
index level,6,316,-0.0010157441198357375
index level,6,317,0.0010157441198357375
index level,6,318,0.0
index level,6,319,0.0
index level,6,320,0.002028398261392894
index level,6,321,0.0
index level,6,322,0.0
index level,6,323,0.00101265831438635
index level,6,324,0.0
index level,6,325,-0.00101265831438635
index level,6,326,0.0
index level,6,327,0.004044494896506379
index level,6,328,-0.0020202027072757645
index level,6,329,0.0030287756621607542
index level,6,330,-0.0010085729548849898
index level,6,331,0.0010085729548849898
index level,6,332,0.0
index level,6,333,0.0010075567602996216
index level,6,334,0.0020120731134198877
index level,6,335,-0.0030196298737195093
index level,6,336,0.0020140993717010502
index level,6,337,-0.0010065426114014286
index level,6,338,0.003016593539425294
index level,6,339,0.0010035123772400567
index level,6,340,0.002004008686715686
index level,6,341,0.0
index level,6,342,0.0
index level,6,343,0.0020000006666665016
index level,6,344,0.0019960086467154525
index level,6,345,0.0
index level,6,346,-0.000997506317125918
index level,6,347,0.001994018606864323
index level,6,348,0.002983592466888396
index level,6,349,-0.0009935420588780275
index level,6,350,0.0009935420588780275
index level,6,351,0.0019841276350467396
index level,6,352,0.0
index level,6,353,0.001980198666862165
index level,6,354,0.0
index level,6,355,0.001976285228211694
index level,6,356,0.0019723872272043863
index level,6,357,0.0009847366625397314
index level,6,358,-0.0009847366625397314
index level,6,359,0.0019685045726722805
index level,6,360,0.0009828010619079564
index level,6,361,-0.0009828010619079564
index level,6,362,0.0019646371741650626
index level,6,363,0.0
index level,6,364,0.0
index level,6,365,-0.0019646371741650626
index level,6,366,0.0019646371741650626
index level,6,367,0.0
index level,6,368,-0.0009818361122571062
index level,6,369,0.0009818361122571062
index level,6,370,0.0019607849419402967
index level,6,371,0.0
index level,6,372,0.0
index level,6,373,0.0
index level,6,374,0.001956947786961649
index level,6,375,0.0
index level,6,376,-0.0009779951879771431
index level,6,377,0.0009779951879771431
index level,6,378,-0.001956947786961649
index level,6,379,0.0
index level,6,380,0.002933987434787788
index level,6,381,0.0
index level,6,382,0.0
index level,6,383,0.0009760859730558735
index level,6,384,-0.0009760859730558735
index level,6,385,-0.000977039647826139
index level,6,386,0.0
index level,6,387,0.0
index level,6,388,-0.002936859673310366
index level,6,389,0.0009799118863487166
index level,6,390,0.0
index level,6,391,-0.0019607849419402967
index level,6,392,0.0019607849419402967
index level,6,393,0.0
index level,6,394,-0.0019607849419402967
index level,6,395,0.0
index level,6,396,-0.0009818361122571062
index level,6,397,0.0
index level,6,398,-0.0009828010619079564
index level,6,399,0.0009828010619079564
index level,6,400,-0.0019665689720405055
index level,6,401,0.0
index level,6,402,-0.0009847366625397314
index level,6,403,0.0
index level,6,404,0.0
index level,6,405,0.0
index level,6,406,0.0
index level,6,407,0.0
index level,6,408,-0.0019723872272043863
index level,6,409,0.0019723872272043863
index level,6,410,-0.0009857073247587778
index level,6,411,0.0029542118974310583
index level,6,412,-0.0019685045726722805
index level,6,413,0.0009847366625397314
index level,6,414,-0.0009847366625397314
index level,6,415,0.0019685045726722805
index level,6,416,0.0
index level,6,417,0.0
index level,6,418,0.0029455102297566427
index level,6,419,0.0
index level,6,420,0.0009799118863487166
index level,6,421,-0.0009799118863487166
index level,6,422,0.0009799118863487166
index level,6,423,-0.0019607849419402967
index level,6,424,0.0019607849419402967
index level,6,425,0.0
index level,6,426,0.000978952598984506
index level,6,427,-0.000978952598984506
index level,6,428,0.001956947786961649
index level,6,429,0.0019531256208820125
index level,6,430,-0.0009760859730558735
index level,6,431,0.0009760859730558735
index level,6,432,0.0
index level,6,433,0.002922554442601921
index level,6,434,-0.002922554442601921
index level,6,435,0.001949318356049723
index level,6,436,-0.0029254043291055964
index level,6,437,0.0029254043291055964
index level,6,438,0.001945525905490797
index level,6,439,-0.0009722898189385987
index level,6,440,0.0009722898189385987
index level,6,441,0.0019417481829107075
index level,6,442,0.0
index level,6,443,0.0
index level,6,444,0.0
index level,6,445,0.0009694620245479513
index level,6,446,-0.0009694620245479513
index level,6,447,0.0
index level,6,448,0.0009694620245479513
index level,6,449,0.0009685230781304455
index level,6,450,0.0
index level,6,451,0.001934236579830717
index level,6,452,-0.001934236579830717
index level,6,453,0.0028999536997895703
index level,6,454,-0.0009657171199588532
index level,6,455,0.0009657171199588532
index level,6,456,0.0009647854100993669
index level,6,457,0.0
index level,6,458,0.0
index level,6,459,-0.0009647854100993669
index level,6,460,0.0009647854100993669
index level,6,461,-0.0009647854100993669
index level,6,462,-0.0009657171199588532
index level,6,463,0.004819286435949088
index level,6,464,-0.002888783905890868
index level,6,465,0.0
index level,6,466,0.001926782869699828
index level,6,467,0.0019230775157419444
index level,6,468,-0.0009610764795509041
index level,6,469,0.0019212301778939178
index level,6,470,0.000959232687460343
index level,6,471,0.0009583134418118533
index level,6,472,-0.0009583134418118533
index level,6,473,-0.000959232687460343
index level,6,474,0.0028749420855991303
index level,6,475,0.0
index level,6,476,0.0
index level,6,477,0.0
index level,6,478,0.0019120464716255725
index level,6,479,0.000954654010450362
index level,6,480,-0.000954654010450362
index level,6,481,0.0
index level,6,482,0.0
index level,6,483,0.0019083975257601082
index level,6,484,0.0
index level,6,485,-0.0019083975257601082
index level,6,486,0.0
index level,6,487,-0.0019120464716255725
index level,6,488,-0.0009573959563269341
index level,6,489,0.0
index level,6,490,0.0
index level,6,491,-0.0009583134418118533
index level,6,492,0.0
index level,6,493,0.0
index level,6,494,0.0
index level,6,495,-0.000959232687460343
index level,6,496,-0.0009601536983430137
index level,6,497,-0.0009610764795509041
index level,6,498,0.0
index level,6,499,0.0
index level,6,500,-0.0009620010361910403
index level,6,501,0.0
index level,6,502,-0.001926782869699828
index level,6,503,0.0009638554963062873
index level,6,504,0.0019249284095845809
index level,6,505,-0.002888783905890868
index level,6,506,0.0009638554963062873
index level,6,507,-0.0009638554963062873
index level,6,508,0.0
index level,6,509,0.0
index level,6,510,-0.0019305025300582201
index level,6,511,0.0009657171199588532
index level,6,512,0.0
index level,6,513,0.0
index level,6,514,0.0
index level,6,515,-0.0009657171199588532
index level,6,516,0.0
index level,6,517,0.0009657171199588532
index level,6,518,0.0
index level,6,519,0.0
index level,6,520,0.0
index level,6,521,0.0009647854100993669
index level,6,522,-0.0009647854100993669
index level,6,523,-0.0009657171199588532
index level,6,524,0.0
index level,6,525,0.0019305025300582201
index level,6,526,0.0
index level,6,527,0.002888783905890868
index level,6,528,-0.0009620010361910403
index level,6,529,0.0009620010361910403
index level,6,530,0.0
index level,6,531,0.0009610764795509041
index level,6,532,-0.0019230775157419444
index level,6,533,0.0019230775157419444
index level,6,534,0.0
index level,6,535,0.0
index level,6,536,0.0
index level,6,537,0.0019193863858033566
index level,6,538,-0.0019193863858033566
index level,6,539,0.0019193863858033566
index level,6,540,0.0009583134418118533
index level,6,541,0.0
index level,6,542,-0.0019175461292721963
index level,6,543,0.0
index level,6,544,-0.0009601536983430137
index level,6,545,-0.0009610764795509041
index level,6,546,0.0
index level,6,547,0.0
index level,6,548,-0.0009620010361910403
index level,6,549,0.0
index level,6,550,0.0009620010361910403
index level,6,551,-0.0009620010361910403
index level,6,552,-0.0009629273733935406
index level,6,553,-0.0009638554963062873
index level,6,554,0.0
index level,6,555,0.001926782869699828
index level,6,556,-0.003857285399758048
index level,6,557,0.0009657171199588532
index level,6,558,-0.0009657171199588532
index level,6,559,-0.0029027596579611625
index level,6,560,0.0009685230781304455
index level,6,561,0.0
index level,6,562,0.0
index level,6,563,0.001934236579830717
index level,6,564,-0.001934236579830717
index level,6,565,0.0
index level,6,566,-0.0009685230781304455
index level,6,567,0.0009685230781304455
index level,6,568,-0.0009685230781304455
index level,7,0,0.0
index level,7,1,-0.0009925559127514916
index level,7,2,0.0
index level,7,3,0.0
index level,7,4,0.0019841276350467396
index level,7,5,-0.000991571722295248
index level,7,6,0.000991571722295248
index level,7,7,0.0
index level,7,8,0.0
index level,7,9,0.002968829493801728
index level,7,10,-0.003960401216096976
index level,7,11,0.003960401216096976
index level,7,12,-0.0009886308269395627
index level,7,13,-0.003964326301908905
index level,7,14,0.0019841276350467396
index level,7,15,0.0
index level,7,16,0.0
index level,7,17,0.0
index level,7,18,-0.000991571722295248
index level,7,19,0.000991571722295248
index level,7,20,0.0
index level,7,21,0.0
index level,7,22,0.0
index level,7,23,-0.000991571722295248
index level,7,24,0.002971770389157413
index level,7,25,0.0
index level,7,26,-0.002971770389157413
index level,7,27,0.000991571722295248
index level,7,28,0.001980198666862165
index level,7,29,-0.000989609185165996
index level,7,30,0.000989609185165996
index level,7,31,-0.002971770389157413
index level,7,32,0.0
index level,7,33,-0.0009925559127514916
index level,7,34,-0.001988072225386439
index level,7,35,-0.000995520241501957
index level,7,36,0.0
index level,7,37,0.000995520241501957
index level,7,38,-0.000995520241501957
index level,7,39,0.000995520241501957
index level,7,40,-0.000995520241501957
index level,7,41,-0.0009965122897384049
index level,7,42,0.0
index level,7,43,0.0009965122897384049
index level,7,44,0.0
index level,7,45,0.0
index level,7,46,-0.001994018606864323
index level,7,47,0.000997506317125918
index level,7,48,-0.0019960086467154525
index level,7,49,0.0019960086467154525
index level,7,50,0.0
index level,7,51,0.0
index level,7,52,-0.0019960086467154525
index level,7,53,-0.0020000006666665016
index level,7,54,0.0010005003335828988
index level,7,55,-0.0010005003335828988
index level,7,56,-0.0010015023370897325
index level,7,57,0.0
index level,7,58,0.0
index level,7,59,-0.0030105391528714165
index level,7,60,0.0010045204260054064
index level,7,61,-0.0010045204260054064
index level,7,62,-0.0020120731134198877
index level,7,63,0.0
index level,7,64,0.0010065426114014286
index level,7,65,0.0
index level,7,66,-0.00302267232658604
index level,7,67,0.0
index level,7,68,-0.0010095912013525776
index level,7,69,-0.0010106115059231868
index level,7,70,-0.0020242921892306143
index level,7,71,0.0020242921892306143
index level,7,72,-0.0020242921892306143
index level,7,73,-0.0010136848308466284
index level,7,74,-0.0020304575503820033
index level,7,75,-0.0010167769050868358
index level,7,76,0.0010167769050868358
index level,7,77,-0.0030534374868897984
index level,7,78,0.0
index level,7,79,-0.0010198879007461414
index level,7,80,0.0
index level,7,81,0.0
index level,7,82,-0.001020929134107007
index level,7,83,-0.003069056117417368
index level,7,84,0.0010240656296902628
index level,7,85,-0.0030753484002481457
index level,7,86,0.0
index level,7,87,-0.002055499182096021
index level,7,88,0.001028277725565907
index level,7,89,0.0020533888118423604
index level,7,90,-0.0020533888118423604
index level,7,91,-0.003088010688576226
index level,7,92,-0.0010314596066622883
index level,7,93,0.0
index level,7,94,-0.002066116437472232
index level,7,95,0.002066116437472232
index level,7,96,-0.004136510551780326
index level,7,97,0.0
index level,7,98,0.0
index level,7,99,-0.0020746895408603194
index level,7,100,-0.003120127336243783
index level,7,101,0.0010411245084105403
index level,7,102,0.0
index level,7,103,-0.0010411245084105403
index level,7,104,0.0
index level,7,105,-0.003129893008927631
index level,7,106,0.0
index level,7,107,-0.0010454784015525576
index level,7,108,0.0
index level,7,109,-0.0010465725706714224
index level,7,110,-0.0010476690324434657
index level,7,111,-0.001048767794085137
index level,7,112,0.001048767794085137
index level,7,113,-0.001048767794085137
index level,7,114,-0.0010498688628359787
index level,7,115,0.0010498688628359787
index level,7,116,0.003143009397200025
index level,7,117,-0.004192878260036004
index level,7,118,0.0
index level,7,119,-0.001050972245975501
index level,7,120,0.0
index level,7,121,0.0
index level,7,122,0.0
index level,7,123,-0.003159560290368013
index level,7,124,0.0
index level,7,125,-0.0021119332031442895
index level,7,126,-0.0010576415581349252
index level,7,127,-0.001058761348242676
index level,7,128,0.0021164029063776013
index level,7,129,-0.003176286418420382
index level,7,130,0.0010598835120427808
index level,7,131,-0.0010598835120427808
index level,7,132,0.0010598835120427808
index level,7,133,0.0
index level,7,134,-0.0010598835120427808
index level,7,135,0.002118644860285457
index level,7,136,0.0
index level,7,137,0.0031695747612792147
index level,7,138,-0.0010554090689440798
index level,7,139,-0.002114165692335135
index level,7,140,0.0031695747612792147
index level,7,141,0.0
index level,7,142,0.0
index level,7,143,0.0
index level,7,144,-0.0031695747612792147
index level,7,145,-0.001058761348242676
index level,7,146,0.0
index level,7,147,0.003172927040577811
index level,7,148,0.002109705423849917
index level,7,149,0.0
index level,7,150,0.0
index level,7,151,0.0
index level,7,152,0.0010531859846585334
index level,7,153,0.0021030501967791437
index level,7,154,0.0
index level,7,155,0.0010498688628359787
index level,7,156,0.0
index level,7,157,-0.0010498688628359787
index level,7,158,0.0010498688628359787
index level,7,159,0.0
index level,7,160,-0.0010498688628359787
index level,7,161,-0.001050972245975501
index level,7,162,-0.002105263935462176
index level,7,163,0.002105263935462176
index level,7,164,-0.003159560290368013
index level,7,165,0.001054296354905837
index level,7,166,0.003156236181437677
index level,7,167,-0.003156236181437677
index level,7,168,0.002105263935462176
index level,7,169,0.001050972245975501
index level,7,170,0.0
index level,7,171,-0.001050972245975501
index level,7,172,-0.002105263935462176
index level,7,173,-0.001054296354905837
index level,7,174,-0.0010554090689440798
index level,7,175,0.0
index level,7,176,-0.002114165692335135
index level,7,177,-0.001058761348242676
index level,7,178,0.0
index level,7,179,0.001058761348242676
index level,7,180,0.0
index level,7,181,-0.002118644860285457
index level,7,182,0.0
index level,7,183,-0.0021231430480774804
index level,7,184,0.0021231430480774804
index level,7,185,-0.0021231430480774804
index level,7,186,0.0
index level,7,187,0.0021231430480774804
index level,7,188,-0.0031864073694078954
index level,7,189,-0.001064396055786787
index level,7,190,0.0
index level,7,191,-0.002132196969840905
index level,7,192,0.0010666667678025377
index level,7,193,-0.002134472528632081
index level,7,194,0.0010678057608295433
index level,7,195,-0.0010678057608295433
index level,7,196,0.0
index level,7,197,-0.0032102756302485602
index level,7,198,0.0
index level,7,199,-0.0010723861617529806
index level,7,200,-0.0010735374085237837
index level,7,201,0.0
index level,7,202,-0.003227544490866485
index level,7,203,0.0
index level,7,204,-0.0010781672203457049
index level,7,205,0.0
index level,7,206,0.0
index level,7,207,0.0
index level,7,208,0.0021551732479831998
index level,7,209,-0.0010770060276374949
index level,7,210,0.0
index level,7,211,-0.0010781672203457049
index level,7,212,0.0
index level,7,213,-0.003241493924170946
index level,7,214,0.0010816658707408777
index level,7,215,0.0
index level,7,216,0.0021598280534300685
index level,7,217,0.0
index level,7,218,0.0010781672203457049
index level,7,219,0.0010770060276374949
index level,7,220,0.0
index level,7,221,0.0
index level,7,222,0.0021505384632289903
index level,7,223,0.0010735374085237837
index level,7,224,0.0010723861617529806
index level,7,225,0.0
index level,7,226,0.0
index level,7,227,0.0
index level,7,228,0.0
index level,7,229,0.0032102756302485602
index level,7,230,-0.001068947188905156
index level,7,231,0.0021367529497346993
index level,7,232,-0.0010678057608295433
index level,7,233,0.0010678057608295433
index level,7,234,0.0
index level,7,235,0.0010666667678025377
index level,7,236,0.0010655302020383672
index level,7,237,0.0
index level,7,238,0.0
index level,7,239,0.0
index level,7,240,0.002127660377117202
index level,7,241,0.0
index level,7,242,0.0
index level,7,243,0.003183026560120261
index level,7,244,-0.0010598835120427808
index level,7,245,0.0
index level,7,246,0.0010598835120427808
index level,7,247,0.0
index level,7,248,0.001058761348242676
index level,7,249,-0.001058761348242676
index level,7,250,0.001058761348242676
index level,7,251,-0.001058761348242676
index level,7,252,0.001058761348242676
index level,7,253,-0.001058761348242676
index level,7,254,0.003172927040577811
index level,7,255,-0.0010565241342002096
index level,7,256,-0.0010576415581349252
index level,7,257,0.002114165692335135
index level,7,258,-0.0010565241342002096
index level,7,259,0.0021119332031442895
index level,7,260,-0.0010554090689440798
index level,7,261,0.0
index level,7,262,0.0
index level,7,263,0.0
index level,7,264,0.0010554090689440798
index level,7,265,-0.004228336109521891
index level,7,266,0.0
index level,7,267,0.0
index level,7,268,-0.0010598835120427808
index level,7,269,0.0010598835120427808
index level,7,270,0.0021164029063776013
index level,7,271,0.0021119332031442895
index level,7,272,0.001054296354905837
index level,7,273,-0.004223871116185052
index level,7,274,0.0031695747612792147
index level,7,275,-0.0031695747612792147
index level,7,276,0.002114165692335135
index level,7,277,0.0010554090689440798
index level,7,278,0.001054296354905837
index level,7,279,0.0
index level,7,280,0.0
index level,7,281,-0.001054296354905837
index level,7,282,-0.0010554090689440798
index level,7,283,0.002109705423849917
index level,7,284,0.0
index level,7,285,0.002105263935462176
index level,7,286,0.0
index level,7,287,-0.0010520779508036426
index level,7,288,0.0010520779508036426
index level,7,289,-0.0010520779508036426
index level,7,290,0.0
index level,7,291,0.0010520779508036426
index level,7,292,0.001050972245975501
index level,7,293,-0.001050972245975501
index level,7,294,0.001050972245975501
index level,7,295,-0.001050972245975501
index level,7,296,0.00210084110881148
index level,7,297,0.0
index level,7,298,0.0
index level,7,299,0.0020964368265286026
index level,7,300,-0.0010476690324434657
index level,7,301,0.0
index level,7,302,0.002094241603114888
index level,7,303,0.0
index level,7,304,-0.0010465725706714224
index level,7,305,0.0
index level,7,306,0.0
index level,7,307,0.0010465725706714224
index level,7,308,0.0010454784015525576
index level,7,309,0.0
index level,7,310,0.0
index level,7,311,-0.00209205097222398
index level,7,312,0.00209205097222398
index level,7,313,0.0
index level,7,314,0.002087683430484155
index level,7,315,-0.004179734402708135
index level,7,316,0.00209205097222398
index level,7,317,-0.0010454784015525576
index level,7,318,0.0
index level,7,319,0.0031331618320367127
index level,7,320,0.0
index level,7,321,0.001042209578443476
index level,7,322,-0.0020855064910216825
index level,7,323,-0.0010443865179059486
index level,7,324,0.002087683430484155
index level,7,325,0.0
index level,7,326,-0.002087683430484155
index level,7,327,0.0
index level,7,328,0.0010443865179059486
index level,7,329,-0.0010443865179059486
index level,7,330,0.003129893008927631
index level,7,331,-0.001042209578443476
index level,7,332,0.0
index level,7,333,0.0020833340868540162
index level,7,334,-0.0010411245084105403
index level,7,335,-0.003129893008927631
index level,7,336,0.0010443865179059486
index level,7,337,0.0031266309994322228
index level,7,338,0.0
index level,7,339,0.0
index level,7,340,0.0010400416954139402
index level,7,341,0.0010389611324193027
index level,7,342,0.001037882812419788
index level,7,343,-0.0020768439448390907
index level,7,344,0.0010389611324193027
index level,7,345,0.0020746895408603194
index level,7,346,0.0
index level,7,347,-0.004153692368693562
index level,7,348,0.002079002827833243
index level,7,349,0.0020746895408603194
index level,7,350,0.0
index level,7,351,0.0031039859375914247
index level,7,352,-0.0031039859375914247
index level,7,353,0.0010357328735315363
index level,7,354,0.0010346612407765576
index level,7,355,0.0010335918232833308
index level,7,356,-0.0031039859375914247
index level,7,357,-0.0010368067284405313
index level,7,358,0.0010368067284405313
index level,7,359,0.0031039859375914247
index level,7,360,-0.0010335918232833308
index level,7,361,0.0
index level,7,362,0.002066116437472232
index level,7,363,0.0
index level,7,364,-0.001032524614188901
index level,7,365,0.0
index level,7,366,0.001032524614188901
index level,7,367,0.0
index level,7,368,0.0
index level,7,369,0.0030911925696726072
index level,7,370,-0.0010293361691138259
index level,7,371,0.0010293361691138259
index level,7,372,0.0
index level,7,373,-0.0030911925696726072
index level,7,374,0.0010314596066622883
index level,7,375,-0.00309757604413452
index level,7,376,0.002066116437472232
index level,7,377,0.0
index level,7,378,-0.001032524614188901
index level,7,379,0.0
index level,7,380,-0.0010335918232833308
index level,7,381,0.0
index level,7,382,0.0
index level,7,383,0.0010335918232833308
index level,7,384,-0.004140792666031956
index level,7,385,0.004140792666031956
index level,7,386,-0.0020682530640598884
index level,7,387,-0.0020725396019720677
index level,7,388,-0.001037882812419788
index level,7,389,0.0
index level,7,390,0.0
index level,7,391,0.0
index level,7,392,0.0
index level,7,393,0.001037882812419788
index level,7,394,0.0
index level,7,395,0.0010368067284405313
index level,7,396,0.0010357328735315363
index level,7,397,0.0010346612407765576
index level,7,398,-0.002070394114308094
index level,7,399,0.0
index level,7,400,0.0031039859375914247
index level,7,401,-0.0010335918232833308
index level,7,402,0.0
index level,7,403,0.002066116437472232
index level,7,404,-0.001032524614188901
index level,7,405,0.001032524614188901
index level,7,406,0.0
index level,7,407,0.0
index level,7,408,0.0
index level,7,409,0.0020618564005587814
index level,7,410,0.0
index level,7,411,-0.0030943810147476825
index level,7,412,0.0
index level,7,413,0.001032524614188901
index level,7,414,0.0030911925696726072
index level,7,415,0.0
index level,7,416,-0.0010293361691138259
index level,7,417,0.0010293361691138259
index level,7,418,-0.0010293361691138259
index level,7,419,-0.001030396793896493
index level,7,420,0.002059732963010319
index level,7,421,-0.002059732963010319
index level,7,422,0.002059732963010319
index level,7,423,0.0
index level,7,424,0.001028277725565907
index level,7,425,0.0
index level,7,426,0.0
index level,7,427,0.0
index level,7,428,-0.001028277725565907
index level,7,429,-0.0010293361691138259
index level,7,430,-0.001030396793896493
index level,7,431,0.0
index level,7,432,0.0
index level,7,433,-0.0020639842208511894
index level,7,434,0.0
index level,7,435,0.0030943810147476825
index level,7,436,-0.001030396793896493
index level,7,437,0.003088010688576226
index level,7,438,0.0
index level,7,439,-0.001028277725565907
index level,7,440,0.001028277725565907
index level,7,441,-0.001028277725565907
index level,7,442,0.0
index level,7,443,-0.002059732963010319
index level,7,444,0.00411523214510634
index level,7,445,0.002051282770557883
index level,7,446,-0.002051282770557883
index level,7,447,0.0010261673553122463
index level,7,448,-0.0010261673553122463
index level,7,449,0.002051282770557883
index level,7,450,0.0
index level,7,451,-0.0010251154152456365
index level,7,452,0.0010251154152456365
index level,7,453,0.0
index level,7,454,0.0
index level,7,455,-0.0010251154152456365
index level,7,456,0.0010251154152456365
index level,7,457,0.0010240656296902628
index level,7,458,0.0
index level,7,459,-0.0020491810449358994
index level,7,460,0.0020491810449358994
index level,7,461,0.0
index level,7,462,0.0
index level,7,463,0.0020449904877271052
index level,7,464,0.001020929134107007
index level,7,465,0.0
index level,7,466,0.0
index level,7,467,-0.001020929134107007
index level,7,468,0.0
index level,7,469,0.001020929134107007
index level,7,470,0.0010198879007461414
index level,7,471,0.0
index level,7,472,0.0020366605818029626
index level,7,473,0.0
index level,7,474,0.0010167769050868358
index level,7,475,-0.0010167769050868358
index level,7,476,0.0020325210249225734
index level,7,477,-0.0010157441198357375
index level,7,478,0.0030441423812286317
index level,7,479,-0.0010136848308466284
index level,7,480,-0.0010147134305462657
index level,7,481,0.002028398261392894
index level,7,482,0.0
index level,7,483,0.0020242921892306143
index level,7,484,0.0010106115059231868
index level,7,485,-0.0010106115059231868
index level,7,486,0.0020202027072757645
index level,7,487,0.0
index level,7,488,0.0
index level,7,489,0.0020161297151846114
index level,7,490,0.0020120731134198877
index level,7,491,-0.0020120731134198877
index level,7,492,0.004020105916665351
index level,7,493,0.0
index level,7,494,0.002004008686715686
index level,7,495,0.0
index level,7,496,0.0020000006666665016
index level,7,497,0.0009985023295895346
index level,7,498,0.0
index level,7,499,0.00298953884836628
index level,7,500,0.0029806281381379307
index level,7,501,-0.0009925559127514916
index level,7,502,0.0019841276350467396
index level,7,503,0.001980198666862165
index level,7,504,0.0009886308269395627
index level,7,505,0.0009876544012721311
index level,7,506,0.0
index level,7,507,-0.001976285228211694
index level,7,508,0.0049334091179558115
index level,7,509,0.0009837679101325492
index level,7,510,-0.0009837679101325492
index level,7,511,0.0029484050842976117
index level,7,512,-0.0009818361122571062
index level,7,513,0.002942621054197403
index level,7,514,0.002933987434787788
index level,7,515,-0.000977039647826139
index level,7,516,0.0019531256208820125
index level,7,517,0.0
index level,7,518,0.002922554442601921
index level,7,519,-0.0038986404156577947
index level,7,520,0.0029254043291055964
index level,7,521,-0.000974184197843897
index level,7,522,0.0019474202843960953
index level,7,523,0.0009722898189385987
index level,7,524,0.0
index level,7,525,-0.001945525905490797
index level,7,526,0.001945525905490797
index level,7,527,0.0
index level,7,528,0.0019417481829107075
index level,7,529,0.0
index level,7,530,-0.0009704027932784243
index level,7,531,0.0009704027932784243
index level,7,532,0.0
index level,7,533,0.0019379851026783967
index level,7,534,0.0009675859487359162
index level,7,535,0.001932367751053654
index level,7,536,0.0009647854100993669
index level,7,537,0.0
index level,7,538,-0.0009647854100993669
index level,7,539,0.0009647854100993669
index level,7,540,0.0
index level,7,541,0.0009638554963062873
index level,7,542,0.0
index level,7,543,0.002886004889135485
index level,7,544,0.0009601536983430137
index level,7,545,0.000959232687460343
index level,7,546,0.0
index level,7,547,0.0028721896240959666
index level,7,548,0.0019102202561187553
index level,7,549,0.0
index level,7,550,0.0009537435153097462
index level,7,551,0.0028557849013584047
index level,7,552,-0.0009510224207041063
index level,7,553,0.0
index level,7,554,0.0
index level,7,555,0.0009510224207041063
index level,7,556,0.0
index level,7,557,0.000950118836319902
index level,7,558,0.0009492169673324113
index level,7,559,0.0
index level,7,560,0.0009483168088593175
index level,7,561,-0.0009483168088593175
index level,7,562,0.002842256768929907
index level,7,563,-0.0018939399600705897
index level,7,564,0.0018939399600705897
index level,7,565,0.002834201235875078
index level,7,566,-0.001888574687868072
index level,7,567,0.002831526195738121
index level,7,568,0.0
index level,8,0,0.0
index level,8,1,-0.0010075567602996216
index level,8,2,-0.0010085729548849898
index level,8,3,0.0
index level,8,4,0.0020161297151846114
index level,8,5,-0.0020161297151846114
index level,8,6,-0.003031836582120029
index level,8,7,0.002022245380767451
index level,8,8,0.0
index level,8,9,0.0
index level,8,10,-0.0010106115059231868
index level,8,11,-0.0020242921892306143
index level,8,12,0.0020242921892306143
index level,8,13,0.0
index level,8,14,-0.0030379770200772427
index level,8,15,-0.0010147134305462657
index level,8,16,0.0
index level,8,17,-0.0020325210249225734
index level,8,18,0.0020325210249225734
index level,8,19,0.0
index level,8,20,-0.0020325210249225734
index level,8,21,-0.003056548482549104
index level,8,22,0.003056548482549104
index level,8,23,-0.0010178117927006625
index level,8,24,-0.0020387366898484416
index level,8,25,0.0010198879007461414
index level,8,26,-0.0020408170348531485
index level,8,27,0.001020929134107007
index level,8,28,-0.0030659196218341123
index level,8,29,-0.0020491810449358994
index level,8,30,0.0020491810449358994
index level,8,31,-0.0020491810449358994
index level,8,32,0.0
index level,8,33,-0.0020533888118423604
index level,8,34,0.003078504227087997
index level,8,35,-0.00513611812176773
index level,8,36,0.0
index level,8,37,-0.0020618564005587814
index level,8,38,-0.002066116437472232
index level,8,39,0.0
index level,8,40,0.0
index level,8,41,-0.002070394114308094
index level,8,42,-0.0020746895408603194
index level,8,43,-0.002079002827833243
index level,8,44,-0.0020833340868540162
index level,8,45,0.0
index level,8,46,0.0
index level,8,47,-0.002087683430484155
index level,8,48,-0.0010454784015525576
index level,8,49,-0.0010465725706714224
index level,8,50,0.0
index level,8,51,-0.0010476690324434657
index level,8,52,0.0
index level,8,53,-0.001048767794085137
index level,8,54,-0.00210084110881148
index level,8,55,0.0
index level,8,56,0.0
index level,8,57,-0.002105263935462176
index level,8,58,-0.001054296354905837
index level,8,59,0.0
index level,8,60,-0.0010554090689440798
index level,8,61,0.0
index level,8,62,0.0
index level,8,63,0.002109705423849917
index level,8,64,-0.002109705423849917
index level,8,65,0.0
index level,8,66,0.0010554090689440798
index level,8,67,-0.0010554090689440798
index level,8,68,0.0010554090689440798
index level,8,69,0.001054296354905837
index level,8,70,0.0
index level,8,71,-0.001054296354905837
index level,8,72,-0.0010554090689440798
index level,8,73,0.0
index level,8,74,0.0
index level,8,75,-0.003172927040577811
index level,8,76,0.001058761348242676
index level,8,77,0.0
index level,8,78,-0.002118644860285457
index level,8,79,0.0
index level,8,80,0.0
index level,8,81,0.0
index level,8,82,-0.0021231430480774804
index level,8,83,0.0010621349909829547
index level,8,84,-0.0021253993123133696
index level,8,85,0.0
index level,8,86,0.0
index level,8,87,0.0
index level,8,88,-0.001064396055786787
index level,8,89,0.0
index level,8,90,0.0
index level,8,91,-0.003200002730670448
index level,8,92,0.004264398786457235
index level,8,93,-0.001064396055786787
index level,8,94,-0.002132196969840905
index level,8,95,0.0
index level,8,96,-0.0010678057608295433
index level,8,97,0.0
index level,8,98,0.0
index level,8,99,0.0
index level,8,100,0.0
index level,8,101,-0.001068947188905156
index level,8,102,0.001068947188905156
index level,8,103,0.0
index level,8,104,-0.001068947188905156
index level,8,105,0.0
index level,8,106,-0.001070091059844458
index level,8,107,-0.002143623543251927
index level,8,108,0.0
index level,8,109,0.0010723861617529806
index level,8,110,-0.0021459235702767643
index level,8,111,0.0
index level,8,112,-0.0021505384632289903
index level,8,113,0.0
index level,8,114,-0.0010770060276374949
index level,8,115,0.0010770060276374949
index level,8,116,-0.0021551732479831998
index level,8,117,0.0
index level,8,118,0.0
index level,8,119,-0.0010793309196754919
index level,8,120,-0.0010804971337545766
index level,8,121,-0.0010816658707408777
index level,8,122,0.003241493924170946
index level,8,123,0.0
index level,8,124,-0.0021598280534300685
index level,8,125,0.0032379952737757733
index level,8,126,0.0010770060276374949
index level,8,127,-0.0010770060276374949
index level,8,128,0.0
index level,8,129,-0.0010781672203457049
index level,8,130,0.0010781672203457049
index level,8,131,0.0
index level,8,132,-0.0010781672203457049
index level,8,133,-0.003241493924170946
index level,8,134,0.0010816658707408777
index level,8,135,-0.0010816658707408777
index level,8,136,0.0
index level,8,137,0.0
index level,8,138,0.0010816658707408777
index level,8,139,0.0032379952737757733
index level,8,140,-0.0010781672203457049
index level,8,141,0.0
index level,8,142,0.0010781672203457049
index level,8,143,0.0010770060276374949
index level,8,144,0.0
index level,8,145,0.0
index level,8,146,0.0
index level,8,147,0.0
index level,8,148,0.0010758473334631091
index level,8,149,-0.0010758473334631091
index level,8,150,0.0
index level,8,151,0.0
index level,8,152,0.0
index level,8,153,0.0010758473334631091
index level,8,154,0.0010746911297658812
index level,8,155,0.0010735374085237837
index level,8,156,-0.0010735374085237837
index level,8,157,0.0021459235702767643
index level,8,158,-0.0010723861617529806
index level,8,159,0.0
index level,8,160,-0.002148228538289665
index level,8,161,0.0010746911297658812
index level,8,162,0.0021459235702767643
index level,8,163,0.0
index level,8,164,0.0
index level,8,165,0.0
index level,8,166,0.0010712373814989462
index level,8,167,0.001070091059844458
index level,8,168,-0.001070091059844458
index level,8,169,0.001070091059844458
index level,8,170,-0.001070091059844458
index level,8,171,0.002139038248749614
index level,8,172,0.0010678057608295433
index level,8,173,0.0010666667678025377
index level,8,174,0.0
index level,8,175,-0.0010666667678025377
index level,8,176,0.003196593025627692
index level,8,177,0.001063264321330415
index level,8,178,0.0
index level,8,179,0.0021231430480774804
index level,8,180,-0.0021231430480774804
index level,8,181,0.004241787908362937
index level,8,182,0.0
index level,8,183,0.002114165692335135
index level,8,184,0.0
index level,8,185,0.002109705423849917
index level,8,186,-0.002109705423849917
index level,8,187,0.0
index level,8,188,0.004214969359312093
index level,8,189,0.0
index level,8,190,0.0
index level,8,191,0.00210084110881148
index level,8,192,-0.0010498688628359787
index level,8,193,-0.001050972245975501
index level,8,194,0.0031496089028966168
index level,8,195,0.0010476690324434657
index level,8,196,-0.0010476690324434657
index level,8,197,0.0
index level,8,198,0.002094241603114888
index level,8,199,-0.0010465725706714224
index level,8,200,0.00209205097222398
index level,8,201,0.0
index level,8,202,0.002087683430484155
index level,8,203,0.0
index level,8,204,0.0020833340868540162
index level,8,205,-0.0020833340868540162
index level,8,206,0.001042209578443476
index level,8,207,0.003120127336243783
index level,8,208,-0.0010389611324193027
index level,8,209,-0.0020811662038244805
index level,8,210,0.004158010148663571
index level,8,211,0.0010368067284405313
index level,8,212,0.0
index level,8,213,0.0010357328735315363
index level,8,214,0.0020682530640598884
index level,8,215,0.001032524614188901
index level,8,216,0.0020618564005587814
index level,8,217,0.0010293361691138259
index level,8,218,-0.0010293361691138259
index level,8,219,0.0010293361691138259
index level,8,220,0.002055499182096021
index level,8,221,0.002051282770557883
index level,8,222,0.0010240656296902628
index level,8,223,0.0
index level,8,224,-0.0020491810449358994
index level,8,225,0.0020491810449358994
index level,8,226,0.0
index level,8,227,-0.0020491810449358994
index level,8,228,0.0010251154152456365
index level,8,229,0.0
index level,8,230,0.0010240656296902628
index level,8,231,0.0
index level,8,232,0.0
index level,8,233,-0.0010240656296902628
index level,8,234,0.002047083621724788
index level,8,235,0.0020429016297995872
index level,8,236,0.0
index level,8,237,0.0
index level,8,238,-0.001020929134107007
index level,8,239,0.0020408170348531485
index level,8,240,-0.0010198879007461414
index level,8,241,0.0010198879007461414
index level,8,242,0.0
index level,8,243,0.0
index level,8,244,0.0
index level,8,245,0.0
index level,8,246,0.0030534374868897984
index level,8,247,0.0
index level,8,248,-0.0010167769050868358
index level,8,249,0.0
index level,8,250,-0.0010178117927006625
index level,8,251,0.0010178117927006625
index level,8,252,0.0010167769050868358
index level,8,253,0.0010157441198357375
index level,8,254,-0.0020325210249225734
index level,8,255,0.0010167769050868358
index level,8,256,0.0
index level,8,257,0.0020304575503820033
index level,8,258,0.0010136848308466284
index level,8,259,0.0
index level,8,260,0.00101265831438635
index level,8,261,0.0
index level,8,262,-0.00101265831438635
index level,8,263,-0.0030441423812286317
index level,8,264,0.0
index level,8,265,-0.0010167769050868358
index level,8,266,0.0010167769050868358
index level,8,267,-0.0010167769050868358
index level,8,268,0.0
index level,8,269,-0.0020366605818029626
index level,8,270,-0.0010198879007461414
index level,8,271,0.0010198879007461414
index level,8,272,-0.0010198879007461414
index level,8,273,0.0010198879007461414
index level,8,274,-0.0010198879007461414
index level,8,275,0.0
index level,8,276,0.0
index level,8,277,0.0010198879007461414
index level,8,278,-0.0010198879007461414
index level,8,279,0.0010198879007461414
index level,8,280,0.0020366605818029626
index level,8,281,-0.0010178117927006625
index level,8,282,-0.0020387366898484416
index level,8,283,0.0
index level,8,284,0.0
index level,8,285,0.0
index level,8,286,0.0
index level,8,287,0.0
index level,8,288,0.0
index level,8,289,-0.001020929134107007
index level,8,290,0.0
index level,8,291,0.0
index level,8,292,0.0
index level,8,293,0.0020408170348531485
index level,8,294,0.0
index level,8,295,0.0
index level,8,296,-0.0010198879007461414
index level,8,297,0.0010198879007461414
index level,8,298,0.0
index level,8,299,0.0
index level,8,300,0.0030534374868897984
index level,8,301,0.0
index level,8,302,0.0
index level,8,303,0.0
index level,8,304,-0.0010167769050868358
index level,8,305,0.0020325210249225734
index level,8,306,0.0
index level,8,307,-0.0020325210249225734
index level,8,308,0.0
index level,8,309,-0.003056548482549104
index level,8,310,0.0020387366898484416
index level,8,311,-0.0020387366898484416
index level,8,312,0.0
index level,8,313,0.0
index level,8,314,-0.001020929134107007
index level,8,315,0.001020929134107007
index level,8,316,-0.001020929134107007
index level,8,317,0.0
index level,8,318,0.0020408170348531485
index level,8,319,-0.0010198879007461414
index level,8,320,0.0
index level,8,321,0.0
index level,8,322,0.0
index level,8,323,0.0
index level,8,324,0.0
index level,8,325,0.0
index level,8,326,0.0
index level,8,327,0.0010198879007461414
index level,8,328,-0.0010198879007461414
index level,8,329,0.0
index level,8,330,-0.001020929134107007
index level,8,331,0.0
index level,8,332,0.0
index level,8,333,0.0
index level,8,334,0.0
index level,8,335,-0.0020449904877271052
index level,8,336,0.0
index level,8,337,0.001023017992034525
index level,8,338,0.0
index level,8,339,0.0020429016297995872
index level,8,340,-0.001020929134107007
index level,8,341,-0.0020449904877271052
index level,8,342,-0.0010240656296902628
index level,8,343,0.0010240656296902628
index level,8,344,-0.0020491810449358994
index level,8,345,0.0
index level,8,346,0.0010251154152456365
index level,8,347,-0.0010251154152456365
index level,8,348,-0.0020533888118423604
index level,8,349,-0.001028277725565907
index level,8,350,0.001028277725565907
index level,8,351,0.0
index level,8,352,0.0
index level,8,353,-0.002057613894679733
index level,8,354,0.0
index level,8,355,0.0
index level,8,356,0.0010293361691138259
index level,8,357,-0.0010293361691138259
index level,8,358,0.0010293361691138259
index level,8,359,0.001028277725565907
index level,8,360,0.0
index level,8,361,0.0
index level,8,362,-0.002057613894679733
index level,8,363,0.002057613894679733
index level,8,364,0.0
index level,8,365,-0.002057613894679733
index level,8,366,0.002057613894679733
index level,8,367,0.0
index level,8,368,0.0
index level,8,369,0.003078504227087997
index level,8,370,0.0
index level,8,371,0.0
index level,8,372,0.0010240656296902628
index level,8,373,0.0
index level,8,374,0.0
index level,8,375,0.001023017992034525
index level,8,376,0.0010219724956925802
index level,8,377,0.0
index level,8,378,0.0
index level,8,379,-0.0020449904877271052
index level,8,380,0.004085807522580254
index level,8,381,0.0
index level,8,382,0.0
index level,8,383,0.0010188487891023001
index level,8,384,0.0
index level,8,385,0.0010178117927006625
index level,8,386,0.0010167769050868358
index level,8,387,-0.0010167769050868358
index level,8,388,0.0
index level,8,389,0.0010167769050868358
index level,8,390,0.0010157441198357375
index level,8,391,-0.0010157441198357375
index level,8,392,0.0010157441198357375
index level,8,393,0.0
index level,8,394,0.0010147134305462657
index level,8,395,0.0020263431452329783
index level,8,396,0.0
index level,8,397,0.0
index level,8,398,0.0010116338748442644
index level,8,399,0.0010106115059231868
index level,8,400,0.0
index level,8,401,0.0010095912013525776
index level,8,402,0.0
index level,8,403,0.0020161297151846114
index level,8,404,-0.0010075567602996216
index level,8,405,0.0010075567602996216
index level,8,406,0.0
index level,8,407,0.0020120731134198877
index level,8,408,0.0
index level,8,409,-0.0020120731134198877
index level,8,410,0.004020105916665351
index level,8,411,-0.002008032803245463
index level,8,412,0.002008032803245463
index level,8,413,0.002004008686715686
index level,8,414,0.0
index level,8,415,0.0
index level,8,416,0.0020000006666665016
index level,8,417,0.0
index level,8,418,-0.0009995003330836028
index level,8,419,0.0009995003330836028
index level,8,420,0.0009985023295895346
index level,8,421,0.001994018606864323
index level,8,422,-0.0029925209364538574
index level,8,423,0.0039880411779558145
index level,8,424,0.0009945301665084116
index level,8,425,0.0009935420588780275
index level,8,426,-0.001988072225386439
index level,8,427,0.0029806281381379307
index level,8,428,0.0
index level,8,429,-0.001986097971629519
index level,8,430,0.0009935420588780275
index level,8,431,0.0029747171167429087
index level,8,432,0.0
index level,8,433,0.0
index level,8,434,0.00296589441337769
index level,8,435,0.0
index level,8,436,0.0
index level,8,437,0.0019723872272043863
index level,8,438,0.0019685045726722805
index level,8,439,-0.0009837679101325492
index level,8,440,-0.0009847366625397314
index level,8,441,0.003933141746837343
index level,8,442,0.0009808730555915801
index level,8,443,-0.0009808730555915801
index level,8,444,0.0029397375409248028
index level,8,445,0.0
index level,8,446,0.0029311208088591556
index level,8,447,0.001949318356049723
index level,8,448,0.0009732360865521983
index level,8,449,-0.0009732360865521983
index level,8,450,0.00291687129512308
index level,8,451,0.0
index level,8,452,0.0009704027932784243
index level,8,453,0.003872221682509114
index level,8,454,0.0
index level,8,455,0.0019305025300582201
index level,8,456,0.001926782869699828
index level,8,457,-0.003857285399758048
index level,8,458,0.0057803629154999925
index level,8,459,0.0019193863858033566
index level,8,460,-0.0019193863858033566
index level,8,461,0.003835095783942144
index level,8,462,0.0
index level,8,463,0.0019120464716255725
index level,8,464,0.000954654010450362
index level,8,465,0.0009537435153097462
index level,8,466,0.0009528347552718586
index level,8,467,0.0
index level,8,468,0.002853068982406448
index level,8,469,0.0009492169673324113
index level,8,470,0.002842256768929907
index level,8,471,0.0018903597311688003
index level,8,472,0.0028288562004776807
index level,8,473,-0.0009420631879013541
index level,8,474,0.0018832397279648916
index level,8,475,0.0018796998015782052
index level,8,476,-0.0009394082419360572
index level,8,477,0.0009394082419360572
index level,8,478,0.0018761731582275232
index level,8,479,0.0009367682183869519
index level,8,480,0.0
index level,8,481,0.0009358915049046956
index level,8,482,0.0
index level,8,483,-0.0009358915049046956
index level,8,484,0.003738322110606873
index level,8,485,-0.000933271182998574
index level,8,486,0.0027972046210615886
index level,8,487,0.0009306654929526204
index level,8,488,0.0009298001599669092
index level,8,489,0.0009289364346587448
index level,8,490,-0.0009289364346587448
index level,8,491,0.0027842245364047002
index level,8,492,-0.0018552881017459555
index level,8,493,0.0027816429618772176
index level,8,494,-0.0009263548601312621
index level,8,495,0.0018518523810735488
index level,8,496,0.0
index level,8,497,-0.0009254975209422867
index level,8,498,-0.0009263548601312621
index level,8,499,0.0009263548601312621
index level,8,500,-0.0009263548601312621
index level,8,501,0.0009263548601312621
index level,8,502,0.0
index level,8,503,0.0009254975209422867
index level,8,504,-0.0009254975209422867
index level,8,505,-0.0009263548601312621
index level,8,506,0.0018518523810735488
index level,8,507,0.0009246417672184037
index level,8,508,0.0
index level,8,509,-0.0009246417672184037
index level,8,510,0.0009246417672184037
index level,8,511,0.0018467225931653175
index level,8,512,0.0
index level,8,513,0.0
index level,8,514,0.0
index level,8,515,-0.0009229349986012991
index level,8,516,0.0009229349986012991
index level,8,517,-0.0027713643603837212
index level,8,518,-0.0009254975209422867
index level,8,519,0.0
index level,8,520,0.0
index level,8,521,0.0
index level,8,522,0.0009254975209422867
index level,8,523,0.0
index level,8,524,0.0
index level,8,525,0.0
index level,8,526,-0.0009254975209422867
index level,8,527,0.0009254975209422867
index level,8,528,0.0027713643603837212
index level,8,529,-0.0009229349986012991
index level,8,530,0.0009229349986012991
index level,8,531,0.0
index level,8,532,0.0
index level,8,533,0.0009220839749684018
index level,8,534,0.0
index level,8,535,0.0
index level,8,536,0.0009212345193203575
index level,8,537,-0.0018433184942887593
index level,8,538,0.002763705121617832
index level,8,539,-0.0009203866273290728
index level,8,540,-0.0009212345193203575
index level,8,541,0.002761161441327431
index level,8,542,-0.0018399269220070735
index level,8,543,0.0
index level,8,544,0.002758622439079872
index level,8,545,-0.001838235811750799
index level,8,546,0.001838235811750799
index level,8,547,0.0018348629001101457
index level,8,548,-0.0009170106098812525
index level,8,549,0.0009170106098812525
index level,8,550,0.0009161704717799424
index level,8,551,0.0
index level,8,552,0.002743485945750912
index level,8,553,-0.0009136592686749268
index level,8,554,0.0009136592686749268
index level,8,555,0.0018248180246285273
index level,8,556,0.0018214941283911656
index level,8,557,0.0009095043828404314
index level,8,558,0.0027235604670412528
index level,8,559,0.0009062075835375438
index level,8,560,-0.0009062075835375438
index level,8,561,0.0036199134551342382
index level,8,562,0.0027063615977427347
index level,8,563,0.00269905696916517
index level,8,564,0.0008980692116846711
index level,8,565,0.0035842332278148703
index level,8,566,0.002679769357115447
index level,8,567,0.0035618915663606643
index level,8,568,0.0008884940611153525
index level,9,0,0.0
index level,9,1,0.0020408170348531485
index level,9,2,0.0030534374868897984
index level,9,3,-0.0010167769050868358
index level,9,4,0.0
index level,9,5,0.0020325210249225734
index level,9,6,0.0
index level,9,7,0.0
index level,9,8,-0.004069181606725536
index level,9,9,0.00711023818250478
index level,9,10,-0.005073577600701817
index level,9,11,0.0
index level,9,12,-0.0010178117927006625
index level,9,13,-0.0020387366898484416
index level,9,14,0.0010198879007461414
index level,9,15,0.0020366605818029626
index level,9,16,0.0020325210249225734
index level,9,17,0.0
index level,9,18,0.0010147134305462657
index level,9,19,0.0010136848308466284
index level,9,20,-0.0010136848308466284
index level,9,21,0.0020263431452329783
index level,9,22,-0.00101265831438635
index level,9,23,0.00101265831438635
index level,9,24,0.0010116338748442644
index level,9,25,0.0
index level,9,26,0.0
index level,9,27,0.0
index level,9,28,0.0
index level,9,29,0.0010106115059231868
index level,9,30,0.0020181641562375674
index level,9,31,-0.0020181641562375674
index level,9,32,0.0
index level,9,33,0.0
index level,9,34,0.0010095912013525776
index level,9,35,0.0010085729548849898
index level,9,36,0.0
index level,9,37,-0.0010085729548849898
index level,9,38,-0.0020202027072757645
index level,9,39,-0.0020242921892306143
index level,9,40,0.0
index level,9,41,0.00101265831438635
index level,9,42,0.003031836582120029
index level,9,43,0.0
index level,9,44,-0.0010095912013525776
index level,9,45,0.003025720916537189
index level,9,46,0.0
index level,9,47,0.0
index level,9,48,0.0
index level,9,49,0.0
index level,9,50,0.0020120731134198877
index level,9,51,0.0
index level,9,52,-0.0020120731134198877
index level,9,53,-0.0010075567602996216
index level,9,54,0.0
index level,9,55,-0.0030287756621607542
index level,9,56,0.0020202027072757645
index level,9,57,0.0010085729548849898
index level,9,58,0.0030196298737195093
index level,9,59,0.0
index level,9,60,0.0
index level,9,61,-0.0020120731134198877
index level,9,62,0.0
index level,9,63,0.0010065426114014286
index level,9,64,0.001005530502018459
index level,9,65,0.0
index level,9,66,0.002008032803245463
index level,9,67,-0.0010035123772400567
index level,9,68,-0.0010045204260054064
index level,9,69,0.0
index level,9,70,0.0010045204260054064
index level,9,71,0.00200601872686601
index level,9,72,-0.0010025063496259534
index level,9,73,0.0
index level,9,74,0.0030045090202985847
index level,9,75,0.0009995003330836028
index level,9,76,-0.0009995003330836028
index level,9,77,0.0009995003330836028
index level,9,78,0.0009985023295895346
index level,9,79,0.000997506317125918
index level,9,80,0.0
index level,9,81,0.001992032531240362
index level,9,82,-0.00298953884836628
index level,9,83,0.000997506317125918
index level,9,84,0.0009965122897384049
index level,9,85,-0.0009965122897384049
index level,9,86,0.0
index level,9,87,-0.0019960086467154525
index level,9,88,0.0009985023295895346
index level,9,89,0.000997506317125918
index level,9,90,0.003980104756626801
index level,9,91,-0.002983592466888396
index level,9,92,0.000995520241501957
index level,9,93,0.001988072225386439
index level,9,94,-0.002983592466888396
index level,9,95,0.0019900504080103687
index level,9,96,0.0
index level,9,97,0.0
index level,9,98,-0.0019900504080103687
index level,9,99,0.000995520241501957
index level,9,100,-0.000995520241501957
index level,9,101,0.000995520241501957
index level,9,102,0.0009945301665084116
index level,9,103,0.0
index level,9,104,-0.0009945301665084116
index level,9,105,-0.000995520241501957
index level,9,106,-0.0009965122897384049
index level,9,107,-0.000997506317125918
index level,9,108,0.0
index level,9,109,0.004977611073752719
index level,9,110,-0.003980104756626801
index level,9,111,-0.000997506317125918
index level,9,112,-0.0009985023295895346
index level,9,113,-0.0009995003330836028
index level,9,114,-0.0010005003335828988
index level,9,115,0.0020000006666665016
index level,9,116,-0.0020000006666665016
index level,9,117,0.0020000006666665016
index level,9,118,-0.0020000006666665016
index level,9,119,0.0
index level,9,120,0.0
index level,9,121,-0.0010015023370897325
index level,9,122,-0.00200601872686601
index level,9,123,0.0010035123772400567
index level,9,124,-0.0010035123772400567
index level,9,125,0.00200601872686601
index level,9,126,0.0
index level,9,127,-0.0010025063496259534
index level,9,128,-0.0010035123772400567
index level,9,129,0.0
index level,9,130,0.004008021397538641
index level,9,131,0.0009995003330836028
index level,9,132,-0.0009995003330836028
index level,9,133,-0.0010005003335828988
index level,9,134,0.0
index level,9,135,0.0010005003335828988
index level,9,136,0.0
index level,9,137,-0.0010005003335828988
index level,9,138,0.0
index level,9,139,0.0010005003335828988
index level,9,140,-0.0010005003335828988
index level,9,141,0.0020000006666665016
index level,9,142,0.0
index level,9,143,0.0
index level,9,144,-0.0009995003330836028
index level,9,145,0.0
index level,9,146,-0.0010005003335828988
index level,9,147,0.0020000006666665016
index level,9,148,-0.0009995003330836028
index level,9,149,-0.0010005003335828988
index level,9,150,0.0010005003335828988
index level,9,151,-0.0010005003335828988
index level,9,152,0.0020000006666665016
index level,9,153,0.0
index level,9,154,-0.005007521730622244
index level,9,155,0.0
index level,9,156,0.0
index level,9,157,0.0010035123772400567
index level,9,158,-0.0010035123772400567
index level,9,159,0.0
index level,9,160,-0.003016593539425294
index level,9,161,0.003016593539425294
index level,9,162,-0.0010045204260054064
index level,9,163,0.0
index level,9,164,-0.0030196298737195093
index level,9,165,0.0020140993717010502
index level,9,166,0.0
index level,9,167,0.001005530502018459
index level,9,168,-0.004028202828604499
index level,9,169,0.0
index level,9,170,0.0020161297151846114
index level,9,171,-0.0020161297151846114
index level,9,172,0.0010085729548849898
index level,9,173,-0.0010085729548849898
index level,9,174,0.0
index level,9,175,0.0
index level,9,176,-0.0010095912013525776
index level,9,177,-0.0010106115059231868
index level,9,178,-0.0020242921892306143
index level,9,179,0.0020242921892306143
index level,9,180,-0.0020242921892306143
index level,9,181,-0.002028398261392894
index level,9,182,0.002028398261392894
index level,9,183,-0.002028398261392894
index level,9,184,-0.0020325210249225734
index level,9,185,0.0040609192863154675
index level,9,186,-0.002028398261392894
index level,9,187,0.002028398261392894
index level,9,188,-0.0040609192863154675
index level,9,189,0.0
index level,9,190,0.0010167769050868358
index level,9,191,-0.0010167769050868358
index level,9,192,-0.004077477616656111
index level,9,193,0.001020929134107007
index level,9,194,-0.001020929134107007
index level,9,195,-0.0010219724956925802
index level,9,196,0.0
index level,9,197,-0.001023017992034525
index level,9,198,0.0030659196218341123
index level,9,199,-0.005115100666770012
index level,9,200,0.0
index level,9,201,0.0020491810449358994
index level,9,202,-0.0010240656296902628
index level,9,203,-0.003078504227087997
index level,9,204,0.0020533888118423604
index level,9,205,-0.0010261673553122463
index level,9,206,-0.003084835351209847
index level,9,207,0.002057613894679733
index level,9,208,-0.002057613894679733
index level,9,209,-0.0020618564005587814
index level,9,210,0.0
index level,9,211,0.0
index level,9,212,-0.002066116437472232
index level,9,213,0.0
index level,9,214,-0.0031072008427486253
index level,9,215,-0.001037882812419788
index level,9,216,0.0
index level,9,217,-0.0010389611324193027
index level,9,218,0.0010389611324193027
index level,9,219,-0.002079002827833243
index level,9,220,-0.0020833340868540162
index level,9,221,0.0
index level,9,222,-0.0031331618320367127
index level,9,223,0.002089864919458506
index level,9,224,-0.0031364374901299286
index level,9,225,0.0
index level,9,226,0.004179734402708135
index level,9,227,0.0
index level,9,228,-0.0031331618320367127
index level,9,229,0.0010454784015525576
index level,9,230,-0.004188487798752583
index level,9,231,-0.0010498688628359787
index level,9,232,0.0010498688628359787
index level,9,233,0.004188487798752583
index level,9,234,-0.004188487798752583
index level,9,235,0.001048767794085137
index level,9,236,0.0010476690324434657
index level,9,237,-0.004197277935340082
index level,9,238,0.0
index level,9,239,-0.002105263935462176
index level,9,240,0.0
index level,9,241,0.002105263935462176
index level,9,242,-0.002105263935462176
index level,9,243,-0.002109705423849917
index level,9,244,0.002109705423849917
index level,9,245,0.0
index level,9,246,-0.002109705423849917
index level,9,247,-0.003172927040577811
index level,9,248,0.0
index level,9,249,0.001058761348242676
index level,9,250,-0.0031796529173799826
index level,9,251,0.0010610080570945257
index level,9,252,0.0010598835120427808
index level,9,253,0.001058761348242676
index level,9,254,-0.001058761348242676
index level,9,255,0.0
index level,9,256,0.0
index level,9,257,0.004228336109521891
index level,9,258,-0.0021119332031442895
index level,9,259,-0.003176286418420382
index level,9,260,0.002118644860285457
index level,9,261,-0.002118644860285457
index level,9,262,0.003176286418420382
index level,9,263,-0.0021164029063776013
index level,9,264,0.005282632464427728
index level,9,265,-0.002109705423849917
index level,9,266,0.002109705423849917
index level,9,267,0.002105263935462176
index level,9,268,-0.002105263935462176
index level,9,269,0.0
index level,9,270,0.002105263935462176
index level,9,271,-0.002105263935462176
index level,9,272,0.0
index level,9,273,0.0
index level,9,274,-0.002109705423849917
index level,9,275,0.0
index level,9,276,-0.003172927040577811
index level,9,277,0.0
index level,9,278,0.0
index level,9,279,0.003172927040577811
index level,9,280,-0.004232810552620592
index level,9,281,0.0010598835120427808
index level,9,282,-0.0010598835120427808
index level,9,283,0.0
index level,9,284,-0.0021231430480774804
index level,9,285,0.0010621349909829547
index level,9,286,-0.0010621349909829547
index level,9,287,0.0021231430480774804
index level,9,288,0.0010598835120427808
index level,9,289,-0.0021208915691373065
index level,9,290,0.0010610080570945257
index level,9,291,-0.0031864073694078954
index level,9,292,0.001063264321330415
index level,9,293,0.0010621349909829547
index level,9,294,-0.0021253993123133696
index level,9,295,0.0021253993123133696
index level,9,296,-0.0021253993123133696
index level,9,297,-0.0021299262578251543
index level,9,298,0.0031931905791555693
index level,9,299,-0.004259857346958107
index level,9,300,0.0
index level,9,301,0.004259857346958107
index level,9,302,0.0021231430480774804
index level,9,303,0.002118644860285457
index level,9,304,0.0010576415581349252
index level,9,305,0.0
index level,9,306,0.0021119332031442895
index level,9,307,-0.0010554090689440798
index level,9,308,0.0
index level,9,309,0.002109705423849917
index level,9,310,0.0
index level,9,311,0.0010531859846585334
index level,9,312,-0.0010531859846585334
index level,9,313,0.0
index level,9,314,0.002105263935462176
index level,9,315,0.0
index level,9,316,-0.003159560290368013
index level,9,317,0.005260401399179493
index level,9,318,0.0020964368265286026
index level,9,319,-0.0010476690324434657
index level,9,320,0.0010476690324434657
index level,9,321,0.0010465725706714224
index level,9,322,-0.005243850506011505
index level,9,323,0.00210084110881148
index level,9,324,0.0020964368265286026
index level,9,325,-0.0010476690324434657
index level,9,326,0.002094241603114888
index level,9,327,0.0
index level,9,328,0.0010454784015525576
index level,9,329,0.0
index level,9,330,0.0
index level,9,331,0.0
index level,9,332,0.0
index level,9,333,-0.0010454784015525576
index level,9,334,0.0010454784015525576
index level,9,335,0.003129893008927631
index level,9,336,0.0010411245084105403
index level,9,337,0.0
index level,9,338,-0.004171017517338171
index level,9,339,0.002087683430484155
index level,9,340,0.0031233757822679564
index level,9,341,-0.0010400416954139402
index level,9,342,0.0
index level,9,343,0.002079002827833243
index level,9,344,0.0020746895408603194
index level,9,345,-0.0020746895408603194
index level,9,346,-0.0010389611324193027
index level,9,347,0.004149383546811158
index level,9,348,-0.0020725396019720677
index level,9,349,0.0
index level,9,350,0.0031072008427486253
index level,9,351,0.0
index level,9,352,0.002066116437472232
index level,9,353,0.0020618564005587814
index level,9,354,0.0
index level,9,355,0.0
index level,9,356,0.0
index level,9,357,0.0
index level,9,358,0.0
index level,9,359,-0.001030396793896493
index level,9,360,-0.0010314596066622883
index level,9,361,0.0030911925696726072
index level,9,362,0.0
index level,9,363,0.001028277725565907
index level,9,364,-0.001028277725565907
index level,9,365,0.0
index level,9,366,-0.0010293361691138259
index level,9,367,0.00513611812176773
index level,9,368,-0.002051282770557883
index level,9,369,0.0
index level,9,370,-0.003084835351209847
index level,9,371,-0.0020618564005587814
index level,9,372,-0.001032524614188901
index level,9,373,0.0
index level,9,374,0.0
index level,9,375,0.0030943810147476825
index level,9,376,0.0
index level,9,377,0.0010293361691138259
index level,9,378,-0.002059732963010319
index level,9,379,-0.0020639842208511894
index level,9,380,0.004123717183861508
index level,9,381,0.0
index level,9,382,0.0
index level,9,383,-0.0010293361691138259
index level,9,384,-0.0020618564005587814
index level,9,385,0.0
index level,9,386,0.0
index level,9,387,0.0
index level,9,388,-0.001032524614188901
index level,9,389,0.0
index level,9,390,0.001032524614188901
index level,9,391,-0.001032524614188901
index level,9,392,0.0020639842208511894
index level,9,393,-0.0020639842208511894
index level,9,394,0.001032524614188901
index level,9,395,-0.002066116437472232
index level,9,396,0.0
index level,9,397,0.0
index level,9,398,0.0010335918232833308
index level,9,399,-0.0020682530640598884
index level,9,400,0.0
index level,9,401,-0.0020725396019720677
index level,9,402,0.0
index level,9,403,0.0010368067284405313
index level,9,404,0.0
index level,9,405,-0.0010368067284405313
index level,9,406,0.0010368067284405313
index level,9,407,0.002070394114308094
index level,9,408,0.0
index level,9,409,0.0010335918232833308
index level,9,410,0.0
index level,9,411,-0.0010335918232833308
index level,9,412,0.002066116437472232
index level,9,413,-0.001032524614188901
index level,9,414,0.0
index level,9,415,0.001032524614188901
index level,9,416,0.0
index level,9,417,0.0030911925696726072
index level,9,418,-0.0010293361691138259
index level,9,419,0.0010293361691138259
index level,9,420,0.001028277725565907
index level,9,421,-0.001028277725565907
index level,9,422,0.001028277725565907
index level,9,423,0.0
index level,9,424,-0.001028277725565907
index level,9,425,0.002055499182096021
index level,9,426,0.002051282770557883
index level,9,427,-0.003078504227087997
index level,9,428,0.0020533888118423604
index level,9,429,0.0010251154152456365
index level,9,430,-0.0010251154152456365
index level,9,431,0.0020491810449358994
index level,9,432,-0.0010240656296902628
index level,9,433,0.0051098731522705165
index level,9,434,-0.0010198879007461414
index level,9,435,-0.0030659196218341123
index level,9,436,-0.0020491810449358994
index level,9,437,-0.0020533888118423604
index level,9,438,0.0
index level,9,439,-0.002057613894679733
index level,9,440,0.002057613894679733
index level,9,441,0.003078504227087997
index level,9,442,-0.00513611812176773
index level,9,443,0.0010293361691138259
index level,9,444,-0.002059732963010319
index level,9,445,-0.0020639842208511894
index level,9,446,0.0020639842208511894
index level,9,447,0.001030396793896493
index level,9,448,-0.001030396793896493
index level,9,449,-0.0020639842208511894
index level,9,450,-0.0010335918232833308
index level,9,451,0.0010335918232833308
index level,9,452,-0.0010335918232833308
index level,9,453,0.0
index level,9,454,-0.0010346612407765576
index level,9,455,0.0020682530640598884
index level,9,456,-0.0020682530640598884
index level,9,457,-0.0010357328735315363
index level,9,458,-0.0010368067284405313
index level,9,459,0.0
index level,9,460,-0.001037882812419788
index level,9,461,-0.0010389611324193027
index level,9,462,-0.0010400416954139402
index level,9,463,0.0
index level,9,464,0.0
index level,9,465,0.0
index level,9,466,0.0
index level,9,467,-0.0031266309994322228
index level,9,468,0.0010432969125782066
index level,9,469,-0.002087683430484155
index level,9,470,-0.0010454784015525576
index level,9,471,-0.0010465725706714224
index level,9,472,0.00209205097222398
index level,9,473,-0.00209205097222398
index level,9,474,-0.0020964368265286026
index level,9,475,0.0020964368265286026
index level,9,476,0.0
index level,9,477,-0.0031463056893645813
index level,9,478,0.0020986366569211157
index level,9,479,0.0010476690324434657
index level,9,480,0.0
index level,9,481,-0.0010476690324434657
index level,9,482,-0.004201686853700259
index level,9,483,0.0
index level,9,484,-0.0031628914085084503
index level,9,485,0.002109705423849917
index level,9,486,0.002105263935462176
index level,9,487,-0.007387896399889904
index level,9,488,0.0
index level,9,489,0.001058761348242676
index level,9,490,-0.001058761348242676
index level,9,491,-0.0010598835120427808
index level,9,492,0.0
index level,9,493,-0.0031864073694078954
index level,9,494,0.001063264321330415
index level,9,495,0.003183026560120261
index level,9,496,-0.003183026560120261
index level,9,497,-0.001063264321330415
index level,9,498,-0.001064396055786787
index level,9,499,0.0
index level,9,500,-0.0010655302020383672
index level,9,501,-0.002134472528632081
index level,9,502,-0.001068947188905156
index level,9,503,0.0021367529497346993
index level,9,504,-0.0021367529497346993
index level,9,505,0.0
index level,9,506,-0.003213714603096385
index level,9,507,-0.0010735374085237837
index level,9,508,-0.0010746911297658812
index level,9,509,-0.0010758473334631091
index level,9,510,-0.0010770060276374949
index level,9,511,0.0
index level,9,512,0.0
index level,9,513,-0.0010781672203457049
index level,9,514,0.0
index level,9,515,0.0021551732479831998
index level,9,516,-0.0021551732479831998
index level,9,517,0.0010781672203457049
index level,9,518,-0.0010781672203457049
index level,9,519,0.0021551732479831998
index level,9,520,0.0010758473334631091
index level,9,521,0.0010746911297658812
index level,9,522,-0.003227544490866485
index level,9,523,0.0010770060276374949
index level,9,524,-0.0010770060276374949
index level,9,525,-0.0010781672203457049
index level,9,526,0.0021551732479831998
index level,9,527,-0.0010770060276374949
index level,9,528,0.0010770060276374949
index level,9,529,-0.0010770060276374949
index level,9,530,-0.0010781672203457049
index level,9,531,0.0
index level,9,532,0.0
index level,9,533,-0.0021598280534300685
index level,9,534,0.0
index level,9,535,-0.0010816658707408777
index level,9,536,-0.001082837138831394
index level,9,537,0.0021645030095722717
index level,9,538,-0.0021645030095722717
index level,9,539,0.0032450001433268483
index level,9,540,0.0021574981400211968
index level,9,541,0.0010770060276374949
index level,9,542,-0.0010770060276374949
index level,9,543,0.0010770060276374949
index level,9,544,-0.0010770060276374949
index level,9,545,-0.0032379952737757733
index level,9,546,-0.0021645030095722717
index level,9,547,0.0
index level,9,548,0.0
index level,9,549,0.001082837138831394
index level,9,550,-0.002166848085090045
index level,9,551,-0.0010851873012871494
index level,9,552,-0.0021739138996199614
index level,9,553,0.0010875476873994927
index level,9,554,-0.002176279422595684
index level,9,555,0.0010887317351961912
index level,9,556,0.0010875476873994927
index level,9,557,0.0
index level,9,558,-0.002176279422595684
index level,9,559,-0.0010899183640260546
index level,9,560,-0.0043715916614956996
index level,9,561,0.0
index level,9,562,-0.002192983335010723
index level,9,563,0.0032876741941922916
index level,9,564,-0.004385971943254852
index level,9,565,-0.0010995053334168503
index level,9,566,-0.001100715576185074
index level,9,567,-0.0033094349013671476
index level,9,568,-0.004429686091588891
index level,10,0,0.001980198666862165
index level,10,1,-0.002971770389157413
index level,10,2,-0.0009925559127514916
index level,10,3,0.0
index level,10,4,0.0
index level,10,5,0.0
index level,10,6,0.0
index level,10,7,0.0009925559127514916
index level,10,8,0.000991571722295248
index level,10,9,0.0009905894816961691
index level,10,10,0.0
index level,10,11,-0.0009905894816961691
index level,10,12,0.001980198666862165
index level,10,13,0.0009886308269395627
index level,10,14,-0.0019782400121055588
index level,10,15,0.000989609185165996
index level,10,16,0.0009886308269395627
index level,10,17,0.0
index level,10,18,-0.0009886308269395627
index level,10,19,0.0009886308269395627
index level,10,20,0.0009876544012721311
index level,10,21,-0.0009876544012721311
index level,10,22,0.0009876544012721311
index level,10,23,-0.0009876544012721311
index level,10,24,-0.0009886308269395627
index level,10,25,0.0
index level,10,26,0.0
index level,10,27,0.0
index level,10,28,0.0
index level,10,29,0.0009886308269395627
index level,10,30,-0.0019782400121055588
index level,10,31,-0.001982161203991417
index level,10,32,0.0
index level,10,33,0.001982161203991417
index level,10,34,0.0019782400121055588
index level,10,35,0.0
index level,10,36,0.0
index level,10,37,0.0
index level,10,38,0.0
index level,10,39,0.0
index level,10,40,0.0
index level,10,41,0.0009876544012721311
index level,10,42,-0.001976285228211694
index level,10,43,0.0
index level,10,44,0.0
index level,10,45,0.0009886308269395627
index level,10,46,0.0
index level,10,47,0.0009876544012721311
index level,10,48,-0.0009876544012721311
index level,10,49,-0.0009886308269395627
index level,10,50,-0.001980198666862165
index level,10,51,-0.000991571722295248
index level,10,52,0.0
index level,10,53,0.0
index level,10,54,0.000991571722295248
index level,10,55,0.0009905894816961691
index level,10,56,-0.0009905894816961691
index level,10,57,0.001980198666862165
index level,10,58,0.0009886308269395627
index level,10,59,-0.0009886308269395627
index level,10,60,0.001976285228211694
index level,10,61,0.0
index level,10,62,-0.0009876544012721311
index level,10,63,0.0009876544012721311
index level,10,64,0.0
index level,10,65,0.0
index level,10,66,0.0
index level,10,67,0.0
index level,10,68,0.0019723872272043863
index level,10,69,0.0009847366625397314
index level,10,70,0.0
index level,10,71,0.0
index level,10,72,-0.0009847366625397314
index level,10,73,0.0
index level,10,74,0.0009847366625397314
index level,10,75,0.0
index level,10,76,0.0
index level,10,77,0.0009837679101325492
index level,10,78,0.0
index level,10,79,0.0
index level,10,80,0.0
index level,10,81,-0.0009837679101325492
index level,10,82,0.0009837679101325492
index level,10,83,0.0019646371741650626
index level,10,84,0.0
index level,10,85,-0.0009818361122571062
index level,10,86,0.0009818361122571062
index level,10,87,0.0009808730555915801
index level,10,88,-0.0009808730555915801
index level,10,89,0.0019607849419402967
index level,10,90,0.0
index level,10,91,0.000978952598984506
index level,10,92,-0.000978952598984506
index level,10,93,0.002933987434787788
index level,10,94,-0.000977039647826139
index level,10,95,0.000977039647826139
index level,10,96,0.0
index level,10,97,0.0
index level,10,98,-0.000977039647826139
index level,10,99,0.0029282597790878384
index level,10,100,0.0
index level,10,101,0.0
index level,10,102,0.0019474202843960953
index level,10,103,-0.002922554442601921
index level,10,104,-0.0009760859730558735
index level,10,105,0.004870930234596393
index level,10,106,-0.001945525905490797
index level,10,107,0.00291687129512308
index level,10,108,0.0009704027932784243
index level,10,109,-0.0019417481829107075
index level,10,110,0.0
index level,10,111,0.0019417481829107075
index level,10,112,0.0009694620245479513
index level,10,113,0.0009685230781304455
index level,10,114,0.0028999536997895703
index level,10,115,0.0
index level,10,116,0.0
index level,10,117,0.0
index level,10,118,0.0009647854100993669
index level,10,119,0.0
index level,10,120,0.0
index level,10,121,0.002888783905890868
index level,10,122,-0.0009620010361910403
index level,10,123,0.0009620010361910403
index level,10,124,0.0
index level,10,125,0.0
index level,10,126,0.0
index level,10,127,-0.0009620010361910403
index level,10,128,0.0019230775157419444
index level,10,129,0.0
index level,10,130,0.0009601536983430137
index level,10,131,-0.0009601536983430137
index level,10,132,0.0
index level,10,133,0.0019193863858033566
index level,10,134,-0.0019193863858033566
index level,10,135,-0.0009610764795509041
index level,10,136,0.0009610764795509041
index level,10,137,0.00287769982761521
index level,10,138,-0.003838776307166114
index level,10,139,-0.0009620010361910403
index level,10,140,0.0009620010361910403
index level,10,141,0.0
index level,10,142,0.0009610764795509041
index level,10,143,0.0
index level,10,144,0.0019193863858033566
index level,10,145,0.0009583134418118533
index level,10,146,0.0
index level,10,147,0.0
index level,10,148,0.0
index level,10,149,0.0
index level,10,150,0.0
index level,10,151,0.0
index level,10,152,0.0
index level,10,153,0.0009573959563269341
index level,10,154,0.0
index level,10,155,0.0
index level,10,156,0.0
index level,10,157,-0.0009573959563269341
index level,10,158,0.0009573959563269341
index level,10,159,0.0028667004820759345
index level,10,160,-0.000954654010450362
index level,10,161,-0.0028694424279525066
index level,10,162,0.0
index level,10,163,-0.0009583134418118533
index level,10,164,0.0
index level,10,165,0.0
index level,10,166,0.0009583134418118533
index level,10,167,-0.0009583134418118533
index level,10,168,-0.0028804628653542608
index level,10,169,0.0
index level,10,170,0.0009610764795509041
index level,10,171,0.0
index level,10,172,0.0
index level,10,173,0.0
index level,10,174,-0.0009610764795509041
index level,10,175,0.0009610764795509041
index level,10,176,-0.0019230775157419444
index level,10,177,0.0
index level,10,178,0.0
index level,10,179,0.0009620010361910403
index level,10,180,-0.0009620010361910403
index level,10,181,0.0009620010361910403
index level,10,182,0.0
index level,10,183,-0.0009620010361910403
index level,10,184,0.0
index level,10,185,0.0
index level,10,186,0.0
index level,10,187,0.0009620010361910403
index level,10,188,-0.0009620010361910403
index level,10,189,0.0
index level,10,190,0.0009620010361910403
index level,10,191,0.0
index level,10,192,0.0
index level,10,193,0.0
index level,10,194,0.0
index level,10,195,0.0
index level,10,196,0.0009610764795509041
index level,10,197,0.0
index level,10,198,0.0
index level,10,199,0.0019193863858033566
index level,10,200,0.0009583134418118533
index level,10,201,0.0
index level,10,202,-0.0009583134418118533
index level,10,203,0.0019157093981387874
index level,10,204,0.0
index level,10,205,-0.0019157093981387874
index level,10,206,0.0028721896240959666
index level,10,207,0.0
index level,10,208,-0.0009564802259571792
index level,10,209,0.0019120464716255725
index level,10,210,0.0
index level,10,211,0.0019083975257601082
index level,10,212,0.0
index level,10,213,-0.0019083975257601082
index level,10,214,0.0019083975257601082
index level,10,215,0.0019047624806542984
index level,10,216,-0.0019047624806542984
index level,10,217,0.0009528347552718586
index level,10,218,0.002853068982406448
index level,10,219,0.0
index level,10,220,-0.0019011412570240083
index level,10,221,0.0019011412570240083
index level,10,222,0.0018975337761917288
index level,10,223,0.0018939399600705897
index level,10,224,0.0
index level,10,225,0.0
index level,10,226,0.0018903597311688003
index level,10,227,0.0
index level,10,228,0.0028288562004776807
index level,10,229,-0.0018850146957714031
index level,10,230,0.0028261912358349406
index level,10,231,0.0
index level,10,232,0.0018796998015782052
index level,10,233,0.0
index level,10,234,0.0009385265822636768
index level,10,235,0.002810306299255494
index level,10,236,0.0
index level,10,237,0.0018691594227036035
index level,10,238,0.000933271182998574
index level,10,239,0.0
index level,10,240,0.002794598931015635
index level,10,241,0.001858736594625654
index level,10,242,0.0009280743125543722
index level,10,243,0.0018535686493228454
index level,10,244,0.0009254975209422867
index level,10,245,0.0
index level,10,246,0.0027713643603837212
index level,10,247,0.0
index level,10,248,0.0009220839749684018
index level,10,249,0.0
index level,10,250,-0.0009220839749684018
index level,10,251,0.0009220839749684018
index level,10,252,0.0
index level,10,253,-0.0009220839749684018
index level,10,254,0.0
index level,10,255,0.002763705121617832
index level,10,256,0.0009195402946780007
index level,10,257,0.0
index level,10,258,0.0
index level,10,259,0.0
index level,10,260,-0.0009195402946780007
index level,10,261,0.0
index level,10,262,-0.0009203866273290728
index level,10,263,0.0018399269220070735
index level,10,264,-0.0009195402946780007
index level,10,265,0.0
index level,10,266,0.0009195402946780007
index level,10,267,-0.0009195402946780007
index level,10,268,-0.0009203866273290728
index level,10,269,0.0
index level,10,270,-0.0009212345193203575
index level,10,271,0.002761161441327431
index level,10,272,-0.002761161441327431
index level,10,273,0.0018416211466494303
index level,10,274,0.0009195402946780007
index level,10,275,0.0009186955170727984
index level,10,276,0.0
index level,10,277,0.0
index level,10,278,-0.0009186955170727984
index level,10,279,0.0009186955170727984
index level,10,280,0.0
index level,10,281,-0.0009186955170727984
index level,10,282,0.0
index level,10,283,0.0009186955170727984
index level,10,284,-0.001838235811750799
index level,10,285,0.0
index level,10,286,-0.0009203866273290728
index level,10,287,0.0009203866273290728
index level,10,288,-0.0009203866273290728
index level,10,289,-0.0009212345193203575
index level,10,290,0.002761161441327431
index level,10,291,0.0
index level,10,292,0.0009186955170727984
index level,10,293,0.0
index level,10,294,0.002751033371890088
index level,10,295,-0.0009161704717799424
index level,10,296,0.0
index level,10,297,0.0018315023434682942
index level,10,298,0.0
index level,10,299,0.0
index level,10,300,0.0018281540740625601
index level,10,301,-0.0018281540740625601
index level,10,302,0.0018281540740625601
index level,10,303,0.0018248180246285273
index level,10,304,-0.0009119927672687211
index level,10,305,0.0009119927672687211
index level,10,306,0.0
index level,10,307,0.0018214941283911656
index level,10,308,0.0018181823190586144
index level,10,309,-0.0009086779362181829
index level,10,310,0.0027235604670412528
index level,10,311,-0.0009070295406425899
index level,10,312,0.003623192369420103
index level,10,313,0.0
index level,10,314,0.0
index level,10,315,-0.0009045681304273856
index level,10,316,0.0018083187567841108
index level,10,317,0.0018050546417303082
index level,10,318,-0.0009021200431380549
index level,10,319,0.002703922332401021
index level,10,320,0.0
index level,10,321,-0.0009004953332505394
index level,10,322,-0.0009013069560124265
index level,10,323,0.001801802289262966
index level,10,324,0.0008996851708973352
index level,10,325,0.0
index level,10,326,0.0
index level,10,327,0.0
index level,10,328,0.0008988764650172953
index level,10,329,0.0
index level,10,330,0.0017953326186743723
index level,10,331,0.0
index level,10,332,0.000896459047036835
index level,10,333,-0.000896459047036835
index level,10,334,0.000896459047036835
index level,10,335,0.0
index level,10,336,0.0
index level,10,337,0.0
index level,10,338,0.0
index level,10,339,0.0008956561279447328
index level,10,340,0.0
index level,10,341,-0.0017921151749815678
index level,10,342,0.0017921151749815678
index level,10,343,-0.0017921151749815678
index level,10,344,-0.0026942090836916677
index level,10,345,-0.0008996851708973352
index level,10,346,0.0
index level,10,347,-0.0009004953332505394
index level,10,348,0.0
index level,10,349,0.0
index level,10,350,-0.0018034269991504814
index level,10,351,0.0009021200431380549
index level,10,352,-0.0018050546417303082
index level,10,353,-0.0018083187567841108
index level,10,354,0.0018083187567841108
index level,10,355,-0.0027137058715966944
index level,10,356,0.0
index level,10,357,0.0
index level,10,358,-0.0009062075835375438
index level,10,359,0.0
index level,10,360,0.0
index level,10,361,-0.0027235604670412528
index level,10,362,0.0
index level,10,363,0.0
index level,10,364,0.0
index level,10,365,0.0
index level,10,366,-0.0018198367169857121
index level,10,367,0.0009103323341452807
index level,10,368,-0.0009103323341452807
index level,10,369,-0.000911161794245885
index level,10,370,-0.0009119927672687211
index level,10,371,0.002733486895659887
index level,10,372,-0.0009103323341452807
index level,10,373,0.0009103323341452807
index level,10,374,0.0
index level,10,375,0.0
index level,10,376,-0.0009103323341452807
index level,10,377,0.0018198367169857121
index level,10,378,-0.0009095043828404314
index level,10,379,0.0
index level,10,380,0.0
index level,10,381,0.0009095043828404314
index level,10,382,0.0
index level,10,383,0.0009086779362181829
index level,10,384,0.0027210901143606137
index level,10,385,-0.0009062075835375438
index level,10,386,0.0009062075835375438
index level,10,387,0.0009053871148125836
index level,10,388,0.0
index level,10,389,0.0
index level,10,390,0.0
index level,10,391,-0.0009053871148125836
index level,10,392,0.0009053871148125836
index level,10,393,-0.0009053871148125836
index level,10,394,0.0
index level,10,395,0.0
index level,10,396,0.0009053871148125836
index level,10,397,-0.0009053871148125836
index level,10,398,-0.0009062075835375438
index level,10,399,0.0
index level,10,400,0.0
index level,10,401,0.0
index level,10,402,-0.0027235604670412528
index level,10,403,0.0009086779362181829
index level,10,404,-0.0018181823190586144
index level,10,405,0.0
index level,10,406,0.0
index level,10,407,-0.0009103323341452807
index level,10,408,0.0
index level,10,409,0.0
index level,10,410,-0.001823154561514606
index level,10,411,0.0
index level,10,412,0.0
index level,10,413,-0.0009128252573598061
index level,10,414,0.0
index level,10,415,0.0009128252573598061
index level,10,416,0.0
index level,10,417,0.0
index level,10,418,0.0
index level,10,419,-0.0009128252573598061
index level,10,420,-0.0009136592686749268
index level,10,421,-0.0018298266770759852
index level,10,422,0.0009153318716883518
index level,10,423,-0.0009153318716883518
index level,10,424,0.0018298266770759852
index level,10,425,-0.0027459971488559276
index level,10,426,0.0
index level,10,427,0.0
index level,10,428,-0.0009170106098812525
index level,10,429,0.0
index level,10,430,-0.0018365478073016916
index level,10,431,0.0
index level,10,432,-0.0009195402946780007
index level,10,433,0.001838235811750799
index level,10,434,-0.001838235811750799
index level,10,435,0.0
index level,10,436,0.001838235811750799
index level,10,437,0.0
index level,10,438,0.0018348629001101457
index level,10,439,0.0009161704717799424
index level,10,440,0.0
index level,10,441,0.0009153318716883518
index level,10,442,0.0
index level,10,443,0.0
index level,10,444,-0.0018315023434682942
index level,10,445,0.0036596564175308544
index level,10,446,-0.0009136592686749268
index level,10,447,0.0
index level,10,448,0.0018264845260347329
index level,10,449,0.0
index level,10,450,-0.0018264845260347329
index level,10,451,0.0009136592686749268
index level,10,452,0.0
index level,10,453,0.0
index level,10,454,0.0009128252573598061
index level,10,455,-0.0009128252573598061
index level,10,456,0.0
index level,10,457,0.0018248180246285273
index level,10,458,0.0
index level,10,459,0.0
index level,10,460,0.000911161794245885
index level,10,461,0.0009103323341452807
index level,10,462,-0.0009103323341452807
index level,10,463,-0.000911161794245885
index level,10,464,0.002730998511231597
index level,10,465,0.0
index level,10,466,-0.0009095043828404314
index level,10,467,0.0
index level,10,468,0.0009095043828404314
index level,10,469,-0.0009095043828404314
index level,10,470,0.0009095043828404314
index level,10,471,0.0009086779362181829
index level,10,472,0.0
index level,10,473,-0.0009086779362181829
index level,10,474,-0.0018198367169857121
index level,10,475,0.0009103323341452807
index level,10,476,-0.0018214941283911656
index level,10,477,0.0018214941283911656
index level,10,478,-0.002733486895659887
index level,10,479,0.0009119927672687211
index level,10,480,-0.0009119927672687211
index level,10,481,-0.0009128252573598061
index level,10,482,-0.0018281540740625601
index level,10,483,0.0
index level,10,484,-0.0009153318716883518
index level,10,485,0.0009153318716883518
index level,10,486,0.0
index level,10,487,-0.0018315023434682942
index level,10,488,0.0
index level,10,489,0.0
index level,10,490,0.0009161704717799424
index level,10,491,0.0009153318716883518
index level,10,492,-0.0018315023434682942
index level,10,493,0.0
index level,10,494,0.0009161704717799424
index level,10,495,-0.0009161704717799424
index level,10,496,-0.002753558417182944
index level,10,497,0.0018365478073016916
index level,10,498,-0.0009178522902288933
index level,10,499,0.0009178522902288933
index level,10,500,0.0009170106098812525
index level,10,501,-0.002753558417182944
index level,10,502,0.0
index level,10,503,0.0009186955170727984
index level,10,504,0.002751033371890088
index level,10,505,-0.0018331810816611949
index level,10,506,-0.0027560881019796923
index level,10,507,0.0
index level,10,508,0.0
index level,10,509,0.0
index level,10,510,0.0
index level,10,511,-0.0018416211466494303
index level,10,512,0.0
index level,10,513,-0.0009220839749684018
index level,10,514,0.0009220839749684018
index level,10,515,0.0
index level,10,516,0.0018416211466494303
index level,10,517,-0.0036866401202191312
index level,10,518,0.0
index level,10,519,0.0009229349986012991
index level,10,520,-0.0009229349986012991
index level,10,521,0.0
index level,10,522,0.0009229349986012991
index level,10,523,-0.0009229349986012991
index level,10,524,0.0
index level,10,525,0.0036866401202191312
index level,10,526,0.001838235811750799
index level,10,527,0.0009178522902288933
index level,10,528,0.0009170106098812525
index level,10,529,0.0
index level,10,530,0.0009161704717799424
index level,10,531,0.0
index level,10,532,0.0
index level,10,533,0.0009153318716883518
index level,10,534,0.0
index level,10,535,0.0018281540740625601
index level,10,536,0.0
index level,10,537,0.0
index level,10,538,-0.0009136592686749268
index level,10,539,0.0
index level,10,540,0.002738477293303454
index level,10,541,0.0
index level,10,542,0.000911161794245885
index level,10,543,0.0009103323341452807
index level,10,544,0.0
index level,10,545,0.0009095043828404314
index level,10,546,-0.0009095043828404314
index level,10,547,0.0009095043828404314
index level,10,548,0.0027235604670412528
index level,10,549,-0.0009070295406425899
index level,10,550,-0.0009078529901804799
index level,10,551,0.0036264772291731973
index level,10,552,-0.0009053871148125836
index level,10,553,-0.0009062075835375438
index level,10,554,0.002716162828777513
index level,10,555,-0.0009045681304273856
index level,10,556,0.0018083187567841108
index level,10,557,0.0018050546417303082
index level,10,558,0.0
index level,10,559,0.0
index level,10,560,0.001801802289262966
index level,10,561,-0.0009004953332505394
index level,10,562,0.0009004953332505394
index level,10,563,0.0
index level,10,564,0.0008996851708973352
index level,10,565,0.0008988764650172953
index level,10,566,0.0
index level,10,567,0.0008980692116846711
index level,10,568,-0.0008980692116846711
index level,11,0,0.0
index level,11,1,0.0009713453896322832
index level,11,2,-0.001943635208570882
index level,11,3,-0.0009732360865521983
index level,11,4,0.0
index level,11,5,0.0
index level,11,6,0.0
index level,11,7,-0.0029254043291055964
index level,11,8,0.0029254043291055964
index level,11,9,-0.001949318356049723
index level,11,10,0.001949318356049723
index level,11,11,0.0
index level,11,12,0.0
index level,11,13,-0.001949318356049723
index level,11,14,0.0
index level,11,15,0.001949318356049723
index level,11,16,0.0009732360865521983
index level,11,17,-0.0009732360865521983
index level,11,18,-0.000974184197843897
index level,11,19,-0.0009751341582058259
index level,11,20,-0.0019531256208820125
index level,11,21,0.0
index level,11,22,0.000977039647826139
index level,11,23,0.0
index level,11,24,0.0
index level,11,25,-0.000977039647826139
index level,11,26,0.0
index level,11,27,0.0
index level,11,28,0.0
index level,11,29,-0.001956947786961649
index level,11,30,0.003910073407843662
index level,11,31,-0.0009760859730558735
index level,11,32,-0.000977039647826139
index level,11,33,0.0
index level,11,34,-0.0009779951879771431
index level,11,35,0.001955034835803282
index level,11,36,-0.000977039647826139
index level,11,37,0.0
index level,11,38,-0.002936859673310366
index level,11,39,0.0009799118863487166
index level,11,40,0.001956947786961649
index level,11,41,-0.003917732728901946
index level,11,42,0.0019607849419402967
index level,11,43,-0.0009799118863487166
index level,11,44,-0.0009808730555915801
index level,11,45,0.0019607849419402967
index level,11,46,-0.0009799118863487166
index level,11,47,-0.0019627091678486863
index level,11,48,0.0009818361122571062
index level,11,49,-0.0009818361122571062
index level,11,50,-0.0009828010619079564
index level,11,51,0.0009828010619079564
index level,11,52,-0.0019665689720405055
index level,11,53,-0.0009847366625397314
index level,11,54,0.0
index level,11,55,0.0
index level,11,56,0.0
index level,11,57,-0.0029600416284765174
index level,11,58,0.0009876544012721311
index level,11,59,0.0009866799024456085
index level,11,60,-0.0009866799024456085
index level,11,61,0.0019723872272043863
index level,11,62,0.0
index level,11,63,0.0019685045726722805
index level,11,64,0.0029455102297566427
index level,11,65,-0.0029455102297566427
index level,11,66,0.0
index level,11,67,0.0019646371741650626
index level,11,68,0.0009808730555915801
index level,11,69,-0.0009808730555915801
index level,11,70,0.0009808730555915801
index level,11,71,0.0009799118863487166
index level,11,72,0.0
index level,11,73,0.0
index level,11,74,0.001956947786961649
index level,11,75,0.0
index level,11,76,0.0
index level,11,77,0.000977039647826139
index level,11,78,-0.000977039647826139
index level,11,79,0.000977039647826139
index level,11,80,0.0
index level,11,81,0.0009760859730558735
index level,11,82,0.0
index level,11,83,0.0009751341582058259
index level,11,84,0.002919710103334694
index level,11,85,-0.0009722898189385987
index level,11,86,0.0009722898189385987
index level,11,87,0.0
index level,11,88,-0.0009722898189385987
index level,11,89,0.0009722898189385987
index level,11,90,0.0
index level,11,91,-0.0009722898189385987
index level,11,92,0.0009722898189385987
index level,11,93,0.0009713453896322832
index level,11,94,0.0009704027932784243
index level,11,95,-0.0019417481829107075
index level,11,96,0.0029112102074586588
index level,11,97,0.0009685230781304455
index level,11,98,-0.0019379851026783967
index level,11,99,0.003872221682509114
index level,11,100,-0.001934236579830717
index level,11,101,0.001934236579830717
index level,11,102,0.0
index level,11,103,-0.0009666506310948009
index level,11,104,0.002897153161153021
index level,11,105,-0.0019305025300582201
index level,11,106,0.0019305025300582201
index level,11,107,0.0038498603854417723
index level,11,108,0.0
index level,11,109,0.0
index level,11,110,0.0019193863858033566
index level,11,111,-0.000959232687460343
index level,11,112,0.000959232687460343
index level,11,113,0.0019157093981387874
index level,11,114,0.0
index level,11,115,0.0019120464716255725
index level,11,116,0.0
index level,11,117,0.000954654010450362
index level,11,118,0.0019065782705816048
index level,11,119,0.0009519277253824399
index level,11,120,0.0019011412570240083
index level,11,121,0.0
index level,11,122,0.0018975337761917288
index level,11,123,0.0
index level,11,124,-0.0009483168088593175
index level,11,125,0.002842256768929907
index level,11,126,-0.0009465216040309699
index level,11,127,0.0037807228399060477
index level,11,128,0.000942951507870049
index level,11,129,0.0
index level,11,130,0.0028235312876070395
index level,11,131,-0.0009402915596421479
index level,11,132,0.0018796998015782052
index level,11,133,-0.0009394082419360572
index level,11,134,0.0009394082419360572
index level,11,135,0.0018761731582275232
index level,11,136,0.0018726597232916475
index level,11,137,0.0
index level,11,138,0.0009350164309065434
index level,11,139,0.001867414174795634
index level,11,140,0.0
index level,11,141,0.0
index level,11,142,0.002794598931015635
index level,11,143,0.0009298001599669092
index level,11,144,0.0009289364346587448
index level,11,145,0.0009280743125543722
index level,11,146,0.0009272137891915833
index level,11,147,0.0018518523810735488
index level,11,148,0.0
index level,11,149,0.003693448335352123
index level,11,150,-0.0009220839749684018
index level,11,151,-0.0018467225931653175
index level,11,152,0.0009237875945640184
index level,11,153,0.0
index level,11,154,0.001845018973569701
index level,11,155,0.0009212345193203575
index level,11,156,-0.0009212345193203575
index level,11,157,0.0
index level,11,158,0.002761161441327431
index level,11,159,0.0009186955170727984
index level,11,160,-0.0009186955170727984
index level,11,161,0.0009186955170727984
index level,11,162,0.0
index level,11,163,0.0
index level,11,164,0.0018348629001101457
index level,11,165,-0.0009170106098812525
index level,11,166,0.0018331810816611949
index level,11,167,-0.0036697288889628865
index level,11,168,0.0018365478073016916
index level,11,169,0.0018331810816611949
index level,11,170,-0.0009161704717799424
index level,11,171,-0.0009170106098812525
index level,11,172,0.0009170106098812525
index level,11,173,0.0
index level,11,174,-0.0018348629001101457
index level,11,175,0.002751033371890088
index level,11,176,0.0
index level,11,177,0.0
index level,11,178,0.0009153318716883518
index level,11,179,-0.0009153318716883518
index level,11,180,0.0009153318716883518
index level,11,181,0.0
index level,11,182,-0.0018315023434682942
index level,11,183,0.0
index level,11,184,-0.002753558417182944
index level,11,185,0.0009186955170727984
index level,11,186,-0.0009186955170727984
index level,11,187,-0.0009195402946780007
index level,11,188,0.0009195402946780007
index level,11,189,-0.0009195402946780007
index level,11,190,0.0009195402946780007
index level,11,191,0.0
index level,11,192,0.0
index level,11,193,0.0036697288889628865
index level,11,194,0.0
index level,11,195,0.0
index level,11,196,0.0009153318716883518
index level,11,197,0.0
index level,11,198,0.0
index level,11,199,0.0
index level,11,200,0.0
index level,11,201,0.0018281540740625601
index level,11,202,0.0
index level,11,203,0.0009128252573598061
index level,11,204,0.0
index level,11,205,0.0
index level,11,206,0.0
index level,11,207,0.0
index level,11,208,0.0009119927672687211
index level,11,209,0.0
index level,11,210,0.0
index level,11,211,0.0018214941283911656
index level,11,212,0.0009095043828404314
index level,11,213,-0.0009095043828404314
index level,11,214,-0.0009103323341452807
index level,11,215,0.0018198367169857121
index level,11,216,0.0
index level,11,217,0.0009086779362181829
index level,11,218,0.0
index level,11,219,0.0
index level,11,220,0.0
index level,11,221,0.0
index level,11,222,0.0
index level,11,223,0.0
index level,11,224,0.0027210901143606137
index level,11,225,-0.0027210901143606137
index level,11,226,0.0018148825308230698
index level,11,227,0.0009062075835375438
index level,11,228,0.0
index level,11,229,-0.0009062075835375438
index level,11,230,0.0018115946983501274
index level,11,231,0.0
index level,11,232,0.0018083187567841108
index level,11,233,0.0
index level,11,234,0.0
index level,11,235,0.0018050546417303082
index level,11,236,0.0
index level,11,237,0.0
index level,11,238,0.001801802289262966
index level,11,239,0.0008996851708973352
index level,11,240,0.0008988764650172953
index level,11,241,0.0
index level,11,242,0.0
index level,11,243,0.0026917916657112073
index level,11,244,0.0008956561279447328
index level,11,245,0.0
index level,11,246,0.0
index level,11,247,0.0026821652199391366
index level,11,248,0.0
index level,11,249,0.0008924587830199116
index level,11,250,0.0017825316662829493
index level,11,251,0.0
index level,11,252,-0.0008908686558015688
index level,11,253,0.0017809443709948525
index level,11,254,-0.0008900757151932837
index level,11,255,-0.0008908686558015688
index level,11,256,0.0
index level,11,257,0.0
index level,11,258,0.0008908686558015688
index level,11,259,-0.0017825316662829493
index level,11,260,-0.002679769357115447
index level,11,261,0.0008940545968805225
index level,11,262,-0.0008940545968805225
index level,11,263,0.0008940545968805225
index level,11,264,0.0035682464265178737
index level,11,265,-0.0017825316662829493
index level,11,266,0.0017825316662829493
index level,11,267,0.0008900757151932837
index level,11,268,-0.002672607381476233
index level,11,269,0.0
index level,11,270,0.002672607381476233
index level,11,271,0.0
index level,11,272,0.0
index level,11,273,0.0008892841848844313
index level,11,274,0.0
index level,11,275,0.0
index level,11,276,-0.0008892841848844313
index level,11,277,0.0
index level,11,278,0.0008892841848844313
index level,11,279,0.0
index level,11,280,0.0008884940611153525
index level,11,281,0.0017746233583686433
index level,11,282,-0.003552401604368427
index level,11,283,0.0008892841848844313
index level,11,284,-0.001779359900077715
index level,11,285,0.0
index level,11,286,0.0
index level,11,287,0.0008900757151932837
index level,11,288,0.0008892841848844313
index level,11,289,-0.0008892841848844313
index level,11,290,-0.0008900757151932837
index level,11,291,0.0008900757151932837
index level,11,292,-0.0008900757151932837
index level,11,293,0.0008900757151932837
index level,11,294,-0.0008900757151932837
index level,11,295,-0.002674990449302861
index level,11,296,0.0
index level,11,297,0.0
index level,11,298,-0.0008932559772150128
index level,11,299,0.0
index level,11,300,0.0
index level,11,301,-0.0008940545968805225
index level,11,302,-0.0017905107737883341
index level,11,303,0.0017905107737883341
index level,11,304,-0.0017905107737883341
index level,11,305,0.0008956561279447328
index level,11,306,0.003574624002959048
index level,11,307,-0.0008924587830199116
index level,11,308,0.0
index level,11,309,-0.0035778213478838694
index level,11,310,0.0017905107737883341
index level,11,311,-0.0017905107737883341
index level,11,312,0.0
index level,11,313,-0.000896459047036835
index level,11,314,0.0
index level,11,315,0.0
index level,11,316,0.0
index level,11,317,0.0
index level,11,318,-0.0008972634069897012
index level,11,319,-0.0017969456767019665
index level,11,320,0.0008988764650172953
index level,11,321,0.0008980692116846711
index level,11,322,-0.0026966308475993017
index level,11,323,0.0
index level,11,324,-0.001801802289262966
index level,11,325,0.0
index level,11,326,0.0009013069560124265
index level,11,327,-0.0009013069560124265
index level,11,328,-0.0018050546417303082
index level,11,329,0.0
index level,11,330,-0.0009037506263567252
index level,11,331,-0.0009045681304273856
index level,11,332,0.002711253355376364
index level,11,333,-0.0009029345985922532
index level,11,334,0.0018050546417303082
index level,11,335,-0.004518760513327003
index level,11,336,0.0
index level,11,337,0.0009053871148125836
index level,11,338,0.0
index level,11,339,0.0
index level,11,340,0.0
index level,11,341,0.0
index level,11,342,-0.0018115946983501274
index level,11,343,0.0
index level,11,344,0.0009062075835375438
index level,11,345,-0.0009062075835375438
index level,11,346,0.0018115946983501274
index level,11,347,-0.0018115946983501274
index level,11,348,-0.0018148825308230698
index level,11,349,0.0
index level,11,350,-0.0018181823190586144
index level,11,351,0.0
index level,11,352,0.0
index level,11,353,0.0
index level,11,354,0.0
index level,11,355,-0.0018214941283911656
index level,11,356,0.0
index level,11,357,-0.0018248180246285273
index level,11,358,0.0
index level,11,359,0.0009128252573598061
index level,11,360,-0.0009128252573598061
index level,11,361,0.0
index level,11,362,-0.0009136592686749268
index level,11,363,-0.0009144948053876334
index level,11,364,-0.0009153318716883518
index level,11,365,0.0
index level,11,366,-0.0009161704717799424
index level,11,367,0.0018315023434682942
index level,11,368,-0.00366636524357844
index level,11,369,0.0
index level,11,370,0.0
index level,11,371,-0.001838235811750799
index level,11,372,0.0
index level,11,373,0.001838235811750799
index level,11,374,-0.001838235811750799
index level,11,375,0.001838235811750799
index level,11,376,0.0
index level,11,377,0.0018348629001101457
index level,11,378,0.0009161704717799424
index level,11,379,-0.0009161704717799424
index level,11,380,-0.0009170106098812525
index level,11,381,-0.0018365478073016916
index level,11,382,0.0
index level,11,383,0.0
index level,11,384,0.0
index level,11,385,0.0
index level,11,386,-0.0009195402946780007
index level,11,387,0.0
index level,11,388,0.0
index level,11,389,-0.002763705121617832
index level,11,390,0.0018433184942887593
index level,11,391,0.0018399269220070735
index level,11,392,0.0009186955170727984
index level,11,393,0.0
index level,11,394,0.0
index level,11,395,0.0018348629001101457
index level,11,396,0.0
index level,11,397,0.0009161704717799424
index level,11,398,-0.0009161704717799424
index level,11,399,0.0018315023434682942
index level,11,400,-0.0009153318716883518
index level,11,401,0.0009153318716883518
index level,11,402,-0.0009153318716883518
index level,11,403,0.0
index level,11,404,0.0009153318716883518
index level,11,405,0.0
index level,11,406,0.0
index level,11,407,-0.0009153318716883518
index level,11,408,0.0009153318716883518
index level,11,409,-0.0018315023434682942
index level,11,410,0.0009161704717799424
index level,11,411,0.0
index level,11,412,-0.0009161704717799424
index level,11,413,0.0
index level,11,414,0.0
index level,11,415,0.0
index level,11,416,0.0009161704717799424
index level,11,417,0.0018298266770759852
index level,11,418,-0.0009144948053876334
index level,11,419,-0.0009153318716883518
index level,11,420,0.0018298266770759852
index level,11,421,0.0009136592686749268
index level,11,422,0.0018248180246285273
index level,11,423,-0.0009119927672687211
index level,11,424,-0.0009128252573598061
index level,11,425,0.0018248180246285273
index level,11,426,0.0
index level,11,427,0.0018214941283911656
index level,11,428,0.0009095043828404314
index level,11,429,-0.0009095043828404314
index level,11,430,0.0
index level,11,431,0.0
index level,11,432,0.0
index level,11,433,0.0018181823190586144
index level,11,434,0.0
index level,11,435,0.0018148825308230698
index level,11,436,0.0009062075835375438
index level,11,437,0.0009053871148125836
index level,11,438,-0.0018115946983501274
index level,11,439,0.002716162828777513
index level,11,440,0.0009037506263567252
index level,11,441,0.0
index level,11,442,0.0018050546417303082
index level,11,443,0.0
index level,11,444,0.001801802289262966
index level,11,445,-0.0009004953332505394
index level,11,446,0.0009004953332505394
index level,11,447,0.0017985616359146306
index level,11,448,-0.0017985616359146306
index level,11,449,0.0
index level,11,450,0.0017985616359146306
index level,11,451,0.0
index level,11,452,0.0017953326186743723
index level,11,453,0.0
index level,11,454,0.0
index level,11,455,0.0017921151749815678
index level,11,456,-0.0017921151749815678
index level,11,457,0.002686969820825169
index level,11,458,0.0
index level,11,459,0.0017873105740955353
index level,11,460,0.0
index level,11,461,-0.0008932559772150128
index level,11,462,0.0
index level,11,463,0.0
index level,11,464,0.0008932559772150128
index level,11,465,0.002674990449302861
index level,11,466,-0.0008908686558015688
index level,11,467,0.0008908686558015688
index level,11,468,0.001779359900077715
index level,11,469,-0.0008892841848844313
index level,11,470,0.0008892841848844313
index level,11,471,0.0
index level,11,472,0.0008884940611153525
index level,11,473,-0.0017777782459997837
index level,11,474,0.004438533696025537
index level,11,475,0.0
index level,11,476,0.0008853475567249802
index level,11,477,0.0008845644097341676
index level,11,478,0.0
index level,11,479,0.0008837826470076138
index level,11,480,0.00088300226487803
index level,11,481,0.0
index level,11,482,0.0
index level,11,483,0.0017636688874969053
index level,11,484,0.0008806693655936115
index level,11,485,0.0008798944694392574
index level,11,486,0.0
index level,11,487,0.0
index level,11,488,0.0
index level,11,489,0.0
index level,11,490,0.0
index level,11,491,0.002635047638005261
index level,11,492,0.0
index level,11,493,-0.0008775779413596752
index level,11,494,0.0
index level,11,495,-0.0008783487609056451
index level,11,496,0.0008783487609056451
index level,11,497,-0.001757469696645586
index level,11,498,0.0
index level,11,499,0.0
index level,11,500,0.0
index level,11,501,0.000879120935739941
index level,11,502,-0.0017590154051791984
index level,11,503,0.0
index level,11,504,0.0
index level,11,505,-0.0008806693655936115
index level,11,506,0.0
index level,11,507,0.0
index level,11,508,-0.0008814456278063432
index level,11,509,0.0008814456278063432
index level,11,510,-0.0017636688874969053
index level,11,511,-0.00088300226487803
index level,11,512,0.0
index level,11,513,0.0
index level,11,514,0.00088300226487803
index level,11,515,-0.0017667849118856438
index level,11,516,-0.0008845644097341676
index level,11,517,-0.0008853475567249802
index level,11,518,0.0008853475567249802
index level,11,519,-0.0008853475567249802
index level,11,520,0.0017699119664591478
index level,11,521,-0.0017699119664591478
index level,11,522,-0.0008861320916571103
index level,11,523,-0.0008869180182280445
index level,11,524,0.0
index level,11,525,0.0
index level,11,526,-0.0017761994012559512
index level,11,527,0.0026631174194839957
index level,11,528,0.0
index level,11,529,0.0
index level,11,530,0.0008861320916571103
index level,11,531,0.0
index level,11,532,-0.0008861320916571103
index level,11,533,-0.0008869180182280445
index level,11,534,0.0
index level,11,535,0.0
index level,11,536,0.0008869180182280445
index level,11,537,-0.0008869180182280445
index level,11,538,0.0017730501098851548
index level,11,539,-0.0008861320916571103
index level,11,540,0.0
index level,11,541,0.0
index level,11,542,0.0008861320916571103
index level,11,543,0.0
index level,11,544,-0.0017730501098851548
index level,11,545,0.0
index level,11,546,0.0008869180182280445
index level,11,547,0.0
index level,11,548,-0.003552401604368427
index level,11,549,0.0
index level,11,550,0.0
index level,11,551,0.0
index level,11,552,0.0008892841848844313
index level,11,553,0.0
index level,11,554,-0.0008892841848844313
index level,11,555,0.0017777782459997837
index level,11,556,0.0017746233583686433
index level,11,557,-0.0026631174194839957
index level,11,558,0.0008884940611153525
index level,11,559,0.0017746233583686433
index level,11,560,0.0008861320916571103
index level,11,561,-0.0008861320916571103
index level,11,562,0.0
index level,11,563,0.0008861320916571103
index level,11,564,-0.0008861320916571103
index level,11,565,-0.0008869180182280445
index level,11,566,0.0008869180182280445
index level,11,567,-0.0008869180182280445
index level,11,568,0.0
index level,12,0,0.0
index level,12,1,-0.0010368067284405313
index level,12,2,0.0031072008427486253
index level,12,3,-0.0072652109914121965
index level,12,4,0.0010411245084105403
index level,12,5,0.002079002827833243
index level,12,6,-0.002079002827833243
index level,12,7,0.0010400416954139402
index level,12,8,0.0
index level,12,9,0.0010389611324193027
index level,12,10,-0.003120127336243783
index level,12,11,0.0010411245084105403
index level,12,12,-0.0020833340868540162
index level,12,13,0.005200219727107047
index level,12,14,0.0
index level,12,15,-0.0020768439448390907
index level,12,16,0.0
index level,12,17,0.0
index level,12,18,0.0010389611324193027
index level,12,19,0.001037882812419788
index level,12,20,-0.0020768439448390907
index level,12,21,-0.0010400416954139402
index level,12,22,0.002079002827833243
index level,12,23,-0.003120127336243783
index level,12,24,-0.001042209578443476
index level,12,25,0.0
index level,12,26,0.001042209578443476
index level,12,27,0.0
index level,12,28,-0.003129893008927631
index level,12,29,0.002087683430484155
index level,12,30,-0.0031331618320367127
index level,12,31,0.0031331618320367127
index level,12,32,-0.0031331618320367127
index level,12,33,0.0010454784015525576
index level,12,34,0.0
index level,12,35,0.0
index level,12,36,0.0
index level,12,37,-0.00209205097222398
index level,12,38,0.0
index level,12,39,0.0
index level,12,40,0.0
index level,12,41,-0.0031463056893645813
index level,12,42,0.0010498688628359787
index level,12,43,0.0
index level,12,44,0.0
index level,12,45,0.001048767794085137
index level,12,46,-0.001048767794085137
index level,12,47,-0.0010498688628359787
index level,12,48,0.0010498688628359787
index level,12,49,0.0020964368265286026
index level,12,50,0.0010465725706714224
index level,12,51,0.0010454784015525576
index level,12,52,0.0
index level,12,53,0.0
index level,12,54,-0.0010454784015525576
index level,12,55,0.0
index level,12,56,0.0031331618320367127
index level,12,57,-0.002087683430484155
index level,12,58,0.003129893008927631
index level,12,59,-0.001042209578443476
index level,12,60,-0.0031331618320367127
index level,12,61,-0.0010465725706714224
index level,12,62,0.0010465725706714224
index level,12,63,-0.0010465725706714224
index level,12,64,0.0010465725706714224
index level,12,65,0.0
index level,12,66,-0.002094241603114888
index level,12,67,-0.001048767794085137
index level,12,68,-0.0010498688628359787
index level,12,69,0.0
index level,12,70,0.0
index level,12,71,0.0
index level,12,72,0.0010498688628359787
index level,12,73,-0.0010498688628359787
index level,12,74,0.0031463056893645813
index level,12,75,0.0
index level,12,76,0.0
index level,12,77,0.00209205097222398
index level,12,78,-0.0010454784015525576
index level,12,79,-0.0010465725706714224
index level,12,80,0.0
index level,12,81,0.0
index level,12,82,-0.0020964368265286026
index level,12,83,0.0
index level,12,84,0.0
index level,12,85,-0.00210084110881148
index level,12,86,0.0
index level,12,87,0.0
index level,12,88,0.0
index level,12,89,-0.002105263935462176
index level,12,90,-0.001054296354905837
index level,12,91,0.0021074823395643705
index level,12,92,0.0010520779508036426
index level,12,93,0.0
index level,12,94,0.0
index level,12,95,-0.002105263935462176
index level,12,96,0.0
index level,12,97,0.002105263935462176
index level,12,98,-0.003159560290368013
index level,12,99,0.0021074823395643705
index level,12,100,-0.0010531859846585334
index level,12,101,-0.002109705423849917
index level,12,102,0.0
index level,12,103,0.0
index level,12,104,0.0
index level,12,105,0.0
index level,12,106,-0.0010565241342002096
index level,12,107,0.0010565241342002096
index level,12,108,0.0
index level,12,109,0.0010554090689440798
index level,12,110,0.0
index level,12,111,0.001054296354905837
index level,12,112,0.0
index level,12,113,0.0
index level,12,114,0.003156236181437677
index level,12,115,-0.001050972245975501
index level,12,116,0.00210084110881148
index level,12,117,0.0
index level,12,118,0.0
index level,12,119,-0.0010498688628359787
index level,12,120,0.0010498688628359787
index level,12,121,0.0020964368265286026
index level,12,122,-0.0010476690324434657
index level,12,123,0.0010476690324434657
index level,12,124,0.0
index level,12,125,0.0
index level,12,126,0.0
index level,12,127,0.0010465725706714224
index level,12,128,0.0010454784015525576
index level,12,129,-0.00209205097222398
index level,12,130,0.00209205097222398
index level,12,131,0.0
index level,12,132,0.0
index level,12,133,0.002087683430484155
index level,12,134,0.0
index level,12,135,0.0
index level,12,136,-0.002087683430484155
index level,12,137,0.003129893008927631
index level,12,138,-0.001042209578443476
index level,12,139,0.001042209578443476
index level,12,140,0.0010411245084105403
index level,12,141,0.0
index level,12,142,0.002079002827833243
index level,12,143,0.0
index level,12,144,-0.0010389611324193027
index level,12,145,0.003113650673279622
index level,12,146,0.0
index level,12,147,-0.0010368067284405313
index level,12,148,0.0010368067284405313
index level,12,149,0.002070394114308094
index level,12,150,0.0
index level,12,151,0.0
index level,12,152,0.0010335918232833308
index level,12,153,-0.0020682530640598884
index level,12,154,0.0010346612407765576
index level,12,155,0.002066116437472232
index level,12,156,0.0020618564005587814
index level,12,157,-0.004127972838031013
index level,12,158,0.004127972838031013
index level,12,159,-0.0020618564005587814
index level,12,160,0.0020618564005587814
index level,12,161,-0.0020618564005587814
index level,12,162,0.0030911925696726072
index level,12,163,-0.0010293361691138259
index level,12,164,0.002057613894679733
index level,12,165,0.0
index level,12,166,0.0
index level,12,167,0.0020533888118423604
index level,12,168,0.0020491810449358994
index level,12,169,0.0
index level,12,170,0.0
index level,12,171,0.0
index level,12,172,0.001023017992034525
index level,12,173,0.0010219724956925802
index level,12,174,0.0020408170348531485
index level,12,175,0.0010188487891023001
index level,12,176,-0.0010188487891023001
index level,12,177,0.0
index level,12,178,-0.0010198879007461414
index level,12,179,0.003056548482549104
index level,12,180,0.0020325210249225734
index level,12,181,0.002028398261392894
index level,12,182,-0.0010136848308466284
index level,12,183,0.0020263431452329783
index level,12,184,-0.00101265831438635
index level,12,185,0.0020242921892306143
index level,12,186,0.0020202027072757645
index level,12,187,0.0
index level,12,188,0.0
index level,12,189,0.0020161297151846114
index level,12,190,0.003016593539425294
index level,12,191,0.0
index level,12,192,-0.0010045204260054064
index level,12,193,0.0
index level,12,194,0.0010045204260054064
index level,12,195,0.0010035123772400567
index level,12,196,-0.0010035123772400567
index level,12,197,0.0
index level,12,198,0.0010035123772400567
index level,12,199,-0.0010035123772400567
index level,12,200,0.00200601872686601
index level,12,201,-0.00200601872686601
index level,12,202,0.0010035123772400567
index level,12,203,-0.0010035123772400567
index level,12,204,-0.0010045204260054064
index level,12,205,0.0030105391528714165
index level,12,206,-0.00200601872686601
index level,12,207,0.0010035123772400567
index level,12,208,0.0
index level,12,209,-0.0010035123772400567
index level,12,210,0.004008021397538641
index level,12,211,0.0
index level,12,212,-0.0030045090202985847
index level,12,213,-0.002008032803245463
index level,12,214,-0.0020120731134198877
index level,12,215,0.0020120731134198877
index level,12,216,-0.0020120731134198877
index level,12,217,0.003016593539425294
index level,12,218,0.0
index level,12,219,0.0010035123772400567
index level,12,220,0.0030045090202985847
index level,12,221,0.0
index level,12,222,-0.0010005003335828988
index level,12,223,0.0020000006666665016
index level,12,224,0.0
index level,12,225,0.0
index level,12,226,0.0
index level,12,227,0.0009985023295895346
index level,12,228,0.000997506317125918
index level,12,229,0.0009965122897384049
index level,12,230,0.000995520241501957
index level,12,231,0.0
index level,12,232,0.0
index level,12,233,0.0
index level,12,234,-0.000995520241501957
index level,12,235,0.002983592466888396
index level,12,236,-0.001988072225386439
index level,12,237,0.001988072225386439
index level,12,238,0.0
index level,12,239,-0.0009935420588780275
index level,12,240,0.001986097971629519
index level,12,241,0.0
index level,12,242,0.0
index level,12,243,0.0
index level,12,244,0.0
index level,12,245,-0.0009925559127514916
index level,12,246,-0.0009935420588780275
index level,12,247,0.0009935420588780275
index level,12,248,-0.0009935420588780275
index level,12,249,0.0009935420588780275
index level,12,250,-0.001988072225386439
index level,12,251,-0.000995520241501957
index level,12,252,-0.0009965122897384049
index level,12,253,0.0
index level,12,254,0.0
index level,12,255,-0.0019960086467154525
index level,12,256,-0.0009995003330836028
index level,12,257,0.0009995003330836028
index level,12,258,-0.0020000006666665016
index level,12,259,0.0020000006666665016
index level,12,260,-0.0009995003330836028
index level,12,261,0.0
index level,12,262,0.0
index level,12,263,0.0019980026626731373
index level,12,264,-0.002998502996256036
index level,12,265,0.004992521603120359
index level,12,266,-0.0029925209364538574
index level,12,267,0.0029925209364538574
index level,12,268,-0.0009965122897384049
index level,12,269,0.0
index level,12,270,0.0009965122897384049
index level,12,271,0.000995520241501957
index level,12,272,-0.000995520241501957
index level,12,273,0.002983592466888396
index level,12,274,-0.001988072225386439
index level,12,275,0.001988072225386439
index level,12,276,0.0009925559127514916
index level,12,277,0.0
index level,12,278,0.000991571722295248
index level,12,279,-0.000991571722295248
index level,12,280,0.000991571722295248
index level,12,281,0.002968829493801728
index level,12,282,-0.003960401216096976
index level,12,283,0.002971770389157413
index level,12,284,0.0
index level,12,285,0.001976285228211694
index level,12,286,-0.003956483895073859
index level,12,287,0.001980198666862165
index level,12,288,0.0009886308269395627
index level,12,289,0.0009876544012721311
index level,12,290,0.0009866799024456085
index level,12,291,0.001970443987298509
index level,12,292,-0.0009847366625397314
index level,12,293,0.0019685045726722805
index level,12,294,0.0
index level,12,295,0.0019646371741650626
index level,12,296,-0.0029484050842976117
index level,12,297,0.0049091900262379085
index level,12,298,0.0
index level,12,299,0.0
index level,12,300,0.001956947786961649
index level,12,301,0.0
index level,12,302,0.0019531256208820125
index level,12,303,0.0
index level,12,304,0.0009751341582058259
index level,12,305,-0.0009751341582058259
index level,12,306,0.0009751341582058259
index level,12,307,0.0019474202843960953
index level,12,308,0.002914038001849306
index level,12,309,0.0019379851026783967
index level,12,310,-0.0009685230781304455
index level,12,311,0.0019361090268663617
index level,12,312,0.0
index level,12,313,0.002897153161153021
index level,12,314,0.0
index level,12,315,0.001926782869699828
index level,12,316,0.0019230775157419444
index level,12,317,-0.0019230775157419444
index level,12,318,0.0019230775157419444
index level,12,319,0.0009601536983430137
index level,12,320,0.0028749420855991303
index level,12,321,0.0009564802259571792
index level,12,322,0.0028639637714285016
index level,12,323,0.0009528347552718586
index level,12,324,0.0009519277253824399
index level,12,325,0.0009510224207041063
index level,12,326,-0.0009510224207041063
index level,12,327,0.0028503582243564196
index level,12,328,0.0009483168088593175
index level,12,329,0.0018939399600705897
index level,12,330,0.0
index level,12,331,0.002834201235875078
index level,12,332,0.0
index level,12,333,0.0028261912358349406
index level,12,334,-0.0009411765400635375
index level,12,335,0.0028208763416417426
index level,12,336,-0.0009394082419360572
index level,12,337,-0.0009402915596421479
index level,12,338,0.0009402915596421479
index level,12,339,0.0009394082419360572
index level,12,340,-0.0018796998015782052
index level,12,341,0.0009402915596421479
index level,12,342,0.0009394082419360572
index level,12,343,0.0018761731582275232
index level,12,344,0.0009367682183869519
index level,12,345,-0.0018744147943507983
index level,12,346,-0.0009385265822636768
index level,12,347,-0.0018796998015782052
index level,12,348,0.0
index level,12,349,0.0009402915596421479
index level,12,350,0.0037523496185505323
index level,12,351,-0.0018744147943507983
index level,12,352,0.0009376465759638464
index level,12,353,0.0009367682183869519
index level,12,354,0.0
index level,12,355,0.0009358915049046956
index level,12,356,-0.0009358915049046956
index level,12,357,-0.0009367682183869519
index level,12,358,0.002807676154198191
index level,12,359,-0.001870907935811239
index level,12,360,0.0
index level,12,361,0.002805050927608299
index level,12,362,0.0018656721829497513
index level,12,363,0.0
index level,12,364,0.0
index level,12,365,0.0
index level,12,366,-0.0018656721829497513
index level,12,367,0.005586606708639863
index level,12,368,0.0
index level,12,369,0.0
index level,12,370,-0.001858736594625654
index level,12,371,0.001858736594625654
index level,12,372,-0.001858736594625654
index level,12,373,0.0009298001599669092
index level,12,374,0.0
index level,12,375,0.0
index level,12,376,-0.002791998091031367
index level,12,377,0.0
index level,12,378,0.0009315324381118373
index level,12,379,-0.0027972046210615886
index level,12,380,0.0
index level,12,381,0.000933271182998574
index level,12,382,-0.001867414174795634
index level,12,383,-0.0009350164309065434
index level,12,384,-0.0009358915049046956
index level,12,385,0.001870907935811239
index level,12,386,-0.0009350164309065434
index level,12,387,-0.0009358915049046956
index level,12,388,0.0
index level,12,389,-0.0009367682183869519
index level,12,390,0.0009367682183869519
index level,12,391,0.0
index level,12,392,0.001870907935811239
index level,12,393,-0.002807676154198191
index level,12,394,0.0009367682183869519
index level,12,395,0.002805050927608299
index level,12,396,0.0
index level,12,397,0.0
index level,12,398,-0.0009341429917970601
index level,12,399,0.0
index level,12,400,0.0009341429917970601
index level,12,401,0.0
index level,12,402,-0.002805050927608299
index level,12,403,-0.0009367682183869519
index level,12,404,-0.0009376465759638464
index level,12,405,-0.0009385265822636768
index level,12,406,0.0009385265822636768
index level,12,407,0.0
index level,12,408,-0.0009385265822636768
index level,12,409,0.0009385265822636768
index level,12,410,-0.0009385265822636768
index level,12,411,0.002812941376614475
index level,12,412,-0.0009367682183869519
index level,12,413,-0.0009376465759638464
index level,12,414,0.0018744147943507983
index level,12,415,0.0
index level,12,416,-0.002812941376614475
index level,12,417,-0.0009394082419360572
index level,12,418,0.0
index level,12,419,0.0009394082419360572
index level,12,420,0.0009385265822636768
index level,12,421,0.0018744147943507983
index level,12,422,0.0
index level,12,423,-0.0009367682183869519
index level,12,424,0.0018726597232916475
index level,12,425,-0.0009358915049046956
index level,12,426,0.0009358915049046956
index level,12,427,-0.0009358915049046956
index level,12,428,-0.0009367682183869519
index level,12,429,0.0
index level,12,430,0.0018726597232916475
index level,12,431,-0.0018726597232916475
index level,12,432,0.002807676154198191
index level,12,433,0.0009341429917970601
index level,12,434,0.0
index level,12,435,-0.0009341429917970601
index level,12,436,-0.0009350164309065434
index level,12,437,0.0028024306057021775
index level,12,438,-0.000933271182998574
index level,12,439,0.000933271182998574
index level,12,440,0.0009324009999511773
index level,12,441,-0.0009324009999511773
index level,12,442,0.0
index level,12,443,-0.000933271182998574
index level,12,444,0.0018656721829497513
index level,12,445,-0.0018656721829497513
index level,12,446,0.000933271182998574
index level,12,447,0.0009324009999511773
index level,12,448,-0.0046707231105580505
index level,12,449,-0.0009367682183869519
index level,12,450,0.0009367682183869519
index level,12,451,-0.0009367682183869519
index level,12,452,0.0009367682183869519
index level,12,453,0.0009358915049046956
index level,12,454,-0.0009358915049046956
index level,12,455,0.003738322110606873
index level,12,456,0.0
index level,12,457,-0.0028024306057021775
index level,12,458,-0.0009358915049046956
index level,12,459,0.0009358915049046956
index level,12,460,0.0
index level,12,461,-0.0018726597232916475
index level,12,462,0.0
index level,12,463,0.0009367682183869519
index level,12,464,0.0
index level,12,465,0.0
index level,12,466,0.0
index level,12,467,-0.0009367682183869519
index level,12,468,0.0
index level,12,469,0.0009367682183869519
index level,12,470,-0.0018744147943507983
index level,12,471,-0.0009385265822636768
index level,12,472,0.0
index level,12,473,0.0009385265822636768
index level,12,474,-0.001877934824199734
index level,12,475,0.0
index level,12,476,-0.0009402915596421479
index level,12,477,0.0
index level,12,478,0.0009402915596421479
index level,12,479,-0.0009402915596421479
index level,12,480,-0.0018832397279648916
index level,12,481,0.0018832397279648916
index level,12,482,-0.0009411765400635375
index level,12,483,-0.0028288562004776807
index level,12,484,0.0009438415047062776
index level,12,485,0.000942951507870049
index level,12,486,0.0
index level,12,487,-0.002831526195738121
index level,12,488,0.0
index level,12,489,-0.0009456265480070059
index level,12,490,0.0
index level,12,491,-0.0009465216040309699
index level,12,492,-0.0009474183560396199
index level,12,493,0.0
index level,12,494,0.0
index level,12,495,0.0
index level,12,496,-0.0018975337761917288
index level,12,497,0.0018975337761917288
index level,12,498,-0.002847652612511631
index level,12,499,0.000950118836319902
index level,12,500,0.0
index level,12,501,0.0018975337761917288
index level,12,502,-0.003798675033215737
index level,12,503,0.0019011412570240083
index level,12,504,0.0
index level,12,505,0.0
index level,12,506,-0.0038059037376783067
index level,12,507,0.0019047624806542984
index level,12,508,-0.0009519277253824399
index level,12,509,-0.0009528347552718586
index level,12,510,-0.0009537435153097462
index level,12,511,0.0
index level,12,512,-0.000954654010450362
index level,12,513,0.0019083975257601082
index level,12,514,0.0009528347552718586
index level,12,515,-0.0019065782705816048
index level,12,516,0.0
index level,12,517,-0.000954654010450362
index level,12,518,0.0
index level,12,519,0.0
index level,12,520,0.0
index level,12,521,0.0019083975257601082
index level,12,522,0.0
index level,12,523,0.0028557849013584047
index level,12,524,-0.0009510224207041063
index level,12,525,-0.0019047624806542984
index level,12,526,0.0009528347552718586
index level,12,527,-0.0019065782705816048
index level,12,528,0.0019065782705816048
index level,12,529,-0.0019065782705816048
index level,12,530,0.0
index level,12,531,0.0009537435153097462
index level,12,532,0.0019047624806542984
index level,12,533,0.0009510224207041063
index level,12,534,-0.0009510224207041063
index level,12,535,-0.0028585059959640446
index level,12,536,0.0
index level,12,537,-0.000954654010450362
index level,12,538,0.0
index level,12,539,0.0
index level,12,540,0.0
index level,12,541,0.000954654010450362
index level,12,542,-0.000954654010450362
index level,12,543,0.000954654010450362
index level,12,544,0.0
index level,12,545,0.0009537435153097462
index level,12,546,-0.0019083975257601082
index level,12,547,0.0
index level,12,548,0.0019083975257601082
index level,12,549,0.0019047624806542984
index level,12,550,-0.0028585059959640446
index level,12,551,0.0
index level,12,552,0.003809528416668151
index level,12,553,-0.0019029501460865461
index level,12,554,-0.0009528347552718586
index level,12,555,-0.0038204439973856807
index level,12,556,0.0028667004820759345
index level,12,557,0.0028585059959640446
index level,12,558,0.0
index level,12,559,0.0019011412570240083
index level,12,560,0.0
index level,12,561,0.0
index level,12,562,-0.000950118836319902
index level,12,563,0.000950118836319902
index level,12,564,0.0
index level,12,565,0.0018975337761917288
index level,12,566,0.0
index level,12,567,0.0
index level,12,568,-0.0018975337761917288
index level,13,0,0.0
index level,13,1,-0.0019841276350467396
index level,13,2,-0.001988072225386439
index level,13,3,0.0009945301665084116
index level,13,4,-0.0019900504080103687
index level,13,5,0.000995520241501957
index level,13,6,-0.000995520241501957
index level,13,7,-0.0009965122897384049
index level,13,8,0.001992032531240362
index level,13,9,-0.001992032531240362
index level,13,10,0.0
index level,13,11,-0.0019960086467154525
index level,13,12,0.0009985023295895346
index level,13,13,0.0
index level,13,14,0.0
index level,13,15,0.000997506317125918
index level,13,16,-0.0019960086467154525
index level,13,17,0.0
index level,13,18,0.0
index level,13,19,0.0019960086467154525
index level,13,20,-0.003996009313381954
index level,13,21,0.0
index level,13,22,0.0
index level,13,23,0.0
index level,13,24,0.0
index level,13,25,0.0020000006666665016
index level,13,26,-0.003001503003756234
index level,13,27,0.0
index level,13,28,-0.0010025063496259534
index level,13,29,0.002004008686715686
index level,13,30,-0.004012041489961149
index level,13,31,0.0
index level,13,32,0.0010045204260054064
index level,13,33,-0.0010045204260054064
index level,13,34,0.0
index level,13,35,-0.0020120731134198877
index level,13,36,-0.0010075567602996216
index level,13,37,0.0020140993717010502
index level,13,38,-0.0010065426114014286
index level,13,39,0.0020120731134198877
index level,13,40,-0.0030196298737195093
index level,13,41,0.0030196298737195093
index level,13,42,-0.001005530502018459
index level,13,43,0.0020100509280238654
index level,13,44,0.0010035123772400567
index level,13,45,-0.002008032803245463
index level,13,46,0.005012541823544048
index level,13,47,-0.0030045090202985847
index level,13,48,0.002004008686715686
index level,13,49,0.0010005003335828988
index level,13,50,0.0009995003330836028
index level,13,51,-0.0009995003330836028
index level,13,52,0.0009995003330836028
index level,13,53,-0.0020000006666665016
index level,13,54,0.0010005003335828988
index level,13,55,0.0019980026626731373
index level,13,56,0.000997506317125918
index level,13,57,0.0
index level,13,58,0.001992032531240362
index level,13,59,0.0
index level,13,60,0.0
index level,13,61,-0.000995520241501957
index level,13,62,0.0019900504080103687
index level,13,63,0.0009935420588780275
index level,13,64,0.0009925559127514916
index level,13,65,-0.0009925559127514916
index level,13,66,0.0019841276350467396
index level,13,67,0.001980198666862165
index level,13,68,0.0009886308269395627
index level,13,69,-0.002968829493801728
index level,13,70,0.003956483895073859
index level,13,71,-0.001976285228211694
index level,13,72,-0.001980198666862165
index level,13,73,0.001980198666862165
index level,13,74,0.0
index level,13,75,0.0009886308269395627
index level,13,76,-0.0009886308269395627
index level,13,77,0.0
index level,13,78,0.001976285228211694
index level,13,79,0.0
index level,13,80,0.0
index level,13,81,0.0009866799024456085
index level,13,82,-0.0019743343037177397
index level,13,83,-0.0009886308269395627
index level,13,84,0.0049334091179558115
index level,13,85,0.0
index level,13,86,-0.0009847366625397314
index level,13,87,0.0
index level,13,88,0.002951305634580237
index level,13,89,-0.003937012959339015
index level,13,90,0.003937012959339015
index level,13,91,0.0
index level,13,92,0.0
index level,13,93,0.0009818361122571062
index level,13,94,-0.0009818361122571062
index level,13,95,0.0019627091678486863
index level,13,96,-0.0029455102297566427
index level,13,97,-0.0019685045726722805
index level,13,98,0.002951305634580237
index level,13,99,0.0
index level,13,100,0.0009818361122571062
index level,13,101,-0.003933141746837343
index level,13,102,-0.0009857073247587778
index level,13,103,0.0029542118974310583
index level,13,104,0.0019646371741650626
index level,13,105,0.0
index level,13,106,0.0009808730555915801
index level,13,107,0.0009799118863487166
index level,13,108,0.0
index level,13,109,-0.0009799118863487166
index level,13,110,0.0
index level,13,111,-0.0019627091678486863
index level,13,112,0.0009818361122571062
index level,13,113,0.0019607849419402967
index level,13,114,0.000978952598984506
index level,13,115,0.0009779951879771431
index level,13,116,-0.001956947786961649
index level,13,117,-0.0019607849419402967
index level,13,118,0.0019607849419402967
index level,13,119,0.001956947786961649
index level,13,120,-0.002936859673310366
index level,13,121,0.0019588644853332227
index level,13,122,-0.0019588644853332227
index level,13,123,0.0009799118863487166
index level,13,124,0.0
index level,13,125,0.002933987434787788
index level,13,126,0.0009760859730558735
index level,13,127,0.0
index level,13,128,0.0
index level,13,129,0.0
index level,13,130,0.002922554442601921
index level,13,131,-0.0009732360865521983
index level,13,132,0.0
index level,13,133,-0.001949318356049723
index level,13,134,0.001949318356049723
index level,13,135,0.0
index level,13,136,-0.001949318356049723
index level,13,137,-0.0009760859730558735
index level,13,138,0.0
index level,13,139,0.0009760859730558735
index level,13,140,0.0009751341582058259
index level,13,141,-0.0019512201312616995
index level,13,142,0.0009760859730558735
index level,13,143,-0.0029311208088591556
index level,13,144,0.001955034835803282
index level,13,145,0.0
index level,13,146,0.0
index level,13,147,0.0009760859730558735
index level,13,148,0.0
index level,13,149,-0.0009760859730558735
index level,13,150,0.0009760859730558735
index level,13,151,-0.0019531256208820125
index level,13,152,-0.002936859673310366
index level,13,153,0.0019588644853332227
index level,13,154,0.0048804391649088785
index level,13,155,0.0009732360865521983
index level,13,156,-0.002922554442601921
index level,13,157,0.0
index level,13,158,0.0
index level,13,159,0.002922554442601921
index level,13,160,0.0
index level,13,161,0.0
index level,13,162,0.0009722898189385987
index level,13,163,0.0
index level,13,164,-0.0009722898189385987
index level,13,165,-0.0009732360865521983
index level,13,166,0.0
index level,13,167,0.001945525905490797
index level,13,168,0.0
index level,13,169,-0.0009722898189385987
index level,13,170,0.002914038001849306
index level,13,171,-0.0009704027932784243
index level,13,172,0.0019398648178263755
index level,13,173,0.0
index level,13,174,0.0
index level,13,175,-0.0009694620245479513
index level,13,176,-0.0009704027932784243
index level,13,177,0.0009704027932784243
index level,13,178,0.0
index level,13,179,-0.0019417481829107075
index level,13,180,-0.001945525905490797
index level,13,181,0.0
index level,13,182,-0.001949318356049723
index level,13,183,0.0009751341582058259
index level,13,184,-0.0019512201312616995
index level,13,185,0.0009760859730558735
index level,13,186,0.0
index level,13,187,-0.0019531256208820125
index level,13,188,0.000977039647826139
index level,13,189,-0.003913899321136505
index level,13,190,0.0
index level,13,191,0.003913899321136505
index level,13,192,-0.000977039647826139
index level,13,193,-0.001956947786961649
index level,13,194,0.0
index level,13,195,-0.0019607849419402967
index level,13,196,0.0029397375409248028
index level,13,197,0.0
index level,13,198,-0.003921573653181909
index level,13,199,-0.0009828010619079564
index level,13,200,0.0009828010619079564
index level,13,201,-0.0009828010619079564
index level,13,202,0.0019646371741650626
index level,13,203,-0.0019646371741650626
index level,13,204,0.0
index level,13,205,0.0019646371741650626
index level,13,206,-0.0029484050842976117
index level,13,207,0.0009837679101325492
index level,13,208,0.0
index level,13,209,0.0
index level,13,210,-0.0029542118974310583
index level,13,211,0.0
index level,13,212,0.004918849071596121
index level,13,213,-0.004918849071596121
index level,13,214,0.0
index level,13,215,-0.0009866799024456085
index level,13,216,0.0019723872272043863
index level,13,217,-0.0029600416284765174
index level,13,218,-0.0019782400121055588
index level,13,219,0.0019782400121055588
index level,13,220,0.0
index level,13,221,-0.0009886308269395627
index level,13,222,0.0
index level,13,223,-0.000989609185165996
index level,13,224,0.0019782400121055588
index level,13,225,0.0009876544012721311
index level,13,226,0.0009866799024456085
index level,13,227,-0.0039525743158232984
index level,13,228,-0.0009905894816961691
index level,13,229,-0.0019841276350467396
index level,13,230,0.0019841276350467396
index level,13,231,-0.0019841276350467396
index level,13,232,0.0009925559127514916
index level,13,233,0.0
index level,13,234,-0.001986097971629519
index level,13,235,0.0009935420588780275
index level,13,236,0.0
index level,13,237,0.0009925559127514916
index level,13,238,-0.0009925559127514916
index level,13,239,0.0019841276350467396
index level,13,240,0.001980198666862165
index level,13,241,0.0
index level,13,242,0.0
index level,13,243,0.001976285228211694
index level,13,244,0.0029571238897441177
index level,13,245,-0.0029571238897441177
index level,13,246,0.0019723872272043863
index level,13,247,-0.0019723872272043863
index level,13,248,0.0029571238897441177
index level,13,249,-0.003944778291016249
index level,13,250,0.003944778291016249
index level,13,251,0.0
index level,13,252,-0.001970443987298509
index level,13,253,-0.0029629651306573024
index level,13,254,0.0
index level,13,255,0.001976285228211694
index level,13,256,-0.001976285228211694
index level,13,257,0.001976285228211694
index level,13,258,-0.0009876544012721311
index level,13,259,-0.0019782400121055588
index level,13,260,0.00296589441337769
index level,13,261,-0.001976285228211694
index level,13,262,-0.002971770389157413
index level,13,263,0.000991571722295248
index level,13,264,0.0
index level,13,265,-0.0019841276350467396
index level,13,266,0.0
index level,13,267,0.0
index level,13,268,0.0
index level,13,269,0.0009925559127514916
index level,13,270,-0.0009925559127514916
index level,13,271,-0.002983592466888396
index level,13,272,0.0019900504080103687
index level,13,273,-0.0009945301665084116
index level,13,274,-0.001992032531240362
index level,13,275,0.0
index level,13,276,0.001992032531240362
index level,13,277,-0.000995520241501957
index level,13,278,-0.0029925209364538574
index level,13,279,0.0029925209364538574
index level,13,280,0.0
index level,13,281,-0.0009965122897384049
index level,13,282,0.0
index level,13,283,-0.0019960086467154525
index level,13,284,-0.0020000006666665016
index level,13,285,0.0
index level,13,286,0.002998502996256036
index level,13,287,-0.005002511682971722
index level,13,288,0.0030045090202985847
index level,13,289,-0.0030045090202985847
index level,13,290,-0.0010035123772400567
index level,13,291,0.0010035123772400567
index level,13,292,-0.002008032803245463
index level,13,293,0.005012541823544048
index level,13,294,-0.0030045090202985847
index level,13,295,0.0010025063496259534
index level,13,296,-0.0010025063496259534
index level,13,297,-0.002008032803245463
index level,13,298,0.0
index level,13,299,0.002008032803245463
index level,13,300,-0.0010035123772400567
index level,13,301,-0.0010045204260054064
index level,13,302,-0.001005530502018459
index level,13,303,-0.0010065426114014286
index level,13,304,-0.0010075567602996216
index level,13,305,0.0010075567602996216
index level,13,306,-0.0010075567602996216
index level,13,307,-0.0010085729548849898
index level,13,308,0.0
index level,13,309,-0.0010095912013525776
index level,13,310,0.0010095912013525776
index level,13,311,-0.0020202027072757645
index level,13,312,0.0
index level,13,313,0.0
index level,13,314,-0.0020242921892306143
index level,13,315,0.00101265831438635
index level,13,316,-0.0020263431452329783
index level,13,317,0.0
index level,13,318,-0.0020304575503820033
index level,13,319,-0.0010167769050868358
index level,13,320,-0.0010178117927006625
index level,13,321,0.0010178117927006625
index level,13,322,-0.0020366605818029626
index level,13,323,-0.0020408170348531485
index level,13,324,0.0
index level,13,325,-0.0020449904877271052
index level,13,326,-0.0010240656296902628
index level,13,327,-0.0010251154152456365
index level,13,328,-0.0010261673553122463
index level,13,329,-0.001027221456530114
index level,13,330,-0.002057613894679733
index level,13,331,-0.0020618564005587814
index level,13,332,0.0010314596066622883
index level,13,333,-0.00309757604413452
index level,13,334,0.0010335918232833308
index level,13,335,-0.0031039859375914247
index level,13,336,0.0010357328735315363
index level,13,337,-0.0020725396019720677
index level,13,338,-0.001037882812419788
index level,13,339,0.0031104224143918557
index level,13,340,-0.004149383546811158
index level,13,341,-0.0031233757822679564
index level,13,342,0.0
index level,13,343,-0.0031331618320367127
index level,13,344,-0.0010465725706714224
index level,13,345,-0.0010476690324434657
index level,13,346,-0.0031496089028966168
index level,13,347,0.0
index level,13,348,0.001050972245975501
index level,13,349,-0.004210532536343514
index level,13,350,0.0021074823395643705
index level,13,351,0.0
index level,13,352,-0.0021074823395643705
index level,13,353,0.001054296354905837
index level,13,354,0.0
index level,13,355,-0.002109705423849917
index level,13,356,0.0031628914085084503
index level,13,357,-0.0021074823395643705
index level,13,358,-0.0010554090689440798
index level,13,359,0.002109705423849917
index level,13,360,-0.001054296354905837
index level,13,361,-0.0010554090689440798
index level,13,362,-0.003172927040577811
index level,13,363,0.001058761348242676
index level,13,364,0.002114165692335135
index level,13,365,0.0010554090689440798
index level,13,366,0.001054296354905837
index level,13,367,-0.004223871116185052
index level,13,368,0.0010576415581349252
index level,13,369,0.0021119332031442895
index level,13,370,0.001054296354905837
index level,13,371,-0.001054296354905837
index level,13,372,0.0
index level,13,373,0.0021074823395643705
index level,13,374,0.0021030501967791437
index level,13,375,0.0
index level,13,376,0.0
index level,13,377,0.0
index level,13,378,0.0010498688628359787
index level,13,379,0.0
index level,13,380,0.0
index level,13,381,-0.0010498688628359787
index level,13,382,0.0010498688628359787
index level,13,383,0.0
index level,13,384,0.003143009397200025
index level,13,385,0.0
index level,13,386,-0.002094241603114888
index level,13,387,0.002094241603114888
index level,13,388,-0.002094241603114888
index level,13,389,0.002094241603114888
index level,13,390,0.0010454784015525576
index level,13,391,0.0
index level,13,392,0.0
index level,13,393,-0.0010454784015525576
index level,13,394,0.0010454784015525576
index level,13,395,0.0
index level,13,396,0.002087683430484155
index level,13,397,-0.002087683430484155
index level,13,398,0.0
index level,13,399,0.0
index level,13,400,0.003129893008927631
index level,13,401,-0.004175371410480189
index level,13,402,-0.0010465725706714224
index level,13,403,-0.0020964368265286026
index level,13,404,0.0
index level,13,405,-0.0010498688628359787
index level,13,406,-0.001050972245975501
index level,13,407,0.0
index level,13,408,0.0
index level,13,409,-0.003159560290368013
index level,13,410,0.005260401399179493
index level,13,411,0.0
index level,13,412,0.001048767794085137
index level,13,413,-0.001048767794085137
index level,13,414,-0.00210084110881148
index level,13,415,0.00210084110881148
index level,13,416,-0.00210084110881148
index level,13,417,0.001050972245975501
index level,13,418,0.0031463056893645813
index level,13,419,-0.0031463056893645813
index level,13,420,-0.001050972245975501
index level,13,421,0.0
index level,13,422,0.001050972245975501
index level,13,423,0.0
index level,13,424,0.0
index level,13,425,0.0010498688628359787
index level,13,426,-0.00210084110881148
index level,13,427,0.001050972245975501
index level,13,428,0.0010498688628359787
index level,13,429,-0.0031529190596151224
index level,13,430,0.0
index level,13,431,-0.0021074823395643705
index level,13,432,0.0
index level,13,433,0.0
index level,13,434,0.0
index level,13,435,0.0021074823395643705
index level,13,436,-0.0021074823395643705
index level,13,437,0.001054296354905837
index level,13,438,-0.002109705423849917
index level,13,439,0.0
index level,13,440,0.0
index level,13,441,-0.002114165692335135
index level,13,442,0.0010576415581349252
index level,13,443,0.0010565241342002096
index level,13,444,-0.002114165692335135
index level,13,445,-0.002118644860285457
index level,13,446,0.0
index level,13,447,0.0
index level,13,448,0.0
index level,13,449,0.004232810552620592
index level,13,450,0.0010554090689440798
index level,13,451,-0.0031695747612792147
index level,13,452,-0.001058761348242676
index level,13,453,-0.003183026560120261
index level,13,454,0.003183026560120261
index level,13,455,0.001058761348242676
index level,13,456,0.002114165692335135
index level,13,457,-0.002114165692335135
index level,13,458,0.004223871116185052
index level,13,459,0.0
index level,13,460,0.0010531859846585334
index level,13,461,0.0
index level,13,462,-0.0010531859846585334
index level,13,463,0.002105263935462176
index level,13,464,0.0031496089028966168
index level,13,465,-0.0031496089028966168
index level,13,466,0.00210084110881148
index level,13,467,-0.00210084110881148
index level,13,468,0.001050972245975501
index level,13,469,0.0031463056893645813
index level,13,470,-0.0010476690324434657
index level,13,471,0.0010476690324434657
index level,13,472,0.0
index level,13,473,0.0
index level,13,474,0.0
index level,13,475,0.00209205097222398
index level,13,476,0.0
index level,13,477,0.0
index level,13,478,-0.0010454784015525576
index level,13,479,0.0010454784015525576
index level,13,480,0.0
index level,13,481,0.0010443865179059486
index level,13,482,0.0031266309994322228
index level,13,483,-0.0020833340868540162
index level,13,484,0.001042209578443476
index level,13,485,0.0
index level,13,486,0.0
index level,13,487,0.0
index level,13,488,0.0
index level,13,489,-0.001042209578443476
index level,13,490,0.0
index level,13,491,-0.002087683430484155
index level,13,492,-0.0010454784015525576
index level,13,493,-0.0010465725706714224
index level,13,494,0.0
index level,13,495,0.0010465725706714224
index level,13,496,-0.0010465725706714224
index level,13,497,0.0
index level,13,498,0.0
index level,13,499,-0.0020964368265286026
index level,13,500,0.001048767794085137
index level,13,501,0.002094241603114888
index level,13,502,0.0
index level,13,503,0.0
index level,13,504,-0.002094241603114888
index level,13,505,0.0031397200046674456
index level,13,506,0.0
index level,13,507,0.0
index level,13,508,0.004171017517338171
index level,13,509,0.0010400416954139402
index level,13,510,-0.0010400416954139402
index level,13,511,0.0010400416954139402
index level,13,512,0.0010389611324193027
index level,13,513,0.0
index level,13,514,0.001037882812419788
index level,13,515,-0.001037882812419788
index level,13,516,-0.0010389611324193027
index level,13,517,0.003113650673279622
index level,13,518,0.0
index level,13,519,0.0
index level,13,520,-0.0010368067284405313
index level,13,521,0.0020725396019720677
index level,13,522,0.0
index level,13,523,0.0020682530640598884
index level,13,524,-0.0010335918232833308
index level,13,525,0.002066116437472232
index level,13,526,0.0
index level,13,527,0.0
index level,13,528,-0.001032524614188901
index level,13,529,0.0030943810147476825
index level,13,530,0.0
index level,13,531,0.0
index level,13,532,0.002057613894679733
index level,13,533,0.001027221456530114
index level,13,534,0.0
index level,13,535,0.0010261673553122463
index level,13,536,0.0
index level,13,537,0.0020491810449358994
index level,13,538,0.0
index level,13,539,-0.0010240656296902628
index level,13,540,0.0
index level,13,541,0.0
index level,13,542,0.0
index level,13,543,0.0010240656296902628
index level,13,544,-0.005130847582344167
index level,13,545,-0.0010293361691138259
index level,13,546,0.002057613894679733
index level,13,547,0.0
index level,13,548,-0.002057613894679733
index level,13,549,0.0
index level,13,550,-0.001030396793896493
index level,13,551,0.001030396793896493
index level,13,552,-0.0020618564005587814
index level,13,553,0.0
index level,13,554,-0.002066116437472232
index level,13,555,0.0
index level,13,556,0.002066116437472232
index level,13,557,-0.004136510551780326
index level,13,558,0.0
index level,13,559,-0.003113650673279622
index level,13,560,-0.0010400416954139402
index level,13,561,0.002079002827833243
index level,13,562,-0.002079002827833243
index level,13,563,-0.0010411245084105403
index level,13,564,0.0
index level,13,565,-0.0020855064910216825
index level,13,566,-0.0010443865179059486
index level,13,567,0.0
index level,13,568,0.002087683430484155
index level,14,0,0.0030045090202985847
index level,14,1,-0.0010005003335828988
index level,14,2,-0.0010015023370897325
index level,14,3,0.003001503003756234
index level,14,4,-0.0009995003330836028
index level,14,5,-0.0020020026706726313
index level,14,6,0.0010015023370897325
index level,14,7,0.0020000006666665016
index level,14,8,0.0
index level,14,9,0.0019960086467154525
index level,14,10,0.0
index level,14,11,-0.0029955089797990553
index level,14,12,0.004987541511039417
index level,14,13,-0.001992032531240362
index level,14,14,0.001992032531240362
index level,14,15,-0.000995520241501957
index level,14,16,0.0019900504080103687
index level,14,17,0.0
index level,14,18,-0.0009945301665084116
index level,14,19,0.0
index level,14,20,0.0009945301665084116
index level,14,21,0.002977669693924767
index level,14,22,0.0
index level,14,23,0.0
index level,14,24,0.0
index level,14,25,0.0
index level,14,26,0.001980198666862165
index level,14,27,-0.000989609185165996
index level,14,28,0.00296589441337769
index level,14,29,-0.001976285228211694
index level,14,30,0.0009886308269395627
index level,14,31,0.0029600416284765174
index level,14,32,0.0
index level,14,33,0.0009847366625397314
index level,14,34,-0.003944778291016249
index level,14,35,0.004928546201148798
index level,14,36,0.0
index level,14,37,-0.0019685045726722805
index level,14,38,0.0
index level,14,39,0.0
index level,14,40,0.003933141746837343
index level,14,41,-0.0019646371741650626
index level,14,42,-0.0019685045726722805
index level,14,43,0.002951305634580237
index level,14,44,-0.0009828010619079564
index level,14,45,0.0019646371741650626
index level,14,46,0.0009808730555915801
index level,14,47,0.002936859673310366
index level,14,48,-0.0009779951879771431
index level,14,49,0.0009779951879771431
index level,14,50,0.0019531256208820125
index level,14,51,0.0009751341582058259
index level,14,52,0.000974184197843897
index level,14,53,-0.001949318356049723
index level,14,54,0.001949318356049723
index level,14,55,0.0009732360865521983
index level,14,56,-0.0019474202843960953
index level,14,57,0.003891055492966977
index level,14,58,0.0009704027932784243
index level,14,59,0.0
index level,14,60,0.003872221682509114
index level,14,61,-0.0029027596579611625
index level,14,62,0.004833262188019383
index level,14,63,0.001926782869699828
index level,14,64,0.0009620010361910403
index level,14,65,-0.0009620010361910403
index level,14,66,0.0019230775157419444
index level,14,67,0.0009601536983430137
index level,14,68,-0.002883231214084958
index level,14,69,0.004800777343357154
index level,14,70,0.0
index level,14,71,0.0
index level,14,72,0.0009573959563269341
index level,14,73,0.0
index level,14,74,0.0019120464716255725
index level,14,75,0.000954654010450362
index level,14,76,0.0009537435153097462
index level,14,77,0.0
index level,14,78,-0.0009537435153097462
index level,14,79,0.005708864220320464
index level,14,80,-0.0028503582243564196
index level,14,81,0.0
index level,14,82,-0.0009519277253824399
index level,14,83,0.0038022859497388595
index level,14,84,0.002842256768929907
index level,14,85,0.0009456265480070059
index level,14,86,0.001888574687868072
index level,14,87,-0.0009438415047062776
index level,14,88,0.0028288562004776807
index level,14,89,0.0028208763416417426
index level,14,90,0.0
index level,14,91,0.0018761731582275232
index level,14,92,-0.0018761731582275232
index level,14,93,0.0037488328815191707
index level,14,94,0.0
index level,14,95,0.0
index level,14,96,0.0028024306057021775
index level,14,97,0.0009324009999511773
index level,14,98,0.0018621979310644576
index level,14,99,-0.0055970295367178124
index level,14,100,0.0018691594227036035
index level,14,101,0.005586606708639863
index level,14,102,0.0
index level,14,103,0.0
index level,14,104,0.0
index level,14,105,0.0018552881017459555
index level,14,106,0.0018518523810735488
index level,14,107,0.0
index level,14,108,0.0
index level,14,109,0.003693448335352123
index level,14,110,0.0009212345193203575
index level,14,111,0.0
index level,14,112,0.002758622439079872
index level,14,113,0.0009178522902288933
index level,14,114,0.0009170106098812525
index level,14,115,0.0027459971488559276
index level,14,116,0.002738477293303454
index level,14,117,0.0018214941283911656
index level,14,118,0.0018181823190586144
index level,14,119,0.0036264772291731973
index level,14,120,0.0009045681304273856
index level,14,121,0.0018066852249489784
index level,14,122,0.002703922332401021
index level,14,123,-0.002703922332401021
index level,14,124,-0.0009029345985922532
index level,14,125,0.0009029345985922532
index level,14,126,0.0
index level,14,127,-0.0009029345985922532
index level,14,128,0.0018050546417303082
index level,14,129,-0.0009021200431380549
index level,14,130,0.0009021200431380549
index level,14,131,-0.0018050546417303082
index level,14,132,0.0027063615977427347
index level,14,133,0.0009004953332505394
index level,14,134,0.0
index level,14,135,-0.001801802289262966
index level,14,136,0.0
index level,14,137,-0.0018050546417303082
index level,14,138,0.0018050546417303082
index level,14,139,-0.0009021200431380549
index level,14,140,-0.0009029345985922532
index level,14,141,0.0009029345985922532
index level,14,142,0.0009021200431380549
index level,14,143,-0.0018050546417303082
index level,14,144,0.0009029345985922532
index level,14,145,0.0018034269991504814
index level,14,146,-0.0009013069560124265
index level,14,147,0.001801802289262966
index level,14,148,-0.001801802289262966
index level,14,149,0.002701487460160301
index level,14,150,-0.0018001805041478747
index level,14,151,-0.0018034269991504814
index level,14,152,-0.0009029345985922532
index level,14,153,0.0
index level,14,154,0.0
index level,14,155,0.0
index level,14,156,0.0
index level,14,157,-0.0027137058715966944
index level,14,158,0.0
index level,14,159,0.0
index level,14,160,0.0009053871148125836
index level,14,161,-0.0009053871148125836
index level,14,162,0.0
index level,14,163,0.0009053871148125836
index level,14,164,-0.0009053871148125836
index level,14,165,0.0036166404701889476
index level,14,166,-0.002711253355376364
index level,14,167,0.0
index level,14,168,-0.0018115946983501274
index level,14,169,0.0
index level,14,170,0.0
index level,14,171,-0.0018148825308230698
index level,14,172,0.0018148825308230698
index level,14,173,-0.0027235604670412528
index level,14,174,-0.0009095043828404314
index level,14,175,0.0018181823190586144
index level,14,176,-0.0009086779362181829
index level,14,177,0.0
index level,14,178,-0.0009095043828404314
index level,14,179,0.0
index level,14,180,0.0018181823190586144
index level,14,181,-0.0009086779362181829
index level,14,182,0.0027235604670412528
index level,14,183,0.0009062075835375438
index level,14,184,-0.0009062075835375438
index level,14,185,0.0
index level,14,186,0.0009062075835375438
index level,14,187,-0.0009062075835375438
index level,14,188,0.0018115946983501274
index level,14,189,0.0
index level,14,190,0.0009045681304273856
index level,14,191,0.0
index level,14,192,0.0
index level,14,193,0.0009037506263567252
index level,14,194,0.0009029345985922532
index level,14,195,0.0
index level,14,196,-0.0009029345985922532
index level,14,197,0.0027063615977427347
index level,14,198,0.0
index level,14,199,0.0
index level,14,200,0.00269905696916517
index level,14,201,0.0
index level,14,202,-0.0008988764650172953
index level,14,203,0.0008988764650172953
index level,14,204,0.0017953326186743723
index level,14,205,0.0
index level,14,206,0.0
index level,14,207,0.0
index level,14,208,0.0
index level,14,209,0.0017921151749815678
index level,14,210,-0.0008956561279447328
index level,14,211,0.0035778213478838694
index level,14,212,-0.0026821652199391366
index level,14,213,0.0026821652199391366
index level,14,214,0.0008924587830199116
index level,14,215,-0.0017857147602349244
index level,14,216,0.0008932559772150128
index level,14,217,0.0008924587830199116
index level,14,218,0.0
index level,14,219,0.0017825316662829493
index level,14,220,0.001779359900077715
index level,14,221,-0.0008892841848844313
index level,14,222,0.0026654835861403825
index level,14,223,0.0
index level,14,224,0.0008869180182280445
index level,14,225,0.0008861320916571103
index level,14,226,0.0017699119664591478
index level,14,227,0.0
index level,14,228,0.0017667849118856438
index level,14,229,0.0017636688874969053
index level,14,230,0.001760563835032869
index level,14,231,0.0
index level,14,232,0.001757469696645586
index level,14,233,0.0017543864148938937
index level,14,234,0.0017513139327345328
index level,14,235,0.001748252193530142
index level,14,236,0.0026166608911717404
index level,14,237,-0.0008714597501411347
index level,14,238,0.0017421607193846
index level,14,239,0.0
index level,14,240,0.0017391308731271593
index level,14,241,0.0008684325339540777
index level,14,242,0.0
index level,14,243,0.0
index level,14,244,0.0026007817000568423
index level,14,245,-0.0017331026868347976
index level,14,246,0.0034632069246178787
index level,14,247,-0.0025962801256316226
index level,14,248,0.0051858370323651926
index level,14,249,0.0008616975974815588
index level,14,250,0.0025806465934916645
index level,14,251,-0.0008594757727191649
index level,14,252,0.0017182134811362104
index level,14,253,-0.0008587377084170456
index level,14,254,-0.0008594757727191649
index level,14,255,0.0017182134811362104
index level,14,256,-0.0017182134811362104
index level,14,257,0.0017182134811362104
index level,14,258,0.0
index level,14,259,-0.0008587377084170456
index level,14,260,-0.0017196908795273913
index level,14,261,-0.0008609557139642732
index level,14,262,-0.0008616975974815588
index level,14,263,0.0
index level,14,264,0.0008616975974815588
index level,14,265,-0.0008616975974815588
index level,14,266,0.0008616975974815588
index level,14,267,0.0017211708207724996
index level,14,268,0.0008594757727191649
index level,14,269,0.0008587377084170456
index level,14,270,0.0017152662867552237
index level,14,271,0.0
index level,14,272,0.0008565311016166532
index level,14,273,-0.0008565311016166532
index level,14,274,0.0017123291855130063
index level,14,275,0.0008550663197333108
index level,14,276,0.0008543358059149853
index level,14,277,0.0
index level,14,278,0.0017064850557586553
index level,14,279,0.0
index level,14,280,0.0017035779247835947
index level,14,281,0.0
index level,14,282,0.002549937633272492
index level,14,283,-0.0008492569512554837
index level,14,284,0.001697793277094739
index level,14,285,0.0008478169223389287
index level,14,286,0.0008470987376520966
index level,14,287,0.0
index level,14,288,0.002536999246588678
index level,14,289,-0.000844951465563959
index level,14,290,0.001689189590845075
index level,14,291,0.0
index level,14,292,-0.000844238125281116
index level,14,293,0.0
index level,14,294,0.0
index level,14,295,0.0
index level,14,296,0.0
index level,14,297,-0.000844951465563959
index level,14,298,0.0
index level,14,299,0.000844951465563959
index level,14,300,0.000844238125281116
index level,14,301,0.00168634104043619
index level,14,302,0.0008421053129223921
index level,14,303,0.0008413967681910606
index level,14,304,0.0
index level,14,305,-0.0016835020811134527
index level,14,306,0.002524191495907324
index level,14,307,0.0008399832497243409
index level,14,308,0.0
index level,14,309,0.0008392782699955248
index level,14,310,0.0008385744726204791
index level,14,311,-0.0008385744726204791
index level,14,312,-0.0008392782699955248
index level,14,313,0.001677852742616004
index level,14,314,-0.0008385744726204791
index level,14,315,0.0
index level,14,316,0.002513616740316138
index level,14,317,0.0008364701449652401
index level,14,318,0.0
index level,14,319,-0.0008364701449652401
index level,14,320,-0.001675042267695659
index level,14,321,0.001675042267695659
index level,14,322,-0.001675042267695659
index level,14,323,0.002511512412660899
index level,14,324,-0.0016736405580290992
index level,14,325,0.0
index level,14,326,0.0008371704130638591
index level,14,327,-0.0008371704130638591
index level,14,328,-0.001676446327252279
index level,14,329,0.002513616740316138
index level,14,330,0.0008364701449652401
index level,14,331,-0.0008364701449652401
index level,14,332,0.0008364701449652401
index level,14,333,0.0
index level,14,334,0.0008357710473960722
index level,14,335,0.0
index level,14,336,0.0
index level,14,337,0.0
index level,14,338,0.0
index level,14,339,0.0025031302181188764
index level,14,340,0.0
index level,14,341,0.0
index level,14,342,0.0
index level,14,343,-0.0016680571006970624
index level,14,344,-0.0016708441648178862
index level,14,345,0.0008357710473960722
index level,14,346,0.0
index level,14,347,0.0016694494695412843
index level,14,348,0.0008336807485775921
index level,14,349,-0.0008336807485775921
index level,14,350,0.0
index level,14,351,0.0016666670524694283
index level,14,352,-0.0016666670524694283
index level,14,353,-0.0008343763521194703
index level,14,354,0.0008343763521194703
index level,14,355,0.0016666670524694283
index level,14,356,-0.0008329863038918361
index level,14,357,-0.0008336807485775921
index level,14,358,-0.0016694494695412843
index level,14,359,0.0016694494695412843
index level,14,360,-0.0016694494695412843
index level,14,361,0.000835073117421814
index level,14,362,0.0
index level,14,363,0.0
index level,14,364,-0.000835073117421814
index level,14,365,0.0033361165220107125
index level,14,366,0.0
index level,14,367,0.0
index level,14,368,-0.0008329863038918361
index level,14,369,0.0008329863038918361
index level,14,370,0.0
index level,14,371,0.00249480378878264
index level,14,372,0.0
index level,14,373,-0.0008309098940868509
index level,14,374,0.0008309098940868509
index level,14,375,0.0
index level,14,376,0.0008302200559890949
index level,14,377,0.0
index level,14,378,0.0
index level,14,379,0.0
index level,14,380,0.0024865325700051955
index level,14,381,0.0
index level,14,382,-0.000828157397228857
index level,14,383,-0.0016583751727763385
index level,14,384,0.000829531362375846
index level,14,385,0.0
index level,14,386,0.0016570012076293494
index level,14,387,-0.000828157397228857
index level,14,388,-0.0008288438104004925
index level,14,389,0.0016570012076293494
index level,14,390,-0.000828157397228857
index level,14,391,0.001655629517260948
index level,14,392,0.0
index level,14,393,-0.0008274721200320911
index level,14,394,0.0008274721200320911
index level,14,395,0.0008267879759946695
index level,14,396,0.0008261049623055072
index level,14,397,0.0008254230761668424
index level,14,398,0.0008247423147906829
index level,14,399,0.0008240626753934777
index level,14,400,0.0
index level,14,401,0.0008233841552049981
index level,14,402,0.0008227067514638975
index level,14,403,0.0008220304614150464
index level,14,404,0.001642036493743504
index level,14,405,0.0
index level,14,406,-0.0008206812114286421
index level,14,407,0.0024600258408620235
index level,14,408,0.0016366615764678016
index level,14,409,0.0
index level,14,410,0.00244998080898462
index level,14,411,0.002443993069878303
index level,14,412,0.0008133388004276654
index level,14,413,0.0008126778179908811
index level,14,414,-0.0016260166184185465
index level,14,415,0.0016260166184185465
index level,14,416,0.0016233769798903452
index level,14,417,0.0008107013009892583
index level,14,418,-0.0008107013009892583
index level,14,419,0.0024301348532915767
index level,14,420,-0.0008093889555578215
index level,14,421,0.0
index level,14,422,0.0008093889555578215
index level,14,423,-0.0008093889555578215
index level,14,424,0.001618123330410448
index level,14,425,0.0
index level,14,426,0.0
index level,14,427,0.0016155092366538781
index level,14,428,0.0008067769699406924
index level,14,429,0.0
index level,14,430,0.0008061266055241489
index level,14,431,0.0
index level,14,432,0.0016103063061043699
index level,14,433,-0.0016103063061043699
index level,14,434,0.0032180236942007667
index level,14,435,0.0
index level,14,436,0.0016051367812286443
index level,14,437,0.001602564445541077
index level,14,438,0.0
index level,14,439,0.00080032017076892
index level,14,440,-0.00080032017076892
index level,14,441,0.0
index level,14,442,0.0
index level,14,443,-0.001602564445541077
index level,14,444,0.001602564445541077
index level,14,445,-0.0008009611962043195
index level,14,446,0.0016012813669732395
index level,14,447,0.0007996801705649759
index level,14,448,-0.0024009615375382154
index level,14,449,-0.0008016032493367575
index level,14,450,-0.0016051367812286443
index level,14,451,0.0016051367812286443
index level,14,452,0.0
index level,14,453,-0.003212854169325041
index level,14,454,0.0
index level,14,455,0.0008041817884132385
index level,14,456,0.0008035355996831584
index level,14,457,0.0
index level,14,458,0.002406740030565402
index level,14,459,-0.0008016032493367575
index level,14,460,0.0
index level,14,461,0.0
index level,14,462,-0.0024086723809118027
index level,14,463,-0.0008041817884132385
index level,14,464,0.0
index level,14,465,0.0008041817884132385
index level,14,466,-0.0008041817884132385
index level,14,467,0.0008041817884132385
index level,14,468,0.0
index level,14,469,-0.0008041817884132385
index level,14,470,0.0
index level,14,471,0.0
index level,14,472,-0.0016103063061043699
index level,14,473,-0.0008061266055241489
index level,14,474,0.0008061266055241489
index level,14,475,0.0008054772888170803
index level,14,476,0.0008048290172872896
index level,14,477,0.0008041817884132385
index level,14,478,0.0008035355996831584
index level,14,479,0.0008028904485906097
index level,14,480,0.0016038495819747922
index level,14,481,-0.0008016032493367575
index level,14,482,0.0008016032493367575
index level,14,483,-0.0008016032493367575
index level,14,484,-0.0008022463326380347
index level,14,485,-0.001606426048273768
index level,14,486,-0.0008041817884132385
index level,14,487,0.0
index level,14,488,0.0016077173880963969
index level,14,489,-0.0008035355996831584
index level,14,490,0.0008035355996831584
index level,14,491,-0.0016077173880963969
index level,14,492,-0.0016103063061043699
index level,14,493,-0.0008061266055241489
index level,14,494,0.0008061266055241489
index level,14,495,-0.0008061266055241489
index level,14,496,-0.0008067769699406924
index level,14,497,0.0
index level,14,498,0.0
index level,14,499,0.0
index level,14,500,0.0016129035754648413
index level,14,501,-0.002420331960065525
index level,14,502,0.0
index level,14,503,0.0008074283846006836
index level,14,504,-0.0016155092366538781
index level,14,505,0.0
index level,14,506,-0.0008087343748526266
index level,14,507,0.0
index level,14,508,0.0
index level,14,509,-0.0008093889555578215
index level,14,510,0.0
index level,14,511,0.0
index level,14,512,-0.0024321049686131246
index level,14,513,0.0008113590708793694
index level,14,514,-0.0016233769798903452
index level,14,515,0.0
index level,14,516,0.0008120179090109758
index level,14,517,-0.0008120179090109758
index level,14,518,0.0032441228776241005
index level,14,519,0.001618123330410448
index level,14,520,-0.0008087343748526266
index level,14,521,-0.0024301348532915767
index level,14,522,-0.0016233769798903452
index level,14,523,0.0016233769798903452
index level,14,524,-0.0032493935983088917
index level,14,525,0.0
index level,14,526,0.0016260166184185465
index level,14,527,0.0
index level,14,528,0.0024340782808796035
index level,14,529,0.002428167927154945
index level,14,530,-0.0008087343748526266
index level,14,531,0.0008087343748526266
index level,14,532,0.0016155092366538781
index level,14,533,-0.0016155092366538781
index level,14,534,0.0016155092366538781
index level,14,535,0.0016129035754648413
index level,14,536,-0.0032284128121187194
index level,14,537,0.0024222862065945705
index level,14,538,0.0016116038943412292
index level,14,539,-0.0008054772888170803
index level,14,540,0.0008054772888170803
index level,14,541,0.0
index level,14,542,0.0008048290172872896
index level,14,543,0.0016077173880963969
index level,14,544,0.0
index level,14,545,0.0
index level,14,546,0.0
index level,14,547,-0.0008035355996831584
index level,14,548,0.0
index level,14,549,0.0032102756302485602
index level,14,550,-0.0016038495819747922
index level,14,551,0.0024048107781791117
index level,14,552,-0.0008009611962043195
index level,14,553,-0.0008016032493367575
index level,14,554,0.0
index level,14,555,0.001602564445541077
index level,14,556,0.001600000341333896
index level,14,557,0.0
index level,14,558,0.0007990411931322328
index level,14,559,-0.0015987213636972086
index level,14,560,0.002397124599721856
index level,14,561,0.0007977662967979526
index level,14,562,0.0007971303730176516
index level,14,563,-0.0007971303730176516
index level,14,564,0.002389487397381096
index level,14,565,-0.0015923570243634444
index level,14,566,0.0
index level,14,567,0.0015923570243634444
index level,14,568,0.0015898254540998025
index level,15,0,-0.0029865626977487736
index level,15,1,0.0009965122897384049
index level,15,2,-0.0009965122897384049
index level,15,3,0.0
index level,15,4,0.0
index level,15,5,0.0009965122897384049
index level,15,6,-0.0009965122897384049
index level,15,7,0.0
index level,15,8,0.0
index level,15,9,-0.0029955089797990553
index level,15,10,0.0
index level,15,11,0.0009995003330836028
index level,15,12,0.0
index level,15,13,0.0009985023295895346
index level,15,14,-0.0009985023295895346
index level,15,15,0.0019960086467154525
index level,15,16,-0.0029955089797990553
index level,15,17,0.00399202126953746
index level,15,18,-0.0029925209364538574
index level,15,19,-0.003001503003756234
index level,15,20,0.0010015023370897325
index level,15,21,0.0020000006666665016
index level,15,22,-0.0040040093533821874
index level,15,23,0.0010025063496259534
index level,15,24,0.0020020026706726313
index level,15,25,-0.0020020026706726313
index level,15,26,-0.0010025063496259534
index level,15,27,0.0
index level,15,28,-0.0010035123772400567
index level,15,29,-0.0010045204260054064
index level,15,30,0.0
index level,15,31,-0.0020120731134198877
index level,15,32,0.0010065426114014286
index level,15,33,0.001005530502018459
index level,15,34,0.002008032803245463
index level,15,35,-0.0010035123772400567
index level,15,36,-0.0010045204260054064
index level,15,37,0.0010045204260054064
index level,15,38,0.0
index level,15,39,-0.004024150299724916
index level,15,40,0.0030196298737195093
index level,15,41,0.0
index level,15,42,-0.0020120731134198877
index level,15,43,0.0
index level,15,44,0.0
index level,15,45,-0.0010075567602996216
index level,15,46,0.0
index level,15,47,0.0
index level,15,48,-0.0010085729548849898
index level,15,49,0.0010085729548849898
index level,15,50,0.0010075567602996216
index level,15,51,-0.0020161297151846114
index level,15,52,0.0
index level,15,53,0.0
index level,15,54,0.0
index level,15,55,0.0020161297151846114
index level,15,56,-0.003025720916537189
index level,15,57,0.0
index level,15,58,0.0
index level,15,59,-0.0010106115059231868
index level,15,60,-0.0010116338748442644
index level,15,61,0.0
index level,15,62,0.0010116338748442644
index level,15,63,-0.0010116338748442644
index level,15,64,0.0
index level,15,65,-0.00101265831438635
index level,15,66,0.0
index level,15,67,0.0
index level,15,68,0.0
index level,15,69,0.00101265831438635
index level,15,70,-0.00101265831438635
index level,15,71,0.00101265831438635
index level,15,72,0.0010116338748442644
index level,15,73,-0.0020242921892306143
index level,15,74,0.00101265831438635
index level,15,75,0.0
index level,15,76,-0.00101265831438635
index level,15,77,0.00101265831438635
index level,15,78,0.0
index level,15,79,0.0010116338748442644
index level,15,80,0.0
index level,15,81,0.0020202027072757645
index level,15,82,0.0
index level,15,83,-0.0010095912013525776
index level,15,84,0.0010095912013525776
index level,15,85,-0.0010095912013525776
index level,15,86,-0.0010106115059231868
index level,15,87,0.0020202027072757645
index level,15,88,0.0010085729548849898
index level,15,89,0.0
index level,15,90,-0.0010085729548849898
index level,15,91,0.0
index level,15,92,0.0010085729548849898
index level,15,93,0.0010075567602996216
index level,15,94,-0.0010075567602996216
index level,15,95,0.0
index level,15,96,0.0010075567602996216
index level,15,97,-0.0010075567602996216
index level,15,98,0.0
index level,15,99,0.0010075567602996216
index level,15,100,-0.0010075567602996216
index level,15,101,-0.0010085729548849898
index level,15,102,-0.0010095912013525776
index level,15,103,-0.0010106115059231868
index level,15,104,0.0010106115059231868
index level,15,105,-0.002022245380767451
index level,15,106,0.002022245380767451
index level,15,107,-0.0010106115059231868
index level,15,108,0.0
index level,15,109,-0.0010116338748442644
index level,15,110,0.0010116338748442644
index level,15,111,0.0030287756621607542
index level,15,112,0.0
index level,15,113,-0.0030287756621607542
index level,15,114,-0.0010116338748442644
index level,15,115,0.0010116338748442644
index level,15,116,-0.0010116338748442644
index level,15,117,0.0010116338748442644
index level,15,118,0.0010106115059231868
index level,15,119,-0.0010106115059231868
index level,15,120,0.0
index level,15,121,-0.0010116338748442644
index level,15,122,-0.00101265831438635
index level,15,123,0.0
index level,15,124,-0.002028398261392894
index level,15,125,-0.0010157441198357375
index level,15,126,0.0020304575503820033
index level,15,127,-0.0010147134305462657
index level,15,128,-0.0010157441198357375
index level,15,129,0.0
index level,15,130,0.0
index level,15,131,0.0
index level,15,132,-0.0010167769050868358
index level,15,133,-0.0020366605818029626
index level,15,134,0.005083895037271802
index level,15,135,-0.0020304575503820033
index level,15,136,-0.00407332538763594
index level,15,137,-0.001020929134107007
index level,15,138,0.0020408170348531485
index level,15,139,0.0
index level,15,140,-0.0030627895305457287
index level,15,141,0.0020429016297995872
index level,15,142,-0.001020929134107007
index level,15,143,-0.003069056117417368
index level,15,144,0.0010240656296902628
index level,15,145,-0.0020491810449358994
index level,15,146,-0.0020533888118423604
index level,15,147,0.0
index level,15,148,-0.001028277725565907
index level,15,149,-0.0010293361691138259
index level,15,150,0.0010293361691138259
index level,15,151,-0.0010293361691138259
index level,15,152,-0.0020618564005587814
index level,15,153,0.0020618564005587814
index level,15,154,-0.0020618564005587814
index level,15,155,0.0
index level,15,156,0.0
index level,15,157,-0.001032524614188901
index level,15,158,0.001032524614188901
index level,15,159,0.0
index level,15,160,-0.002066116437472232
index level,15,161,0.004127972838031013
index level,15,162,0.002057613894679733
index level,15,163,-0.001028277725565907
index level,15,164,0.001028277725565907
index level,15,165,0.0020533888118423604
index level,15,166,0.0
index level,15,167,0.0010251154152456365
index level,15,168,-0.002051282770557883
index level,15,169,-0.001027221456530114
index level,15,170,-0.001028277725565907
index level,15,171,0.002055499182096021
index level,15,172,-0.001027221456530114
index level,15,173,0.001027221456530114
index level,15,174,-0.003084835351209847
index level,15,175,0.0
index level,15,176,0.0
index level,15,177,0.0010293361691138259
index level,15,178,-0.0010293361691138259
index level,15,179,-0.0020618564005587814
index level,15,180,0.0
index level,15,181,0.0
index level,15,182,0.0030911925696726072
index level,15,183,-0.0010293361691138259
index level,15,184,-0.0020618564005587814
index level,15,185,-0.002066116437472232
index level,15,186,0.0
index level,15,187,0.0
index level,15,188,0.0
index level,15,189,-0.0031072008427486253
index level,15,190,0.0020725396019720677
index level,15,191,-0.0020725396019720677
index level,15,192,0.0
index level,15,193,0.0
index level,15,194,0.0
index level,15,195,-0.001037882812419788
index level,15,196,0.0
index level,15,197,0.0
index level,15,198,0.0
index level,15,199,0.0
index level,15,200,-0.0010389611324193027
index level,15,201,-0.0010400416954139402
index level,15,202,0.0
index level,15,203,0.0010400416954139402
index level,15,204,0.0010389611324193027
index level,15,205,-0.003120127336243783
index level,15,206,0.0
index level,15,207,-0.001042209578443476
index level,15,208,0.001042209578443476
index level,15,209,-0.001042209578443476
index level,15,210,-0.002087683430484155
index level,15,211,0.002087683430484155
index level,15,212,-0.002087683430484155
index level,15,213,0.0
index level,15,214,-0.0010454784015525576
index level,15,215,-0.003143009397200025
index level,15,216,0.001048767794085137
index level,15,217,0.0
index level,15,218,-0.0031496089028966168
index level,15,219,0.00210084110881148
index level,15,220,0.0
index level,15,221,-0.00210084110881148
index level,15,222,0.0
index level,15,223,-0.002105263935462176
index level,15,224,-0.001054296354905837
index level,15,225,0.001054296354905837
index level,15,226,0.0
index level,15,227,-0.002109705423849917
index level,15,228,0.002109705423849917
index level,15,229,-0.001054296354905837
index level,15,230,0.001054296354905837
index level,15,231,0.0
index level,15,232,0.002105263935462176
index level,15,233,-0.0010520779508036426
index level,15,234,0.0021030501967791437
index level,15,235,0.0
index level,15,236,-0.0021030501967791437
index level,15,237,-0.0010531859846585334
index level,15,238,0.004206105044273656
index level,15,239,0.0
index level,15,240,0.0
index level,15,241,0.0
index level,15,242,0.0
index level,15,243,-0.0010498688628359787
index level,15,244,0.004192878260036004
index level,15,245,-0.002094241603114888
index level,15,246,-0.001048767794085137
index level,15,247,-0.0010498688628359787
index level,15,248,0.0
index level,15,249,0.0
index level,15,250,-0.001050972245975501
index level,15,251,0.004197277935340082
index level,15,252,-0.004197277935340082
index level,15,253,0.001050972245975501
index level,15,254,-0.001050972245975501
index level,15,255,0.0
index level,15,256,0.001050972245975501
index level,15,257,-0.003156236181437677
index level,15,258,0.002105263935462176
index level,15,259,0.00210084110881148
index level,15,260,-0.0010498688628359787
index level,15,261,0.004192878260036004
index level,15,262,0.0
index level,15,263,0.0
index level,15,264,0.0010454784015525576
index level,15,265,0.0
index level,15,266,0.0
index level,15,267,0.0
index level,15,268,0.0
index level,15,269,0.002087683430484155
index level,15,270,0.001042209578443476
index level,15,271,-0.0020855064910216825
index level,15,272,0.0020855064910216825
index level,15,273,0.0
index level,15,274,0.0
index level,15,275,0.0010411245084105403
index level,15,276,0.0
index level,15,277,-0.0010411245084105403
index level,15,278,-0.001042209578443476
index level,15,279,-0.0031331618320367127
index level,15,280,0.0010454784015525576
index level,15,281,-0.00209205097222398
index level,15,282,-0.0010476690324434657
index level,15,283,0.0010476690324434657
index level,15,284,0.0
index level,15,285,-0.004197277935340082
index level,15,286,0.00210084110881148
index level,15,287,-0.00210084110881148
index level,15,288,0.001050972245975501
index level,15,289,0.0020986366569211157
index level,15,290,-0.0031496089028966168
index level,15,291,0.0
index level,15,292,0.0
index level,15,293,-0.002105263935462176
index level,15,294,0.0
index level,15,295,0.0010531859846585334
index level,15,296,-0.0010531859846585334
index level,15,297,-0.001054296354905837
index level,15,298,0.001054296354905837
index level,15,299,-0.002109705423849917
index level,15,300,-0.002114165692335135
index level,15,301,-0.001058761348242676
index level,15,302,0.0
index level,15,303,0.0021164029063776013
index level,15,304,-0.003176286418420382
index level,15,305,-0.0021231430480774804
index level,15,306,0.0010621349909829547
index level,15,307,-0.0010621349909829547
index level,15,308,-0.001063264321330415
index level,15,309,0.001063264321330415
index level,15,310,-0.0031931905791555693
index level,15,311,0.0
index level,15,312,0.0010655302020383672
index level,15,313,-0.004268949919575604
index level,15,314,0.001068947188905156
index level,15,315,-0.002139038248749614
index level,15,316,-0.002143623543251927
index level,15,317,-0.0010735374085237837
index level,15,318,-0.0021505384632289903
index level,15,319,-0.0010770060276374949
index level,15,320,-0.0010781672203457049
index level,15,321,0.0
index level,15,322,-0.00432433106300234
index level,15,323,0.0
index level,15,324,0.0
index level,15,325,-0.0021691982475458005
index level,15,326,-0.0021739138996199614
index level,15,327,0.0
index level,15,328,0.0021739138996199614
index level,15,329,-0.0021739138996199614
index level,15,330,-0.0010887317351961912
index level,15,331,-0.002181025946359938
index level,15,332,0.0010911075823338834
index level,15,333,-0.0043715916614956996
index level,15,334,0.0
index level,15,335,-0.0010958905206370773
index level,15,336,-0.002195390563436206
index level,15,337,-0.0022002209096019243
index level,15,338,-0.0033094349013671476
index level,15,339,-0.002212390282941179
index level,15,340,0.0
index level,15,341,-0.0022172958086477124
index level,15,342,-0.002222223136717716
index level,15,343,-0.0011129661694200266
index level,15,344,-0.0022296553272695974
index level,15,345,-0.0011166947000749161
index level,15,346,0.0
index level,15,347,-0.0022371373983567366
index level,15,348,-0.003365118150313151
index level,15,349,0.0
index level,15,350,-0.0011242272122808927
index level,15,351,-0.003380284908823583
index level,15,352,-0.0022598879674378125
index level,15,353,0.0022598879674378125
index level,15,354,-0.003391750001121352
index level,15,355,-0.0011331445971682896
index level,15,356,0.0
index level,15,357,-0.004545462371674525
index level,15,358,-0.001139601262933887
index level,15,359,-0.0022831060145689364
index level,15,360,-0.0034344624486344344
index level,15,361,0.0011461319306222961
index level,15,362,-0.0011461319306222961
index level,15,363,-0.0034462986435874754
index level,15,364,-0.002304148484849833
index level,15,365,-0.003466207976486224
index level,15,366,-0.0011580777206283699
index level,15,367,-0.0034823018358745017
index level,15,368,-0.0023282897595908736
index level,15,369,-0.0023337233462203955
index level,15,370,0.0023337233462203955
index level,15,371,-0.0023337233462203955
index level,15,372,0.0
index level,15,373,0.0
index level,15,374,-0.0011689072049820837
index level,15,375,0.0
index level,15,376,-0.002341921445080608
index level,15,377,-0.0011730206623630224
index level,15,378,0.0
index level,15,379,-0.0011743982559417887
index level,15,380,-0.002352942262026758
index level,15,381,-0.002358491659292916
index level,15,382,0.0
index level,15,383,0.0011799411398483173
index level,15,384,-0.0011799411398483173
index level,15,385,-0.001181335045831844
index level,15,386,0.0
index level,15,387,0.001181335045831844
index level,15,388,-0.001181335045831844
index level,15,389,-0.003552401604367539
index level,15,390,0.0
index level,15,391,0.0
index level,15,392,0.0
index level,15,393,0.0011855365941020324
index level,15,394,-0.003560834623009157
index level,15,395,0.0023752980289071246
index level,15,396,-0.0023752980289071246
index level,15,397,-0.00118976813558902
index level,15,398,0.0
index level,15,399,0.0
index level,15,400,0.0
index level,15,401,-0.0011911853701533914
index level,15,402,0.0011911853701533914
index level,15,403,0.0
index level,15,404,0.00118976813558902
index level,15,405,0.003560834623009157
index level,15,406,-0.0011855365941020324
index level,15,407,-0.004756251534649536
index level,15,408,0.0011911853701533914
index level,15,409,0.0
index level,15,410,0.0
index level,15,411,-0.0011911853701533914
index level,15,412,0.0
index level,15,413,-0.001192605985123052
index level,15,414,-0.002389487397381096
index level,15,415,0.00119545740477367
index level,15,416,0.001194029992607426
index level,15,417,-0.002389487397381096
index level,15,418,0.003582093382504148
index level,15,419,0.0
index level,15,420,-0.003582093382504148
index level,15,421,0.002389487397381096
index level,15,422,0.0023837913552764434
index level,15,423,0.00118976813558902
index level,15,424,-0.004767589483472889
index level,15,425,-0.00119545740477367
index level,15,426,-0.0011968882338457831
index level,15,427,0.004778981616349931
index level,15,428,-0.002386635977730478
index level,15,429,-0.00119545740477367
index level,15,430,0.003582093382504148
index level,15,431,0.0023809535057424114
index level,15,432,-0.00118976813558902
index level,15,433,0.00118976813558902
index level,15,434,-0.00118976813558902
index level,15,435,-0.0011911853701533914
index level,15,436,0.0023809535057424114
index level,15,437,0.0
index level,15,438,-0.0023809535057424114
index level,15,439,0.0
index level,15,440,0.0023809535057424114
index level,15,441,-0.0023809535057424114
index level,15,442,-0.003582093382504148
index level,15,443,0.003582093382504148
index level,15,444,-0.002386635977730478
index level,15,445,0.0
index level,15,446,-0.002392345638619453
index level,15,447,0.002392345638619453
index level,15,448,-0.00119545740477367
index level,15,449,0.00119545740477367
index level,15,450,-0.00119545740477367
index level,15,451,0.0
index level,15,452,0.00119545740477367
index level,15,453,0.0035778213478838694
index level,15,454,-0.0023837913552764434
index level,15,455,0.0
index level,15,456,-0.003586375631226879
index level,15,457,0.0
index level,15,458,0.002392345638619453
index level,15,459,-0.002392345638619453
index level,15,460,0.0011968882338457831
index level,15,461,0.0
index level,15,462,0.0
index level,15,463,0.0
index level,15,464,-0.0023952107259548328
index level,15,465,0.0
index level,15,466,0.0035906681307285027
index level,15,467,0.0
index level,15,468,-0.00119545740477367
index level,15,469,-0.0011968882338457831
index level,15,470,0.002392345638619453
index level,15,471,-0.0035906681307285027
index level,15,472,0.0011983224921090496
index level,15,473,0.002392345638619453
index level,15,474,-0.002392345638619453
index level,15,475,-0.003599284029647265
index level,15,476,0.0
index level,15,477,0.001201201345634395
index level,15,478,-0.001201201345634395
index level,15,479,0.0
index level,15,480,0.0
index level,15,481,0.0
index level,15,482,0.0
index level,15,483,0.001201201345634395
index level,15,484,0.0
index level,15,485,-0.001201201345634395
index level,15,486,0.004796172263493048
index level,15,487,-0.0011968882338457831
index level,15,488,0.0011968882338457831
index level,15,489,-0.0011968882338457831
index level,15,490,0.0011968882338457831
index level,15,491,-0.0011968882338457831
index level,15,492,-0.00239808268401287
index level,15,493,0.00239808268401287
index level,15,494,0.002392345638619453
index level,15,495,-0.0035906681307285027
index level,15,496,0.0023952107259548328
index level,15,497,0.00119545740477367
index level,15,498,-0.00119545740477367
index level,15,499,-0.0011968882338457831
index level,15,500,0.0
index level,15,501,0.0
index level,15,502,-0.0011983224921090496
index level,15,503,-0.0011997601919038203
index level,15,504,0.003594970917858653
index level,15,505,0.0
index level,15,506,-0.0011968882338457831
index level,15,507,0.0011968882338457831
index level,15,508,0.00119545740477367
index level,15,509,0.0
index level,15,510,-0.00119545740477367
index level,15,511,0.00119545740477367
index level,15,512,0.002386635977730478
index level,15,513,0.0011911853701533914
index level,15,514,-0.0035778213478838694
index level,15,515,0.0
index level,15,516,-0.00119545740477367
index level,15,517,0.0
index level,15,518,-0.0011968882338457831
index level,15,519,0.0011968882338457831
index level,15,520,0.0
index level,15,521,-0.0011968882338457831
index level,15,522,0.0
index level,15,523,-0.003599284029647265
index level,15,524,-0.0012026459657601407
index level,15,525,0.0024038473113945358
index level,15,526,-0.0024038473113945358
index level,15,527,0.0
index level,15,528,0.0
index level,15,529,0.0024038473113945358
index level,15,530,-0.0024038473113945358
index level,15,531,-0.0024096397201534003
index level,15,532,0.0
index level,15,533,-0.0012070007500355473
index level,15,534,0.0
index level,15,535,-0.001208459361568437
index level,15,536,0.001208459361568437
index level,15,537,-0.001208459361568437
index level,15,538,-0.0024213086890103597
index level,15,539,0.0024213086890103597
index level,15,540,-0.003634165114219101
index level,15,541,-0.001214329232402278
index level,15,542,0.001214329232402278
index level,15,543,0.0012128564252087415
index level,15,544,-0.0012128564252087415
index level,15,545,-0.002430134853292465
index level,15,546,-0.001217285603750895
index level,15,547,0.002433091224641082
index level,15,548,0.0
index level,15,549,0.001214329232402278
index level,15,550,-0.00364742045704336
index level,15,551,-0.002439025599358935
index level,15,552,-0.0012217472503222027
index level,15,553,-0.001223241742744463
index level,15,554,-0.002450981619140258
index level,15,555,0.0
index level,15,556,0.0
index level,15,557,-0.003687773079184886
index level,15,558,0.0
index level,15,559,0.0012307693861330904
index level,15,560,-0.0012307693861330904
index level,15,561,0.0
index level,15,562,0.0
index level,15,563,0.0012307693861330904
index level,15,564,-0.0012307693861330904
index level,15,565,-0.0012322860462647967
index level,15,566,0.00369231188712682
index level,15,567,-0.0024600258408620235
index level,15,568,0.0012307693861330904
stock level,0,0,-0.00399202126953746
stock level,0,1,0.0
stock level,0,2,0.0
stock level,0,3,0.00399202126953746
stock level,0,4,-0.004992521603120359
stock level,0,5,0.0010005003335828988
stock level,0,6,0.0
stock level,0,7,-0.0010005003335828988
stock level,0,8,0.0020000006666665016
stock level,0,9,0.0009985023295895346
stock level,0,10,0.0
stock level,0,11,0.00298953884836628
stock level,0,12,-0.001992032531240362
stock level,0,13,0.0
stock level,0,14,0.0
stock level,0,15,0.0029865626977487736
stock level,0,16,0.0009935420588780275
stock level,0,17,0.0
stock level,0,18,0.0
stock level,0,19,-0.0009935420588780275
stock level,0,20,-0.0029865626977487736
stock level,0,21,-0.0019960086467154525
stock level,0,22,0.0009985023295895346
stock level,0,23,0.000997506317125918
stock level,0,24,-0.003996009313381954
stock level,0,25,0.0
stock level,0,26,-0.0010015023370897325
stock level,0,27,0.003001503003756234
stock level,0,28,-0.0020000006666665016
stock level,0,29,0.0010005003335828988
stock level,0,30,-0.0010005003335828988
stock level,0,31,0.0
stock level,0,32,0.0
stock level,0,33,-0.0030075210639557426
stock level,0,34,0.0
stock level,0,35,-0.0010045204260054064
stock level,0,36,0.002008032803245463
stock level,0,37,-0.0010035123772400567
stock level,0,38,-0.0010045204260054064
stock level,0,39,-0.001005530502018459
stock level,0,40,0.001005530502018459
stock level,0,41,-0.001005530502018459
stock level,0,42,0.0
stock level,0,43,-0.0010065426114014286
stock level,0,44,0.0
stock level,0,45,0.0020120731134198877
stock level,0,46,0.002008032803245463
stock level,0,47,0.0
stock level,0,48,-0.002008032803245463
stock level,0,49,0.0030105391528714165
stock level,0,50,0.0
stock level,0,51,0.0
stock level,0,52,0.0020020026706726313
stock level,0,53,-0.0020020026706726313
stock level,0,54,0.0010015023370897325
stock level,0,55,-0.002004008686715686
stock level,0,56,-0.002008032803245463
stock level,0,57,0.0
stock level,0,58,0.0
stock level,0,59,-0.0020120731134198877
stock level,0,60,0.004020105916665351
stock level,0,61,-0.0010035123772400567
stock level,0,62,0.00200601872686601
stock level,0,63,0.0
stock level,0,64,0.0010015023370897325
stock level,0,65,0.0010005003335828988
stock level,0,66,-0.0010005003335828988
stock level,0,67,0.0020000006666665016
stock level,0,68,0.0
stock level,0,69,0.0019960086467154525
stock level,0,70,-0.000997506317125918
stock level,0,71,-0.0009985023295895346
stock level,0,72,0.0009985023295895346
stock level,0,73,0.000997506317125918
stock level,0,74,-0.0029955089797990553
stock level,0,75,0.00399202126953746
stock level,0,76,-0.0009965122897384049
stock level,0,77,0.0
stock level,0,78,0.001992032531240362
stock level,0,79,-0.000995520241501957
stock level,0,80,0.002983592466888396
stock level,0,81,-0.0009935420588780275
stock level,0,82,0.0009935420588780275
stock level,0,83,-0.001988072225386439
stock level,0,84,0.0009945301665084116
stock level,0,85,0.0
stock level,0,86,-0.0009945301665084116
stock level,0,87,0.001988072225386439
stock level,0,88,0.0
stock level,0,89,0.0019841276350467396
stock level,0,90,-0.0019841276350467396
stock level,0,91,0.0009925559127514916
stock level,0,92,0.0
stock level,0,93,0.000991571722295248
stock level,0,94,0.0009905894816961691
stock level,0,95,-0.003968259175620936
stock level,0,96,0.003968259175620936
stock level,0,97,0.0
stock level,0,98,0.000989609185165996
stock level,0,99,-0.001980198666862165
stock level,0,100,-0.000991571722295248
stock level,0,101,0.0
stock level,0,102,-0.001986097971629519
stock level,0,103,0.0
stock level,0,104,-0.0009945301665084116
stock level,0,105,-0.001992032531240362
stock level,0,106,0.001992032531240362
stock level,0,107,-0.001992032531240362
stock level,0,108,0.0
stock level,0,109,0.0
stock level,0,110,-0.000997506317125918
stock level,0,111,0.000997506317125918
stock level,0,112,-0.0019960086467154525
stock level,0,113,0.0009985023295895346
stock level,0,114,-0.002998502996256036
stock level,0,115,0.0010005003335828988
stock level,0,116,0.0009995003330836028
stock level,0,117,0.0
stock level,0,118,0.0019960086467154525
stock level,0,119,-0.0029955089797990553
stock level,0,120,-0.0010005003335828988
stock level,0,121,0.0020000006666665016
stock level,0,122,0.0
stock level,0,123,-0.0020000006666665016
stock level,0,124,-0.0010015023370897325
stock level,0,125,-0.00200601872686601
stock level,0,126,0.0010035123772400567
stock level,0,127,-0.0010035123772400567
stock level,0,128,0.0
stock level,0,129,0.0010035123772400567
stock level,0,130,-0.0010035123772400567
stock level,0,131,0.0
stock level,0,132,-0.0020100509280238654
stock level,0,133,0.001005530502018459
stock level,0,134,-0.001005530502018459
stock level,0,135,-0.0020140993717010502
stock level,0,136,-0.0010085729548849898
stock level,0,137,0.0
stock level,0,138,0.0020161297151846114
stock level,0,139,0.0
stock level,0,140,-0.0020161297151846114
stock level,0,141,0.0010085729548849898
stock level,0,142,-0.0020181641562375674
stock level,0,143,-0.0010106115059231868
stock level,0,144,0.0
stock level,0,145,0.0
stock level,0,146,0.0
stock level,0,147,0.0020202027072757645
stock level,0,148,-0.0020202027072757645
stock level,0,149,0.0
stock level,0,150,0.0010106115059231868
stock level,0,151,-0.002022245380767451
stock level,0,152,0.0
stock level,0,153,-0.00101265831438635
stock level,0,154,0.0
stock level,0,155,-0.0030441423812286317
stock level,0,156,0.0
stock level,0,157,-0.0010167769050868358
stock level,0,158,0.0
stock level,0,159,0.0
stock level,0,160,0.0
stock level,0,161,-0.0020366605818029626
stock level,0,162,0.0020366605818029626
stock level,0,163,-0.0010178117927006625
stock level,0,164,0.0
stock level,0,165,0.0020345886977874983
stock level,0,166,-0.005094254521742947
stock level,0,167,0.0
stock level,0,168,0.001020929134107007
stock level,0,169,0.0
stock level,0,170,0.0
stock level,0,171,-0.001020929134107007
stock level,0,172,0.0
stock level,0,173,0.0020408170348531485
stock level,0,174,-0.004085807522580254
stock level,0,175,0.0020449904877271052
stock level,0,176,-0.0020449904877271052
stock level,0,177,0.001023017992034525
stock level,0,178,-0.0030721990369704244
stock level,0,179,0.0020491810449358994
stock level,0,180,0.0
stock level,0,181,-0.0020491810449358994
stock level,0,182,0.0
stock level,0,183,-0.0010261673553122463
stock level,0,184,0.0010261673553122463
stock level,0,185,-0.0020533888118423604
stock level,0,186,-0.001028277725565907
stock level,0,187,-0.0030911925696726072
stock level,0,188,0.0020618564005587814
stock level,0,189,0.0
stock level,0,190,-0.004127972838031013
stock level,0,191,0.002066116437472232
stock level,0,192,0.0
stock level,0,193,-0.0031007776782487895
stock level,0,194,-0.0010357328735315363
stock level,0,195,0.0
stock level,0,196,-0.0010368067284405313
stock level,0,197,-0.001037882812419788
stock level,0,198,0.001037882812419788
stock level,0,199,-0.003116885640253031
stock level,0,200,0.0
stock level,0,201,0.0
stock level,0,202,-0.0010411245084105403
stock level,0,203,-0.001042209578443476
stock level,0,204,-0.0010432969125782066
stock level,0,205,0.0
stock level,0,206,-0.0031364374901299286
stock level,0,207,0.004179734402708135
stock level,0,208,0.0
stock level,0,209,-0.005227403435151601
stock level,0,210,-0.001048767794085137
stock level,0,211,0.0
stock level,0,212,0.0
stock level,0,213,-0.00210084110881148
stock level,0,214,0.00210084110881148
stock level,0,215,-0.0031529190596151224
stock level,0,216,0.0
stock level,0,217,-0.0010531859846585334
stock level,0,218,0.0
stock level,0,219,0.0
stock level,0,220,-0.002109705423849917
stock level,0,221,0.0
stock level,0,222,-0.002114165692335135
stock level,0,223,-0.002118644860285457
stock level,0,224,-0.0021231430480774804
stock level,0,225,0.0021231430480774804
stock level,0,226,-0.0042508034251946825
stock level,0,227,0.001064396055786787
stock level,0,228,-0.003196593025627692
stock level,0,229,0.0
stock level,0,230,0.0
stock level,0,231,-0.0021367529497346993
stock level,0,232,-0.002141328441343404
stock level,0,233,-0.0021459235702767643
stock level,0,234,0.0010735374085237837
stock level,0,235,-0.0010735374085237837
stock level,0,236,-0.0010746911297658812
stock level,0,237,-0.0010758473334631091
stock level,0,238,-0.0021551732479831998
stock level,0,239,0.0010781672203457049
stock level,0,240,0.0
stock level,0,241,-0.0010781672203457049
stock level,0,242,-0.00432433106300234
stock level,0,243,0.0021645030095722717
stock level,0,244,-0.004333701257118072
stock level,0,245,0.0021691982475458005
stock level,0,246,-0.0021691982475458005
stock level,0,247,0.0
stock level,0,248,0.0010851873012871494
stock level,0,249,-0.002171553513507618
stock level,0,250,-0.0032661977866217384
stock level,0,251,-0.0021834069809436585
stock level,0,252,-0.002188184680552041
stock level,0,253,-0.002192983335010723
stock level,0,254,-0.0032985186586644843
stock level,0,255,-0.0033094349013671476
stock level,0,256,-0.0011055833077495691
stock level,0,257,-0.0011068069751916099
stock level,0,258,-0.0022172958086477124
stock level,0,259,0.0
stock level,0,260,-0.004449395549541713
stock level,0,261,-0.0011154490838656272
stock level,0,262,-0.002234637801415751
stock level,0,263,0.0011179431013408347
stock level,0,264,0.0
stock level,0,265,-0.0011179431013408347
stock level,0,266,-0.005608539659609946
stock level,0,267,0.002247191956905148
stock level,0,268,-0.0011229647446242552
stock level,0,269,-0.004504512121104476
stock level,0,270,-0.0011293055971517418
stock level,0,271,0.0022573373016498977
stock level,0,272,-0.0011280317044981558
stock level,0,273,-0.003391750001121352
stock level,0,274,-0.0034032931317078408
stock level,0,275,-0.001137009787075094
stock level,0,276,0.001137009787075094
stock level,0,277,-0.0022753138371349735
stock level,0,278,-0.001139601262933887
stock level,0,279,-0.001140901435791264
stock level,0,280,-0.0011422045787776725
stock level,0,281,0.0
stock level,0,282,-0.0022883305180121383
stock level,0,283,-0.0011461319306222961
stock level,0,284,-0.0034462986435874754
stock level,0,285,-0.002304148484849833
stock level,0,286,0.0
stock level,0,287,-0.0023094698486625376
stock level,0,288,-0.0023148158484520565
stock level,0,289,0.0
stock level,0,290,0.0
stock level,0,291,-0.0023201866556972206
stock level,0,292,-0.002325582443474694
stock level,0,293,-0.0023310033864758495
stock level,0,294,-0.0023364496610200902
stock level,0,295,-0.002341921445080608
stock level,0,296,0.002341921445080608
stock level,0,297,0.0
stock level,0,298,-0.0035149421074436304
stock level,0,299,-0.0011743982559417887
stock level,0,300,-0.002352942262026758
stock level,0,301,0.0
stock level,0,302,-0.0011785505194445989
stock level,0,303,-0.0011799411398483173
stock level,0,304,-0.001181335045831844
stock level,0,305,-0.0011827322490489678
stock level,0,306,-0.0011841327612165387
stock level,0,307,-0.004750602758598177
stock level,0,308,-0.0011911853701533914
stock level,0,309,-0.003582093382504148
stock level,0,310,0.00119545740477367
stock level,0,311,-0.0035906681307285027
stock level,0,312,-0.0011997601919038203
stock level,0,313,-0.003607941376199797
stock level,0,314,0.0012040940648052612
stock level,0,315,-0.0048250998317573845
stock level,0,316,0.001208459361568437
stock level,0,317,0.0036166404701889476
stock level,0,318,0.0012026459657601407
stock level,0,319,0.004796172263493048
stock level,0,320,0.0
stock level,0,321,0.003582093382504148
stock level,0,322,0.0
stock level,0,323,-0.001192605985123052
stock level,0,324,0.001192605985123052
stock level,0,325,-0.002386635977730478
stock level,0,326,0.001194029992607426
stock level,0,327,0.004761913760243708
stock level,0,328,0.0
stock level,0,329,0.00118694375952888
stock level,0,330,0.002369669355318571
stock level,0,331,0.0011827322490489678
stock level,0,332,-0.0011827322490489678
stock level,0,333,0.0023640672948808117
stock level,0,334,0.0
stock level,0,335,0.002358491659292916
stock level,0,336,0.0
stock level,0,337,0.0
stock level,0,338,0.0011771631730148613
stock level,0,339,0.0023501773449536856
stock level,0,340,0.0011730206623630224
stock level,0,341,-0.0011730206623630224
stock level,0,342,0.0023446669592539493
stock level,0,343,0.0011702751481896811
stock level,0,344,0.0
stock level,0,345,-0.002341921445080608
stock level,0,346,0.0
stock level,0,347,-0.0011730206623630224
stock level,0,348,0.0023446669592539493
stock level,0,349,-0.003519065215195738
stock level,0,350,0.002347418918304811
stock level,0,351,-0.002347418918304811
stock level,0,352,0.0
stock level,0,353,0.0011743982559417887
stock level,0,354,-0.004705891037413146
stock level,0,355,-0.0011799411398483173
stock level,0,356,-0.0023640672948808117
stock level,0,357,0.0011827322490489678
stock level,0,358,-0.0011827322490489678
stock level,0,359,0.0
stock level,0,360,-0.002369669355318571
stock level,0,361,0.003552401604367539
stock level,0,362,0.0
stock level,0,363,-0.0011827322490489678
stock level,0,364,0.0
stock level,0,365,-0.002369669355318571
stock level,0,366,0.002369669355318571
stock level,0,367,0.0011827322490489678
stock level,0,368,0.0
stock level,0,369,0.00353982670512476
stock level,0,370,0.0011771631730148613
stock level,0,371,-0.00235571369245946
stock level,0,372,0.004705891037413146
stock level,0,373,0.0
stock level,0,374,0.0011730206623630224
stock level,0,375,-0.002347418918304811
stock level,0,376,0.003519065215195738
stock level,0,377,-0.001171646296890927
stock level,0,378,0.002341921445080608
stock level,0,379,0.0011689072049820837
stock level,0,380,-0.0011689072049820837
stock level,0,381,0.00466745304749594
stock level,0,382,-0.0011648224962934606
stock level,0,383,-0.001166180890182389
stock level,0,384,-0.0023364496610200902
stock level,0,385,-0.002341921445080608
stock level,0,386,-0.0011730206623630224
stock level,0,387,-0.0011743982559417887
stock level,0,388,0.0
stock level,0,389,-0.0011757790890118969
stock level,0,390,0.0
stock level,0,391,0.0
stock level,0,392,-0.0011771631730148613
stock level,0,393,0.0
stock level,0,394,-0.0011785505194445989
stock level,0,395,0.0011785505194445989
stock level,0,396,-0.002358491659292916
stock level,0,397,-0.001181335045831844
stock level,0,398,0.001181335045831844
stock level,0,399,-0.001181335045831844
stock level,0,400,0.0
stock level,0,401,-0.0011827322490489678
stock level,0,402,-0.0011841327612165387
stock level,0,403,-0.0011855365941020324
stock level,0,404,-0.0023752980289071246
stock level,0,405,0.0011883542693782445
stock level,0,406,0.0
stock level,0,407,-0.0023781224049672645
stock level,0,408,0.0035650661644961446
stock level,0,409,-0.004756251534649536
stock level,0,410,0.0023809535057424114
stock level,0,411,0.0
stock level,0,412,0.0011883542693782445
stock level,0,413,0.00118694375952888
stock level,0,414,-0.0023752980289071246
stock level,0,415,-0.0023809535057424114
stock level,0,416,0.0011911853701533914
stock level,0,417,-0.0011911853701533914
stock level,0,418,0.0011911853701533914
stock level,0,419,-0.0023837913552764434
stock level,0,420,0.0023837913552764434
stock level,0,421,-0.0035778213478838694
stock level,0,422,0.0
stock level,0,423,-0.002392345638619453
stock level,0,424,0.0
stock level,0,425,0.0
stock level,0,426,-0.00239808268401287
stock level,0,427,0.00239808268401287
stock level,0,428,0.0
stock level,0,429,-0.00239808268401287
stock level,0,430,-0.0024038473113945358
stock level,0,431,0.0
stock level,0,432,-0.0012040940648052612
stock level,0,433,-0.0012055456553481392
stock level,0,434,0.0
stock level,0,435,0.0
stock level,0,436,-0.0012070007500355473
stock level,0,437,-0.001208459361568437
stock level,0,438,-0.0024213086890103597
stock level,0,439,0.0
stock level,0,440,-0.0012128564252087415
stock level,0,441,-0.001214329232402278
stock level,0,442,0.0
stock level,0,443,-0.002433091224641082
stock level,0,444,0.0
stock level,0,445,-0.0012187691941294432
stock level,0,446,0.0012187691941294432
stock level,0,447,-0.002439025599358935
stock level,0,448,-0.0024449889930666657
stock level,0,449,0.0024449889930666657
stock level,0,450,-0.0012217472503222027
stock level,0,451,0.0
stock level,0,452,-0.001223241742744463
stock level,0,453,-0.002450981619140258
stock level,0,454,0.0
stock level,0,455,-0.0024570036930517958
stock level,0,456,0.0
stock level,0,457,-0.002463055432397887
stock level,0,458,0.0
stock level,0,459,0.0012322860462647967
stock level,0,460,-0.0037014231031857747
stock level,0,461,0.002469137056920978
stock level,0,462,-0.004944385845464083
stock level,0,463,0.002475248788543105
stock level,0,464,-0.0012368585373963015
stock level,0,465,-0.003719781102532238
stock level,0,466,-0.0024875634718020123
stock level,0,467,0.0012445552322049025
stock level,0,468,-0.002490661312451792
stock level,0,469,0.0
stock level,0,470,0.0012461060802468893
stock level,0,471,-0.0037429862788345147
stock level,0,472,0.001249219400432544
stock level,0,473,-0.002500001302085053
stock level,0,474,-0.002506266976059379
stock level,0,475,0.002506266976059379
stock level,0,476,-0.0012523483164654792
stock level,0,477,-0.0037664827954770885
stock level,0,478,0.0025125641358831885
stock level,0,479,-0.0025125641358831885
stock level,0,480,0.0025125641358831885
stock level,0,481,-0.005031457155367569
stock level,0,482,0.0
stock level,0,483,0.0
stock level,0,484,0.001260239612288494
stock level,0,485,-0.001260239612288494
stock level,0,486,-0.005056900788972918
stock level,0,487,0.0012666246151926686
stock level,0,488,0.0
stock level,0,489,-0.002534855603188113
stock level,0,490,-0.0012698414404761493
stock level,0,491,0.002538072428471594
stock level,0,492,-0.002538072428471594
stock level,0,493,0.002538072428471594
stock level,0,494,-0.003809528416668151
stock level,0,495,-0.0012730746467983778
stock level,0,496,0.0
stock level,0,497,-0.0012746974320005933
stock level,0,498,0.0
stock level,0,499,-0.0012763243596047857
stock level,0,500,-0.0025575461511166964
stock level,0,501,0.0
stock level,0,502,0.0
stock level,0,503,0.0
stock level,0,504,0.0
stock level,0,505,-0.002564103968937914
stock level,0,506,0.0
stock level,0,507,0.0012828738128893846
stock level,0,508,-0.002567395505246317
stock level,0,509,-0.0038634948250440004
stock level,0,510,0.0012894908298717311
stock level,0,511,-0.0012894908298717311
stock level,0,512,-0.0012911557636199333
stock level,0,513,0.0012911557636199333
stock level,0,514,-0.0025839807659249203
stock level,0,515,0.0
stock level,0,516,-0.0012944985626459626
stock level,0,517,-0.001296176461447196
stock level,0,518,-0.0025974040576848267
stock level,0,519,-0.0013012363579720798
stock level,0,520,0.0026007817000577305
stock level,0,521,-0.0039037134804740248
stock level,0,522,-0.005228770082799095
stock level,0,523,-0.0013114755978103076
stock level,0,524,-0.0013131978249605325
stock level,0,525,-0.0026315804660557163
stock level,0,526,-0.002638523958181871
stock level,0,527,0.002638523958181871
stock level,0,528,0.0
stock level,0,529,-0.007936549595736864
stock level,0,530,-0.0013289038500534645
stock level,0,531,0.0013289038500534645
stock level,0,532,-0.00399202126953746
stock level,0,533,-0.0013342230131367927
stock level,0,534,-0.0013360055427416029
stock level,0,535,-0.002677377770716305
stock level,0,536,-0.0013413818242016262
stock level,0,537,-0.002688173661800519
stock level,0,538,-0.0013468015503788067
stock level,0,539,-0.0067613509780439784
stock level,0,540,0.0013559324111360738
stock level,0,541,0.0
stock level,0,542,-0.00543479598595642
stock level,0,543,-0.0027285146532047833
stock level,0,544,-0.0027359798188744122
stock level,0,545,-0.0013708021337786036
stock level,0,546,-0.0013726838119723084
stock level,0,547,0.0013726838119723084
stock level,0,548,-0.0041237171838623965
stock level,0,549,0.0013764627087233805
stock level,0,550,-0.005517255374754448
stock level,0,551,-0.0027700848738154704
stock level,0,552,0.0027700848738154704
stock level,0,553,-0.0027700848738154704
stock level,0,554,-0.005563296685329178
stock level,0,555,0.002785517121426828
stock level,0,556,-0.004181190760401243
stock level,0,557,-0.0013976242666382532
stock level,0,558,0.0027932979056126683
stock level,0,559,-0.005594420185324189
stock level,0,560,0.0
stock level,0,561,-0.005625893882168498
stock level,0,562,-0.0014114328384078334
stock level,0,563,-0.004246290881450676
stock level,0,564,0.0
stock level,0,565,-0.004264398786458123
stock level,0,566,0.0014234877848542382
stock level,0,567,-0.0014234877848542382
stock level,0,568,-0.002853068982406448
stock level,1,0,-0.0019379851026783967
stock level,1,1,0.003872221682509114
stock level,1,2,0.0
stock level,1,3,0.0
stock level,1,4,0.0
stock level,1,5,0.0
stock level,1,6,0.003857285399758048
stock level,1,7,-0.0009629273733935406
stock level,1,8,0.0009629273733935406
stock level,1,9,0.0019230775157419444
stock level,1,10,0.0009601536983430137
stock level,1,11,0.000959232687460343
stock level,1,12,-0.0028804628653542608
stock level,1,13,0.0019212301778939178
stock level,1,14,0.000959232687460343
stock level,1,15,-0.0028804628653542608
stock level,1,16,0.003838776307166114
stock level,1,17,-0.0009583134418118533
stock level,1,18,-0.000959232687460343
stock level,1,19,0.0038314223115563095
stock level,1,20,-0.0009564802259571792
stock level,1,21,0.0019120464716255725
stock level,1,22,0.0
stock level,1,23,0.0019083975257601082
stock level,1,24,0.0
stock level,1,25,0.0
stock level,1,26,0.0019047624806542984
stock level,1,27,0.0
stock level,1,28,0.0019011412570240083
stock level,1,29,0.0
stock level,1,30,0.0009492169673324113
stock level,1,31,0.0
stock level,1,32,0.0009483168088593175
stock level,1,33,-0.0018975337761917288
stock level,1,34,0.0028449521322313487
stock level,1,35,0.0
stock level,1,36,0.00283688133519977
stock level,1,37,0.0
stock level,1,38,0.0018867930125763266
stock level,1,39,0.0
stock level,1,40,-0.0018867930125763266
stock level,1,41,0.0018867930125763266
stock level,1,42,0.0018832397279648916
stock level,1,43,0.0
stock level,1,44,-0.0009411765400635375
stock level,1,45,-0.0018850146957714031
stock level,1,46,0.004705891037413146
stock level,1,47,0.0
stock level,1,48,0.0
stock level,1,49,-0.0009394082419360572
stock level,1,50,0.0009394082419360572
stock level,1,51,0.0018761731582275232
stock level,1,52,0.0
stock level,1,53,-0.0028155814001635804
stock level,1,54,0.0028155814001635804
stock level,1,55,0.0
stock level,1,56,-0.0009376465759638464
stock level,1,57,-0.002818226383841882
stock level,1,58,0.0018796998015782052
stock level,1,59,-0.0018796998015782052
stock level,1,60,0.0
stock level,1,61,0.0009402915596421479
stock level,1,62,0.001877934824199734
stock level,1,63,0.0018744147943507983
stock level,1,64,-0.00469264117819268
stock level,1,65,-0.0009411765400635375
stock level,1,66,-0.0009420631879013541
stock level,1,67,0.0018832397279648916
stock level,1,68,-0.0028261912358349406
stock level,1,69,-0.0009438415047062776
stock level,1,70,0.0018867930125763266
stock level,1,71,-0.000942951507870049
stock level,1,72,-0.0009438415047062776
stock level,1,73,-0.0009447331831617944
stock level,1,74,0.0
stock level,1,75,0.0009447331831617944
stock level,1,76,0.0
stock level,1,77,-0.0018903597311688003
stock level,1,78,0.0
stock level,1,79,0.0
stock level,1,80,0.0
stock level,1,81,0.0
stock level,1,82,-0.0009465216040309699
stock level,1,83,-0.0018957351648989373
stock level,1,84,0.0009483168088593175
stock level,1,85,0.00378429969123939
stock level,1,86,-0.00283688133519977
stock level,1,87,-0.004746093389255357
stock level,1,88,0.0019011412570240083
stock level,1,89,0.0
stock level,1,90,0.0009492169673324113
stock level,1,91,-0.0009492169673324113
stock level,1,92,-0.0019011412570240083
stock level,1,93,-0.0019047624806542984
stock level,1,94,0.0
stock level,1,95,0.0
stock level,1,96,-0.0009537435153097462
stock level,1,97,0.0
stock level,1,98,0.0028585059959640446
stock level,1,99,-0.0038131600064144067
stock level,1,100,0.0
stock level,1,101,0.000954654010450362
stock level,1,102,0.0009537435153097462
stock level,1,103,-0.0028639637714285016
stock level,1,104,0.0009555662456683933
stock level,1,105,-0.0019120464716255725
stock level,1,106,0.0009564802259571792
stock level,1,107,-0.0009564802259571792
stock level,1,108,-0.0019157093981387874
stock level,1,109,0.0009583134418118533
stock level,1,110,-0.0009583134418118533
stock level,1,111,0.0028721896240959666
stock level,1,112,-0.004791576009899323
stock level,1,113,0.0
stock level,1,114,-0.0009610764795509041
stock level,1,115,-0.0009620010361910403
stock level,1,116,0.0
stock level,1,117,0.0
stock level,1,118,-0.0009629273733935406
stock level,1,119,-0.0009638554963062873
stock level,1,120,0.0
stock level,1,121,0.0009638554963062873
stock level,1,122,-0.0009638554963062873
stock level,1,123,0.0009638554963062873
stock level,1,124,-0.0028943580263645075
stock level,1,125,-0.0009666506310948009
stock level,1,126,0.0
stock level,1,127,0.001932367751053654
stock level,1,128,-0.0009657171199588532
stock level,1,129,-0.001934236579830717
stock level,1,130,-0.0019379851026783967
stock level,1,131,0.0009694620245479513
stock level,1,132,-0.0009694620245479513
stock level,1,133,0.0
stock level,1,134,0.0
stock level,1,135,-0.0009704027932784243
stock level,1,136,-0.0009713453896322832
stock level,1,137,-0.0009722898189385987
stock level,1,138,0.0009722898189385987
stock level,1,139,0.0
stock level,1,140,-0.001945525905490797
stock level,1,141,0.001945525905490797
stock level,1,142,0.0
stock level,1,143,-0.00389484426154052
stock level,1,144,0.0
stock level,1,145,0.0009751341582058259
stock level,1,146,-0.0009751341582058259
stock level,1,147,0.0009751341582058259
stock level,1,148,-0.0009751341582058259
stock level,1,149,-0.0019531256208820125
stock level,1,150,-0.0009779951879771431
stock level,1,151,0.0009779951879771431
stock level,1,152,0.0
stock level,1,153,0.0
stock level,1,154,-0.003917732728901946
stock level,1,155,0.0029397375409248028
stock level,1,156,-0.0029397375409248028
stock level,1,157,0.0019607849419402967
stock level,1,158,-0.002942621054197403
stock level,1,159,0.0009818361122571062
stock level,1,160,-0.0019646371741650626
stock level,1,161,-0.0019685045726722805
stock level,1,162,0.0009847366625397314
stock level,1,163,-0.0009847366625397314
stock level,1,164,0.0009847366625397314
stock level,1,165,-0.003944778291016249
stock level,1,166,0.004928546201148798
stock level,1,167,-0.0009837679101325492
stock level,1,168,0.0
stock level,1,169,-0.003944778291016249
stock level,1,170,-0.0009886308269395627
stock level,1,171,0.0
stock level,1,172,0.0
stock level,1,173,0.0
stock level,1,174,-0.002971770389157413
stock level,1,175,0.000991571722295248
stock level,1,176,0.0009905894816961691
stock level,1,177,0.0
stock level,1,178,0.0
stock level,1,179,-0.001982161203991417
stock level,1,180,0.0
stock level,1,181,0.0
stock level,1,182,-0.0009925559127514916
stock level,1,183,0.0019841276350467396
stock level,1,184,-0.000991571722295248
stock level,1,185,-0.0029806281381379307
stock level,1,186,0.0
stock level,1,187,0.0009945301665084116
stock level,1,188,-0.0019900504080103687
stock level,1,189,-0.0009965122897384049
stock level,1,190,0.001992032531240362
stock level,1,191,-0.004987541511039417
stock level,1,192,0.0029955089797990553
stock level,1,193,-0.0029955089797990553
stock level,1,194,0.0009995003330836028
stock level,1,195,0.0029925209364538574
stock level,1,196,-0.0009965122897384049
stock level,1,197,-0.0019960086467154525
stock level,1,198,0.0039880411779558145
stock level,1,199,0.001988072225386439
stock level,1,200,-0.001988072225386439
stock level,1,201,0.001988072225386439
stock level,1,202,0.0019841276350467396
stock level,1,203,-0.005964232391673541
stock level,1,204,0.004972660669378293
stock level,1,205,-0.0009925559127514916
stock level,1,206,0.0
stock level,1,207,0.0009925559127514916
stock level,1,208,-0.001986097971629519
stock level,1,209,-0.004982571344464226
stock level,1,210,0.0019960086467154525
stock level,1,211,0.0
stock level,1,212,-0.0029955089797990553
stock level,1,213,0.0009995003330836028
stock level,1,214,-0.0009995003330836028
stock level,1,215,-0.0010005003335828988
stock level,1,216,0.0
stock level,1,217,-0.002004008686715686
stock level,1,218,0.0
stock level,1,219,0.002004008686715686
stock level,1,220,-0.002004008686715686
stock level,1,221,0.002004008686715686
stock level,1,222,-0.0030075210639557426
stock level,1,223,-0.0010045204260054064
stock level,1,224,-0.001005530502018459
stock level,1,225,0.001005530502018459
stock level,1,226,-0.0020120731134198877
stock level,1,227,-0.0020161297151846114
stock level,1,228,0.0
stock level,1,229,0.0020161297151846114
stock level,1,230,-0.004036332422460376
stock level,1,231,0.0020202027072757645
stock level,1,232,-0.0020202027072757645
stock level,1,233,-0.0010116338748442644
stock level,1,234,0.0
stock level,1,235,-0.0020263431452329783
stock level,1,236,-0.0010147134305462657
stock level,1,237,-0.0020325210249225734
stock level,1,238,0.0040609192863154675
stock level,1,239,0.0
stock level,1,240,-0.0040609192863154675
stock level,1,241,0.0
stock level,1,242,-0.0010178117927006625
stock level,1,243,-0.0010188487891023001
stock level,1,244,-0.0020408170348531485
stock level,1,245,0.001020929134107007
stock level,1,246,-0.0020429016297995872
stock level,1,247,-0.001023017992034525
stock level,1,248,0.0030659196218341123
stock level,1,249,-0.0020429016297995872
stock level,1,250,0.0
stock level,1,251,0.0
stock level,1,252,-0.002047083621724788
stock level,1,253,-0.0010251154152456365
stock level,1,254,0.0030721990369704244
stock level,1,255,-0.002047083621724788
stock level,1,256,-0.002051282770557883
stock level,1,257,0.002051282770557883
stock level,1,258,0.0010240656296902628
stock level,1,259,-0.0030753484002481457
stock level,1,260,0.0
stock level,1,261,-0.001027221456530114
stock level,1,262,0.0
stock level,1,263,-0.002057613894679733
stock level,1,264,-0.001030396793896493
stock level,1,265,-0.0010314596066622883
stock level,1,266,-0.002066116437472232
stock level,1,267,0.0010335918232833308
stock level,1,268,-0.0010335918232833308
stock level,1,269,0.006185586732710746
stock level,1,270,-0.002057613894679733
stock level,1,271,-0.0020618564005587814
stock level,1,272,0.0010314596066622883
stock level,1,273,-0.0010314596066622883
stock level,1,274,-0.002066116437472232
stock level,1,275,-0.0031072008427486253
stock level,1,276,0.0010368067284405313
stock level,1,277,-0.0020746895408603194
stock level,1,278,0.0020746895408603194
stock level,1,279,-0.0020746895408603194
stock level,1,280,0.001037882812419788
stock level,1,281,0.0020725396019720677
stock level,1,282,-0.0010357328735315363
stock level,1,283,0.002070394114308094
stock level,1,284,-0.005184044787587716
stock level,1,285,0.0010389611324193027
stock level,1,286,-0.0010389611324193027
stock level,1,287,0.003113650673279622
stock level,1,288,-0.004153692368693562
stock level,1,289,0.0
stock level,1,290,0.0
stock level,1,291,-0.0020833340868540162
stock level,1,292,0.0020833340868540162
stock level,1,293,0.0010400416954139402
stock level,1,294,-0.0020811662038244805
stock level,1,295,-0.003129893008927631
stock level,1,296,0.0010443865179059486
stock level,1,297,-0.0010443865179059486
stock level,1,298,0.002087683430484155
stock level,1,299,-0.004179734402708135
stock level,1,300,0.0
stock level,1,301,0.0010465725706714224
stock level,1,302,-0.003143009397200025
stock level,1,303,0.001048767794085137
stock level,1,304,-0.001048767794085137
stock level,1,305,0.0
stock level,1,306,-0.00210084110881148
stock level,1,307,-0.0010520779508036426
stock level,1,308,0.0
stock level,1,309,-0.0010531859846585334
stock level,1,310,-0.001054296354905837
stock level,1,311,0.0
stock level,1,312,-0.0031695747612792147
stock level,1,313,0.002114165692335135
stock level,1,314,-0.002114165692335135
stock level,1,315,-0.002118644860285457
stock level,1,316,0.0
stock level,1,317,-0.0021231430480774804
stock level,1,318,-0.002127660377117202
stock level,1,319,0.0
stock level,1,320,0.0
stock level,1,321,-0.003200002730670448
stock level,1,322,-0.001068947188905156
stock level,1,323,0.0
stock level,1,324,-0.0042872520116201684
stock level,1,325,0.0032171609517757105
stock level,1,326,0.001070091059844458
stock level,1,327,0.0021367529497346993
stock level,1,328,0.0010666667678025377
stock level,1,329,0.0021299262578251543
stock level,1,330,0.0
stock level,1,331,0.0021253993123133696
stock level,1,332,-0.0010621349909829547
stock level,1,333,0.0021231430480774804
stock level,1,334,0.0
stock level,1,335,0.0010598835120427808
stock level,1,336,0.0021164029063776013
stock level,1,337,-0.0010576415581349252
stock level,1,338,0.0
stock level,1,339,0.0010576415581349252
stock level,1,340,0.0031662295580501265
stock level,1,341,0.0
stock level,1,342,-0.001054296354905837
stock level,1,343,0.003159560290368013
stock level,1,344,-0.002105263935462176
stock level,1,345,0.0
stock level,1,346,0.002105263935462176
stock level,1,347,-0.002105263935462176
stock level,1,348,0.0010531859846585334
stock level,1,349,0.0010520779508036426
stock level,1,350,-0.0010520779508036426
stock level,1,351,0.0021030501967791437
stock level,1,352,0.0
stock level,1,353,0.0010498688628359787
stock level,1,354,0.0020964368265286026
stock level,1,355,0.0
stock level,1,356,0.0
stock level,1,357,0.0
stock level,1,358,0.0010465725706714224
stock level,1,359,0.0010454784015525576
stock level,1,360,0.0010443865179059486
stock level,1,361,-0.0010443865179059486
stock level,1,362,0.003129893008927631
stock level,1,363,-0.003129893008927631
stock level,1,364,0.003129893008927631
stock level,1,365,0.0010411245084105403
stock level,1,366,0.002079002827833243
stock level,1,367,-0.002079002827833243
stock level,1,368,0.0010400416954139402
stock level,1,369,0.003113650673279622
stock level,1,370,-0.0010368067284405313
stock level,1,371,0.0031072008427486253
stock level,1,372,-0.0031072008427486253
stock level,1,373,0.0010368067284405313
stock level,1,374,0.0010357328735315363
stock level,1,375,0.0031007776782487895
stock level,1,376,-0.001032524614188901
stock level,1,377,-0.0020682530640598884
stock level,1,378,0.004132237284911078
stock level,1,379,-0.0020639842208511894
stock level,1,380,0.001032524614188901
stock level,1,381,0.004119470295238514
stock level,1,382,-0.002057613894679733
stock level,1,383,0.0010293361691138259
stock level,1,384,0.0
stock level,1,385,0.001028277725565907
stock level,1,386,0.001027221456530114
stock level,1,387,0.002051282770557883
stock level,1,388,0.0010240656296902628
stock level,1,389,-0.0010240656296902628
stock level,1,390,0.003069056117417368
stock level,1,391,0.0
stock level,1,392,0.0
stock level,1,393,0.001020929134107007
stock level,1,394,0.003056548482549104
stock level,1,395,0.0
stock level,1,396,-0.0010178117927006625
stock level,1,397,0.0020345886977874983
stock level,1,398,0.0
stock level,1,399,0.0010157441198357375
stock level,1,400,0.003041056575779244
stock level,1,401,0.0010116338748442644
stock level,1,402,-0.0010116338748442644
stock level,1,403,0.003031836582120029
stock level,1,404,0.0
stock level,1,405,0.0010085729548849898
stock level,1,406,0.0010075567602996216
stock level,1,407,-0.0010075567602996216
stock level,1,408,0.0
stock level,1,409,0.0020140993717010502
stock level,1,410,0.0020100509280238654
stock level,1,411,0.00200601872686601
stock level,1,412,0.0
stock level,1,413,0.0010015023370897325
stock level,1,414,0.0020000006666665016
stock level,1,415,0.0
stock level,1,416,0.0009985023295895346
stock level,1,417,0.0
stock level,1,418,0.00298953884836628
stock level,1,419,0.0
stock level,1,420,0.001988072225386439
stock level,1,421,-0.0009935420588780275
stock level,1,422,-0.0009945301665084116
stock level,1,423,0.0009945301665084116
stock level,1,424,0.002977669693924767
stock level,1,425,0.0009905894816961691
stock level,1,426,0.0
stock level,1,427,0.0
stock level,1,428,0.00296589441337769
stock level,1,429,-0.0009876544012721311
stock level,1,430,0.0029600416284765174
stock level,1,431,0.0
stock level,1,432,0.0019685045726722805
stock level,1,433,-0.0019685045726722805
stock level,1,434,0.0019685045726722805
stock level,1,435,0.0019646371741650626
stock level,1,436,0.0019607849419402967
stock level,1,437,0.0
stock level,1,438,0.001956947786961649
stock level,1,439,-0.0009779951879771431
stock level,1,440,0.001955034835803282
stock level,1,441,-0.002933987434787788
stock level,1,442,0.002933987434787788
stock level,1,443,0.0009760859730558735
stock level,1,444,0.00389484426154052
stock level,1,445,-0.001945525905490797
stock level,1,446,0.001945525905490797
stock level,1,447,0.0019417481829107075
stock level,1,448,0.0
stock level,1,449,0.0
stock level,1,450,0.0019379851026783967
stock level,1,451,-0.0019379851026783967
stock level,1,452,0.002905571051414313
stock level,1,453,0.0009666506310948009
stock level,1,454,-0.0029027596579611625
stock level,1,455,0.0029027596579611625
stock level,1,456,0.0019305025300582201
stock level,1,457,-0.0019305025300582201
stock level,1,458,0.0028943580263645075
stock level,1,459,-0.0009638554963062873
stock level,1,460,0.0038498603854417723
stock level,1,461,-0.0009610764795509041
stock level,1,462,0.0009610764795509041
stock level,1,463,0.0019193863858033566
stock level,1,464,0.0019157093981387874
stock level,1,465,-0.0009573959563269341
stock level,1,466,0.0019138761822841133
stock level,1,467,0.0009555662456683933
stock level,1,468,-0.0028694424279525066
stock level,1,469,0.004777839953712615
stock level,1,470,-0.0028639637714285016
stock level,1,471,0.0019102202561187553
stock level,1,472,0.0009537435153097462
stock level,1,473,0.0
stock level,1,474,0.0
stock level,1,475,0.0019047624806542984
stock level,1,476,0.0009510224207041063
stock level,1,477,0.0
stock level,1,478,-0.0019029501460865461
stock level,1,479,0.002853068982406448
stock level,1,480,0.0018975337761917288
stock level,1,481,0.0
stock level,1,482,0.0009474183560396199
stock level,1,483,0.00283688133519977
stock level,1,484,0.0
stock level,1,485,-0.0009447331831617944
stock level,1,486,0.002831526195738121
stock level,1,487,0.0
stock level,1,488,0.0009420631879013541
stock level,1,489,0.0009411765400635375
stock level,1,490,0.0
stock level,1,491,0.0018796998015782052
stock level,1,492,0.0009385265822636768
stock level,1,493,0.0009376465759638464
stock level,1,494,-0.0018761731582275232
stock level,1,495,0.002812941376614475
stock level,1,496,0.0009358915049046956
stock level,1,497,0.0018691594227036035
stock level,1,498,0.0018656721829497513
stock level,1,499,-0.0018656721829497513
stock level,1,500,0.0018656721829497513
stock level,1,501,-0.0018656721829497513
stock level,1,502,0.003727870114014209
stock level,1,503,0.001858736594625654
stock level,1,504,0.0018552881017459555
stock level,1,505,0.0
stock level,1,506,0.0
stock level,1,507,0.0018518523810735488
stock level,1,508,0.0018484293617824221
stock level,1,509,0.0
stock level,1,510,0.0009229349986012991
stock level,1,511,-0.0009229349986012991
stock level,1,512,0.00552487593196993
stock level,1,513,-0.001838235811750799
stock level,1,514,0.0027560881019796923
stock level,1,515,0.0018331810816611949
stock level,1,516,-0.0009161704717799424
stock level,1,517,0.0018315023434682942
stock level,1,518,0.0018281540740625601
stock level,1,519,0.0
stock level,1,520,0.0018248180246285273
stock level,1,521,0.0
stock level,1,522,0.0
stock level,1,523,0.0018214941283911656
stock level,1,524,0.0018181823190586144
stock level,1,525,0.0
stock level,1,526,-0.0009086779362181829
stock level,1,527,-0.0018198367169857121
stock level,1,528,0.005449604767564509
stock level,1,529,0.0018099552452399692
stock level,1,530,-0.0009045681304273856
stock level,1,531,0.0009045681304273856
stock level,1,532,0.0009037506263567252
stock level,1,533,-0.0018083187567841108
stock level,1,534,0.002711253355376364
stock level,1,535,0.002703922332401021
stock level,1,536,0.0
stock level,1,537,-0.0009004953332505394
stock level,1,538,0.0018001805041478747
stock level,1,539,0.0
stock level,1,540,0.0017969456767019665
stock level,1,541,-0.0008980692116846711
stock level,1,542,0.0017953326186743723
stock level,1,543,0.000896459047036835
stock level,1,544,0.0
stock level,1,545,-0.000896459047036835
stock level,1,546,0.000896459047036835
stock level,1,547,0.0008956561279447328
stock level,1,548,0.0
stock level,1,549,0.003574624002959048
stock level,1,550,-0.0017857147602349244
stock level,1,551,0.002677377770716305
stock level,1,552,0.0008908686558015688
stock level,1,553,0.001779359900077715
stock level,1,554,0.0
stock level,1,555,0.0
stock level,1,556,0.0017761994012559512
stock level,1,557,0.0017730501098851548
stock level,1,558,0.0017699119664591478
stock level,1,559,0.0
stock level,1,560,0.0017667849118856438
stock level,1,561,0.0
stock level,1,562,0.0008822232596905621
stock level,1,563,0.002642009462839212
stock level,1,564,0.001757469696645586
stock level,1,565,-0.001757469696645586
stock level,1,566,0.0035118561115394797
stock level,1,567,0.0
stock level,1,568,0.0017513139327345328
stock level,2,0,0.00101265831438635
stock level,2,1,0.0010116338748442644
stock level,2,2,-0.0010116338748442644
stock level,2,3,0.0010116338748442644
stock level,2,4,0.0020202027072757645
stock level,2,5,0.0
stock level,2,6,-0.0020202027072757645
stock level,2,7,0.0030287756621607542
stock level,2,8,-0.0010085729548849898
stock level,2,9,0.0020161297151846114
stock level,2,10,0.0
stock level,2,11,0.0
stock level,2,12,0.0010065426114014286
stock level,2,13,-0.00302267232658604
stock level,2,14,0.0010085729548849898
stock level,2,15,0.005027662676964972
stock level,2,16,-0.002008032803245463
stock level,2,17,0.002008032803245463
stock level,2,18,0.0
stock level,2,19,0.0
stock level,2,20,0.002004008686715686
stock level,2,21,-0.002004008686715686
stock level,2,22,0.0
stock level,2,23,0.0
stock level,2,24,0.002004008686715686
stock level,2,25,0.0
stock level,2,26,0.0010005003335828988
stock level,2,27,0.0019980026626731373
stock level,2,28,0.000997506317125918
stock level,2,29,0.0
stock level,2,30,0.0
stock level,2,31,0.001992032531240362
stock level,2,32,-0.001992032531240362
stock level,2,33,0.0
stock level,2,34,0.0
stock level,2,35,0.0
stock level,2,36,0.001992032531240362
stock level,2,37,0.0009945301665084116
stock level,2,38,0.0
stock level,2,39,0.002977669693924767
stock level,2,40,0.0
stock level,2,41,-0.000991571722295248
stock level,2,42,-0.0009925559127514916
stock level,2,43,0.0019841276350467396
stock level,2,44,0.0
stock level,2,45,0.001980198666862165
stock level,2,46,-0.000989609185165996
stock level,2,47,0.00296589441337769
stock level,2,48,0.0
stock level,2,49,-0.001976285228211694
stock level,2,50,0.0009886308269395627
stock level,2,51,0.0029600416284765174
stock level,2,52,-0.0019723872272043863
stock level,2,53,0.0019723872272043863
stock level,2,54,0.0
stock level,2,55,0.0009847366625397314
stock level,2,56,0.0
stock level,2,57,0.0019665689720405055
stock level,2,58,-0.0009828010619079564
stock level,2,59,0.0029455102297566427
stock level,2,60,0.0009799118863487166
stock level,2,61,0.0
stock level,2,62,0.001956947786961649
stock level,2,63,0.0
stock level,2,64,0.000977039647826139
stock level,2,65,0.0009760859730558735
stock level,2,66,-0.0019531256208820125
stock level,2,67,0.0019531256208820125
stock level,2,68,0.0
stock level,2,69,0.0009751341582058259
stock level,2,70,0.0
stock level,2,71,0.002919710103334694
stock level,2,72,0.0009713453896322832
stock level,2,73,0.0009704027932784243
stock level,2,74,0.0
stock level,2,75,0.0019379851026783967
stock level,2,76,0.0009675859487359162
stock level,2,77,0.0009666506310948009
stock level,2,78,-0.001934236579830717
stock level,2,79,0.003864739109888937
stock level,2,80,-0.0009647854100993669
stock level,2,81,0.002891568279799195
stock level,2,82,0.0
stock level,2,83,0.0019230775157419444
stock level,2,84,-0.0009610764795509041
stock level,2,85,0.0028804628653542608
stock level,2,86,0.0
stock level,2,87,0.0009583134418118533
stock level,2,88,0.0019138761822841133
stock level,2,89,0.0009555662456683933
stock level,2,90,0.000954654010450362
stock level,2,91,0.0
stock level,2,92,-0.000954654010450362
stock level,2,93,0.000954654010450362
stock level,2,94,0.0019065782705816048
stock level,2,95,0.0009519277253824399
stock level,2,96,0.0019011412570240083
stock level,2,97,0.0
stock level,2,98,0.0009492169673324113
stock level,2,99,0.002842256768929907
stock level,2,100,0.0
stock level,2,101,-0.0018939399600705897
stock level,2,102,0.0018939399600705897
stock level,2,103,0.0018903597311688003
stock level,2,104,0.0018867930125763266
stock level,2,105,-0.002831526195738121
stock level,2,106,0.002831526195738121
stock level,2,107,-0.0018867930125763266
stock level,2,108,0.0018867930125763266
stock level,2,109,-0.000942951507870049
stock level,2,110,0.0028261912358349406
stock level,2,111,0.0009402915596421479
stock level,2,112,-0.0009402915596421479
stock level,2,113,0.0018796998015782052
stock level,2,114,0.0037488328815191707
stock level,2,115,0.0
stock level,2,116,0.0018691594227036035
stock level,2,117,-0.0018691594227036035
stock level,2,118,0.0028024306057021775
stock level,2,119,0.0009324009999511773
stock level,2,120,0.0009315324381118373
stock level,2,121,0.0018604656529195296
stock level,2,122,0.0027842245364047002
stock level,2,123,0.0
stock level,2,124,0.0018518523810735488
stock level,2,125,0.0018484293617824221
stock level,2,126,-0.0009237875945640184
stock level,2,127,0.0009237875945640184
stock level,2,128,0.0
stock level,2,129,0.001845018973569701
stock level,2,130,0.0018416211466494303
stock level,2,131,-0.0018416211466494303
stock level,2,132,0.0018416211466494303
stock level,2,133,0.001838235811750799
stock level,2,134,-0.001838235811750799
stock level,2,135,0.001838235811750799
stock level,2,136,0.0
stock level,2,137,0.0
stock level,2,138,0.0009178522902288933
stock level,2,139,0.0
stock level,2,140,0.0018331810816611949
stock level,2,141,0.0009153318716883518
stock level,2,142,-0.0009153318716883518
stock level,2,143,0.0
stock level,2,144,0.002743485945750912
stock level,2,145,0.0009128252573598061
stock level,2,146,0.0
stock level,2,147,-0.0009128252573598061
stock level,2,148,0.003646312153019693
stock level,2,149,-0.0009103323341452807
stock level,2,150,0.002728514653203895
stock level,2,151,0.0
stock level,2,152,0.0009078529901804799
stock level,2,153,0.0027186242389927173
stock level,2,154,0.0018083187567841108
stock level,2,155,0.0
stock level,2,156,0.0027063615977427347
stock level,2,157,-0.0009013069560124265
stock level,2,158,0.0036003639251775965
stock level,2,159,0.0008980692116846711
stock level,2,160,0.002689378581971269
stock level,2,161,0.0017889092427241238
stock level,2,162,0.0008932559772150128
stock level,2,163,0.0008924587830199116
stock level,2,164,0.0
stock level,2,165,0.0008916630104813805
stock level,2,166,0.0017809443709948525
stock level,2,167,0.0026654835861403825
stock level,2,168,0.0008869180182280445
stock level,2,169,0.0017714796483820905
stock level,2,170,0.0008845644097341676
stock level,2,171,0.0017667849118856438
stock level,2,172,0.0
stock level,2,173,0.0
stock level,2,174,0.0008822232596905621
stock level,2,175,0.0008814456278063432
stock level,2,176,0.0
stock level,2,177,0.0008806693655936115
stock level,2,178,0.0017590154051791984
stock level,2,179,0.0026327351757995388
stock level,2,180,0.0
stock level,2,181,0.0008760403538801143
stock level,2,182,0.0026235257723845606
stock level,2,183,0.0
stock level,2,184,0.0017452011410306056
stock level,2,185,0.0
stock level,2,186,0.0
stock level,2,187,0.0034812915925117593
stock level,2,188,0.0
stock level,2,189,0.0
stock level,2,190,0.0008684325339540777
stock level,2,191,0.0026007817000568423
stock level,2,192,-0.0008661758878485415
stock level,2,193,0.0017316021642779234
stock level,2,194,0.0
stock level,2,195,0.002591794107428491
stock level,2,196,0.0017241383581403369
stock level,2,197,0.0017211708207724996
stock level,2,198,0.0017182134811362104
stock level,2,199,0.0
stock level,2,200,0.0008580009106369246
stock level,2,201,0.003424660881364616
stock level,2,202,0.0008543358059149853
stock level,2,203,0.0008536065392403813
stock level,2,204,0.0025564564413018687
stock level,2,205,0.0
stock level,2,206,0.002549937633272492
stock level,2,207,0.0025434519858302806
stock level,2,208,0.000846381768681681
stock level,2,209,0.002534855603188113
stock level,2,210,0.0033698431215496427
stock level,2,211,0.0016806726645182124
stock level,2,212,0.001677852742616004
stock level,2,213,0.004182356577478785
stock level,2,214,0.0008343763521194703
stock level,2,215,0.0016666670524694283
stock level,2,216,0.0008322930151694052
stock level,2,217,0.001662510773613235
stock level,2,218,-0.0008309098940868509
stock level,2,219,0.0016611299500759458
stock level,2,220,0.0024865325700051955
stock level,2,221,0.0016542600960267606
stock level,2,222,-0.0016542600960267606
stock level,2,223,0.002480365058332268
stock level,2,224,0.003297612221556001
stock level,2,225,0.0
stock level,2,226,0.0
stock level,2,227,0.001644737212878944
stock level,2,228,0.0
stock level,2,229,-0.0008220304614150464
stock level,2,230,0.0032840752011900065
stock level,2,231,-0.0008200082460314562
stock level,2,232,0.0016393446294333813
stock level,2,233,0.0
stock level,2,234,0.0
stock level,2,235,0.0
stock level,2,236,0.000818665620836434
stock level,2,237,0.002451983247286016
stock level,2,238,-0.0016339872916546483
stock level,2,239,0.0016339872916546483
stock level,2,240,0.0
stock level,2,241,0.0016313217320842455
stock level,2,242,0.0
stock level,2,243,-0.000815328214754274
stock level,2,244,0.002443993069878303
stock level,2,245,0.0008133388004276654
stock level,2,246,0.0008126778179908811
stock level,2,247,0.0
stock level,2,248,0.0016233769798903452
stock level,2,249,0.0
stock level,2,250,-0.0008113590708793694
stock level,2,251,-0.0032520353863771945
stock level,2,252,0.0
stock level,2,253,-0.0008146639961763569
stock level,2,254,0.001628664855124029
stock level,2,255,0.0
stock level,2,256,0.0016260166184185465
stock level,2,257,-0.0032546814735425755
stock level,2,258,0.0008146639961763569
stock level,2,259,-0.0024459857282606023
stock level,2,260,-0.0008166599065555502
stock level,2,261,-0.0008173273850990981
stock level,2,262,0.0
stock level,2,263,0.0
stock level,2,264,0.0008173273850990981
stock level,2,265,0.0
stock level,2,266,0.0016326534238855217
stock level,2,267,-0.00244998080898462
stock level,2,268,0.0016339872916546483
stock level,2,269,-0.0008166599065555502
stock level,2,270,-0.0024539889615668997
stock level,2,271,0.000818665620836434
stock level,2,272,-0.0016380020042383592
stock level,2,273,0.0008193363834019252
stock level,2,274,-0.0008193363834019252
stock level,2,275,-0.0016406894574600983
stock level,2,276,0.0008206812114286421
stock level,2,277,-0.001642036493743504
stock level,2,278,0.0
stock level,2,279,0.0008213552823148618
stock level,2,280,-0.0016433857437299082
stock level,2,281,0.0008220304614150464
stock level,2,282,-0.0008220304614150464
stock level,2,283,-0.0016460909066688956
stock level,2,284,-0.0008240626753934777
stock level,2,285,0.0024701535820623732
stock level,2,286,-0.0024701535820623732
stock level,2,287,-0.0016501653909575253
stock level,2,288,0.0
stock level,2,289,0.0008254230761668424
stock level,2,290,-0.0008254230761668424
stock level,2,291,0.0
stock level,2,292,0.0
stock level,2,293,0.0008254230761668424
stock level,2,294,-0.0008254230761668424
stock level,2,295,-0.0016528929383001767
stock level,2,296,-0.0008274721200320911
stock level,2,297,0.0008274721200320911
stock level,2,298,-0.001655629517260948
stock level,2,299,0.0
stock level,2,300,0.000828157397228857
stock level,2,301,0.0033057881344991102
stock level,2,302,0.0
stock level,2,303,-0.002478316014467019
stock level,2,304,0.0016528929383001767
stock level,2,305,0.0
stock level,2,306,0.002474228066351003
stock level,2,307,0.0
stock level,2,308,-0.0016488049901841606
stock level,2,309,0.0024721891453891587
stock level,2,310,0.0008227067514638975
stock level,2,311,0.0008220304614150464
stock level,2,312,-0.0008220304614150464
stock level,2,313,-0.0016460909066688956
stock level,2,314,0.0008233841552049981
stock level,2,315,0.003286773706622448
stock level,2,316,0.0
stock level,2,317,-0.0008206812114286421
stock level,2,318,0.0008206812114286421
stock level,2,319,0.0024580102502698153
stock level,2,320,-0.000818665620836434
stock level,2,321,0.0
stock level,2,322,-0.0016393446294333813
stock level,2,323,0.0016393446294333813
stock level,2,324,-0.0008193363834019252
stock level,2,325,0.0
stock level,2,326,0.002455997959869727
stock level,2,327,0.0016339872916546483
stock level,2,328,0.0008159935173299715
stock level,2,329,0.0
stock level,2,330,-0.0008159935173299715
stock level,2,331,0.0008159935173299715
stock level,2,332,0.000815328214754274
stock level,2,333,0.0
stock level,2,334,-0.000815328214754274
stock level,2,335,0.002443993069878303
stock level,2,336,-0.0008140008589476722
stock level,2,337,0.0016273396593753375
stock level,2,338,0.0
stock level,2,339,-0.0008133388004276654
stock level,2,340,0.0
stock level,2,341,0.0
stock level,2,342,-0.001628664855124029
stock level,2,343,-0.000815328214754274
stock level,2,344,0.000815328214754274
stock level,2,345,0.0
stock level,2,346,0.001628664855124029
stock level,2,347,0.0008133388004276654
stock level,2,348,-0.0008133388004276654
stock level,2,349,0.0024380345274295223
stock level,2,350,-0.0008120179090109758
stock level,2,351,0.0008120179090109758
stock level,2,352,0.0
stock level,2,353,0.0008113590708793694
stock level,2,354,0.0008107013009892583
stock level,2,355,0.0
stock level,2,356,0.0016194335523023184
stock level,2,357,-0.0016194335523023184
stock level,2,358,0.002428167927154945
stock level,2,359,0.0
stock level,2,360,0.0
stock level,2,361,0.0
stock level,2,362,0.0
stock level,2,363,0.0
stock level,2,364,0.0
stock level,2,365,0.0
stock level,2,366,0.0016155092366538781
stock level,2,367,0.0
stock level,2,368,0.0
stock level,2,369,-0.0016155092366538781
stock level,2,370,0.0016155092366538781
stock level,2,371,0.0016129035754648413
stock level,2,372,0.0
stock level,2,373,0.0008054772888170803
stock level,2,374,0.0008048290172872896
stock level,2,375,-0.0008048290172872896
stock level,2,376,0.0008048290172872896
stock level,2,377,0.0
stock level,2,378,0.0016077173880963969
stock level,2,379,0.0
stock level,2,380,-0.0008035355996831584
stock level,2,381,0.0008035355996831584
stock level,2,382,0.0016051367812286443
stock level,2,383,0.0
stock level,2,384,0.0
stock level,2,385,0.0
stock level,2,386,-0.0024086723809118027
stock level,2,387,0.0032102756302485602
stock level,2,388,0.0
stock level,2,389,-0.002406740030565402
stock level,2,390,0.004008021397538641
stock level,2,391,-0.00080032017076892
stock level,2,392,0.0
stock level,2,393,0.0
stock level,2,394,-0.0008009611962043195
stock level,2,395,0.0024009615375382154
stock level,2,396,-0.001600000341333896
stock level,2,397,0.00080032017076892
stock level,2,398,-0.00080032017076892
stock level,2,399,0.001600000341333896
stock level,2,400,-0.003202564786874973
stock level,2,401,-0.0008022463326380347
stock level,2,402,0.0008022463326380347
stock level,2,403,-0.0016051367812286443
stock level,2,404,-0.0008035355996831584
stock level,2,405,-0.0008041817884132385
stock level,2,406,0.0
stock level,2,407,-0.0008048290172872896
stock level,2,408,0.0008048290172872896
stock level,2,409,0.0
stock level,2,410,0.0
stock level,2,411,-0.0016103063061043699
stock level,2,412,-0.0016129035754648413
stock level,2,413,0.0
stock level,2,414,0.0008067769699406924
stock level,2,415,-0.0024222862065945705
stock level,2,416,0.0
stock level,2,417,0.0008080808520531946
stock level,2,418,-0.0008080808520531946
stock level,2,419,0.0016155092366538781
stock level,2,420,-0.0016155092366538781
stock level,2,421,0.0
stock level,2,422,0.0
stock level,2,423,-0.0008087343748526266
stock level,2,424,-0.0008093889555578215
stock level,2,425,0.0024262041824636427
stock level,2,426,0.001614205354541376
stock level,2,427,0.0
stock level,2,428,0.0008061266055241489
stock level,2,429,0.0016103063061043699
stock level,2,430,-0.0008048290172872896
stock level,2,431,0.0
stock level,2,432,0.0
stock level,2,433,0.0
stock level,2,434,0.0008048290172872896
stock level,2,435,0.0
stock level,2,436,0.0
stock level,2,437,0.0016077173880963969
stock level,2,438,0.0016051367812286443
stock level,2,439,-0.003212854169325041
stock level,2,440,0.0016077173880963969
stock level,2,441,0.0
stock level,2,442,-0.0008035355996831584
stock level,2,443,0.0008035355996831584
stock level,2,444,0.0
stock level,2,445,0.0008028904485906097
stock level,2,446,0.0008022463326380347
stock level,2,447,0.0
stock level,2,448,0.0008016032493367575
stock level,2,449,0.0008009611962043195
stock level,2,450,0.00080032017076892
stock level,2,451,0.0007996801705649759
stock level,2,452,0.0
stock level,2,453,0.0015974444291568801
stock level,2,454,-0.0007984032360246474
stock level,2,455,0.0007984032360246474
stock level,2,456,0.0015948966698156042
stock level,2,457,-0.0015948966698156042
stock level,2,458,0.0
stock level,2,459,0.0015948966698156042
stock level,2,460,0.0
stock level,2,461,0.0015923570243634444
stock level,2,462,0.0
stock level,2,463,0.0
stock level,2,464,0.0007952286701389255
stock level,2,465,-0.0007952286701389255
stock level,2,466,0.0007952286701389255
stock level,2,467,0.0015885626851375179
stock level,2,468,-0.0007939659011766409
stock level,2,469,0.00158730192057277
stock level,2,470,0.0
stock level,2,471,0.0015847863855711353
stock level,2,472,0.0
stock level,2,473,0.0
stock level,2,474,0.0
stock level,2,475,0.0
stock level,2,476,0.0015822788111297115
stock level,2,477,0.0007902015425003128
stock level,2,478,0.0
stock level,2,479,-0.0023724803536300243
stock level,2,480,0.003162057970648391
stock level,2,481,0.0007889546760315724
stock level,2,482,0.0007883327172164556
stock level,2,483,-0.0007883327172164556
stock level,2,484,0.0023631361922831218
stock level,2,485,-0.0007870917368171249
stock level,2,486,0.0007870917368171249
stock level,2,487,0.000786472710613495
stock level,2,488,0.0007858546573391578
stock level,2,489,-0.0007858546573391578
stock level,2,490,0.0007858546573391578
stock level,2,491,0.0015698590351194142
stock level,2,492,-0.0015698590351194142
stock level,2,493,0.0031372574751324933
stock level,2,494,0.0
stock level,2,495,0.0015649455463035977
stock level,2,496,-0.0007821666413629913
stock level,2,497,0.0015637219761828192
stock level,2,498,0.0007809449830711301
stock level,2,499,-0.0007809449830711301
stock level,2,500,0.0007809449830711301
stock level,2,501,0.0
stock level,2,502,0.0031176954325866646
stock level,2,503,0.0015552102668063839
stock level,2,504,0.0
stock level,2,505,0.001552795343060076
stock level,2,506,-0.0023300981416225497
stock level,2,507,0.0038804860490779802
stock level,2,508,0.0
stock level,2,509,-0.0015503879074554305
stock level,2,510,0.0030983758326703636
stock level,2,511,0.0015455953617804497
stock level,2,512,-0.0007724990727915326
stock level,2,513,0.0023157092555976533
stock level,2,514,0.0
stock level,2,515,0.0007707129475917895
stock level,2,516,-0.0007707129475917895
stock level,2,517,0.003079294196061788
stock level,2,518,0.0
stock level,2,519,0.0
stock level,2,520,0.0030698412442884404
stock level,2,521,0.0015313938674275107
stock level,2,522,0.001529052285678567
stock level,2,523,0.0007636502852967908
stock level,2,524,-0.0007636502852967908
stock level,2,525,0.0
stock level,2,526,0.0015267178537996529
stock level,2,527,-0.0015267178537996529
stock level,2,528,0.0022892035941337596
stock level,2,529,-0.0007624857403341068
stock level,2,530,0.0
stock level,2,531,0.0007624857403341068
stock level,2,532,0.0
stock level,2,533,0.0007619047987619254
stock level,2,534,0.0015220703090692567
stock level,2,535,-0.0015220703090692567
stock level,2,536,0.0015220703090692567
stock level,2,537,-0.0015220703090692567
stock level,2,538,0.0
stock level,2,539,0.0015220703090692567
stock level,2,540,0.0007601672733974496
stock level,2,541,0.0007595898580188276
stock level,2,542,-0.0015197571314162772
stock level,2,543,-0.0015220703090692567
stock level,2,544,0.003041827440485534
stock level,2,545,-0.0038037322392474593
stock level,2,546,0.0
stock level,2,547,0.0030441423812286317
stock level,2,548,0.0007595898580188276
stock level,2,549,0.0
stock level,2,550,0.0
stock level,2,551,0.0022753138371349735
stock level,2,552,-0.003034903695153801
stock level,2,553,-0.0007601672733974496
stock level,2,554,-0.0007607455673097618
stock level,2,555,0.0007607455673097618
stock level,2,556,-0.0007607455673097618
stock level,2,557,-0.0007613247417594948
stock level,2,558,-0.0015243905390960322
stock level,2,559,-0.0015267178537996529
stock level,2,560,0.0015267178537996529
stock level,2,561,-0.0007630675685028621
stock level,2,562,-0.0015278841780528296
stock level,2,563,0.0
stock level,2,564,-0.0007648183929225283
stock level,2,565,0.001529052285678567
stock level,2,566,-0.003060446153106078
stock level,2,567,0.0007659900795822239
stock level,2,568,0.0007654037878452868
stock level,3,0,-0.002051282770557883
stock level,3,1,0.0
stock level,3,2,-0.001027221456530114
stock level,3,3,-0.002057613894679733
stock level,3,4,0.002057613894679733
stock level,3,5,-0.002057613894679733
stock level,3,6,-0.0020618564005587814
stock level,3,7,0.0030911925696726072
stock level,3,8,-0.0010293361691138259
stock level,3,9,-0.004127972838031013
stock level,3,10,0.0010335918232833308
stock level,3,11,0.0
stock level,3,12,-0.0031039859375914247
stock level,3,13,0.0010357328735315363
stock level,3,14,0.0010346612407765576
stock level,3,15,-0.002070394114308094
stock level,3,16,0.002070394114308094
stock level,3,17,-0.0031072008427486253
stock level,3,18,-0.001037882812419788
stock level,3,19,0.0031104224143918557
stock level,3,20,0.0010346612407765576
stock level,3,21,-0.002070394114308094
stock level,3,22,0.002070394114308094
stock level,3,23,-0.002070394114308094
stock level,3,24,0.0031039859375914247
stock level,3,25,0.0020639842208511894
stock level,3,26,0.0
stock level,3,27,-0.0010314596066622883
stock level,3,28,0.0010314596066622883
stock level,3,29,0.002059732963010319
stock level,3,30,0.001028277725565907
stock level,3,31,0.0
stock level,3,32,0.001027221456530114
stock level,3,33,-0.002055499182096021
stock level,3,34,0.0
stock level,3,35,0.002055499182096021
stock level,3,36,0.0
stock level,3,37,0.0010261673553122463
stock level,3,38,0.0
stock level,3,39,0.0
stock level,3,40,0.0020491810449358994
stock level,3,41,-0.0010240656296902628
stock level,3,42,0.002047083621724788
stock level,3,43,-0.001023017992034525
stock level,3,44,0.0020449904877271052
stock level,3,45,-0.0010219724956925802
stock level,3,46,0.0020429016297995872
stock level,3,47,0.0
stock level,3,48,0.0
stock level,3,49,-0.001020929134107007
stock level,3,50,0.0030596658239554486
stock level,3,51,0.0010178117927006625
stock level,3,52,-0.003056548482549104
stock level,3,53,0.0
stock level,3,54,0.003056548482549104
stock level,3,55,0.0010167769050868358
stock level,3,56,0.0
stock level,3,57,-0.0010167769050868358
stock level,3,58,0.0020325210249225734
stock level,3,59,0.0
stock level,3,60,-0.0010157441198357375
stock level,3,61,0.0010157441198357375
stock level,3,62,0.002028398261392894
stock level,3,63,-0.0010136848308466284
stock level,3,64,0.0020263431452329783
stock level,3,65,-0.00101265831438635
stock level,3,66,0.0
stock level,3,67,0.0020242921892306143
stock level,3,68,-0.0020242921892306143
stock level,3,69,0.00101265831438635
stock level,3,70,0.0
stock level,3,71,0.0
stock level,3,72,-0.00101265831438635
stock level,3,73,-0.002028398261392894
stock level,3,74,0.002028398261392894
stock level,3,75,-0.002028398261392894
stock level,3,76,-0.0020325210249225734
stock level,3,77,0.0
stock level,3,78,0.0
stock level,3,79,0.003047234455468839
stock level,3,80,0.0020263431452329783
stock level,3,81,0.0010116338748442644
stock level,3,82,0.0
stock level,3,83,0.0010106115059231868
stock level,3,84,0.0
stock level,3,85,0.0
stock level,3,86,-0.0010106115059231868
stock level,3,87,0.0
stock level,3,88,0.0
stock level,3,89,0.0020202027072757645
stock level,3,90,-0.0010095912013525776
stock level,3,91,-0.0010106115059231868
stock level,3,92,0.0020202027072757645
stock level,3,93,0.0010085729548849898
stock level,3,94,0.0020140993717010502
stock level,3,95,-0.0010065426114014286
stock level,3,96,0.0
stock level,3,97,0.0010065426114014286
stock level,3,98,0.0020100509280238654
stock level,3,99,0.0
stock level,3,100,0.0010035123772400567
stock level,3,101,0.0
stock level,3,102,0.002004008686715686
stock level,3,103,0.0
stock level,3,104,-0.0010015023370897325
stock level,3,105,0.0010015023370897325
stock level,3,106,0.0
stock level,3,107,0.0010005003335828988
stock level,3,108,0.0
stock level,3,109,0.0009995003330836028
stock level,3,110,0.0
stock level,3,111,-0.0040040093533821874
stock level,3,112,0.0010025063496259534
stock level,3,113,-0.0030105391528714165
stock level,3,114,0.002008032803245463
stock level,3,115,-0.0010035123772400567
stock level,3,116,-0.0020100509280238654
stock level,3,117,0.0
stock level,3,118,0.0
stock level,3,119,0.001005530502018459
stock level,3,120,-0.0030196298737195093
stock level,3,121,0.0
stock level,3,122,0.0
stock level,3,123,-0.0010085729548849898
stock level,3,124,0.0020161297151846114
stock level,3,125,0.0
stock level,3,126,-0.0010075567602996216
stock level,3,127,-0.0010085729548849898
stock level,3,128,-0.0010095912013525776
stock level,3,129,0.0010095912013525776
stock level,3,130,-0.0020202027072757645
stock level,3,131,-0.0020242921892306143
stock level,3,132,0.00101265831438635
stock level,3,133,0.0
stock level,3,134,0.0010116338748442644
stock level,3,135,-0.0030379770200772427
stock level,3,136,0.0020263431452329783
stock level,3,137,-0.00101265831438635
stock level,3,138,0.0
stock level,3,139,-0.002028398261392894
stock level,3,140,0.0
stock level,3,141,0.0
stock level,3,142,-0.0010157441198357375
stock level,3,143,0.0
stock level,3,144,0.0
stock level,3,145,-0.0020345886977874983
stock level,3,146,0.0010178117927006625
stock level,3,147,-0.0010178117927006625
stock level,3,148,0.0010178117927006625
stock level,3,149,-0.004077477616656111
stock level,3,150,0.001020929134107007
stock level,3,151,0.0
stock level,3,152,0.0
stock level,3,153,-0.001020929134107007
stock level,3,154,0.001020929134107007
stock level,3,155,-0.001020929134107007
stock level,3,156,0.001020929134107007
stock level,3,157,-0.0030659196218341123
stock level,3,158,0.001023017992034525
stock level,3,159,-0.001023017992034525
stock level,3,160,0.0
stock level,3,161,0.0020449904877271052
stock level,3,162,-0.003069056117417368
stock level,3,163,0.0
stock level,3,164,-0.0010251154152456365
stock level,3,165,0.0
stock level,3,166,-0.0010261673553122463
stock level,3,167,-0.001027221456530114
stock level,3,168,0.001027221456530114
stock level,3,169,0.0
stock level,3,170,-0.002055499182096021
stock level,3,171,0.0
stock level,3,172,0.001028277725565907
stock level,3,173,-0.004119470295238514
stock level,3,174,0.0
stock level,3,175,0.0020618564005587814
stock level,3,176,0.004111002706522093
stock level,3,177,0.0020491810449358994
stock level,3,178,0.0
stock level,3,179,0.0
stock level,3,180,-0.0010240656296902628
stock level,3,181,0.003069056117417368
stock level,3,182,-0.0010219724956925802
stock level,3,183,0.0010219724956925802
stock level,3,184,0.0
stock level,3,185,0.0
stock level,3,186,0.0020408170348531485
stock level,3,187,0.0
stock level,3,188,-0.0020408170348531485
stock level,3,189,0.0020408170348531485
stock level,3,190,0.0
stock level,3,191,0.0020366605818029626
stock level,3,192,0.0020325210249225734
stock level,3,193,0.0
stock level,3,194,-0.0020325210249225734
stock level,3,195,0.0
stock level,3,196,0.0040609192863154675
stock level,3,197,0.0
stock level,3,198,-0.0030441423812286317
stock level,3,199,0.0030441423812286317
stock level,3,200,0.0020242921892306143
stock level,3,201,0.0
stock level,3,202,-0.0010116338748442644
stock level,3,203,0.0010116338748442644
stock level,3,204,0.0010106115059231868
stock level,3,205,-0.0010106115059231868
stock level,3,206,0.0020202027072757645
stock level,3,207,-0.0020202027072757645
stock level,3,208,0.0
stock level,3,209,0.0020202027072757645
stock level,3,210,0.0010085729548849898
stock level,3,211,-0.0010085729548849898
stock level,3,212,0.0
stock level,3,213,0.0020161297151846114
stock level,3,214,0.0010065426114014286
stock level,3,215,-0.0010065426114014286
stock level,3,216,0.0
stock level,3,217,0.0010065426114014286
stock level,3,218,0.0
stock level,3,219,0.0
stock level,3,220,0.001005530502018459
stock level,3,221,0.0
stock level,3,222,0.0
stock level,3,223,0.002008032803245463
stock level,3,224,-0.002008032803245463
stock level,3,225,0.004012041489961149
stock level,3,226,-0.002004008686715686
stock level,3,227,0.0
stock level,3,228,0.0
stock level,3,229,0.002004008686715686
stock level,3,230,-0.002004008686715686
stock level,3,231,0.0
stock level,3,232,0.002004008686715686
stock level,3,233,-0.0010015023370897325
stock level,3,234,0.0020020026706726313
stock level,3,235,0.0009995003330836028
stock level,3,236,0.0
stock level,3,237,0.0009985023295895346
stock level,3,238,-0.002998502996256036
stock level,3,239,0.002998502996256036
stock level,3,240,0.000997506317125918
stock level,3,241,-0.000997506317125918
stock level,3,242,0.000997506317125918
stock level,3,243,0.0
stock level,3,244,0.0029865626977487736
stock level,3,245,-0.0009945301665084116
stock level,3,246,0.001988072225386439
stock level,3,247,0.0
stock level,3,248,0.0019841276350467396
stock level,3,249,-0.003972199860433179
stock level,3,250,0.0029806281381379307
stock level,3,251,0.001982161203991417
stock level,3,252,0.0
stock level,3,253,0.000989609185165996
stock level,3,254,0.0
stock level,3,255,0.0
stock level,3,256,0.0
stock level,3,257,0.001976285228211694
stock level,3,258,0.0009866799024456085
stock level,3,259,0.0
stock level,3,260,0.0009857073247587778
stock level,3,261,0.0019685045726722805
stock level,3,262,-0.0019685045726722805
stock level,3,263,0.003933141746837343
stock level,3,264,-0.0009818361122571062
stock level,3,265,0.0
stock level,3,266,0.0019627091678486863
stock level,3,267,0.0009799118863487166
stock level,3,268,-0.0009799118863487166
stock level,3,269,0.0009799118863487166
stock level,3,270,0.001956947786961649
stock level,3,271,-0.0009779951879771431
stock level,3,272,0.0009779951879771431
stock level,3,273,0.000977039647826139
stock level,3,274,0.0009760859730558735
stock level,3,275,-0.0029311208088591556
stock level,3,276,0.0048804391649088785
stock level,3,277,-0.001949318356049723
stock level,3,278,0.0
stock level,3,279,0.0009751341582058259
stock level,3,280,-0.0009751341582058259
stock level,3,281,0.001949318356049723
stock level,3,282,0.00291687129512308
stock level,3,283,0.0009704027932784243
stock level,3,284,0.0009694620245479513
stock level,3,285,0.0
stock level,3,286,-0.0009694620245479513
stock level,3,287,0.0
stock level,3,288,0.0019379851026783967
stock level,3,289,0.0028999536997895703
stock level,3,290,0.0
stock level,3,291,0.0019286409064056542
stock level,3,292,0.0009629273733935406
stock level,3,293,-0.001926782869699828
stock level,3,294,0.0038498603854417723
stock level,3,295,0.0
stock level,3,296,0.0
stock level,3,297,0.0019193863858033566
stock level,3,298,0.0019157093981387874
stock level,3,299,-0.0009573959563269341
stock level,3,300,0.0009573959563269341
stock level,3,301,-0.0009573959563269341
stock level,3,302,0.0009573959563269341
stock level,3,303,0.0038204439973856807
stock level,3,304,-0.0009537435153097462
stock level,3,305,0.0
stock level,3,306,0.003809528416668151
stock level,3,307,-0.0009510224207041063
stock level,3,308,0.0019011412570240083
stock level,3,309,0.0018975337761917288
stock level,3,310,0.0018939399600705897
stock level,3,311,0.0009456265480070059
stock level,3,312,0.0009447331831617944
stock level,3,313,0.0018867930125763266
stock level,3,314,0.0
stock level,3,315,0.0
stock level,3,316,0.0018832397279648916
stock level,3,317,0.0018796998015782052
stock level,3,318,-0.0018796998015782052
stock level,3,319,0.00469264117819268
stock level,3,320,0.001870907935811239
stock level,3,321,0.0009341429917970601
stock level,3,322,-0.0018691594227036035
stock level,3,323,0.0018691594227036035
stock level,3,324,0.0018656721829497513
stock level,3,325,0.0
stock level,3,326,0.0009315324381118373
stock level,3,327,0.0
stock level,3,328,0.0009306654929526204
stock level,3,329,0.0
stock level,3,330,0.0
stock level,3,331,0.0027868109071800262
stock level,3,332,0.0009272137891915833
stock level,3,333,0.0
stock level,3,334,0.0
stock level,3,335,0.0018518523810735488
stock level,3,336,0.0
stock level,3,337,0.0
stock level,3,338,0.0027713643603837212
stock level,3,339,-0.0009229349986012991
stock level,3,340,0.001845018973569701
stock level,3,341,0.002761161441327431
stock level,3,342,0.0009186955170727984
stock level,3,343,0.0009178522902288933
stock level,3,344,-0.0009178522902288933
stock level,3,345,0.0018348629001101457
stock level,3,346,0.0018315023434682942
stock level,3,347,0.0018281540740625601
stock level,3,348,0.0009128252573598061
stock level,3,349,0.0009119927672687211
stock level,3,350,0.0
stock level,3,351,-0.0018248180246285273
stock level,3,352,0.0
stock level,3,353,0.0018248180246285273
stock level,3,354,0.0018214941283911656
stock level,3,355,0.0
stock level,3,356,-0.0018214941283911656
stock level,3,357,0.002730998511231597
stock level,3,358,0.0009086779362181829
stock level,3,359,0.0
stock level,3,360,0.0018148825308230698
stock level,3,361,-0.0009070295406425899
stock level,3,362,0.0009070295406425899
stock level,3,363,0.0
stock level,3,364,0.0018115946983501274
stock level,3,365,-0.0018115946983501274
stock level,3,366,0.0018115946983501274
stock level,3,367,0.0018083187567841108
stock level,3,368,0.0009029345985922532
stock level,3,369,-0.0018066852249489784
stock level,3,370,0.0009037506263567252
stock level,3,371,0.0018050546417303082
stock level,3,372,0.001801802289262966
stock level,3,373,0.0017985616359146306
stock level,3,374,-0.0017985616359146306
stock level,3,375,0.0017985616359146306
stock level,3,376,-0.0008988764650172953
stock level,3,377,0.0026942090836916677
stock level,3,378,0.0017921151749815678
stock level,3,379,-0.0008956561279447328
stock level,3,380,0.0026845653706688566
stock level,3,381,-0.0008940545968805225
stock level,3,382,0.002679769357115447
stock level,3,383,-0.0017857147602349244
stock level,3,384,-0.0008940545968805225
stock level,3,385,0.0017873105740955353
stock level,3,386,0.001784121793501292
stock level,3,387,-0.0008916630104813805
stock level,3,388,0.0035618915663606643
stock level,3,389,-0.001779359900077715
stock level,3,390,0.001779359900077715
stock level,3,391,0.0
stock level,3,392,0.0
stock level,3,393,0.0026631174194839957
stock level,3,394,0.0
stock level,3,395,-0.0008869180182280445
stock level,3,396,-0.0008877053401405988
stock level,3,397,0.004430667416484901
stock level,3,398,-0.0017699119664591478
stock level,3,399,0.0026536946134667616
stock level,3,400,0.00088300226487803
stock level,3,401,0.0017636688874969053
stock level,3,402,-0.0017636688874969053
stock level,3,403,0.0
stock level,3,404,0.0017636688874969053
stock level,3,405,0.0
stock level,3,406,0.0008806693655936115
stock level,3,407,0.0017590154051791984
stock level,3,408,-0.000879120935739941
stock level,3,409,0.0
stock level,3,410,-0.0008798944694392574
stock level,3,411,0.0026373641660848435
stock level,3,412,0.0008775779413596752
stock level,3,413,0.0008768084735342185
stock level,3,414,0.0017513139327345328
stock level,3,415,0.0008745081449328396
stock level,3,416,0.0008737440485973025
stock level,3,417,-0.001748252193530142
stock level,3,418,0.0043649130847018824
stock level,3,419,0.0
stock level,3,420,0.0008707009692434653
stock level,3,421,0.0
stock level,3,422,0.002607563407081237
stock level,3,423,0.0017346058122083008
stock level,3,424,0.0
stock level,3,425,0.0008661758878485415
stock level,3,426,0.001730104237783081
stock level,3,427,0.001727116146074792
stock level,3,428,0.0017241383581403369
stock level,3,429,-0.0008616975974815588
stock level,3,430,0.0025828684182540584
stock level,3,431,0.0
stock level,3,432,0.0017182134811362104
stock level,3,433,0.0008580009106369246
stock level,3,434,0.0008572653761182991
stock level,3,435,0.0008565311016166532
stock level,3,436,0.0
stock level,3,437,0.000855798083896353
stock level,3,438,-0.0017123291855130063
stock level,3,439,0.002567395505246317
stock level,3,440,0.0025608208616736405
stock level,3,441,0.0017035779247835947
stock level,3,442,-0.0008514261902172748
stock level,3,443,0.003401363823489767
stock level,3,444,0.0025434519858302806
stock level,3,445,0.0016920477810247192
stock level,3,446,0.0025327155792842504
stock level,3,447,0.0
stock level,3,448,-0.0008435259884391755
stock level,3,449,0.0
stock level,3,450,0.0033698431215496427
stock level,3,451,0.0
stock level,3,452,0.0008406894147938715
stock level,3,453,-0.0008406894147938715
stock level,3,454,-0.0016835020811134527
stock level,3,455,0.0008421053129223921
stock level,3,456,0.001682086182984932
stock level,3,457,0.002517835992340345
stock level,3,458,-0.001677852742616004
stock level,3,459,0.001677852742616004
stock level,3,460,-0.002517835992340345
stock level,3,461,-0.001682086182984932
stock level,3,462,0.002522069432709273
stock level,3,463,-0.0016806726645182124
stock level,3,464,-0.0016835020811134527
stock level,3,465,0.0
stock level,3,466,0.0
stock level,3,467,-0.003375530631281265
stock level,3,468,0.001689189590845075
stock level,3,469,-0.002534855603188113
stock level,3,470,0.0
stock level,3,471,0.0008456660123430382
stock level,3,472,0.000844951465563959
stock level,3,473,0.002530579165717306
stock level,3,474,-0.003375530631281265
stock level,3,475,0.0
stock level,3,476,0.0
stock level,3,477,0.0
stock level,3,478,0.001689189590845075
stock level,3,479,0.0
stock level,3,480,0.0033698431215496427
stock level,3,481,-0.0016835020811134527
stock level,3,482,0.0
stock level,3,483,0.0016835020811134527
stock level,3,484,0.0
stock level,3,485,-0.0008413967681910606
stock level,3,486,-0.0008421053129223921
stock level,3,487,0.003364174745631665
stock level,3,488,-0.005050515786067855
stock level,3,489,0.0008435259884391755
stock level,3,490,0.0
stock level,3,491,0.0016849203649194067
stock level,3,492,-0.003372684478639698
stock level,3,493,-0.0016906174779069971
stock level,3,494,0.002534855603188113
stock level,3,495,0.0
stock level,3,496,-0.003381237371869794
stock level,3,497,0.0016920477810247192
stock level,3,498,0.0
stock level,3,499,-0.0008456660123430382
stock level,3,500,0.0008456660123430382
stock level,3,501,-0.0016920477810247192
stock level,3,502,0.0
stock level,3,503,-0.0016949156599910253
stock level,3,504,-0.001697793277094739
stock level,3,505,0.0008492569512554837
stock level,3,506,-0.0008492569512554837
stock level,3,507,-0.0017006806820170084
stock level,3,508,0.0
stock level,3,509,0.0008507018803127764
stock level,3,510,-0.0008507018803127764
stock level,3,511,-0.0008514261902172748
stock level,3,512,-0.0008521517345663199
stock level,3,513,0.0017035779247835947
stock level,3,514,0.0008507018803127764
stock level,3,515,-0.0017021280705300512
stock level,3,516,0.0
stock level,3,517,-0.0008521517345663199
stock level,3,518,-0.0017064850557586553
stock level,3,519,0.0
stock level,3,520,0.0
stock level,3,521,-0.0008543358059149853
stock level,3,522,-0.0008550663197333108
stock level,3,523,-0.000855798083896353
stock level,3,524,0.0
stock level,3,525,0.0
stock level,3,526,-0.0008565311016166532
stock level,3,527,-0.0017152662867552237
stock level,3,528,0.0
stock level,3,529,0.0
stock level,3,530,0.0
stock level,3,531,-0.0008587377084170456
stock level,3,532,-0.0008594757727191649
stock level,3,533,0.0
stock level,3,534,0.0
stock level,3,535,0.0008594757727191649
stock level,3,536,-0.0008594757727191649
stock level,3,537,-0.0017211708207724996
stock level,3,538,0.0
stock level,3,539,-0.003451254504215129
stock level,3,540,0.0
stock level,3,541,0.0
stock level,3,542,-0.0008646779613536992
stock level,3,543,0.0
stock level,3,544,-0.0017316021642779234
stock level,3,545,-0.0008669267989862561
stock level,3,546,0.0
stock level,3,547,-0.0026052989117628655
stock level,3,548,0.0
stock level,3,549,-0.002612104227925016
stock level,3,550,0.0008714597501411347
stock level,3,551,0.0
stock level,3,552,-0.0008714597501411347
stock level,3,553,-0.0034934533345607477
stock level,3,554,0.0008745081449328396
stock level,3,555,-0.0017497817237872582
stock level,3,556,-0.0008760403538801143
stock level,3,557,0.0
stock level,3,558,-0.0017543864148938937
stock level,3,559,0.0
stock level,3,560,-0.001757469696645586
stock level,3,561,-0.0008798944694392574
stock level,3,562,0.0008798944694392574
stock level,3,563,-0.0008798944694392574
stock level,3,564,-0.002644338253090517
stock level,3,565,0.0
stock level,3,566,-0.0017667849118856438
stock level,3,567,0.0017667849118856438
stock level,3,568,-0.0017667849118856438
stock level,4,0,0.001932367751053654
stock level,4,1,0.002891568279799195
stock level,4,2,0.0
stock level,4,3,0.0
stock level,4,4,0.0009620010361910403
stock level,4,5,-0.0009620010361910403
stock level,4,6,0.0
stock level,4,7,0.0
stock level,4,8,0.002883231214084958
stock level,4,9,0.0028749420855991303
stock level,4,10,-0.0019157093981387874
stock level,4,11,0.0028721896240959666
stock level,4,12,0.0009555662456683933
stock level,4,13,0.000954654010450362
stock level,4,14,-0.000954654010450362
stock level,4,15,-0.0009555662456683933
stock level,4,16,0.0019102202561187553
stock level,4,17,0.0009537435153097462
stock level,4,18,0.0028557849013584047
stock level,4,19,-0.0009510224207041063
stock level,4,20,-0.0009519277253824399
stock level,4,21,0.0009519277253824399
stock level,4,22,0.0019011412570240083
stock level,4,23,0.0
stock level,4,24,0.0037914737362623185
stock level,4,25,-0.0047415925725822206
stock level,4,26,0.005687219120589226
stock level,4,27,-0.0009456265480070059
stock level,4,28,0.0018903597311688003
stock level,4,29,-0.0009447331831617944
stock level,4,30,0.0
stock level,4,31,0.001888574687868072
stock level,4,32,0.0
stock level,4,33,0.000942951507870049
stock level,4,34,0.0
stock level,4,35,0.0
stock level,4,36,-0.000942951507870049
stock level,4,37,-0.001888574687868072
stock level,4,38,0.0009447331831617944
stock level,4,39,0.003770032740541218
stock level,4,40,0.0
stock level,4,41,0.0018796998015782052
stock level,4,42,0.0
stock level,4,43,-0.0009394082419360572
stock level,4,44,0.0009394082419360572
stock level,4,45,0.0037488328815191707
stock level,4,46,-0.0009358915049046956
stock level,4,47,0.0009358915049046956
stock level,4,48,0.0018691594227036035
stock level,4,49,0.0018656721829497513
stock level,4,50,-0.0018656721829497513
stock level,4,51,0.0018656721829497513
stock level,4,52,0.0009315324381118373
stock level,4,53,0.0027894020875782743
stock level,4,54,0.0
stock level,4,55,0.0
stock level,4,56,0.0009280743125543722
stock level,4,57,0.0009272137891915833
stock level,4,58,0.0
stock level,4,59,0.0
stock level,4,60,0.0
stock level,4,61,-0.0018552881017459555
stock level,4,62,0.0018552881017459555
stock level,4,63,0.003700281742855971
stock level,4,64,-0.0009237875945640184
stock level,4,65,-0.0009246417672184037
stock level,4,66,0.003693448335352123
stock level,4,67,0.0
stock level,4,68,0.0018416211466494303
stock level,4,69,0.0
stock level,4,70,0.0
stock level,4,71,0.0
stock level,4,72,0.0
stock level,4,73,0.0027560881019796923
stock level,4,74,-0.0009178522902288933
stock level,4,75,0.002751033371890088
stock level,4,76,0.0009153318716883518
stock level,4,77,-0.0009153318716883518
stock level,4,78,0.0009153318716883518
stock level,4,79,0.0018281540740625601
stock level,4,80,0.0
stock level,4,81,0.0018248180246285273
stock level,4,82,0.0018214941283911656
stock level,4,83,0.0018181823190586144
stock level,4,84,0.0009078529901804799
stock level,4,85,0.0009070295406425899
stock level,4,86,-0.0027235604670412528
stock level,4,87,0.0009086779362181829
stock level,4,88,0.0027210901143606137
stock level,4,89,-0.0009062075835375438
stock level,4,90,0.0
stock level,4,91,0.0036199134551342382
stock level,4,92,0.0009029345985922532
stock level,4,93,0.0009021200431380549
stock level,4,94,0.0
stock level,4,95,0.0
stock level,4,96,0.0009013069560124265
stock level,4,97,0.0018001805041478747
stock level,4,98,0.0008988764650172953
stock level,4,99,0.0008980692116846711
stock level,4,100,0.0008972634069897012
stock level,4,101,-0.0017953326186743723
stock level,4,102,0.0026917916657112073
stock level,4,103,0.0017905107737883341
stock level,4,104,0.0008940545968805225
stock level,4,105,0.0008932559772150128
stock level,4,106,0.0
stock level,4,107,0.002674990449302861
stock level,4,108,0.0
stock level,4,109,0.0
stock level,4,110,0.0026678539611930674
stock level,4,111,-0.0017777782459997837
stock level,4,112,0.0017777782459997837
stock level,4,113,0.0026607554500257535
stock level,4,114,-0.0008861320916571103
stock level,4,115,0.0017714796483820905
stock level,4,116,0.0017683470567417814
stock level,4,117,0.00088300226487803
stock level,4,118,0.0017636688874969053
stock level,4,119,0.0
stock level,4,120,0.00263968477077281
stock level,4,121,0.0026327351757995388
stock level,4,122,0.0008760403538801143
stock level,4,123,0.0026235257723845606
stock level,4,124,0.0008729812863448316
stock level,4,125,0.002614380574070374
stock level,4,126,0.0
stock level,4,127,0.0
stock level,4,128,0.0034752424203032817
stock level,4,129,0.0008669267989862561
stock level,4,130,0.0
stock level,4,131,0.0025962801256316226
stock level,4,132,0.0
stock level,4,133,-0.001730104237783081
stock level,4,134,0.00518135874199821
stock level,4,135,0.0008609557139642732
stock level,4,136,0.0
stock level,4,137,-0.0008609557139642732
stock level,4,138,0.0
stock level,4,139,0.0025806465934916645
stock level,4,140,0.0008587377084170456
stock level,4,141,-0.002578428587944437
stock level,4,142,-0.001722653311445832
stock level,4,143,0.0025828684182540584
stock level,4,144,0.0017182134811362104
stock level,4,145,-0.0008587377084170456
stock level,4,146,0.0017167386190539702
stock level,4,147,0.0
stock level,4,148,0.0025695945616313054
stock level,4,149,-0.0017123291855130063
stock level,4,150,0.002567395505246317
stock level,4,151,-0.002567395505246317
stock level,4,152,0.0017123291855130063
stock level,4,153,0.0008550663197333108
stock level,4,154,-0.0017108644036296639
stock level,4,155,-0.0008565311016166532
stock level,4,156,0.0017123291855130063
stock level,4,157,-0.0025695945616313054
stock level,4,158,-0.0008580009106369246
stock level,4,159,-0.0008587377084170456
stock level,4,160,0.0
stock level,4,161,-0.0008594757727191649
stock level,4,162,-0.0008602151068082264
stock level,4,163,-0.00258509407210461
stock level,4,164,0.0
stock level,4,165,0.0008624407606587781
stock level,4,166,0.0
stock level,4,167,-0.0008624407606587781
stock level,4,168,-0.001727116146074792
stock level,4,169,0.0
stock level,4,170,-0.0025962801256316226
stock level,4,171,-0.0008669267989862561
stock level,4,172,0.0
stock level,4,173,-0.0017361115471761224
stock level,4,174,0.0
stock level,4,175,0.0008684325339540777
stock level,4,176,-0.002607563407081237
stock level,4,177,0.0
stock level,4,178,-0.0017421607193846
stock level,4,179,-0.000872219854685774
stock level,4,180,-0.0026212334798749737
stock level,4,181,0.0
stock level,4,182,-0.0008752735788544186
stock level,4,183,0.0
stock level,4,184,-0.0017528488274143328
stock level,4,185,-0.0008775779413596752
stock level,4,186,0.002630426768774008
stock level,4,187,-0.002630426768774008
stock level,4,188,0.0
stock level,4,189,-0.0008783487609056451
stock level,4,190,-0.00263968477077281
stock level,4,191,0.0
stock level,4,192,-0.0008814456278063432
stock level,4,193,0.0008814456278063432
stock level,4,194,-0.0026466711523749353
stock level,4,195,0.00088300226487803
stock level,4,196,-0.0026513493216198114
stock level,4,197,0.0
stock level,4,198,-0.0008853475567249802
stock level,4,199,0.0
stock level,4,200,-0.0017730501098851548
stock level,4,201,0.0
stock level,4,202,-0.0008877053401405988
stock level,4,203,0.0017746233583686433
stock level,4,204,0.0
stock level,4,205,-0.0026631174194839957
stock level,4,206,-0.001779359900077715
stock level,4,207,0.001779359900077715
stock level,4,208,-0.001779359900077715
stock level,4,209,0.001779359900077715
stock level,4,210,-0.001779359900077715
stock level,4,211,0.0
stock level,4,212,-0.0017825316662829493
stock level,4,213,-0.0008924587830199116
stock level,4,214,0.001784121793501292
stock level,4,215,-0.001784121793501292
stock level,4,216,-0.0017873105740955353
stock level,4,217,0.0008940545968805225
stock level,4,218,-0.0026845653706688566
stock level,4,219,0.0008956561279447328
stock level,4,220,-0.002689378581971269
stock level,4,221,0.0008972634069897012
stock level,4,222,-0.0017953326186743723
stock level,4,223,-0.0017985616359146306
stock level,4,224,0.0
stock level,4,225,-0.002703922332401021
stock level,4,226,0.0009021200431380549
stock level,4,227,0.001801802289262966
stock level,4,228,-0.002703922332401021
stock level,4,229,-0.002711253355376364
stock level,4,230,0.0
stock level,4,231,0.0
stock level,4,232,-0.0018115946983501274
stock level,4,233,0.0018115946983501274
stock level,4,234,-0.0018115946983501274
stock level,4,235,-0.0009070295406425899
stock level,4,236,-0.0027260353092390943
stock level,4,237,0.0018181823190586144
stock level,4,238,-0.00363967644744978
stock level,4,239,0.002730998511231597
stock level,4,240,-0.0018198367169857121
stock level,4,241,0.005449604767564509
stock level,4,242,-0.0018132371241801337
stock level,4,243,0.0018132371241801337
stock level,4,244,-0.0009062075835375438
stock level,4,245,0.0018115946983501274
stock level,4,246,0.0018083187567841108
stock level,4,247,-0.0018083187567841108
stock level,4,248,0.0018083187567841108
stock level,4,249,-0.0009037506263567252
stock level,4,250,0.0027088052680870334
stock level,4,251,0.0009013069560124265
stock level,4,252,-0.0009013069560124265
stock level,4,253,-0.0018050546417303082
stock level,4,254,0.0
stock level,4,255,-0.0018083187567841108
stock level,4,256,0.0009045681304273856
stock level,4,257,-0.002716162828777513
stock level,4,258,0.0
stock level,4,259,0.0
stock level,4,260,-0.0018148825308230698
stock level,4,261,-0.0018181823190586144
stock level,4,262,0.0018181823190586144
stock level,4,263,-0.0018181823190586144
stock level,4,264,-0.0009103323341452807
stock level,4,265,0.0
stock level,4,266,0.0009103323341452807
stock level,4,267,-0.0018214941283911656
stock level,4,268,0.0
stock level,4,269,-0.0009119927672687211
stock level,4,270,-0.0018264845260347329
stock level,4,271,0.00455997142169462
stock level,4,272,-0.006389798098770605
stock level,4,273,0.0009153318716883518
stock level,4,274,0.0018281540740625601
stock level,4,275,0.0
stock level,4,276,-0.0018281540740625601
stock level,4,277,0.0
stock level,4,278,-0.0018315023434682942
stock level,4,279,-0.0018348629001101457
stock level,4,280,0.0009178522902288933
stock level,4,281,0.0009170106098812525
stock level,4,282,-0.0009170106098812525
stock level,4,283,0.0018331810816611949
stock level,4,284,-0.002751033371890088
stock level,4,285,-0.0036798569584002294
stock level,4,286,0.0018416211466494303
stock level,4,287,-0.0018416211466494303
stock level,4,288,0.0
stock level,4,289,0.0018416211466494303
stock level,4,290,0.001838235811750799
stock level,4,291,0.0
stock level,4,292,0.0009178522902288933
stock level,4,293,0.0018331810816611949
stock level,4,294,0.0
stock level,4,295,0.0009153318716883518
stock level,4,296,0.0
stock level,4,297,0.0
stock level,4,298,-0.0009153318716883518
stock level,4,299,0.0
stock level,4,300,0.0009153318716883518
stock level,4,301,0.0036529720986910874
stock level,4,302,-0.002738477293303454
stock level,4,303,0.0009136592686749268
stock level,4,304,0.0
stock level,4,305,-0.0009136592686749268
stock level,4,306,0.0009136592686749268
stock level,4,307,-0.0018281540740625601
stock level,4,308,0.0018281540740625601
stock level,4,309,0.0018248180246285273
stock level,4,310,0.0
stock level,4,311,0.0018214941283911656
stock level,4,312,0.0009095043828404314
stock level,4,313,0.0009086779362181829
stock level,4,314,-0.0009086779362181829
stock level,4,315,-0.0009095043828404314
stock level,4,316,0.0018181823190586144
stock level,4,317,0.0
stock level,4,318,0.0009078529901804799
stock level,4,319,0.0009070295406425899
stock level,4,320,0.0009062075835375438
stock level,4,321,-0.0009062075835375438
stock level,4,322,0.0018115946983501274
stock level,4,323,-0.0009053871148125836
stock level,4,324,0.0036166404701889476
stock level,4,325,-0.0018066852249489784
stock level,4,326,0.0009037506263567252
stock level,4,327,0.0018050546417303082
stock level,4,328,0.0009013069560124265
stock level,4,329,0.0
stock level,4,330,0.0
stock level,4,331,0.0018001805041478747
stock level,4,332,-0.002701487460160301
stock level,4,333,0.002701487460160301
stock level,4,334,0.0008988764650172953
stock level,4,335,-0.0008988764650172953
stock level,4,336,0.0
stock level,4,337,0.0008988764650172953
stock level,4,338,0.0008980692116846711
stock level,4,339,0.0008972634069897012
stock level,4,340,-0.0008972634069897012
stock level,4,341,0.0008972634069897012
stock level,4,342,-0.004494389587839542
stock level,4,343,-0.0018034269991504814
stock level,4,344,-0.0009029345985922532
stock level,4,345,0.0018050546417303082
stock level,4,346,0.0036003639251775965
stock level,4,347,0.0008980692116846711
stock level,4,348,-0.0017969456767019665
stock level,4,349,0.0026942090836916677
stock level,4,350,0.000896459047036835
stock level,4,351,-0.000896459047036835
stock level,4,352,0.0
stock level,4,353,0.000896459047036835
stock level,4,354,0.0
stock level,4,355,0.0
stock level,4,356,0.0008956561279447328
stock level,4,357,0.0017889092427241238
stock level,4,358,-0.0008940545968805225
stock level,4,359,0.0008940545968805225
stock level,4,360,0.0
stock level,4,361,0.0
stock level,4,362,0.0008932559772150128
stock level,4,363,0.001784121793501292
stock level,4,364,0.0
stock level,4,365,0.0008908686558015688
stock level,4,366,0.001779359900077715
stock level,4,367,-0.0008892841848844313
stock level,4,368,-0.004458322141711157
stock level,4,369,0.0017857147602349244
stock level,4,370,0.0017825316662829493
stock level,4,371,0.001779359900077715
stock level,4,372,0.0
stock level,4,373,0.0
stock level,4,374,0.0
stock level,4,375,0.0008884940611153525
stock level,4,376,-0.0026678539611930674
stock level,4,377,0.003555559301333666
stock level,4,378,0.0008869180182280445
stock level,4,379,-0.003552401604368427
stock level,4,380,-0.0008900757151932837
stock level,4,381,0.0008900757151932837
stock level,4,382,0.0017777782459997837
stock level,4,383,-0.0008884940611153525
stock level,4,384,0.0017761994012559512
stock level,4,385,-0.0008877053401405988
stock level,4,386,0.0008877053401405988
stock level,4,387,0.0017730501098851548
stock level,4,388,-0.0008861320916571103
stock level,4,389,-0.0008869180182280445
stock level,4,390,0.0008869180182280445
stock level,4,391,-0.0008869180182280445
stock level,4,392,0.002658397666610135
stock level,4,393,0.0008845644097341676
stock level,4,394,0.0
stock level,4,395,0.0008837826470076138
stock level,4,396,0.0
stock level,4,397,-0.0008837826470076138
stock level,4,398,0.0017667849118856438
stock level,4,399,0.0008822232596905621
stock level,4,400,-0.0008822232596905621
stock level,4,401,0.0017636688874969053
stock level,4,402,0.0
stock level,4,403,-0.0008814456278063432
stock level,4,404,0.004399479159484798
stock level,4,405,-0.003518033531678455
stock level,4,406,0.0
stock level,4,407,0.00263968477077281
stock level,4,408,-0.003521130398579153
stock level,4,409,0.0008814456278063432
stock level,4,410,0.003518033531678455
stock level,4,411,0.0017543864148938937
stock level,4,412,0.0
stock level,4,413,0.0017513139327345328
stock level,4,414,0.0
stock level,4,415,-0.0017513139327345328
stock level,4,416,-0.0017543864148938937
stock level,4,417,-0.0008783487609056451
stock level,4,418,0.0008783487609056451
stock level,4,419,0.0017543864148938937
stock level,4,420,0.0
stock level,4,421,0.0008760403538801143
stock level,4,422,0.0008752735788544186
stock level,4,423,0.001748252193530142
stock level,4,424,0.0
stock level,4,425,0.0
stock level,4,426,-0.001748252193530142
stock level,4,427,-0.0017513139327345328
stock level,4,428,0.0026258220776673724
stock level,4,429,0.003490404939769043
stock level,4,430,-0.0017436796048269088
stock level,4,431,0.0017436796048269088
stock level,4,432,0.0
stock level,4,433,0.0008707009692434653
stock level,4,434,0.0
stock level,4,435,-0.0008707009692434653
stock level,4,436,0.0017406444777838814
stock level,4,437,0.0008691873645867432
stock level,4,438,0.0
stock level,4,439,0.0
stock level,4,440,-0.0017391308731271593
stock level,4,441,0.0034752424203032817
stock level,4,442,0.0017331026868347976
stock level,4,443,-0.0017331026868347976
stock level,4,444,0.0025985289632641795
stock level,4,445,0.0
stock level,4,446,-0.0008654262764293819
stock level,4,447,0.0008654262764293819
stock level,4,448,0.0017286089006178784
stock level,4,449,-0.0025940351770472603
stock level,4,450,-0.0008661758878485415
stock level,4,451,0.0043233962717064145
stock level,4,452,0.0008624407606587781
stock level,4,453,-0.0017256259674693908
stock level,4,454,0.0
stock level,4,455,0.003448279278915223
stock level,4,456,0.0
stock level,4,457,0.0008602151068082264
stock level,4,458,0.0
stock level,4,459,-0.0008602151068082264
stock level,4,460,0.0017196908795273913
stock level,4,461,0.0025740039951722693
stock level,4,462,-0.0008572653761182991
stock level,4,463,0.0
stock level,4,464,0.0017137964777349524
stock level,4,465,-0.0008565311016166532
stock level,4,466,0.0017123291855130063
stock level,4,467,-0.000855798083896353
stock level,4,468,-0.0008565311016166532
stock level,4,469,0.0017123291855130063
stock level,4,470,0.001709402125648296
stock level,4,471,0.0
stock level,4,472,0.0017064850557586553
stock level,4,473,0.0
stock level,4,474,-0.000852878516518274
stock level,4,475,0.0025564564413018687
stock level,4,476,0.0008507018803127764
stock level,4,477,0.000849978801704232
stock level,4,478,-0.0017006806820170084
stock level,4,479,0.0008507018803127764
stock level,4,480,-0.0008507018803127764
stock level,4,481,0.0033984739591117474
stock level,4,482,0.0016949156599910253
stock level,4,483,0.0016920477810247192
stock level,4,484,-0.0016920477810247192
stock level,4,485,0.000846381768681681
stock level,4,486,0.002534855603188113
stock level,4,487,0.00168634104043619
stock level,4,488,0.0
stock level,4,489,0.0016835020811134527
stock level,4,490,0.0016806726645182124
stock level,4,491,0.001677852742616004
stock level,4,492,0.0
stock level,4,493,0.003347283460056971
stock level,4,494,0.000835073117421814
stock level,4,495,-0.000835073117421814
stock level,4,496,0.000835073117421814
stock level,4,497,0.004164937299284688
stock level,4,498,0.0016611299500759458
stock level,4,499,0.0016583751727763385
stock level,4,500,0.000828157397228857
stock level,4,501,0.0016542600960267606
stock level,4,502,0.0024762703532630326
stock level,4,503,0.0
stock level,4,504,0.0016474468305984757
stock level,4,505,0.001644737212878944
stock level,4,506,0.001642036493743504
stock level,4,507,0.0008200082460314562
stock level,4,508,0.002455997959869727
stock level,4,509,0.0016339872916546483
stock level,4,510,0.0016313217320842455
stock level,4,511,0.0024420036555516944
stock level,4,512,0.0024360547978812264
stock level,4,513,0.0016207458977337552
stock level,4,514,0.0008093889555578215
stock level,4,515,0.003231020581447197
stock level,4,516,0.002416432911628519
stock level,4,517,0.0016077173880963969
stock level,4,518,0.0008028904485906097
stock level,4,519,0.0032051309489480317
stock level,4,520,0.002397124599721856
stock level,4,521,0.0023913921320755094
stock level,4,522,0.0023856870162033417
stock level,4,523,0.0007939659011766409
stock level,4,524,0.0
stock level,4,525,0.003960401216096976
stock level,4,526,0.0007902015425003128
stock level,4,527,0.0023668650102663946
stock level,4,528,0.003147130843019319
stock level,4,529,0.0015698590351194142
stock level,4,530,0.003132343986316677
stock level,4,531,0.001562500317890958
stock level,4,532,0.0046729056993930485
stock level,4,533,0.001552795343060076
stock level,4,534,0.0030983758326703636
stock level,4,535,0.0023174981403624173
stock level,4,536,0.0015420203518159425
stock level,4,537,0.0
stock level,4,538,0.0023085812484699986
stock level,4,539,0.0023032639740927507
stock level,4,540,0.0007665772701956897
stock level,4,541,0.0015313938674275107
stock level,4,542,-0.003065136499376564
stock level,4,543,0.003065136499376564
stock level,4,544,-0.0022979711376232004
stock level,4,545,-0.0030721990369704244
stock level,4,546,-0.0023103591331841145
stock level,4,547,0.0023103591331841145
stock level,4,548,0.002305033675217061
stock level,4,549,0.0015337426319490532
stock level,4,550,0.0
stock level,4,551,0.0
stock level,4,552,0.0
stock level,4,553,-0.0007665772701956897
stock level,4,554,0.0
stock level,4,555,0.0015325673497779135
stock level,4,556,-0.002299732711531277
stock level,4,557,0.0
stock level,4,558,0.002299732711531277
stock level,4,559,-0.0015325673497779135
stock level,4,560,-0.0007671653617533636
stock level,4,561,-0.002305033675217061
stock level,4,562,0.0
stock level,4,563,-0.0023103591331841145
stock level,4,564,-0.000771307404224153
stock level,4,565,-0.0007719027785819677
stock level,4,566,0.0030840425369618174
stock level,4,567,-0.0023121397583798498
stock level,4,568,0.0015420203518159425
stock level,5,0,-0.000977039647826139
stock level,5,1,0.0
stock level,5,2,-0.0009779951879771431
stock level,5,3,0.0009779951879771431
stock level,5,4,0.000977039647826139
stock level,5,5,-0.003913899321136505
stock level,5,6,0.0009799118863487166
stock level,5,7,-0.0019607849419402967
stock level,5,8,0.0
stock level,5,9,0.0019607849419402967
stock level,5,10,0.000978952598984506
stock level,5,11,-0.000978952598984506
stock level,5,12,-0.002942621054197403
stock level,5,13,0.004899568841159052
stock level,5,14,-0.003917732728901946
stock level,5,15,0.0019607849419402967
stock level,5,16,-0.003925422116105359
stock level,5,17,0.0019646371741650626
stock level,5,18,0.0009808730555915801
stock level,5,19,-0.0029455102297566427
stock level,5,20,0.0
stock level,5,21,0.0009828010619079564
stock level,5,22,-0.002951305634580237
stock level,5,23,0.0019685045726722805
stock level,5,24,0.0
stock level,5,25,-0.0029542118974310583
stock level,5,26,0.0009857073247587778
stock level,5,27,0.0
stock level,5,28,-0.0019723872272043863
stock level,5,29,0.0009866799024456085
stock level,5,30,-0.0019743343037177397
stock level,5,31,0.0009876544012721311
stock level,5,32,-0.0009876544012721311
stock level,5,33,0.003944778291016249
stock level,5,34,-0.0049334091179558115
stock level,5,35,0.0
stock level,5,36,0.001976285228211694
stock level,5,37,-0.00296589441337769
stock level,5,38,-0.0009905894816961691
stock level,5,39,0.0
stock level,5,40,-0.000991571722295248
stock level,5,41,0.000991571722295248
stock level,5,42,0.0
stock level,5,43,-0.0019841276350467396
stock level,5,44,0.003964326301908905
stock level,5,45,-0.004957868360786932
stock level,5,46,0.0009935420588780275
stock level,5,47,0.0019841276350467396
stock level,5,48,-0.003972199860433179
stock level,5,49,-0.000995520241501957
stock level,5,50,-0.0009965122897384049
stock level,5,51,0.001992032531240362
stock level,5,52,0.0
stock level,5,53,-0.000995520241501957
stock level,5,54,-0.001994018606864323
stock level,5,55,0.0
stock level,5,56,-0.0009985023295895346
stock level,5,57,-0.0020000006666665016
stock level,5,58,0.0010005003335828988
stock level,5,59,0.0009995003330836028
stock level,5,60,0.0
stock level,5,61,-0.0020000006666665016
stock level,5,62,0.0
stock level,5,63,-0.002004008686715686
stock level,5,64,0.002004008686715686
stock level,5,65,-0.0030075210639557426
stock level,5,66,0.0010035123772400567
stock level,5,67,-0.0010035123772400567
stock level,5,68,0.0
stock level,5,69,-0.0010045204260054064
stock level,5,70,-0.0020120731134198877
stock level,5,71,0.0
stock level,5,72,0.0010065426114014286
stock level,5,73,-0.00302267232658604
stock level,5,74,0.0020161297151846114
stock level,5,75,-0.0010075567602996216
stock level,5,76,-0.0010085729548849898
stock level,5,77,0.004028202828604499
stock level,5,78,-0.004028202828604499
stock level,5,79,0.0020161297151846114
stock level,5,80,-0.004036332422460376
stock level,5,81,-0.0010116338748442644
stock level,5,82,-0.00101265831438635
stock level,5,83,0.00101265831438635
stock level,5,84,-0.00101265831438635
stock level,5,85,0.0
stock level,5,86,0.0020242921892306143
stock level,5,87,-0.005068434570459246
stock level,5,88,0.0010157441198357375
stock level,5,89,-0.0010157441198357375
stock level,5,90,0.0010157441198357375
stock level,5,91,-0.003050332817623236
stock level,5,92,0.0010178117927006625
stock level,5,93,-0.0020366605818029626
stock level,5,94,-0.0010198879007461414
stock level,5,95,-0.0020429016297995872
stock level,5,96,0.0010219724956925802
stock level,5,97,-0.0020449904877271052
stock level,5,98,0.001023017992034525
stock level,5,99,-0.001023017992034525
stock level,5,100,-0.0020491810449358994
stock level,5,101,0.0
stock level,5,102,0.0
stock level,5,103,-0.0020533888118423604
stock level,5,104,0.0
stock level,5,105,-0.002057613894679733
stock level,5,106,0.0010293361691138259
stock level,5,107,0.0
stock level,5,108,-0.0010293361691138259
stock level,5,109,-0.0020618564005587814
stock level,5,110,0.0
stock level,5,111,-0.001032524614188901
stock level,5,112,0.001032524614188901
stock level,5,113,0.0
stock level,5,114,-0.004136510551780326
stock level,5,115,0.0
stock level,5,116,0.0010357328735315363
stock level,5,117,-0.0020725396019720677
stock level,5,118,-0.001037882812419788
stock level,5,119,0.0020746895408603194
stock level,5,120,-0.004153692368693562
stock level,5,121,0.0
stock level,5,122,-0.0020833340868540162
stock level,5,123,0.001042209578443476
stock level,5,124,-0.001042209578443476
stock level,5,125,0.0
stock level,5,126,-0.002087683430484155
stock level,5,127,-0.00209205097222398
stock level,5,128,0.0
stock level,5,129,0.0
stock level,5,130,0.0
stock level,5,131,0.0
stock level,5,132,-0.004197277935340082
stock level,5,133,0.0
stock level,5,134,-0.0010520779508036426
stock level,5,135,0.0010520779508036426
stock level,5,136,0.0
stock level,5,137,-0.002105263935462176
stock level,5,138,-0.002109705423849917
stock level,5,139,-0.0010565241342002096
stock level,5,140,0.0
stock level,5,141,-0.0021164029063776013
stock level,5,142,-0.0010598835120427808
stock level,5,143,0.0
stock level,5,144,-0.0010610080570945257
stock level,5,145,-0.0010621349909829547
stock level,5,146,-0.002127660377117202
stock level,5,147,-0.002132196969840905
stock level,5,148,0.0
stock level,5,149,-0.0021367529497346993
stock level,5,150,0.0021367529497346993
stock level,5,151,0.0010666667678025377
stock level,5,152,0.0
stock level,5,153,-0.0010666667678025377
stock level,5,154,0.003196593025627692
stock level,5,155,0.001063264321330415
stock level,5,156,0.0
stock level,5,157,0.0
stock level,5,158,0.0021231430480774804
stock level,5,159,-0.0010610080570945257
stock level,5,160,-0.0021253993123133696
stock level,5,161,-0.003196593025627692
stock level,5,162,0.0
stock level,5,163,0.0
stock level,5,164,0.0
stock level,5,165,-0.0032068440095791573
stock level,5,166,0.001070091059844458
stock level,5,167,-0.001070091059844458
stock level,5,168,0.001070091059844458
stock level,5,169,-0.003213714603096385
stock level,5,170,0.0010723861617529806
stock level,5,171,-0.0021459235702767643
stock level,5,172,0.0
stock level,5,173,-0.0010746911297658812
stock level,5,174,0.0
stock level,5,175,0.0
stock level,5,176,0.002148228538289665
stock level,5,177,-0.005379249119735974
stock level,5,178,0.0010781672203457049
stock level,5,179,-0.0021574981400211968
stock level,5,180,0.0
stock level,5,181,-0.0032450001433268483
stock level,5,182,0.0032450001433268483
stock level,5,183,-0.0010804971337545766
stock level,5,184,-0.0021645030095722717
stock level,5,185,0.001082837138831394
stock level,5,186,-0.002166848085090045
stock level,5,187,-0.002171553513507618
stock level,5,188,0.0
stock level,5,189,-0.0010875476873994927
stock level,5,190,-0.0010887317351961912
stock level,5,191,0.0010887317351961912
stock level,5,192,-0.004362057080165904
stock level,5,193,0.0
stock level,5,194,0.003273325344969713
stock level,5,195,-0.003273325344969713
stock level,5,196,-0.0032840752011891183
stock level,5,197,-0.0010970928143736458
stock level,5,198,0.002192983335010723
stock level,5,199,-0.002192983335010723
stock level,5,200,-0.0021978030824794104
stock level,5,201,0.0010995053334168503
stock level,5,202,-0.0010995053334168503
stock level,5,203,-0.0022026440623417187
stock level,5,204,-0.002207506415210503
stock level,5,205,0.0
stock level,5,206,-0.002212390282941179
stock level,5,207,0.0
stock level,5,208,0.0011068069751916099
stock level,5,209,-0.0022148403295529917
stock level,5,210,0.0011080333543613818
stock level,5,211,-0.0022172958086477124
stock level,5,212,-0.002222223136717716
stock level,5,213,-0.0022271724128239967
stock level,5,214,0.0022271724128239967
stock level,5,215,0.0
stock level,5,216,-0.00445931619676454
stock level,5,217,0.0022321437839405434
stock level,5,218,0.0
stock level,5,219,0.0
stock level,5,220,-0.00446928118229728
stock level,5,221,-0.0011204482964890516
stock level,5,222,-0.0011217051091998442
stock level,5,223,0.0044792908040456325
stock level,5,224,-0.0022371373983567366
stock level,5,225,-0.004489345362594044
stock level,5,226,-0.0011254925217345502
stock level,5,227,0.0
stock level,5,228,0.0011254925217345502
stock level,5,229,-0.004509590505975325
stock level,5,230,0.006756782462880473
stock level,5,231,-0.006756782462880473
stock level,5,232,0.0
stock level,5,233,0.0
stock level,5,234,0.0
stock level,5,235,-0.00226244440396961
stock level,5,236,0.0011318620336835394
stock level,5,237,-0.00453515516539138
stock level,5,238,0.001135718463928015
stock level,5,239,-0.001135718463928015
stock level,5,240,-0.0022753138371349735
stock level,5,241,-0.0034227072775028233
stock level,5,242,0.0
stock level,5,243,-0.0022883305180121383
stock level,5,244,-0.002293578987099032
stock level,5,245,0.002293578987099032
stock level,5,246,-0.002293578987099032
stock level,5,247,-0.0022988515871107396
stock level,5,248,-0.0011514106050416473
stock level,5,249,-0.0011527378798081855
stock level,5,250,-0.0011540682181072626
stock level,5,251,0.0
stock level,5,252,-0.001155401630555275
stock level,5,253,0.0
stock level,5,254,-0.003474236268186992
stock level,5,255,-0.003486348679436979
stock level,5,256,0.0
stock level,5,257,0.0
stock level,5,258,-0.0023310033864758495
stock level,5,259,-0.0023364496610200902
stock level,5,260,-0.002341921445080608
stock level,5,261,-0.002347418918304811
stock level,5,262,0.0011743982559417887
stock level,5,263,-0.0023501773449536856
stock level,5,264,-0.0035356548323077774
stock level,5,265,0.0011799411398483173
stock level,5,266,-0.003544008434729129
stock level,5,267,-0.002369669355318571
stock level,5,268,-0.0023752980289071246
stock level,5,269,0.0
stock level,5,270,0.0
stock level,5,271,-0.004767589483472889
stock level,5,272,0.001194029992607426
stock level,5,273,0.0
stock level,5,274,-0.001194029992607426
stock level,5,275,0.001194029992607426
stock level,5,276,-0.004784698123335929
stock level,5,277,0.0023952107259548328
stock level,5,278,-0.004796172263493048
stock level,5,279,0.001201201345634395
stock level,5,280,-0.0024038473113945358
stock level,5,281,-0.0024096397201534003
stock level,5,282,0.0
stock level,5,283,-0.0012070007500355473
stock level,5,284,-0.0036297680505787966
stock level,5,285,-0.0024271856576110196
stock level,5,286,-0.002433091224641082
stock level,5,287,0.00364742045704336
stock level,5,288,-0.00364742045704336
stock level,5,289,-0.002439025599358935
stock level,5,290,0.0012202564052294917
stock level,5,291,-0.0012202564052294917
stock level,5,292,-0.0012217472503222027
stock level,5,293,-0.003674223361884721
stock level,5,294,-0.0024570036930517958
stock level,5,295,0.0
stock level,5,296,0.0
stock level,5,297,-0.004932192489318865
stock level,5,298,-0.0012368585373963015
stock level,5,299,-0.003719781102532238
stock level,5,300,0.0012414650880643308
stock level,5,301,-0.003729028559866343
stock level,5,302,-0.0012461060802468893
stock level,5,303,-0.0037476621002401345
stock level,5,304,-0.002506266976059379
stock level,5,305,0.0
stock level,5,306,-0.005031457155367569
stock level,5,307,-0.0025252538671933777
stock level,5,308,0.0
stock level,5,309,-0.0012650223065868715
stock level,5,310,-0.0012666246151926686
stock level,5,311,-0.005082603063466529
stock level,5,312,-0.002551021791605379
stock level,5,313,0.0
stock level,5,314,-0.0025575461511166964
stock level,5,315,0.0
stock level,5,316,-0.002564103968937914
stock level,5,317,0.0
stock level,5,318,-0.0025706955031008505
stock level,5,319,-0.0025773210143000824
stock level,5,320,-0.0025839807659249203
stock level,5,321,-0.0012944985626459626
stock level,5,322,-0.0038935805191320227
stock level,5,323,0.0
stock level,5,324,-0.002604168138388374
stock level,5,325,-0.0013046316266649427
stock level,5,326,-0.003924138456134152
stock level,5,327,-0.00262467342277084
stock level,5,328,-0.0026315804660557163
stock level,5,329,-0.001318391753258652
stock level,5,330,-0.001320132204923219
stock level,5,331,0.0
stock level,5,332,-0.003970885429492199
stock level,5,333,0.0013253812410685128
stock level,5,334,-0.005312097484890366
stock level,5,335,0.0
stock level,5,336,-0.0026666682469151937
stock level,5,337,-0.0013360055427416029
stock level,5,338,-0.002677377770716305
stock level,5,339,-0.0026845653706697448
stock level,5,340,-0.0026917916657112073
stock level,5,341,0.0
stock level,5,342,-0.00269905696916517
stock level,5,343,-0.001352265250013751
stock level,5,344,-0.00406780221932479
stock level,5,345,-0.0013596195160401336
stock level,5,346,0.0
stock level,5,347,-0.00136147059832048
stock level,5,348,-0.0013633267278647665
stock level,5,349,0.0
stock level,5,350,-0.004101167744214429
stock level,5,351,-0.00411805660891762
stock level,5,352,0.0
stock level,5,353,-0.0027548226788445263
stock level,5,354,-0.002762432695909922
stock level,5,355,-0.0013840832659388624
stock level,5,356,-0.001386001607876608
stock level,5,357,-0.0013879252748481008
stock level,5,358,-0.0027816429618772176
stock level,5,359,-0.0013937284486038592
stock level,5,360,-0.0027932979056126683
stock level,5,361,-0.002801122279711521
stock level,5,362,-0.0014035090023201136
stock level,5,363,-0.001405481608735215
stock level,5,364,-0.002816903271113169
stock level,5,365,-0.002824860635554316
stock level,5,366,-0.0028328630843041935
stock level,5,367,0.0028328630843041935
stock level,5,368,-0.004252309738530968
stock level,5,369,-0.0014214643473771105
stock level,5,370,-0.0028490047760749704
stock level,5,371,-0.0028571448007799205
stock level,5,372,-0.002865331473286048
stock level,5,373,0.0
stock level,5,374,0.002865331473286048
stock level,5,375,-0.004301081899390269
stock level,5,376,-0.004319661144516651
stock level,5,377,0.0014419613169014411
stock level,5,378,-0.0014419613169014411
stock level,5,379,-0.004338401598597663
stock level,5,380,-0.0014503265776468766
stock level,5,381,-0.0029069787913096334
stock level,5,382,0.0
stock level,5,383,-0.004376374599798893
stock level,5,384,0.0014609206396754004
stock level,5,385,-0.004389180418763239
stock level,5,386,0.0
stock level,5,387,0.0
stock level,5,388,-0.004408530284766066
stock level,5,389,-0.0029498546464212794
stock level,5,390,0.0014760150281203366
stock level,5,391,-0.0014760150281203366
stock level,5,392,-0.0014781968693107217
stock level,5,393,-0.0014803851704341398
stock level,5,394,0.0029585820397448614
stock level,5,395,0.0029498546464212794
stock level,5,396,0.001471670611456588
stock level,5,397,-0.001471670611456588
stock level,5,398,0.001471670611456588
stock level,5,399,-0.002945510229757531
stock level,5,400,0.0014738396183009428
stock level,5,401,-0.005908436686166141
stock level,5,402,-0.0029673612278022787
stock level,5,403,-0.001486989121578297
stock level,5,404,0.0
stock level,5,405,0.001486989121578297
stock level,5,406,0.0
stock level,5,407,-0.004467617259716228
stock level,5,408,0.001491424586670398
stock level,5,409,-0.0029850768434531716
stock level,5,410,-0.002994014212605478
stock level,5,411,0.0
stock level,5,412,0.0
stock level,5,413,0.00149812762102286
stock level,5,414,-0.0029985029962569243
stock level,5,415,0.0
stock level,5,416,-0.0030075210639557426
stock level,5,417,0.0030075210639557426
stock level,5,418,0.004494389587839542
stock level,5,419,-0.002994014212605478
stock level,5,420,0.0
stock level,5,421,0.00149812762102286
stock level,5,422,0.0
stock level,5,423,0.0
stock level,5,424,-0.0029985029962569243
stock level,5,425,-0.0030075210639557426
stock level,5,426,0.0
stock level,5,427,-0.0015071592905711029
stock level,5,428,0.0
stock level,5,429,0.0
stock level,5,430,0.0
stock level,5,431,-0.003021150334175715
stock level,5,432,0.003021150334175715
stock level,5,433,-0.00453515516539138
stock level,5,434,0.0
stock level,5,435,0.001514004831215665
stock level,5,436,0.0
stock level,5,437,0.0
stock level,5,438,0.003021150334175715
stock level,5,439,-0.0060514556833553
stock level,5,440,0.0
stock level,5,441,0.0
stock level,5,442,-0.0015186031771898811
stock level,5,443,-0.0015209128407063233
stock level,5,444,0.0030395160178962044
stock level,5,445,-0.004562745558417625
stock level,5,446,-0.001525553308837857
stock level,5,447,-0.0015278841780528296
stock level,5,448,-0.0015302221807678151
stock level,5,449,0.0
stock level,5,450,0.0
stock level,5,451,0.0
stock level,5,452,-0.0015325673497779135
stock level,5,453,0.0015325673497779135
stock level,5,454,-0.0015325673497779135
stock level,5,455,0.0015325673497779135
stock level,5,456,0.0
stock level,5,457,-0.004604766386748338
stock level,5,458,-0.001539646185592325
stock level,5,459,0.001539646185592325
stock level,5,460,-0.004626068388781768
stock level,5,461,0.0
stock level,5,462,0.0
stock level,5,463,0.0
stock level,5,464,-0.00620157026328183
stock level,5,465,0.007745972114655331
stock level,5,466,0.0030816665374082675
stock level,5,467,-0.004626068388781768
stock level,5,468,0.007698267425752192
stock level,5,469,-0.001534919718083394
stock level,5,470,0.006125593426681952
stock level,5,471,-0.0030581063588206447
stock level,5,472,-0.0015325673497779135
stock level,5,473,0.0015325673497779135
stock level,5,474,0.0
stock level,5,475,-0.0015325673497779135
stock level,5,476,0.0030627895305457287
stock level,5,477,0.0015278841780528296
stock level,5,478,0.0030487828493592772
stock level,5,479,-0.0015232295405214202
stock level,5,480,0.004562745558417625
stock level,5,481,0.00151630051796392
stock level,5,482,-0.00151630051796392
stock level,5,483,0.003030305349179585
stock level,5,484,-0.001514004831215665
stock level,5,485,0.00453515516539138
stock level,5,486,0.0
stock level,5,487,0.0015071592905711029
stock level,5,488,0.0
stock level,5,489,-0.0015071592905711029
stock level,5,490,0.003012050469991756
stock level,5,491,0.0030030052597691537
stock level,5,492,-0.0030030052597691537
stock level,5,493,0.004501132880792014
stock level,5,494,0.001495886591582618
stock level,5,495,-0.002994014212605478
stock level,5,496,0.00149812762102286
stock level,5,497,0.001495886591582618
stock level,5,498,0.0029850768434531716
stock level,5,499,0.0
stock level,5,500,0.00297619267304583
stock level,5,501,0.0
stock level,5,502,-0.004467617259716228
stock level,5,503,0.005952398527295344
stock level,5,504,-0.004460973940624946
stock level,5,505,0.00297619267304583
stock level,5,506,0.0
stock level,5,507,0.0029673612278022787
stock level,5,508,-0.0014825799602231626
stock level,5,509,0.0029629651306573024
stock level,5,510,-0.007423939071282248
stock level,5,511,0.007423939071282248
stock level,5,512,0.0
stock level,5,513,0.0
stock level,5,514,0.0014781968693107217
stock level,5,515,0.0029498546464212794
stock level,5,516,-0.0029498546464212794
stock level,5,517,0.0029498546464212794
stock level,5,518,0.001471670611456588
stock level,5,519,0.0
stock level,5,520,0.0014695079793591859
stock level,5,521,0.0
stock level,5,522,0.0014673516939502917
stock level,5,523,0.0014652017273277806
stock level,5,524,0.002923978691435458
stock level,5,525,0.0014587894636592935
stock level,5,526,0.0014566644964641995
stock level,5,527,0.0
stock level,5,528,0.0
stock level,5,529,-0.002915453960123493
stock level,5,530,0.002915453960123493
stock level,5,531,0.0
stock level,5,532,-0.002915453960123493
stock level,5,533,0.008720985505444645
stock level,5,534,-0.001448226176364642
stock level,5,535,0.0028943580263645075
stock level,5,536,0.0
stock level,5,537,0.0
stock level,5,538,0.004325889947121908
stock level,5,539,0.0
stock level,5,540,0.0028735651957321195
stock level,5,541,-0.004313450253719431
stock level,5,542,0.007178781727005479
stock level,5,543,0.0
stock level,5,544,0.0014295928095942045
stock level,5,545,0.001427551991185716
stock level,5,546,0.0028490047760749704
stock level,5,547,0.0014214643473771105
stock level,5,548,0.0
stock level,5,549,0.004252309738530968
stock level,5,550,-0.0014154284033311981
stock level,5,551,0.0014154284033311981
stock level,5,552,0.0014134277971464826
stock level,5,553,0.0014114328384078334
stock level,5,554,0.0
stock level,5,555,0.004222384879848384
stock level,5,556,-0.001405481608735215
stock level,5,557,0.0028089906110553287
stock level,5,558,0.002801122279711521
stock level,5,559,0.0027932979056126683
stock level,5,560,0.0
stock level,5,561,0.002785517121426828
stock level,5,562,0.0
stock level,5,563,0.0013898542890542487
stock level,5,564,0.0013879252748481008
stock level,5,565,0.0027700848738154704
stock level,5,566,0.0013821702269520841
stock level,5,567,0.0
stock level,5,568,0.001380262468957838
stock level,6,0,0.0
stock level,6,1,0.0
stock level,6,2,0.001976285228211694
stock level,6,3,-0.003956483895073859
stock level,6,4,0.0
stock level,6,5,0.002968829493801728
stock level,6,6,-0.0009886308269395627
stock level,6,7,0.0
stock level,6,8,-0.000989609185165996
stock level,6,9,0.00296589441337769
stock level,6,10,0.0
stock level,6,11,0.0009866799024456085
stock level,6,12,0.0009857073247587778
stock level,6,13,-0.0019723872272043863
stock level,6,14,0.0029571238897441177
stock level,6,15,0.0009837679101325492
stock level,6,16,-0.0019685045726722805
stock level,6,17,0.0009847366625397314
stock level,6,18,0.0009837679101325492
stock level,6,19,0.0019646371741650626
stock level,6,20,0.0
stock level,6,21,0.0
stock level,6,22,0.0019607849419402967
stock level,6,23,-0.0019607849419402967
stock level,6,24,0.0009808730555915801
stock level,6,25,-0.0009808730555915801
stock level,6,26,0.0019607849419402967
stock level,6,27,0.0
stock level,6,28,0.0
stock level,6,29,0.000978952598984506
stock level,6,30,0.001955034835803282
stock level,6,31,0.0
stock level,6,32,0.0
stock level,6,33,-0.000977039647826139
stock level,6,34,0.0019531256208820125
stock level,6,35,-0.0009760859730558735
stock level,6,36,-0.000977039647826139
stock level,6,37,0.000977039647826139
stock level,6,38,0.0
stock level,6,39,0.0019512201312616995
stock level,6,40,-0.0009751341582058259
stock level,6,41,-0.0019531256208820125
stock level,6,42,0.0029282597790878384
stock level,6,43,0.0019474202843960953
stock level,6,44,0.0
stock level,6,45,-0.0009732360865521983
stock level,6,46,0.0
stock level,6,47,0.0
stock level,6,48,0.001945525905490797
stock level,6,49,-0.0009722898189385987
stock level,6,50,0.002914038001849306
stock level,6,51,0.0
stock level,6,52,-0.0009704027932784243
stock level,6,53,-0.0009713453896322832
stock level,6,54,-0.0009722898189385987
stock level,6,55,0.0
stock level,6,56,0.0009722898189385987
stock level,6,57,-0.001945525905490797
stock level,6,58,0.0009732360865521983
stock level,6,59,0.0009722898189385987
stock level,6,60,0.0
stock level,6,61,-0.0009722898189385987
stock level,6,62,0.0
stock level,6,63,-0.0009732360865521983
stock level,6,64,0.0
stock level,6,65,-0.001949318356049723
stock level,6,66,0.0009751341582058259
stock level,6,67,0.0
stock level,6,68,0.0
stock level,6,69,-0.0029282597790878384
stock level,6,70,0.0
stock level,6,71,0.0
stock level,6,72,0.0
stock level,6,73,-0.001956947786961649
stock level,6,74,0.0
stock level,6,75,-0.0009799118863487166
stock level,6,76,0.0009799118863487166
stock level,6,77,0.0
stock level,6,78,-0.0009799118863487166
stock level,6,79,0.003913899321136505
stock level,6,80,0.0
stock level,6,81,-0.001955034835803282
stock level,6,82,0.0009779951879771431
stock level,6,83,0.0019531256208820125
stock level,6,84,0.0009751341582058259
stock level,6,85,0.000974184197843897
stock level,6,86,0.0009732360865521983
stock level,6,87,0.0009722898189385987
stock level,6,88,-0.0009722898189385987
stock level,6,89,0.0
stock level,6,90,-0.0009732360865521983
stock level,6,91,-0.001949318356049723
stock level,6,92,0.0009751341582058259
stock level,6,93,0.0019474202843960953
stock level,6,94,-0.0009732360865521983
stock level,6,95,0.0
stock level,6,96,0.001945525905490797
stock level,6,97,-0.001945525905490797
stock level,6,98,0.001945525905490797
stock level,6,99,0.0009713453896322832
stock level,6,100,0.0
stock level,6,101,-0.001943635208570882
stock level,6,102,0.002914038001849306
stock level,6,103,-0.002914038001849306
stock level,6,104,0.0009722898189385987
stock level,6,105,0.0009713453896322832
stock level,6,106,-0.0009713453896322832
stock level,6,107,0.0019417481829107075
stock level,6,108,-0.0019417481829107075
stock level,6,109,0.0029112102074586588
stock level,6,110,0.0
stock level,6,111,-0.0009694620245479513
stock level,6,112,0.0
stock level,6,113,0.0
stock level,6,114,0.0
stock level,6,115,0.0019379851026783967
stock level,6,116,-0.0009685230781304455
stock level,6,117,0.0
stock level,6,118,0.0009685230781304455
stock level,6,119,0.0
stock level,6,120,0.0009675859487359162
stock level,6,121,-0.0009675859487359162
stock level,6,122,0.0
stock level,6,123,0.0009675859487359162
stock level,6,124,0.0009666506310948009
stock level,6,125,-0.0009666506310948009
stock level,6,126,0.001932367751053654
stock level,6,127,0.0
stock level,6,128,-0.0009657171199588532
stock level,6,129,0.0
stock level,6,130,0.0009657171199588532
stock level,6,131,-0.0028999536997895703
stock level,6,132,0.001934236579830717
stock level,6,133,-0.0029027596579611625
stock level,6,134,-0.0009694620245479513
stock level,6,135,-0.0009704027932784243
stock level,6,136,0.0
stock level,6,137,0.0009704027932784243
stock level,6,138,-0.0019417481829107075
stock level,6,139,0.0
stock level,6,140,0.0
stock level,6,141,-0.001945525905490797
stock level,6,142,0.0009732360865521983
stock level,6,143,0.0009722898189385987
stock level,6,144,-0.001945525905490797
stock level,6,145,-0.001949318356049723
stock level,6,146,0.0009751341582058259
stock level,6,147,-0.0009751341582058259
stock level,6,148,0.001949318356049723
stock level,6,149,-0.0029254043291055964
stock level,6,150,0.0029254043291055964
stock level,6,151,-0.001949318356049723
stock level,6,152,-0.0009760859730558735
stock level,6,153,0.0
stock level,6,154,-0.002933987434787788
stock level,6,155,0.001956947786961649
stock level,6,156,-0.001956947786961649
stock level,6,157,0.0
stock level,6,158,0.0
stock level,6,159,0.0
stock level,6,160,0.0
stock level,6,161,-0.0009799118863487166
stock level,6,162,0.0
stock level,6,163,-0.0009808730555915801
stock level,6,164,0.0
stock level,6,165,-0.0019646371741650626
stock level,6,166,0.0009828010619079564
stock level,6,167,-0.0009828010619079564
stock level,6,168,0.0019646371741650626
stock level,6,169,-0.003933141746837343
stock level,6,170,0.0009847366625397314
stock level,6,171,0.0009837679101325492
stock level,6,172,0.0019646371741650626
stock level,6,173,-0.003933141746837343
stock level,6,174,0.0
stock level,6,175,-0.0009857073247587778
stock level,6,176,-0.0009866799024456085
stock level,6,177,0.0
stock level,6,178,0.0009866799024456085
stock level,6,179,-0.0019743343037177397
stock level,6,180,0.0019743343037177397
stock level,6,181,-0.0029629651306573024
stock level,6,182,0.0009886308269395627
stock level,6,183,-0.0019782400121055588
stock level,6,184,-0.0009905894816961691
stock level,6,185,0.0
stock level,6,186,0.0009905894816961691
stock level,6,187,-0.0009905894816961691
stock level,6,188,-0.0019841276350467396
stock level,6,189,0.0
stock level,6,190,0.0029747171167429087
stock level,6,191,-0.0029747171167429087
stock level,6,192,0.0
stock level,6,193,-0.001988072225386439
stock level,6,194,0.0
stock level,6,195,0.001988072225386439
stock level,6,196,0.0
stock level,6,197,-0.001988072225386439
stock level,6,198,-0.000995520241501957
stock level,6,199,-0.0009965122897384049
stock level,6,200,0.0009965122897384049
stock level,6,201,-0.0009965122897384049
stock level,6,202,-0.0019960086467154525
stock level,6,203,0.0009985023295895346
stock level,6,204,0.0
stock level,6,205,0.0
stock level,6,206,0.0
stock level,6,207,-0.0009985023295895346
stock level,6,208,0.0019960086467154525
stock level,6,209,-0.0019960086467154525
stock level,6,210,0.0029925209364538574
stock level,6,211,-0.0009965122897384049
stock level,6,212,0.0
stock level,6,213,0.0029865626977487736
stock level,6,214,0.0009935420588780275
stock level,6,215,-0.002983592466888396
stock level,6,216,0.000995520241501957
stock level,6,217,-0.001992032531240362
stock level,6,218,-0.000997506317125918
stock level,6,219,-0.002998502996256036
stock level,6,220,0.0020000006666665016
stock level,6,221,0.0
stock level,6,222,-0.0009995003330836028
stock level,6,223,0.0009995003330836028
stock level,6,224,0.0029925209364538574
stock level,6,225,-0.0009965122897384049
stock level,6,226,-0.000997506317125918
stock level,6,227,0.00298953884836628
stock level,6,228,0.0
stock level,6,229,0.001988072225386439
stock level,6,230,0.0
stock level,6,231,-0.001988072225386439
stock level,6,232,0.0
stock level,6,233,0.001988072225386439
stock level,6,234,0.0009925559127514916
stock level,6,235,0.0
stock level,6,236,-0.0009925559127514916
stock level,6,237,0.0009925559127514916
stock level,6,238,-0.0009925559127514916
stock level,6,239,0.003964326301908905
stock level,6,240,0.0
stock level,6,241,-0.001980198666862165
stock level,6,242,0.001980198666862165
stock level,6,243,0.0009886308269395627
stock level,6,244,-0.0009886308269395627
stock level,6,245,0.0009886308269395627
stock level,6,246,0.0009876544012721311
stock level,6,247,0.0
stock level,6,248,0.0009866799024456085
stock level,6,249,0.0009857073247587778
stock level,6,250,0.0
stock level,6,251,0.0009847366625397314
stock level,6,252,-0.0009847366625397314
stock level,6,253,0.0009847366625397314
stock level,6,254,0.0
stock level,6,255,0.0019665689720405055
stock level,6,256,0.0
stock level,6,257,0.0
stock level,6,258,-0.0009828010619079564
stock level,6,259,0.0
stock level,6,260,0.0019646371741650626
stock level,6,261,0.0019607849419402967
stock level,6,262,-0.0009799118863487166
stock level,6,263,0.0
stock level,6,264,-0.0009808730555915801
stock level,6,265,0.0
stock level,6,266,-0.0029484050842976117
stock level,6,267,0.0
stock level,6,268,-0.0009847366625397314
stock level,6,269,0.0
stock level,6,270,-0.0019723872272043863
stock level,6,271,0.0
stock level,6,272,0.0019723872272043863
stock level,6,273,-0.00394867245541608
stock level,6,274,0.0009886308269395627
stock level,6,275,0.0009876544012721311
stock level,6,276,0.0
stock level,6,277,0.0
stock level,6,278,-0.001976285228211694
stock level,6,279,0.0009886308269395627
stock level,6,280,0.0
stock level,6,281,0.0009876544012721311
stock level,6,282,-0.0009876544012721311
stock level,6,283,0.004928546201148798
stock level,6,284,-0.0009837679101325492
stock level,6,285,-0.001970443987298509
stock level,6,286,-0.0009866799024456085
stock level,6,287,0.003940891799876667
stock level,6,288,-0.0009837679101325492
stock level,6,289,0.0049091900262379085
stock level,6,290,-0.0019607849419402967
stock level,6,291,0.0019607849419402967
stock level,6,292,0.001956947786961649
stock level,6,293,-0.001956947786961649
stock level,6,294,0.000978952598984506
stock level,6,295,-0.000978952598984506
stock level,6,296,0.001956947786961649
stock level,6,297,-0.001956947786961649
stock level,6,298,0.003910073407843662
stock level,6,299,-0.0019531256208820125
stock level,6,300,-0.0009779951879771431
stock level,6,301,0.0
stock level,6,302,0.0009779951879771431
stock level,6,303,0.0039024439769317354
stock level,6,304,-0.000974184197843897
stock level,6,305,-0.0019512201312616995
stock level,6,306,0.0019512201312616995
stock level,6,307,-0.0009751341582058259
stock level,6,308,0.0009751341582058259
stock level,6,309,0.0019474202843960953
stock level,6,310,0.0
stock level,6,311,0.0009722898189385987
stock level,6,312,0.0
stock level,6,313,0.0
stock level,6,314,0.0019417481829107075
stock level,6,315,-0.0009704027932784243
stock level,6,316,0.0009704027932784243
stock level,6,317,0.0009694620245479513
stock level,6,318,-0.0009694620245479513
stock level,6,319,0.0
stock level,6,320,0.0019379851026783967
stock level,6,321,0.0
stock level,6,322,0.001934236579830717
stock level,6,323,0.0
stock level,6,324,0.0
stock level,6,325,-0.001934236579830717
stock level,6,326,0.0028999536997895703
stock level,6,327,0.0009647854100993669
stock level,6,328,-0.0019305025300582201
stock level,6,329,0.0019305025300582201
stock level,6,330,0.0
stock level,6,331,0.0
stock level,6,332,-0.0009647854100993669
stock level,6,333,-0.0009657171199588532
stock level,6,334,0.0019305025300582201
stock level,6,335,0.0009638554963062873
stock level,6,336,0.0009629273733935406
stock level,6,337,-0.001926782869699828
stock level,6,338,0.0038498603854417723
stock level,6,339,-0.002886004889135485
stock level,6,340,0.002886004889135485
stock level,6,341,0.0
stock level,6,342,0.0009601536983430137
stock level,6,343,0.000959232687460343
stock level,6,344,-0.000959232687460343
stock level,6,345,0.0
stock level,6,346,0.0019175461292721963
stock level,6,347,0.0
stock level,6,348,0.0009573959563269341
stock level,6,349,0.0009564802259571792
stock level,6,350,0.0
stock level,6,351,-0.0009564802259571792
stock level,6,352,0.0
stock level,6,353,0.0038204439973856807
stock level,6,354,0.0
stock level,6,355,-0.0009537435153097462
stock level,6,356,0.0009537435153097462
stock level,6,357,0.0
stock level,6,358,-0.0009537435153097462
stock level,6,359,0.0028585059959640446
stock level,6,360,0.0019011412570240083
stock level,6,361,0.0
stock level,6,362,-0.000950118836319902
stock level,6,363,0.000950118836319902
stock level,6,364,0.0
stock level,6,365,0.0018975337761917288
stock level,6,366,0.0018939399600705897
stock level,6,367,-0.0009465216040309699
stock level,6,368,0.00283688133519977
stock level,6,369,0.0
stock level,6,370,-0.0018903597311688003
stock level,6,371,0.0018903597311688003
stock level,6,372,0.0018867930125763266
stock level,6,373,0.0028235312876070395
stock level,6,374,-0.0009402915596421479
stock level,6,375,0.0
stock level,6,376,0.0
stock level,6,377,0.0009402915596421479
stock level,6,378,0.0009394082419360572
stock level,6,379,0.0
stock level,6,380,0.0
stock level,6,381,0.0018761731582275232
stock level,6,382,0.0
stock level,6,383,0.0
stock level,6,384,-0.0009376465759638464
stock level,6,385,0.0009376465759638464
stock level,6,386,0.0018726597232916475
stock level,6,387,0.0
stock level,6,388,0.0009350164309065434
stock level,6,389,0.0
stock level,6,390,0.0
stock level,6,391,0.0027998151747468114
stock level,6,392,0.0
stock level,6,393,0.0
stock level,6,394,0.0
stock level,6,395,0.0
stock level,6,396,0.0
stock level,6,397,0.0018621979310644576
stock level,6,398,-0.0009306654929526204
stock level,6,399,0.0009306654929526204
stock level,6,400,0.0
stock level,6,401,0.0
stock level,6,402,0.0
stock level,6,403,0.0009298001599669092
stock level,6,404,0.0
stock level,6,405,0.0009289364346587448
stock level,6,406,0.0018552881017459555
stock level,6,407,-0.0018552881017459555
stock level,6,408,0.0009280743125543722
stock level,6,409,0.0009272137891915833
stock level,6,410,-0.0018552881017459555
stock level,6,411,0.0
stock level,6,412,-0.001858736594625654
stock level,6,413,0.0
stock level,6,414,-0.0009306654929526204
stock level,6,415,0.0009306654929526204
stock level,6,416,-0.002794598931015635
stock level,6,417,-0.000933271182998574
stock level,6,418,0.000933271182998574
stock level,6,419,0.0
stock level,6,420,-0.000933271182998574
stock level,6,421,-0.0009341429917970601
stock level,6,422,-0.0009350164309065434
stock level,6,423,0.0
stock level,6,424,0.0
stock level,6,425,0.0009350164309065434
stock level,6,426,-0.002807676154198191
stock level,6,427,0.0
stock level,6,428,0.0
stock level,6,429,-0.0018761731582275232
stock level,6,430,0.0
stock level,6,431,0.0
stock level,6,432,0.0009385265822636768
stock level,6,433,-0.0009385265822636768
stock level,6,434,-0.0018796998015782052
stock level,6,435,-0.0018832397279648916
stock level,6,436,0.0018832397279648916
stock level,6,437,-0.0009411765400635375
stock level,6,438,-0.0009420631879013541
stock level,6,439,0.0
stock level,6,440,-0.0018867930125763266
stock level,6,441,0.0009438415047062776
stock level,6,442,-0.001888574687868072
stock level,6,443,-0.0018921481520379757
stock level,6,444,0.00283688133519977
stock level,6,445,0.0
stock level,6,446,-0.0018903597311688003
stock level,6,447,0.002834201235875078
stock level,6,448,0.0
stock level,6,449,-0.002834201235875078
stock level,6,450,-0.0009465216040309699
stock level,6,451,0.0009465216040309699
stock level,6,452,-0.0009465216040309699
stock level,6,453,0.0009465216040309699
stock level,6,454,-0.0018939399600705897
stock level,6,455,-0.0018975337761917288
stock level,6,456,0.0
stock level,6,457,0.0009492169673324113
stock level,6,458,0.0
stock level,6,459,0.0
stock level,6,460,-0.0028503582243564196
stock level,6,461,0.0009510224207041063
stock level,6,462,-0.0009510224207041063
stock level,6,463,0.0
stock level,6,464,0.0
stock level,6,465,-0.0019047624806542984
stock level,6,466,0.0009528347552718586
stock level,6,467,0.0
stock level,6,468,-0.0009528347552718586
stock level,6,469,-0.0019083975257601082
stock level,6,470,0.0
stock level,6,471,0.0
stock level,6,472,-0.0009555662456683933
stock level,6,473,-0.0009564802259571792
stock level,6,474,0.0
stock level,6,475,-0.0009573959563269341
stock level,6,476,0.0009573959563269341
stock level,6,477,-0.003835095783942144
stock level,6,478,0.0019193863858033566
stock level,6,479,-0.0019193863858033566
stock level,6,480,-0.0019230775157419444
stock level,6,481,0.0
stock level,6,482,-0.001926782869699828
stock level,6,483,-0.0009647854100993669
stock level,6,484,0.0
stock level,6,485,0.0
stock level,6,486,0.0019286409064056542
stock level,6,487,-0.0009638554963062873
stock level,6,488,0.0
stock level,6,489,-0.0009647854100993669
stock level,6,490,-0.0009657171199588532
stock level,6,491,0.0
stock level,6,492,0.0019305025300582201
stock level,6,493,0.002888783905890868
stock level,6,494,-0.002888783905890868
stock level,6,495,-0.0009647854100993669
stock level,6,496,-0.0028999536997895703
stock level,6,497,0.0
stock level,6,498,-0.0009685230781304455
stock level,6,499,0.0009685230781304455
stock level,6,500,0.0
stock level,6,501,0.0009675859487359162
stock level,6,502,-0.0019361090268663617
stock level,6,503,0.0009685230781304455
stock level,6,504,-0.0009685230781304455
stock level,6,505,-0.0019398648178263755
stock level,6,506,-0.0009713453896322832
stock level,6,507,0.0009713453896322832
stock level,6,508,0.0
stock level,6,509,0.0
stock level,6,510,-0.001943635208570882
stock level,6,511,-0.0009732360865521983
stock level,6,512,0.0009732360865521983
stock level,6,513,0.002914038001849306
stock level,6,514,-0.0019417481829107075
stock level,6,515,0.0009713453896322832
stock level,6,516,0.0009704027932784243
stock level,6,517,0.0009694620245479513
stock level,6,518,0.0009685230781304455
stock level,6,519,0.001934236579830717
stock level,6,520,-0.003872221682509114
stock level,6,521,0.0
stock level,6,522,-0.0009704027932784243
stock level,6,523,0.0009704027932784243
stock level,6,524,-0.0019417481829107075
stock level,6,525,0.0019417481829107075
stock level,6,526,-0.0038872740884015045
stock level,6,527,0.001945525905490797
stock level,6,528,-0.002919710103334694
stock level,6,529,0.000974184197843897
stock level,6,530,0.0
stock level,6,531,-0.001949318356049723
stock level,6,532,0.0
stock level,6,533,-0.0019531256208820125
stock level,6,534,0.0
stock level,6,535,0.000977039647826139
stock level,6,536,-0.000977039647826139
stock level,6,537,0.0019531256208820125
stock level,6,538,-0.003910073407843662
stock level,6,539,0.000978952598984506
stock level,6,540,0.0
stock level,6,541,0.0009779951879771431
stock level,6,542,-0.001956947786961649
stock level,6,543,0.000978952598984506
stock level,6,544,-0.0019588644853332227
stock level,6,545,0.0
stock level,6,546,0.0019588644853332227
stock level,6,547,-0.003921573653181909
stock level,6,548,0.0009818361122571062
stock level,6,549,-0.0009818361122571062
stock level,6,550,-0.0009828010619079564
stock level,6,551,0.0009828010619079564
stock level,6,552,-0.0019665689720405055
stock level,6,553,0.0009837679101325492
stock level,6,554,-0.0009837679101325492
stock level,6,555,0.0
stock level,6,556,-0.0009847366625397314
stock level,6,557,0.0
stock level,6,558,-0.0019723872272043863
stock level,6,559,0.0019723872272043863
stock level,6,560,-0.0019723872272043863
stock level,6,561,-0.001976285228211694
stock level,6,562,0.0
stock level,6,563,0.0
stock level,6,564,-0.000989609185165996
stock level,6,565,-0.0009905894816961691
stock level,6,566,0.0009905894816961691
stock level,6,567,-0.0029747171167429087
stock level,6,568,0.0019841276350467396
stock level,7,0,0.0039024439769317354
stock level,7,1,0.0
stock level,7,2,0.0
stock level,7,3,0.001945525905490797
stock level,7,4,0.0
stock level,7,5,0.0009713453896322832
stock level,7,6,0.0
stock level,7,7,0.002908387895956821
stock level,7,8,-0.0019379851026783967
stock level,7,9,0.0019379851026783967
stock level,7,10,0.0009675859487359162
stock level,7,11,0.0009666506310948009
stock level,7,12,-0.0009666506310948009
stock level,7,13,-0.0009675859487359162
stock level,7,14,-0.0038797332855891042
stock level,7,15,0.0
stock level,7,16,0.0
stock level,7,17,0.0
stock level,7,18,-0.0009722898189385987
stock level,7,19,0.0
stock level,7,20,0.0
stock level,7,21,0.0
stock level,7,22,0.001943635208570882
stock level,7,23,-0.00291687129512308
stock level,7,24,0.0
stock level,7,25,0.0038872740884015045
stock level,7,26,-0.0038872740884015045
stock level,7,27,0.0
stock level,7,28,0.001945525905490797
stock level,7,29,0.0019417481829107075
stock level,7,30,-0.0038872740884015045
stock level,7,31,0.0
stock level,7,32,0.0
stock level,7,33,0.0
stock level,7,34,-0.001949318356049723
stock level,7,35,0.0
stock level,7,36,0.001949318356049723
stock level,7,37,-0.000974184197843897
stock level,7,38,0.0019474202843960953
stock level,7,39,-0.002922554442601921
stock level,7,40,0.00389484426154052
stock level,7,41,0.0
stock level,7,42,0.0019417481829107075
stock level,7,43,-0.0019417481829107075
stock level,7,44,0.0
stock level,7,45,0.0038797332855891042
stock level,7,46,0.0
stock level,7,47,-0.0019379851026783967
stock level,7,48,0.0
stock level,7,49,0.0009694620245479513
stock level,7,50,0.0009685230781304455
stock level,7,51,0.0
stock level,7,52,-0.0009685230781304455
stock level,7,53,0.0009685230781304455
stock level,7,54,0.0
stock level,7,55,0.0
stock level,7,56,0.003864739109888937
stock level,7,57,-0.0019305025300582201
stock level,7,58,0.0
stock level,7,59,0.0
stock level,7,60,0.0019305025300582201
stock level,7,61,0.0009638554963062873
stock level,7,62,-0.0009638554963062873
stock level,7,63,0.0009638554963062873
stock level,7,64,0.0009629273733935406
stock level,7,65,-0.0009629273733935406
stock level,7,66,0.0009629273733935406
stock level,7,67,0.0
stock level,7,68,-0.0009629273733935406
stock level,7,69,-0.0009638554963062873
stock level,7,70,0.0009638554963062873
stock level,7,71,0.0019249284095845809
stock level,7,72,0.0009610764795509041
stock level,7,73,0.0
stock level,7,74,-0.0009610764795509041
stock level,7,75,0.0019212301778939178
stock level,7,76,0.0
stock level,7,77,0.000959232687460343
stock level,7,78,-0.0019193863858033566
stock level,7,79,0.00287769982761521
stock level,7,80,-0.0019175461292721963
stock level,7,81,0.000959232687460343
stock level,7,82,0.0019157093981387874
stock level,7,83,-0.004796172263493048
stock level,7,84,0.0009610764795509041
stock level,7,85,0.0009601536983430137
stock level,7,86,0.0038314223115563095
stock level,7,87,-0.0009564802259571792
stock level,7,88,0.0019120464716255725
stock level,7,89,-0.00382775586976436
stock level,7,90,0.004782409880214722
stock level,7,91,-0.000954654010450362
stock level,7,92,0.0019083975257601082
stock level,7,93,0.0
stock level,7,94,0.0
stock level,7,95,0.0019047624806542984
stock level,7,96,-0.0019047624806542984
stock level,7,97,0.0
stock level,7,98,0.0
stock level,7,99,0.0
stock level,7,100,0.0
stock level,7,101,0.0028557849013584047
stock level,7,102,0.0
stock level,7,103,0.0
stock level,7,104,0.0018993358036523134
stock level,7,105,0.0
stock level,7,106,0.0018957351648989373
stock level,7,107,-0.0009474183560396199
stock level,7,108,0.0
stock level,7,109,0.00378429969123939
stock level,7,110,0.0
stock level,7,111,0.0009438415047062776
stock level,7,112,0.000942951507870049
stock level,7,113,0.0018832397279648916
stock level,7,114,0.0
stock level,7,115,-0.0018832397279648916
stock level,7,116,0.0028235312876070395
stock level,7,117,-0.0009402915596421479
stock level,7,118,0.0
stock level,7,119,0.0037558729598057283
stock level,7,120,-0.0018761731582275232
stock level,7,121,0.0009385265822636768
stock level,7,122,0.002810306299255494
stock level,7,123,-0.0018726597232916475
stock level,7,124,0.0018726597232916475
stock level,7,125,0.0018691594227036035
stock level,7,126,-0.0018691594227036035
stock level,7,127,0.0009350164309065434
stock level,7,128,0.0009341429917970601
stock level,7,129,0.003727870114014209
stock level,7,130,0.001858736594625654
stock level,7,131,-0.001858736594625654
stock level,7,132,0.0037140246963716095
stock level,7,133,-0.0037140246963716095
stock level,7,134,0.0
stock level,7,135,-0.0018621979310644576
stock level,7,136,-0.0018656721829497513
stock level,7,137,0.0
stock level,7,138,-0.0009341429917970601
stock level,7,139,-0.0009350164309065434
stock level,7,140,0.0009350164309065434
stock level,7,141,0.0
stock level,7,142,-0.001870907935811239
stock level,7,143,0.0009358915049046956
stock level,7,144,0.0028024306057021775
stock level,7,145,-0.0028024306057021775
stock level,7,146,-0.0018726597232916475
stock level,7,147,0.0009367682183869519
stock level,7,148,-0.0009367682183869519
stock level,7,149,-0.0009376465759638464
stock level,7,150,0.0009376465759638464
stock level,7,151,0.0
stock level,7,152,0.0018726597232916475
stock level,7,153,-0.004688241123455228
stock level,7,154,-0.0009402915596421479
stock level,7,155,0.0009402915596421479
stock level,7,156,0.0
stock level,7,157,0.0
stock level,7,158,0.0
stock level,7,159,0.001877934824199734
stock level,7,160,0.0009376465759638464
stock level,7,161,0.0018726597232916475
stock level,7,162,-0.0009358915049046956
stock level,7,163,0.0009358915049046956
stock level,7,164,0.0018691594227036035
stock level,7,165,-0.0009341429917970601
stock level,7,166,0.0009341429917970601
stock level,7,167,0.0
stock level,7,168,0.000933271182998574
stock level,7,169,-0.001867414174795634
stock level,7,170,0.0009341429917970601
stock level,7,171,0.0
stock level,7,172,0.0
stock level,7,173,0.0
stock level,7,174,0.0018656721829497513
stock level,7,175,0.0018621979310644576
stock level,7,176,-0.0018621979310644576
stock level,7,177,0.0009315324381118373
stock level,7,178,-0.0009315324381118373
stock level,7,179,0.0
stock level,7,180,0.0009315324381118373
stock level,7,181,0.0027894020875782743
stock level,7,182,0.0
stock level,7,183,-0.0009289364346587448
stock level,7,184,-0.0009298001599669092
stock level,7,185,-0.002794598931015635
stock level,7,186,0.0
stock level,7,187,-0.0028024306057021775
stock level,7,188,-0.0009358915049046956
stock level,7,189,0.001870907935811239
stock level,7,190,0.0
stock level,7,191,-0.0009350164309065434
stock level,7,192,-0.0018726597232916475
stock level,7,193,0.0009367682183869519
stock level,7,194,-0.0009367682183869519
stock level,7,195,-0.0009376465759638464
stock level,7,196,-0.0009385265822636768
stock level,7,197,0.0
stock level,7,198,-0.0009394082419360572
stock level,7,199,0.0
stock level,7,200,-0.0028235312876070395
stock level,7,201,0.0009420631879013541
stock level,7,202,0.0009411765400635375
stock level,7,203,-0.003770032740541218
stock level,7,204,0.0018867930125763266
stock level,7,205,-0.0018867930125763266
stock level,7,206,0.0028288562004776807
stock level,7,207,-0.0018850146957714031
stock level,7,208,0.0
stock level,7,209,-0.002834201235875078
stock level,7,210,0.004719215931646481
stock level,7,211,0.0
stock level,7,212,0.0
stock level,7,213,0.0028208763416417426
stock level,7,214,0.0
stock level,7,215,0.0
stock level,7,216,-0.0009394082419360572
stock level,7,217,0.0037523496185505323
stock level,7,218,0.0009358915049046956
stock level,7,219,0.0
stock level,7,220,-0.0009358915049046956
stock level,7,221,0.0
stock level,7,222,0.001870907935811239
stock level,7,223,-0.0009350164309065434
stock level,7,224,0.0
stock level,7,225,0.003734831605653355
stock level,7,226,-0.0009324009999511773
stock level,7,227,0.0
stock level,7,228,0.0009324009999511773
stock level,7,229,0.0018621979310644576
stock level,7,230,-0.002794598931015635
stock level,7,231,0.002794598931015635
stock level,7,232,0.0
stock level,7,233,0.0
stock level,7,234,-0.0009306654929526204
stock level,7,235,0.0009306654929526204
stock level,7,236,0.001858736594625654
stock level,7,237,-0.001858736594625654
stock level,7,238,0.001858736594625654
stock level,7,239,-0.001858736594625654
stock level,7,240,0.0037140246963716095
stock level,7,241,-0.0018552881017459555
stock level,7,242,0.0
stock level,7,243,0.0
stock level,7,244,0.0018552881017459555
stock level,7,245,0.0018518523810735488
stock level,7,246,0.0
stock level,7,247,-0.0009254975209422867
stock level,7,248,0.0009254975209422867
stock level,7,249,0.0018484293617824221
stock level,7,250,0.0
stock level,7,251,-0.0009237875945640184
stock level,7,252,-0.0018501392881606904
stock level,7,253,0.0027739268827247088
stock level,7,254,-0.0018484293617824221
stock level,7,255,0.0009246417672184037
stock level,7,256,-0.0018501392881606904
stock level,7,257,0.0009254975209422867
stock level,7,258,-0.0018518523810735488
stock level,7,259,0.0027764941482919525
stock level,7,260,-0.0009246417672184037
stock level,7,261,0.003693448335352123
stock level,7,262,0.0
stock level,7,263,-0.0009220839749684018
stock level,7,264,0.0009220839749684018
stock level,7,265,0.0
stock level,7,266,-0.001845018973569701
stock level,7,267,0.001845018973569701
stock level,7,268,-0.0009220839749684018
stock level,7,269,0.0009220839749684018
stock level,7,270,-0.001845018973569701
stock level,7,271,0.001845018973569701
stock level,7,272,0.0009212345193203575
stock level,7,273,-0.0009212345193203575
stock level,7,274,0.002761161441327431
stock level,7,275,0.0
stock level,7,276,-0.0009195402946780007
stock level,7,277,0.001838235811750799
stock level,7,278,0.0009178522902288933
stock level,7,279,0.0009170106098812525
stock level,7,280,-0.0018348629001101457
stock level,7,281,0.0018348629001101457
stock level,7,282,-0.0009170106098812525
stock level,7,283,0.0009170106098812525
stock level,7,284,0.0018315023434682942
stock level,7,285,0.0
stock level,7,286,-0.0027485129533495467
stock level,7,287,0.0018331810816611949
stock level,7,288,-0.0009161704717799424
stock level,7,289,0.0
stock level,7,290,0.0018315023434682942
stock level,7,291,0.0027409793314223663
stock level,7,292,0.0
stock level,7,293,-0.0009128252573598061
stock level,7,294,0.0009128252573598061
stock level,7,295,0.0009119927672687211
stock level,7,296,0.0
stock level,7,297,0.0018214941283911656
stock level,7,298,-0.0018214941283911656
stock level,7,299,0.0018214941283911656
stock level,7,300,0.0
stock level,7,301,0.0009095043828404314
stock level,7,302,0.0009086779362181829
stock level,7,303,0.0018148825308230698
stock level,7,304,0.0
stock level,7,305,0.0
stock level,7,306,-0.003633064849881684
stock level,7,307,0.004539272433419228
stock level,7,308,-0.0018132371241801337
stock level,7,309,-0.0009078529901804799
stock level,7,310,0.0036264772291731973
stock level,7,311,-0.0009053871148125836
stock level,7,312,0.0009053871148125836
stock level,7,313,0.0009045681304273856
stock level,7,314,0.0027088052680870334
stock level,7,315,0.001801802289262966
stock level,7,316,0.0
stock level,7,317,0.0008996851708973352
stock level,7,318,-0.0008996851708973352
stock level,7,319,0.0026966308475993017
stock level,7,320,0.0008972634069897012
stock level,7,321,0.0
stock level,7,322,0.000896459047036835
stock level,7,323,0.0026845653706688566
stock level,7,324,0.0
stock level,7,325,0.0
stock level,7,326,0.0035682464265178737
stock level,7,327,-0.0035682464265178737
stock level,7,328,0.0035682464265178737
stock level,7,329,0.0008900757151932837
stock level,7,330,0.0008892841848844313
stock level,7,331,0.0017761994012559512
stock level,7,332,0.0017730501098851548
stock level,7,333,0.0
stock level,7,334,0.0017699119664591478
stock level,7,335,0.0017667849118856438
stock level,7,336,-0.00088300226487803
stock level,7,337,0.0026466711523749353
stock level,7,338,-0.0008814456278063432
stock level,7,339,0.002642009462839212
stock level,7,340,0.0
stock level,7,341,0.000879120935739941
stock level,7,342,0.0008783487609056451
stock level,7,343,0.0017543864148938937
stock level,7,344,0.0008760403538801143
stock level,7,345,0.0017497817237872582
stock level,7,346,0.0008737440485973025
stock level,7,347,0.0
stock level,7,348,0.0017452011410306056
stock level,7,349,-0.000872219854685774
stock level,7,350,0.000872219854685774
stock level,7,351,0.002612104227925016
stock level,7,352,0.0008691873645867432
stock level,7,353,0.0008684325339540777
stock level,7,354,-0.0008684325339540777
stock level,7,355,0.0017361115471761224
stock level,7,356,0.0017331026868347976
stock level,7,357,0.0
stock level,7,358,-0.0008661758878485415
stock level,7,359,0.0043233962717064145
stock level,7,360,0.0017241383581403369
stock level,7,361,0.0
stock level,7,362,0.0
stock level,7,363,-0.003451254504215129
stock level,7,364,0.005172425324987628
stock level,7,365,0.0008594757727191649
stock level,7,366,-0.0025806465934916645
stock level,7,367,0.004297385212545635
stock level,7,368,-0.0008580009106369246
stock level,7,369,0.0
stock level,7,370,0.0017152662867552237
stock level,7,371,0.0008565311016166532
stock level,7,372,0.0017108644036296639
stock level,7,373,0.0008543358059149853
stock level,7,374,0.0008536065392403813
stock level,7,375,0.000852878516518274
stock level,7,376,0.0
stock level,7,377,0.0
stock level,7,378,0.0008521517345663199
stock level,7,379,0.0025521068722342832
stock level,7,380,0.001697793277094739
stock level,7,381,0.0
stock level,7,382,0.0016949156599910253
stock level,7,383,0.0016920477810247192
stock level,7,384,0.003375530631281265
stock level,7,385,0.0016835020811134527
stock level,7,386,0.0016806726645182124
stock level,7,387,0.0008392782699955248
stock level,7,388,0.002513616740316138
stock level,7,389,0.0016722411923613123
stock level,7,390,0.0016694494695412843
stock level,7,391,0.0008336807485775921
stock level,7,392,0.0016652793190612414
stock level,7,393,0.0008316008795263841
stock level,7,394,0.0016611299500759458
stock level,7,395,0.0016583751727763385
stock level,7,396,0.0
stock level,7,397,0.001655629517260948
stock level,7,398,0.0008267879759946695
stock level,7,399,0.0008261049623055072
stock level,7,400,0.0016501653909575253
stock level,7,401,0.0008240626753934777
stock level,7,402,0.002468121368083942
stock level,7,403,0.001642036493743504
stock level,7,404,0.0008200082460314562
stock level,7,405,0.0
stock level,7,406,-0.0016406894574600983
stock level,7,407,0.004096687417329825
stock level,7,408,-0.0016366615764678016
stock level,7,409,0.0024539889615668997
stock level,7,410,0.0
stock level,7,411,0.0
stock level,7,412,0.0016326534238855217
stock level,7,413,-0.0016326534238855217
stock level,7,414,0.0032626456348161526
stock level,7,415,0.0
stock level,7,416,0.0008140008589476722
stock level,7,417,0.0024380345274295223
stock level,7,418,0.0
stock level,7,419,0.0008113590708793694
stock level,7,420,0.0
stock level,7,421,0.0
stock level,7,422,0.0008107013009892583
stock level,7,423,-0.0008107013009892583
stock level,7,424,0.0008107013009892583
stock level,7,425,0.002428167927154945
stock level,7,426,0.0016155092366538781
stock level,7,427,0.0
stock level,7,428,0.0016129035754648413
stock level,7,429,-0.0008061266055241489
stock level,7,430,0.0008061266055241489
stock level,7,431,0.0
stock level,7,432,0.0016103063061043699
stock level,7,433,0.0
stock level,7,434,0.0016077173880963969
stock level,7,435,0.0
stock level,7,436,0.0016051367812286443
stock level,7,437,0.0008016032493367575
stock level,7,438,-0.0008016032493367575
stock level,7,439,-0.0008022463326380347
stock level,7,440,0.0008022463326380347
stock level,7,441,0.0
stock level,7,442,0.002402884616309997
stock level,7,443,0.0007996801705649759
stock level,7,444,0.0007990411931322328
stock level,7,445,-0.0007990411931322328
stock level,7,446,0.0023952107259548328
stock level,7,447,0.0007971303730176516
stock level,7,448,0.0
stock level,7,449,0.0007964954622599052
stock level,7,450,0.0023856870162033417
stock level,7,451,0.0
stock level,7,452,-0.000794596783960877
stock level,7,453,0.0015885626851375179
stock level,7,454,0.0007933360193961292
stock level,7,455,0.0
stock level,7,456,0.0023762387418830855
stock level,7,457,0.0007908264548177613
stock level,7,458,0.0015797791595186794
stock level,7,459,0.0007889546760315724
stock level,7,460,0.0007883327172164556
stock level,7,461,0.0015748034750666662
stock level,7,462,0.0015723273679526528
stock level,7,463,0.0
stock level,7,464,0.0015698590351194142
stock level,7,465,0.0015673984400130792
stock level,7,466,0.0015649455463035977
stock level,7,467,0.0
stock level,7,468,0.002342835901772311
stock level,7,469,-0.000780335583881353
stock level,7,470,0.0031176954325866646
stock level,7,471,0.0015552102668063839
stock level,7,472,0.0007766990681723485
stock level,7,473,0.002326484182343158
stock level,7,474,0.0015479879252149331
stock level,7,475,0.0023174981403624173
stock level,7,476,0.000771307404224153
stock level,7,477,0.0007707129475917895
stock level,7,478,0.0023085812484699986
stock level,7,479,-0.0015384618419060914
stock level,7,480,0.0030745604542454785
stock level,7,481,0.0015337426319490532
stock level,7,482,0.0
stock level,7,483,0.0
stock level,7,484,-0.0015337426319490532
stock level,7,485,0.0
stock level,7,486,-0.0015360986123393872
stock level,7,487,-0.003079294196061788
stock level,7,488,0.0007707129475917895
stock level,7,489,-0.0015420203518159425
stock level,7,490,0.0015420203518159425
stock level,7,491,0.001539646185592325
stock level,7,492,-0.0007695267790284177
stock level,7,493,0.0015384618419060914
stock level,7,494,0.0015360986123393872
stock level,7,495,0.0015337426319490532
stock level,7,496,0.0015313938674275107
stock level,7,497,0.0
stock level,7,498,0.0007648183929225283
stock level,7,499,0.0007642338927560388
stock level,7,500,0.0015267178537996529
stock level,7,501,0.0015243905390960322
stock level,7,502,0.0
stock level,7,503,0.0
stock level,7,504,0.0022822375824667063
stock level,7,505,-0.0038066281215627384
stock level,7,506,0.002285715280855527
stock level,7,507,0.002280502698726039
stock level,7,508,0.0
stock level,7,509,0.0007590133191710535
stock level,7,510,-0.0007590133191710535
stock level,7,511,0.0015174509740329967
stock level,7,512,-0.0015174509740329967
stock level,7,513,0.0
stock level,7,514,-0.002280502698726039
stock level,7,515,-0.0007613247417594948
stock level,7,516,0.0
stock level,7,517,-0.0015243905390960322
stock level,7,518,0.0015243905390960322
stock level,7,519,-0.0015243905390960322
stock level,7,520,-0.0007630675685028621
stock level,7,521,0.0015255533088369688
stock level,7,522,-0.0022892035941337596
stock level,7,523,0.0007636502852967908
stock level,7,524,0.0007630675685028621
stock level,7,525,-0.00305577013947822
stock level,7,526,0.0
stock level,7,527,-0.0015313938674275107
stock level,7,528,-0.0015337426319490532
stock level,7,529,0.0007671653617533636
stock level,7,530,-0.0015349197180842822
stock level,7,531,0.0
stock level,7,532,0.0007677543563309186
stock level,7,533,-0.002305033675217061
stock level,7,534,0.0007689350628776737
stock level,7,535,0.0
stock level,7,536,-0.0015384618419060914
stock level,7,537,0.0007695267790284177
stock level,7,538,0.0007689350628776737
stock level,7,539,-0.0023085812484699986
stock level,7,540,0.0
stock level,7,541,-0.0015420203518159425
stock level,7,542,0.0
stock level,7,543,-0.0023174981403624173
stock level,7,544,0.000773096288988917
stock level,7,545,0.0007724990727915326
stock level,7,546,-0.0023192897910906396
stock level,7,547,0.0
stock level,7,548,0.0023192897910906396
stock level,7,549,0.00231392313039791
stock level,7,550,0.0007701194065639072
stock level,7,551,-0.0015408323541556967
stock level,7,552,0.0015408323541556967
stock level,7,553,0.00230680609791456
stock level,7,554,0.0007677543563309186
stock level,7,555,-0.0015360986123393872
stock level,7,556,0.0015360986123393872
stock level,7,557,0.0
stock level,7,558,0.0
stock level,7,559,0.0015337426319490532
stock level,7,560,0.0
stock level,7,561,0.0
stock level,7,562,0.0007659900795822239
stock level,7,563,0.0007654037878452868
stock level,7,564,0.0
stock level,7,565,0.0007648183929225283
stock level,7,566,0.0015278841780528296
stock level,7,567,-0.0007636502852967908
stock level,7,568,0.0022892035941337596
stock level,8,0,0.0
stock level,8,1,0.0009818361122571062
stock level,8,2,0.0
stock level,8,3,0.0009808730555915801
stock level,8,4,0.0009799118863487166
stock level,8,5,-0.0009799118863487166
stock level,8,6,0.0009799118863487166
stock level,8,7,-0.0019607849419402967
stock level,8,8,-0.0009818361122571062
stock level,8,9,-0.0019665689720405055
stock level,8,10,0.0029484050842976117
stock level,8,11,-0.003933141746837343
stock level,8,12,0.002951305634580237
stock level,8,13,0.0
stock level,8,14,-0.003937012959339015
stock level,8,15,-0.0009866799024456085
stock level,8,16,0.0009866799024456085
stock level,8,17,-0.0009866799024456085
stock level,8,18,-0.0009876544012721311
stock level,8,19,0.0
stock level,8,20,-0.0009886308269395627
stock level,8,21,-0.000989609185165996
stock level,8,22,0.000989609185165996
stock level,8,23,0.0
stock level,8,24,0.0
stock level,8,25,0.0
stock level,8,26,-0.001980198666862165
stock level,8,27,0.0
stock level,8,28,0.001980198666862165
stock level,8,29,0.001976285228211694
stock level,8,30,-0.0009876544012721311
stock level,8,31,0.0009876544012721311
stock level,8,32,0.0
stock level,8,33,0.0009866799024456085
stock level,8,34,0.0009857073247587778
stock level,8,35,-0.0019723872272043863
stock level,8,36,0.0019723872272043863
stock level,8,37,0.0
stock level,8,38,0.0019685045726722805
stock level,8,39,0.0
stock level,8,40,0.0
stock level,8,41,0.0
stock level,8,42,0.0019646371741650626
stock level,8,43,-0.0009818361122571062
stock level,8,44,0.0
stock level,8,45,-0.0019665689720405055
stock level,8,46,0.0
stock level,8,47,0.0009837679101325492
stock level,8,48,-0.0009837679101325492
stock level,8,49,0.0
stock level,8,50,-0.0009847366625397314
stock level,8,51,0.0009847366625397314
stock level,8,52,-0.0009847366625397314
stock level,8,53,0.0009847366625397314
stock level,8,54,0.0
stock level,8,55,-0.0029571238897441177
stock level,8,56,0.0009866799024456085
stock level,8,57,0.0009857073247587778
stock level,8,58,0.0
stock level,8,59,0.0009847366625397314
stock level,8,60,0.0
stock level,8,61,0.0009837679101325492
stock level,8,62,0.0
stock level,8,63,0.0009828010619079564
stock level,8,64,0.0009818361122571062
stock level,8,65,0.0
stock level,8,66,-0.0019646371741650626
stock level,8,67,-0.0019685045726722805
stock level,8,68,0.0009847366625397314
stock level,8,69,0.0
stock level,8,70,0.0029484050842976117
stock level,8,71,0.0
stock level,8,72,0.0019607849419402967
stock level,8,73,0.0
stock level,8,74,-0.002942621054197403
stock level,8,75,0.0
stock level,8,76,0.0009818361122571062
stock level,8,77,0.0019607849419402967
stock level,8,78,-0.0019607849419402967
stock level,8,79,0.0019607849419402967
stock level,8,80,0.000978952598984506
stock level,8,81,-0.000978952598984506
stock level,8,82,0.0
stock level,8,83,0.001956947786961649
stock level,8,84,-0.0009779951879771431
stock level,8,85,0.0009779951879771431
stock level,8,86,-0.0009779951879771431
stock level,8,87,0.0009779951879771431
stock level,8,88,0.000977039647826139
stock level,8,89,0.0009760859730558735
stock level,8,90,-0.0019531256208820125
stock level,8,91,0.0019531256208820125
stock level,8,92,0.0
stock level,8,93,-0.0019531256208820125
stock level,8,94,-0.0009779951879771431
stock level,8,95,0.0009779951879771431
stock level,8,96,0.0029282597790878384
stock level,8,97,0.0
stock level,8,98,-0.0009751341582058259
stock level,8,99,0.0009751341582058259
stock level,8,100,-0.0009751341582058259
stock level,8,101,0.0009751341582058259
stock level,8,102,0.0019474202843960953
stock level,8,103,-0.0038986404156577947
stock level,8,104,-0.000977039647826139
stock level,8,105,0.0
stock level,8,106,0.0019531256208820125
stock level,8,107,0.0
stock level,8,108,-0.0029311208088591556
stock level,8,109,0.0009779951879771431
stock level,8,110,-0.001956947786961649
stock level,8,111,-0.0009799118863487166
stock level,8,112,0.0009799118863487166
stock level,8,113,0.0
stock level,8,114,-0.0019607849419402967
stock level,8,115,-0.0019646371741650626
stock level,8,116,0.0029455102297566427
stock level,8,117,-0.0019627091678486863
stock level,8,118,-0.0009828010619079564
stock level,8,119,0.0019646371741650626
stock level,8,120,-0.0009818361122571062
stock level,8,121,-0.0009828010619079564
stock level,8,122,-0.0009837679101325492
stock level,8,123,0.0
stock level,8,124,0.0
stock level,8,125,0.0019665689720405055
stock level,8,126,-0.0009828010619079564
stock level,8,127,-0.0009837679101325492
stock level,8,128,-0.0009847366625397314
stock level,8,129,0.0
stock level,8,130,0.0
stock level,8,131,0.0
stock level,8,132,-0.0019723872272043863
stock level,8,133,0.0019723872272043863
stock level,8,134,-0.0019723872272043863
stock level,8,135,0.0
stock level,8,136,-0.0009876544012721311
stock level,8,137,0.0009876544012721311
stock level,8,138,-0.001976285228211694
stock level,8,139,0.0009886308269395627
stock level,8,140,-0.0009886308269395627
stock level,8,141,-0.000989609185165996
stock level,8,142,-0.0009905894816961691
stock level,8,143,0.001980198666862165
stock level,8,144,-0.001980198666862165
stock level,8,145,0.001980198666862165
stock level,8,146,-0.001980198666862165
stock level,8,147,-0.0019841276350467396
stock level,8,148,0.0019841276350467396
stock level,8,149,0.0009905894816961691
stock level,8,150,-0.001982161203991417
stock level,8,151,-0.0009925559127514916
stock level,8,152,0.0
stock level,8,153,0.0
stock level,8,154,-0.0009935420588780275
stock level,8,155,-0.0009945301665084116
stock level,8,156,0.0029806281381379307
stock level,8,157,-0.001986097971629519
stock level,8,158,0.0009935420588780275
stock level,8,159,-0.0009935420588780275
stock level,8,160,-0.0009945301665084116
stock level,8,161,-0.001992032531240362
stock level,8,162,0.0009965122897384049
stock level,8,163,0.000995520241501957
stock level,8,164,-0.001992032531240362
stock level,8,165,0.0009965122897384049
stock level,8,166,-0.00399202126953746
stock level,8,167,0.0029955089797990553
stock level,8,168,-0.000997506317125918
stock level,8,169,0.001994018606864323
stock level,8,170,0.000995520241501957
stock level,8,171,0.001988072225386439
stock level,8,172,0.0
stock level,8,173,0.0
stock level,8,174,0.0019841276350467396
stock level,8,175,0.0
stock level,8,176,0.0
stock level,8,177,0.0009905894816961691
stock level,8,178,0.00296589441337769
stock level,8,179,-0.00296589441337769
stock level,8,180,0.000989609185165996
stock level,8,181,-0.001980198666862165
stock level,8,182,0.003956483895073859
stock level,8,183,0.0019723872272043863
stock level,8,184,0.0
stock level,8,185,0.0
stock level,8,186,0.0
stock level,8,187,0.0019685045726722805
stock level,8,188,-0.0009837679101325492
stock level,8,189,-0.0009847366625397314
stock level,8,190,0.0019685045726722805
stock level,8,191,0.0019646371741650626
stock level,8,192,-0.0029484050842976117
stock level,8,193,0.0019665689720405055
stock level,8,194,0.0
stock level,8,195,0.0
stock level,8,196,0.0019627091678486863
stock level,8,197,0.0
stock level,8,198,0.0009799118863487166
stock level,8,199,0.0
stock level,8,200,-0.0019607849419402967
stock level,8,201,0.0029397375409248028
stock level,8,202,0.0009779951879771431
stock level,8,203,-0.0009779951879771431
stock level,8,204,-0.000978952598984506
stock level,8,205,-0.0019607849419402967
stock level,8,206,0.0009808730555915801
stock level,8,207,0.002936859673310366
stock level,8,208,-0.001956947786961649
stock level,8,209,0.001956947786961649
stock level,8,210,-0.0009779951879771431
stock level,8,211,0.0
stock level,8,212,0.001955034835803282
stock level,8,213,-0.000977039647826139
stock level,8,214,0.000977039647826139
stock level,8,215,0.0009760859730558735
stock level,8,216,0.0009751341582058259
stock level,8,217,0.000974184197843897
stock level,8,218,0.0
stock level,8,219,0.0
stock level,8,220,0.0
stock level,8,221,0.0009732360865521983
stock level,8,222,0.0009722898189385987
stock level,8,223,0.0
stock level,8,224,-0.0009722898189385987
stock level,8,225,0.0009722898189385987
stock level,8,226,0.0019417481829107075
stock level,8,227,-0.0009704027932784243
stock level,8,228,-0.0009713453896322832
stock level,8,229,0.0019417481829107075
stock level,8,230,-0.0009704027932784243
stock level,8,231,0.0
stock level,8,232,0.0009704027932784243
stock level,8,233,0.0009694620245479513
stock level,8,234,-0.0009694620245479513
stock level,8,235,0.0019379851026783967
stock level,8,236,-0.0009685230781304455
stock level,8,237,0.0029027596579611625
stock level,8,238,-0.0009666506310948009
stock level,8,239,-0.0009675859487359162
stock level,8,240,0.0009675859487359162
stock level,8,241,0.0009666506310948009
stock level,8,242,0.0019305025300582201
stock level,8,243,0.0
stock level,8,244,-0.0019305025300582201
stock level,8,245,0.0009657171199588532
stock level,8,246,0.002891568279799195
stock level,8,247,0.0
stock level,8,248,0.0
stock level,8,249,0.0
stock level,8,250,-0.001926782869699828
stock level,8,251,0.0009638554963062873
stock level,8,252,0.002886004889135485
stock level,8,253,0.0
stock level,8,254,-0.0009610764795509041
stock level,8,255,-0.0009620010361910403
stock level,8,256,0.0019230775157419444
stock level,8,257,0.0019193863858033566
stock level,8,258,0.0
stock level,8,259,0.0
stock level,8,260,0.0019157093981387874
stock level,8,261,-0.0028749420855991303
stock level,8,262,0.0028749420855991303
stock level,8,263,0.0
stock level,8,264,0.0019120464716255725
stock level,8,265,-0.0009555662456683933
stock level,8,266,0.0019102202561187553
stock level,8,267,-0.0028667004820759345
stock level,8,268,0.0038204439973856807
stock level,8,269,-0.0028639637714285016
stock level,8,270,0.0019102202561187553
stock level,8,271,0.0
stock level,8,272,-0.0019102202561187553
stock level,8,273,-0.0009564802259571792
stock level,8,274,0.0
stock level,8,275,0.0
stock level,8,276,0.0
stock level,8,277,0.0019120464716255725
stock level,8,278,0.000954654010450362
stock level,8,279,0.0009537435153097462
stock level,8,280,0.0
stock level,8,281,-0.0019083975257601082
stock level,8,282,0.0
stock level,8,283,0.0019083975257601082
stock level,8,284,0.0
stock level,8,285,0.0019047624806542984
stock level,8,286,0.0
stock level,8,287,-0.0009519277253824399
stock level,8,288,0.0
stock level,8,289,-0.002861232281031967
stock level,8,290,-0.0019120464716255725
stock level,8,291,0.0028667004820759345
stock level,8,292,-0.000954654010450362
stock level,8,293,-0.0019120464716255725
stock level,8,294,0.0
stock level,8,295,-0.0009573959563269341
stock level,8,296,-0.0009583134418118533
stock level,8,297,0.0009583134418118533
stock level,8,298,-0.0009583134418118533
stock level,8,299,-0.0019193863858033566
stock level,8,300,0.0
stock level,8,301,0.0
stock level,8,302,-0.0009610764795509041
stock level,8,303,0.0009610764795509041
stock level,8,304,0.0
stock level,8,305,-0.0019230775157419444
stock level,8,306,0.0009620010361910403
stock level,8,307,-0.0019249284095845809
stock level,8,308,0.0009629273733935406
stock level,8,309,-0.001926782869699828
stock level,8,310,-0.0009647854100993669
stock level,8,311,-0.0009657171199588532
stock level,8,312,0.003857285399758048
stock level,8,313,0.0
stock level,8,314,0.003842463901545301
stock level,8,315,-0.000959232687460343
stock level,8,316,0.000959232687460343
stock level,8,317,-0.000959232687460343
stock level,8,318,0.0
stock level,8,319,0.0019175461292721963
stock level,8,320,0.0009573959563269341
stock level,8,321,0.0
stock level,8,322,-0.0009573959563269341
stock level,8,323,0.0009573959563269341
stock level,8,324,-0.0009573959563269341
stock level,8,325,0.0009573959563269341
stock level,8,326,0.0
stock level,8,327,-0.0019157093981387874
stock level,8,328,0.0009583134418118533
stock level,8,329,-0.0009583134418118533
stock level,8,330,0.0009583134418118533
stock level,8,331,-0.0009583134418118533
stock level,8,332,0.0
stock level,8,333,0.0019157093981387874
stock level,8,334,0.0
stock level,8,335,0.0
stock level,8,336,0.0009564802259571792
stock level,8,337,0.0009555662456683933
stock level,8,338,0.000954654010450362
stock level,8,339,0.0
stock level,8,340,-0.000954654010450362
stock level,8,341,0.0019083975257601082
stock level,8,342,0.0019047624806542984
stock level,8,343,0.0
stock level,8,344,0.0
stock level,8,345,0.0
stock level,8,346,0.0
stock level,8,347,0.0019011412570240083
stock level,8,348,-0.0019011412570240083
stock level,8,349,0.0019011412570240083
stock level,8,350,-0.000950118836319902
stock level,8,351,0.000950118836319902
stock level,8,352,-0.000950118836319902
stock level,8,353,0.000950118836319902
stock level,8,354,0.0
stock level,8,355,0.0018975337761917288
stock level,8,356,0.0
stock level,8,357,0.0018939399600705897
stock level,8,358,0.0
stock level,8,359,0.0
stock level,8,360,0.0
stock level,8,361,0.0018903597311688003
stock level,8,362,-0.0009447331831617944
stock level,8,363,0.0009447331831617944
stock level,8,364,0.0
stock level,8,365,0.0
stock level,8,366,0.0
stock level,8,367,-0.0009447331831617944
stock level,8,368,0.001888574687868072
stock level,8,369,0.000942951507870049
stock level,8,370,0.0
stock level,8,371,0.0018832397279648916
stock level,8,372,-0.0018832397279648916
stock level,8,373,0.0018832397279648916
stock level,8,374,0.0
stock level,8,375,0.0018796998015782052
stock level,8,376,0.0
stock level,8,377,0.0
stock level,8,378,0.0009385265822636768
stock level,8,379,0.0009376465759638464
stock level,8,380,0.0
stock level,8,381,0.0009367682183869519
stock level,8,382,0.0009358915049046956
stock level,8,383,0.0
stock level,8,384,0.0018691594227036035
stock level,8,385,0.0
stock level,8,386,0.0018656721829497513
stock level,8,387,0.0
stock level,8,388,0.0
stock level,8,389,0.0009315324381118373
stock level,8,390,0.0
stock level,8,391,0.0
stock level,8,392,0.0009306654929526204
stock level,8,393,0.001858736594625654
stock level,8,394,0.0
stock level,8,395,0.0018552881017459555
stock level,8,396,0.0
stock level,8,397,0.0
stock level,8,398,0.0018518523810735488
stock level,8,399,-0.0018518523810735488
stock level,8,400,0.0027764941482919525
stock level,8,401,0.0009237875945640184
stock level,8,402,0.0
stock level,8,403,0.001845018973569701
stock level,8,404,0.0018416211466494303
stock level,8,405,0.0
stock level,8,406,0.001838235811750799
stock level,8,407,0.0
stock level,8,408,0.0
stock level,8,409,0.0018348629001101457
stock level,8,410,0.0009161704717799424
stock level,8,411,-0.0009161704717799424
stock level,8,412,0.0018315023434682942
stock level,8,413,0.0009144948053876334
stock level,8,414,0.0
stock level,8,415,0.002738477293303454
stock level,8,416,-0.002738477293303454
stock level,8,417,0.0009136592686749268
stock level,8,418,0.0027359798188744122
stock level,8,419,0.002728514653203895
stock level,8,420,-0.0009086779362181829
stock level,8,421,0.0
stock level,8,422,0.0018165309263986629
stock level,8,423,0.0018132371241801337
stock level,8,424,0.0009053871148125836
stock level,8,425,0.0
stock level,8,426,-0.0018115946983501274
stock level,8,427,0.002716162828777513
stock level,8,428,0.0
stock level,8,429,0.0027088052680870334
stock level,8,430,0.0
stock level,8,431,0.001801802289262966
stock level,8,432,0.0017985616359146306
stock level,8,433,0.0
stock level,8,434,0.0008980692116846711
stock level,8,435,0.0008972634069897012
stock level,8,436,-0.0008972634069897012
stock level,8,437,0.0008972634069897012
stock level,8,438,0.000896459047036835
stock level,8,439,0.0008956561279447328
stock level,8,440,0.0017889092427241238
stock level,8,441,0.0
stock level,8,442,0.0017857147602349244
stock level,8,443,0.0008916630104813805
stock level,8,444,0.0
stock level,8,445,0.0008908686558015688
stock level,8,446,0.001779359900077715
stock level,8,447,-0.001779359900077715
stock level,8,448,0.003555559301333666
stock level,8,449,-0.0017761994012559512
stock level,8,450,0.003549249511141106
stock level,8,451,0.0
stock level,8,452,0.0017699119664591478
stock level,8,453,-0.0008845644097341676
stock level,8,454,0.0017683470567417814
stock level,8,455,0.00088300226487803
stock level,8,456,0.0017636688874969053
stock level,8,457,0.0
stock level,8,458,0.001760563835032869
stock level,8,459,0.0
stock level,8,460,0.0
stock level,8,461,0.001757469696645586
stock level,8,462,0.0017543864148938937
stock level,8,463,0.0
stock level,8,464,0.0017513139327345328
stock level,8,465,0.0
stock level,8,466,0.001748252193530142
stock level,8,467,0.0008729812863448316
stock level,8,468,0.000872219854685774
stock level,8,469,0.0017421607193846
stock level,8,470,0.0034752424203032817
stock level,8,471,0.0
stock level,8,472,0.0
stock level,8,473,0.0017331026868347976
stock level,8,474,0.0
stock level,8,475,0.0008654262764293819
stock level,8,476,0.0
stock level,8,477,0.0017286089006178784
stock level,8,478,0.0008631852068106127
stock level,8,479,0.0017241383581403369
stock level,8,480,0.0017211708207724996
stock level,8,481,0.0017182134811362104
stock level,8,482,0.0017152662867552237
stock level,8,483,0.0
stock level,8,484,0.0017123291855130063
stock level,8,485,0.001709402125648296
stock level,8,486,0.0017064850557586553
stock level,8,487,0.0
stock level,8,488,0.003404258606800603
stock level,8,489,0.0
stock level,8,490,0.0025456101994336677
stock level,8,491,0.0008470987376520966
stock level,8,492,0.000846381768681681
stock level,8,493,0.002534855603188113
stock level,8,494,0.00168634104043619
stock level,8,495,0.0016835020811134527
stock level,8,496,0.0016806726645182124
stock level,8,497,-0.0008399832497243409
stock level,8,498,0.002517835992340345
stock level,8,499,0.001675042267695659
stock level,8,500,0.0
stock level,8,501,0.0016722411923613123
stock level,8,502,0.0
stock level,8,503,0.0025031302181188764
stock level,8,504,0.0008329863038918361
stock level,8,505,0.0
stock level,8,506,0.0
stock level,8,507,0.0016638938946957893
stock level,8,508,0.0016611299500759458
stock level,8,509,0.0
stock level,8,510,0.000829531362375846
stock level,8,511,0.0008288438104004925
stock level,8,512,0.001655629517260948
stock level,8,513,0.0
stock level,8,514,0.002478316014467019
stock level,8,515,-0.0016515280384723496
stock level,8,516,-0.0024824174932556176
stock level,8,517,-0.0024885952287654334
stock level,8,518,0.0008302200559890949
stock level,8,519,0.0024865325700051955
stock level,8,520,0.0
stock level,8,521,0.0008274721200320911
stock level,8,522,0.0016528929383001767
stock level,8,523,0.0
stock level,8,524,-0.0016528929383001767
stock level,8,525,0.0016528929383001767
stock level,8,526,0.0
stock level,8,527,0.0008254230761668424
stock level,8,528,-0.0008254230761668424
stock level,8,529,0.0
stock level,8,530,-0.0016528929383001767
stock level,8,531,0.0016528929383001767
stock level,8,532,0.0
stock level,8,533,0.0016501653909575253
stock level,8,534,0.0008240626753934777
stock level,8,535,0.0008233841552049981
stock level,8,536,0.0
stock level,8,537,0.0
stock level,8,538,0.001644737212878944
stock level,8,539,0.0
stock level,8,540,0.0008213552823148618
stock level,8,541,0.0
stock level,8,542,0.0016406894574600983
stock level,8,543,-0.0008200082460314562
stock level,8,544,0.0016393446294333813
stock level,8,545,-0.0016393446294333813
stock level,8,546,0.0
stock level,8,547,-0.0008206812114286421
stock level,8,548,0.0
stock level,8,549,0.0016406894574600983
stock level,8,550,-0.0008200082460314562
stock level,8,551,-0.0024640669551585503
stock level,8,552,0.0008220304614150464
stock level,8,553,0.0032813811231768852
stock level,8,554,0.0
stock level,8,555,0.000818665620836434
stock level,8,556,0.0008179959556313676
stock level,8,557,0.0
stock level,8,558,-0.0016366615764678016
stock level,8,559,0.0016366615764678016
stock level,8,560,0.0016339872916546483
stock level,8,561,0.0
stock level,8,562,0.0008159935173299715
stock level,8,563,0.000815328214754274
stock level,8,564,-0.0016313217320842455
stock level,8,565,0.0
stock level,8,566,0.0024459857282606023
stock level,8,567,0.0
stock level,8,568,0.0008140008589476722
stock level,9,0,-0.0030379770200772427
stock level,9,1,0.0
stock level,9,2,0.005058179727353007
stock level,9,3,-0.0020202027072757645
stock level,9,4,-0.0020242921892306143
stock level,9,5,-0.0010136848308466284
stock level,9,6,0.0
stock level,9,7,0.0030379770200772427
stock level,9,8,-0.0020242921892306143
stock level,9,9,-0.002028398261392894
stock level,9,10,0.0
stock level,9,11,0.0010147134305462657
stock level,9,12,-0.0020304575503820033
stock level,9,13,-0.0010167769050868358
stock level,9,14,0.0
stock level,9,15,0.0
stock level,9,16,0.0
stock level,9,17,0.0
stock level,9,18,0.0010167769050868358
stock level,9,19,-0.0030534374868897984
stock level,9,20,0.004069181606725536
stock level,9,21,-0.0020325210249225734
stock level,9,22,-0.0010178117927006625
stock level,9,23,0.0010178117927006625
stock level,9,24,-0.0020366605818029626
stock level,9,25,0.0
stock level,9,26,0.0
stock level,9,27,-0.0020408170348531485
stock level,9,28,-0.0010219724956925802
stock level,9,29,-0.001023017992034525
stock level,9,30,0.0030659196218341123
stock level,9,31,-0.001020929134107007
stock level,9,32,-0.0010219724956925802
stock level,9,33,0.0020429016297995872
stock level,9,34,-0.0020429016297995872
stock level,9,35,-0.0030721990369704244
stock level,9,36,0.004094171532663005
stock level,9,37,-0.0020449904877271052
stock level,9,38,0.0030659196218341123
stock level,9,39,-0.001020929134107007
stock level,9,40,0.0020408170348531485
stock level,9,41,-0.0010198879007461414
stock level,9,42,0.003056548482549104
stock level,9,43,-0.0020366605818029626
stock level,9,44,0.0020366605818029626
stock level,9,45,-0.0010178117927006625
stock level,9,46,0.003050332817623236
stock level,9,47,0.0
stock level,9,48,0.0
stock level,9,49,0.0010147134305462657
stock level,9,50,-0.0010147134305462657
stock level,9,51,0.002028398261392894
stock level,9,52,-0.002028398261392894
stock level,9,53,0.0
stock level,9,54,0.0
stock level,9,55,0.0
stock level,9,56,0.0010147134305462657
stock level,9,57,0.0020263431452329783
stock level,9,58,-0.00101265831438635
stock level,9,59,0.0020242921892306143
stock level,9,60,-0.0020242921892306143
stock level,9,61,0.0
stock level,9,62,0.00101265831438635
stock level,9,63,0.0010116338748442644
stock level,9,64,-0.0020242921892306143
stock level,9,65,-0.0030441423812286317
stock level,9,66,-0.0010167769050868358
stock level,9,67,0.0020325210249225734
stock level,9,68,-0.0010157441198357375
stock level,9,69,0.0030441423812286317
stock level,9,70,-0.002028398261392894
stock level,9,71,-0.0020325210249225734
stock level,9,72,-0.0010178117927006625
stock level,9,73,0.0
stock level,9,74,0.0020345886977874983
stock level,9,75,-0.0010167769050868358
stock level,9,76,0.0
stock level,9,77,0.0
stock level,9,78,-0.0020366605818029626
stock level,9,79,-0.0010198879007461414
stock level,9,80,0.0010198879007461414
stock level,9,81,-0.0010198879007461414
stock level,9,82,-0.0020429016297995872
stock level,9,83,0.0030627895305457287
stock level,9,84,-0.0020408170348531485
stock level,9,85,-0.0010219724956925802
stock level,9,86,-0.0030721990369704244
stock level,9,87,0.0020491810449358994
stock level,9,88,0.0
stock level,9,89,0.0
stock level,9,90,0.0
stock level,9,91,-0.0010240656296902628
stock level,9,92,-0.003078504227087997
stock level,9,93,0.0
stock level,9,94,0.003078504227087997
stock level,9,95,-0.0010251154152456365
stock level,9,96,0.0
stock level,9,97,-0.0010261673553122463
stock level,9,98,-0.001027221456530114
stock level,9,99,0.0
stock level,9,100,0.0
stock level,9,101,0.0
stock level,9,102,-0.001028277725565907
stock level,9,103,0.0
stock level,9,104,0.0
stock level,9,105,-0.002059732963010319
stock level,9,106,0.0
stock level,9,107,0.001030396793896493
stock level,9,108,0.0010293361691138259
stock level,9,109,-0.0030911925696726072
stock level,9,110,0.0030911925696726072
stock level,9,111,0.0
stock level,9,112,-0.0010293361691138259
stock level,9,113,-0.0020618564005587814
stock level,9,114,0.0
stock level,9,115,0.0
stock level,9,116,-0.002066116437472232
stock level,9,117,0.0
stock level,9,118,-0.0010346612407765576
stock level,9,119,0.0
stock level,9,120,-0.0010357328735315363
stock level,9,121,0.0
stock level,9,122,0.0
stock level,9,123,-0.0020746895408603194
stock level,9,124,0.0
stock level,9,125,0.0
stock level,9,126,-0.002079002827833243
stock level,9,127,0.002079002827833243
stock level,9,128,-0.002079002827833243
stock level,9,129,-0.0010411245084105403
stock level,9,130,-0.001042209578443476
stock level,9,131,-0.002087683430484155
stock level,9,132,0.0
stock level,9,133,-0.0010454784015525576
stock level,9,134,-0.0010465725706714224
stock level,9,135,-0.0020964368265286026
stock level,9,136,0.0020964368265286026
stock level,9,137,0.0
stock level,9,138,-0.0010476690324434657
stock level,9,139,0.0
stock level,9,140,-0.001048767794085137
stock level,9,141,-0.00210084110881148
stock level,9,142,-0.002105263935462176
stock level,9,143,0.0
stock level,9,144,0.0
stock level,9,145,-0.002109705423849917
stock level,9,146,0.0
stock level,9,147,-0.002114165692335135
stock level,9,148,0.0010576415581349252
stock level,9,149,-0.0010576415581349252
stock level,9,150,0.0
stock level,9,151,0.0
stock level,9,152,-0.001058761348242676
stock level,9,153,-0.0021208915691373065
stock level,9,154,-0.0010621349909829547
stock level,9,155,0.0
stock level,9,156,-0.001063264321330415
stock level,9,157,-0.001064396055786787
stock level,9,158,0.0
stock level,9,159,-0.003200002730670448
stock level,9,160,-0.002139038248749614
stock level,9,161,0.001070091059844458
stock level,9,162,-0.001070091059844458
stock level,9,163,-0.002143623543251927
stock level,9,164,-0.0010735374085237837
stock level,9,165,-0.0021505384632289903
stock level,9,166,0.0010758473334631091
stock level,9,167,-0.0010758473334631091
stock level,9,168,0.0
stock level,9,169,-0.0021551732479831998
stock level,9,170,-0.0021598280534300685
stock level,9,171,0.0010804971337545766
stock level,9,172,-0.0010804971337545766
stock level,9,173,0.0
stock level,9,174,0.0010804971337545766
stock level,9,175,-0.0010804971337545766
stock level,9,176,-0.0021645030095722717
stock level,9,177,0.0
stock level,9,178,-0.0021691982475458005
stock level,9,179,-0.0010863662122204687
stock level,9,180,-0.0032661977866217384
stock level,9,181,-0.0021834069809436585
stock level,9,182,0.0
stock level,9,183,-0.002188184680552041
stock level,9,184,0.0
stock level,9,185,0.0
stock level,9,186,-0.004390786417490133
stock level,9,187,-0.001100715576185074
stock level,9,188,-0.0011019284861566447
stock level,9,189,0.0
stock level,9,190,0.0
stock level,9,191,-0.004419896698151682
stock level,9,192,-0.0011080333543613818
stock level,9,193,0.0011080333543613818
stock level,9,194,-0.0033277900926744763
stock level,9,195,0.001110494284026764
stock level,9,196,-0.00556484463340734
stock level,9,197,0.0
stock level,9,198,-0.0011166947000749161
stock level,9,199,0.0033463500273445135
stock level,9,200,0.0011129661694200266
stock level,9,201,0.002222223136717716
stock level,9,202,0.0
stock level,9,203,0.0011092624542863305
stock level,9,204,0.0022148403295529917
stock level,9,205,0.0
stock level,9,206,0.0011055833077495691
stock level,9,207,0.0
stock level,9,208,0.0011043623430531113
stock level,9,209,0.0022050725583140363
stock level,9,210,0.0
stock level,9,211,0.0
stock level,9,212,0.0022002209096019243
stock level,9,213,0.0
stock level,9,214,0.00109829774906256
stock level,9,215,0.0
stock level,9,216,0.002192983335010723
stock level,9,217,0.002188184680552041
stock level,9,218,0.0
stock level,9,219,-0.0010934938213704726
stock level,9,220,0.003276900802314131
stock level,9,221,0.0
stock level,9,222,-0.003276900802314131
stock level,9,223,0.0021857932199802477
stock level,9,224,0.002181025946359938
stock level,9,225,0.0010887317351961912
stock level,9,226,0.0010875476873994927
stock level,9,227,0.0010863662122204687
stock level,9,228,0.0
stock level,9,229,0.0
stock level,9,230,0.0021691982475458005
stock level,9,231,0.0021645030095722717
stock level,9,232,0.0
stock level,9,233,0.0021598280534300685
stock level,9,234,0.0
stock level,9,235,0.0
stock level,9,236,0.0010781672203457049
stock level,9,237,0.0010770060276374949
stock level,9,238,0.0010758473334631091
stock level,9,239,0.0010746911297658812
stock level,9,240,0.0021459235702767643
stock level,9,241,0.0
stock level,9,242,-0.0021459235702767643
stock level,9,243,0.0021459235702767643
stock level,9,244,0.002141328441343404
stock level,9,245,0.0
stock level,9,246,0.0021367529497346993
stock level,9,247,0.0
stock level,9,248,0.0010666667678025377
stock level,9,249,-0.0010666667678025377
stock level,9,250,0.0010666667678025377
stock level,9,251,0.0021299262578251543
stock level,9,252,0.0
stock level,9,253,0.0
stock level,9,254,0.001063264321330415
stock level,9,255,0.0010621349909829547
stock level,9,256,-0.0010621349909829547
stock level,9,257,0.0021231430480774804
stock level,9,258,0.002118644860285457
stock level,9,259,0.0
stock level,9,260,0.0010576415581349252
stock level,9,261,-0.0010576415581349252
stock level,9,262,0.002114165692335135
stock level,9,263,0.0010554090689440798
stock level,9,264,0.0
stock level,9,265,-0.0010554090689440798
stock level,9,266,0.0
stock level,9,267,0.0031628914085084503
stock level,9,268,0.0
stock level,9,269,0.0010520779508036426
stock level,9,270,-0.0010520779508036426
stock level,9,271,0.0010520779508036426
stock level,9,272,0.001050972245975501
stock level,9,273,0.0010498688628359787
stock level,9,274,0.0
stock level,9,275,0.0
stock level,9,276,0.0
stock level,9,277,0.0
stock level,9,278,0.0
stock level,9,279,-0.0010498688628359787
stock level,9,280,-0.001050972245975501
stock level,9,281,0.00210084110881148
stock level,9,282,0.0020964368265286026
stock level,9,283,-0.0020964368265286026
stock level,9,284,-0.00210084110881148
stock level,9,285,0.005243850506011505
stock level,9,286,0.0
stock level,9,287,-0.0010465725706714224
stock level,9,288,-0.0020964368265286026
stock level,9,289,0.0
stock level,9,290,-0.00210084110881148
stock level,9,291,-0.0010520779508036426
stock level,9,292,0.0
stock level,9,293,-0.0010531859846585334
stock level,9,294,-0.001054296354905837
stock level,9,295,0.0021074823395643705
stock level,9,296,-0.0031628914085084503
stock level,9,297,-0.0010565241342002096
stock level,9,298,0.0010565241342002096
stock level,9,299,-0.0010565241342002096
stock level,9,300,-0.0021164029063776013
stock level,9,301,0.0021164029063776013
stock level,9,302,0.0
stock level,9,303,-0.003176286418420382
stock level,9,304,0.0
stock level,9,305,0.0010598835120427808
stock level,9,306,-0.0010598835120427808
stock level,9,307,-0.0010610080570945257
stock level,9,308,-0.0010621349909829547
stock level,9,309,0.0021231430480774804
stock level,9,310,0.0
stock level,9,311,-0.0031864073694078954
stock level,9,312,0.0
stock level,9,313,-0.001064396055786787
stock level,9,314,-0.002132196969840905
stock level,9,315,0.0
stock level,9,316,0.0
stock level,9,317,-0.0010678057608295433
stock level,9,318,0.0010678057608295433
stock level,9,319,0.0
stock level,9,320,-0.0021367529497346993
stock level,9,321,0.001068947188905156
stock level,9,322,-0.002139038248749614
stock level,9,323,0.001070091059844458
stock level,9,324,-0.002141328441343404
stock level,9,325,0.0
stock level,9,326,-0.0021459235702767643
stock level,9,327,0.0021459235702767643
stock level,9,328,-0.0021459235702767643
stock level,9,329,0.0
stock level,9,330,0.0
stock level,9,331,0.0
stock level,9,332,-0.0021505384632289903
stock level,9,333,0.0010758473334631091
stock level,9,334,0.0
stock level,9,335,-0.003231020581446309
stock level,9,336,0.0
stock level,9,337,0.0021551732479831998
stock level,9,338,-0.004315001301413268
stock level,9,339,0.0
stock level,9,340,0.0021598280534300685
stock level,9,341,-0.0021598280534300685
stock level,9,342,0.0010804971337545766
stock level,9,343,-0.0021621630044954543
stock level,9,344,0.0010816658707408777
stock level,9,345,0.0
stock level,9,346,-0.0021645030095722717
stock level,9,347,-0.0021691982475458005
stock level,9,348,0.0
stock level,9,349,0.0
stock level,9,350,0.0
stock level,9,351,-0.0021739138996199614
stock level,9,352,0.0
stock level,9,353,0.0010875476873994927
stock level,9,354,-0.0010875476873994927
stock level,9,355,0.0
stock level,9,356,-0.003269757681556129
stock level,9,357,0.0010911075823338834
stock level,9,358,-0.0021834069809436585
stock level,9,359,-0.0010934938213704726
stock level,9,360,-0.0021905813798186458
stock level,9,361,0.0
stock level,9,362,0.0010958905206370773
stock level,9,363,-0.002192983335010723
stock level,9,364,-0.0032985186586644843
stock level,9,365,0.001100715576185074
stock level,9,366,0.0
stock level,9,367,-0.0022026440623417187
stock level,9,368,0.0
stock level,9,369,0.0011019284861566447
stock level,9,370,0.001100715576185074
stock level,9,371,-0.005515733785301791
stock level,9,372,0.005515733785301791
stock level,9,373,-0.0044101504775522216
stock level,9,374,0.002207506415210503
stock level,9,375,-0.0011031440721573915
stock level,9,376,-0.0011043623430531113
stock level,9,377,-0.0011055833077495691
stock level,9,378,-0.0011068069751916099
stock level,9,379,0.0
stock level,9,380,-0.0022172958086477124
stock level,9,381,0.0
stock level,9,382,-0.002222223136717716
stock level,9,383,-0.0022271724128239967
stock level,9,384,0.0
stock level,9,385,0.0022271724128239967
stock level,9,386,-0.003342621496689624
stock level,9,387,0.0
stock level,9,388,-0.0033538320984316528
stock level,9,389,0.001119194297015902
stock level,9,390,0.0
stock level,9,391,-0.001119194297015902
stock level,9,392,-0.0011204482964890516
stock level,9,393,0.0011204482964890516
stock level,9,394,-0.004489345362594044
stock level,9,395,0.0011242272122808927
stock level,9,396,-0.0011242272122808927
stock level,9,397,0.0
stock level,9,398,-0.0022522532043254273
stock level,9,399,0.0
stock level,9,400,0.0
stock level,9,401,-0.0022573373016498977
stock level,9,402,-0.0011305823702860707
stock level,9,403,-0.002265006630851829
stock level,9,404,-0.0011344300706115362
stock level,9,405,0.0
stock level,9,406,0.0
stock level,9,407,-0.002272728251003109
stock level,9,408,0.0
stock level,9,409,-0.004561011327562703
stock level,9,410,-0.0022883305180121383
stock level,9,411,0.0022883305180121383
stock level,9,412,-0.0022883305180121383
stock level,9,413,-0.002293578987099032
stock level,9,414,0.0
stock level,9,415,-0.0022988515871107396
stock level,9,416,-0.0011514106050416473
stock level,9,417,-0.0011527378798081855
stock level,9,418,0.0
stock level,9,419,-0.0023094698486625376
stock level,9,420,-0.004635002504149277
stock level,9,421,-0.002325582443474694
stock level,9,422,0.002325582443474694
stock level,9,423,-0.004656585829950544
stock level,9,424,-0.0011675424560380065
stock level,9,425,0.0
stock level,9,426,-0.005858247568367503
stock level,9,427,0.0
stock level,9,428,0.0
stock level,9,429,-0.004711433921319674
stock level,9,430,0.0035356548323077774
stock level,9,431,-0.00235571369245946
stock level,9,432,-0.002361276185680161
stock level,9,433,-0.003552401604367539
stock level,9,434,0.0
stock level,9,435,-0.004756251534649536
stock level,9,436,-0.002386635977730478
stock level,9,437,-0.00119545740477367
stock level,9,438,-0.0011968882338457831
stock level,9,439,-0.00239808268401287
stock level,9,440,-0.0024038473113945358
stock level,9,441,-0.0024096397201534003
stock level,9,442,0.0
stock level,9,443,-0.0012070007500355473
stock level,9,444,-0.004842624475787538
stock level,9,445,-0.001214329232402278
stock level,9,446,-0.0012158056208901868
stock level,9,447,-0.002436054797880338
stock level,9,448,-0.0012202564052294917
stock level,9,449,-0.0024449889930666657
stock level,9,450,-0.002450981619140258
stock level,9,451,0.0
stock level,9,452,-0.0024570036930517958
stock level,9,453,0.0
stock level,9,454,0.003683245416295833
stock level,9,455,-0.001226241723244037
stock level,9,456,0.002450981619140258
stock level,9,457,0.0
stock level,9,458,0.001223241742744463
stock level,9,459,0.0024420036555516944
stock level,9,460,0.0012187691941294432
stock level,9,461,-0.0012187691941294432
stock level,9,462,-0.0012202564052294917
stock level,9,463,0.002439025599358935
stock level,9,464,0.0
stock level,9,465,0.002433091224641082
stock level,9,466,0.001214329232402278
stock level,9,467,-0.001214329232402278
stock level,9,468,-0.004872116824000017
stock level,9,469,0.0012202564052294917
stock level,9,470,-0.0012202564052294917
stock level,9,471,-0.0024449889930666657
stock level,9,472,-0.0012247398958962208
stock level,9,473,0.002447981638640684
stock level,9,474,0.0012217472503222027
stock level,9,475,0.006086446056402295
stock level,9,476,-0.002430134853292465
stock level,9,477,0.0012158056208901868
stock level,9,478,0.0
stock level,9,479,0.001214329232402278
stock level,9,480,0.0012128564252087415
stock level,9,481,0.0
stock level,9,482,0.0024213086890103597
stock level,9,483,0.0
stock level,9,484,-0.0024213086890103597
stock level,9,485,0.0036297680505787966
stock level,9,486,-0.004842624475787538
stock level,9,487,0.004842624475787538
stock level,9,488,0.0
stock level,9,489,0.0024125464053836865
stock level,9,490,0.0
stock level,9,491,0.0012040940648052612
stock level,9,492,0.0
stock level,9,493,0.0
stock level,9,494,0.0024038473113945358
stock level,9,495,-0.003607941376199797
stock level,9,496,0.004807701568103617
stock level,9,497,0.0011983224921090496
stock level,9,498,0.002392345638619453
stock level,9,499,-0.002392345638619453
stock level,9,500,-0.0011983224921090496
stock level,9,501,0.0
stock level,9,502,0.0011983224921090496
stock level,9,503,0.002392345638619453
stock level,9,504,-0.005991629668266718
stock level,9,505,0.0
stock level,9,506,-0.0012026459657601407
stock level,9,507,-0.0012040940648052612
stock level,9,508,0.002406740030565402
stock level,9,509,-0.0012026459657601407
stock level,9,510,-0.0036166404701889476
stock level,9,511,0.0
stock level,9,512,-0.0036297680505787966
stock level,9,513,0.0012113871862977632
stock level,9,514,0.0024183808642810334
stock level,9,515,-0.0024183808642810334
stock level,9,516,-0.0036385728439087828
stock level,9,517,0.0024271856576110196
stock level,9,518,-0.0024271856576110196
stock level,9,519,-0.002433091224641082
stock level,9,520,0.0
stock level,9,521,-0.002439025599358935
stock level,9,522,0.002439025599358935
stock level,9,523,-0.002439025599358935
stock level,9,524,-0.0024449889930666657
stock level,9,525,0.001223241742744463
stock level,9,526,-0.001223241742744463
stock level,9,527,0.001223241742744463
stock level,9,528,-0.002447981638640684
stock level,9,529,-0.001226241723244037
stock level,9,530,0.001226241723244037
stock level,9,531,-0.001226241723244037
stock level,9,532,-0.0012277472383228627
stock level,9,533,0.0
stock level,9,534,0.0
stock level,9,535,0.0
stock level,9,536,0.0024539889615668997
stock level,9,537,0.0
stock level,9,538,-0.0024539889615668997
stock level,9,539,-0.001229256454728933
stock level,9,540,0.001229256454728933
stock level,9,541,0.0
stock level,9,542,-0.00369231188712682
stock level,9,543,0.0
stock level,9,544,-0.001233806448929009
stock level,9,545,-0.001235330607991969
stock level,9,546,0.0
stock level,9,547,0.002469137056920978
stock level,9,548,-0.004944385845464083
stock level,9,549,0.0
stock level,9,550,0.00740744127786197
stock level,9,551,0.0
stock level,9,552,-0.006169051026715167
stock level,9,553,0.0024721891453882705
stock level,9,554,-0.003710579396535074
stock level,9,555,0.0012383902511468037
stock level,9,556,-0.0012383902511468037
stock level,9,557,0.0
stock level,9,558,-0.0024813908513854344
stock level,9,559,0.0024813908513854344
stock level,9,560,-0.003724399090982544
stock level,9,561,-0.003738322110606873
stock level,9,562,0.0
stock level,9,563,0.0
stock level,9,564,-0.002500001302085053
stock level,9,565,0.0
stock level,9,566,0.001250781901652509
stock level,9,567,0.0037429862788345147
stock level,9,568,0.0024875634718020123
stock level,10,0,0.0
stock level,10,1,0.0010045204260054064
stock level,10,2,0.00200601872686601
stock level,10,3,0.0
stock level,10,4,0.0020020026706726313
stock level,10,5,-0.0010005003335828988
stock level,10,6,0.0020000006666665016
stock level,10,7,0.0
stock level,10,8,0.0009985023295895346
stock level,10,9,-0.002998502996256036
stock level,10,10,0.005988041844622316
stock level,10,11,0.0
stock level,10,12,0.0009945301665084116
stock level,10,13,0.0009935420588780275
stock level,10,14,0.0
stock level,10,15,0.0
stock level,10,16,0.0
stock level,10,17,-0.0009935420588780275
stock level,10,18,0.003968259175620936
stock level,10,19,0.000989609185165996
stock level,10,20,0.0009886308269395627
stock level,10,21,0.0009876544012721311
stock level,10,22,0.0
stock level,10,23,0.0019723872272043863
stock level,10,24,-0.0009857073247587778
stock level,10,25,0.0009857073247587778
stock level,10,26,0.0009847366625397314
stock level,10,27,0.0029484050842976117
stock level,10,28,0.0
stock level,10,29,0.0
stock level,10,30,0.0
stock level,10,31,0.0019607849419402967
stock level,10,32,0.0
stock level,10,33,0.001956947786961649
stock level,10,34,0.0019531256208820125
stock level,10,35,0.0
stock level,10,36,-0.0009760859730558735
stock level,10,37,0.0009760859730558735
stock level,10,38,0.0
stock level,10,39,0.0009751341582058259
stock level,10,40,0.000974184197843897
stock level,10,41,0.0009732360865521983
stock level,10,42,0.0009722898189385987
stock level,10,43,0.0019417481829107075
stock level,10,44,0.0
stock level,10,45,-0.0009704027932784243
stock level,10,46,0.004842624475787538
stock level,10,47,-0.0009666506310948009
stock level,10,48,0.001932367751053654
stock level,10,49,0.0
stock level,10,50,0.0009647854100993669
stock level,10,51,0.0
stock level,10,52,0.001926782869699828
stock level,10,53,0.0019230775157419444
stock level,10,54,0.0
stock level,10,55,0.0009601536983430137
stock level,10,56,0.000959232687460343
stock level,10,57,-0.0019193863858033566
stock level,10,58,0.003835095783942144
stock level,10,59,-0.0019157093981387874
stock level,10,60,0.0
stock level,10,61,0.0019157093981387874
stock level,10,62,0.0
stock level,10,63,0.0038204439973856807
stock level,10,64,-0.0019083975257601082
stock level,10,65,0.0
stock level,10,66,0.0019083975257601082
stock level,10,67,0.0009528347552718586
stock level,10,68,-0.0009528347552718586
stock level,10,69,0.0
stock level,10,70,0.0
stock level,10,71,0.0
stock level,10,72,0.0019047624806542984
stock level,10,73,0.003798675033215737
stock level,10,74,-0.0009483168088593175
stock level,10,75,0.0
stock level,10,76,0.002842256768929907
stock level,10,77,0.0009456265480070059
stock level,10,78,-0.0009456265480070059
stock level,10,79,0.0018903597311688003
stock level,10,80,0.0009438415047062776
stock level,10,81,0.0
stock level,10,82,0.0028261912358349406
stock level,10,83,-0.0018832397279648916
stock level,10,84,0.0037629395295430967
stock level,10,85,-0.0018796998015782052
stock level,10,86,0.0009402915596421479
stock level,10,87,0.0009394082419360572
stock level,10,88,0.0018761731582275232
stock level,10,89,-0.0028155814001635804
stock level,10,90,0.0028155814001635804
stock level,10,91,0.0018726597232916475
stock level,10,92,0.0009350164309065434
stock level,10,93,-0.002807676154198191
stock level,10,94,0.002807676154198191
stock level,10,95,-0.0037453227301620373
stock level,10,96,0.004679465721959097
stock level,10,97,0.0
stock level,10,98,0.000933271182998574
stock level,10,99,0.0009324009999511773
stock level,10,100,0.0009315324381118373
stock level,10,101,-0.0018639334380630146
stock level,10,102,0.0009324009999511773
stock level,10,103,0.0018621979310644576
stock level,10,104,0.001858736594625654
stock level,10,105,0.0
stock level,10,106,-0.0037209345256901116
stock level,10,107,0.004649008838244484
stock level,10,108,-0.0009280743125543722
stock level,10,109,0.0018552881017459555
stock level,10,110,0.0
stock level,10,111,0.0018518523810735488
stock level,10,112,0.0
stock level,10,113,0.0
stock level,10,114,0.0027713643603837212
stock level,10,115,0.0
stock level,10,116,0.0018433184942887593
stock level,10,117,0.0009203866273290728
stock level,10,118,0.001838235811750799
stock level,10,119,0.0018348629001101457
stock level,10,120,0.0
stock level,10,121,0.0
stock level,10,122,0.0036596564175308544
stock level,10,123,0.0018248180246285273
stock level,10,124,0.0018214941283911656
stock level,10,125,0.0018181823190586144
stock level,10,126,0.0009078529901804799
stock level,10,127,-0.0009078529901804799
stock level,10,128,0.0036264772291731973
stock level,10,129,0.0
stock level,10,130,0.002711253355376364
stock level,10,131,0.0
stock level,10,132,-0.0009029345985922532
stock level,10,133,0.0027063615977427347
stock level,10,134,0.0009004953332505394
stock level,10,135,0.0
stock level,10,136,0.0026966308475993017
stock level,10,137,0.0008972634069897012
stock level,10,138,0.000896459047036835
stock level,10,139,0.0008956561279447328
stock level,10,140,0.0008948546458436013
stock level,10,141,-0.0008948546458436013
stock level,10,142,0.003574624002959048
stock level,10,143,0.0017825316662829493
stock level,10,144,0.001779359900077715
stock level,10,145,0.0017761994012559512
stock level,10,146,0.0017730501098851548
stock level,10,147,0.0
stock level,10,148,0.0008853475567249802
stock level,10,149,0.0008845644097341676
stock level,10,150,0.0008837826470076138
stock level,10,151,0.0
stock level,10,152,-0.0008837826470076138
stock level,10,153,0.003530453799382549
stock level,10,154,0.0
stock level,10,155,0.001760563835032869
stock level,10,156,0.001757469696645586
stock level,10,157,0.0017543864148938937
stock level,10,158,-0.004391750580978737
stock level,10,159,-0.0008806693655936115
stock level,10,160,-0.0017636688874969053
stock level,10,161,0.0
stock level,10,162,-0.0017667849118856438
stock level,10,163,-0.0017699119664591478
stock level,10,164,0.0035366968783447916
stock level,10,165,-0.0035366968783447916
stock level,10,166,-0.0008861320916571103
stock level,10,167,-0.0008869180182280445
stock level,10,168,-0.0017761994012559512
stock level,10,169,-0.0008892841848844313
stock level,10,170,-0.0008900757151932837
stock level,10,171,0.0
stock level,10,172,-0.0008908686558015688
stock level,10,173,0.0017809443709948525
stock level,10,174,-0.002672607381476233
stock level,10,175,0.0
stock level,10,176,0.0
stock level,10,177,-0.0017857147602349244
stock level,10,178,-0.0008940545968805225
stock level,10,179,-0.0008948546458436013
stock level,10,180,-0.0017921151749815678
stock level,10,181,0.0
stock level,10,182,-0.0017953326186743723
stock level,10,183,0.0
stock level,10,184,-0.0017985616359146306
stock level,10,185,0.0
stock level,10,186,-0.001801802289262966
stock level,10,187,0.0009013069560124265
stock level,10,188,0.0
stock level,10,189,-0.0009013069560124265
stock level,10,190,-0.0009021200431380549
stock level,10,191,-0.0009029345985922532
stock level,10,192,-0.0018083187567841108
stock level,10,193,-0.0018115946983501274
stock level,10,194,0.0018115946983501274
stock level,10,195,-0.0018115946983501274
stock level,10,196,0.0
stock level,10,197,-0.0018148825308230698
stock level,10,198,0.0
stock level,10,199,-0.0018181823190586144
stock level,10,200,0.0
stock level,10,201,0.0
stock level,10,202,-0.0018214941283911656
stock level,10,203,-0.0018248180246285273
stock level,10,204,0.0
stock level,10,205,0.0
stock level,10,206,-0.0018281540740625601
stock level,10,207,0.0009144948053876334
stock level,10,208,0.0
stock level,10,209,-0.0027459971488559276
stock level,10,210,0.0009161704717799424
stock level,10,211,-0.002751033371890088
stock level,10,212,0.0018348629001101457
stock level,10,213,-0.002753558417182944
stock level,10,214,0.002753558417182944
stock level,10,215,0.0
stock level,10,216,0.0009161704717799424
stock level,10,217,0.0009153318716883518
stock level,10,218,-0.0018315023434682942
stock level,10,219,0.0
stock level,10,220,-0.0018348629001101457
stock level,10,221,0.0
stock level,10,222,-0.001838235811750799
stock level,10,223,0.0
stock level,10,224,0.0
stock level,10,225,-0.002763705121617832
stock level,10,226,0.002763705121617832
stock level,10,227,-0.002763705121617832
stock level,10,228,0.002763705121617832
stock level,10,229,0.001838235811750799
stock level,10,230,-0.00552487593196993
stock level,10,231,-0.0009237875945640184
stock level,10,232,0.0
stock level,10,233,-0.0009246417672184037
stock level,10,234,0.0
stock level,10,235,-0.0009254975209422867
stock level,10,236,0.0018501392881606904
stock level,10,237,-0.0027764941482919525
stock level,10,238,0.0
stock level,10,239,-0.0018552881017459555
stock level,10,240,-0.0009289364346587448
stock level,10,241,0.0009289364346587448
stock level,10,242,0.0
stock level,10,243,0.0009280743125543722
stock level,10,244,-0.0027868109071800262
stock level,10,245,0.001858736594625654
stock level,10,246,0.0
stock level,10,247,0.0009280743125543722
stock level,10,248,0.0
stock level,10,249,0.0009272137891915833
stock level,10,250,0.0009263548601312621
stock level,10,251,-0.0037105793965359624
stock level,10,252,-0.0009298001599669092
stock level,10,253,0.0
stock level,10,254,0.0
stock level,10,255,0.0
stock level,10,256,-0.0018621979310644576
stock level,10,257,0.0
stock level,10,258,0.0
stock level,10,259,0.0
stock level,10,260,-0.0009324009999511773
stock level,10,261,-0.000933271182998574
stock level,10,262,0.0
stock level,10,263,-0.0009341429917970601
stock level,10,264,-0.0009350164309065434
stock level,10,265,0.0
stock level,10,266,0.0
stock level,10,267,0.0
stock level,10,268,-0.0018726597232916475
stock level,10,269,-0.0009376465759638464
stock level,10,270,0.0009376465759638464
stock level,10,271,-0.0018761731582275232
stock level,10,272,0.0009385265822636768
stock level,10,273,-0.002818226383841882
stock level,10,274,0.0009402915596421479
stock level,10,275,-0.0009402915596421479
stock level,10,276,-0.0018832397279648916
stock level,10,277,0.0028235312876070395
stock level,10,278,0.0009394082419360572
stock level,10,279,-0.0018796998015782052
stock level,10,280,0.0018796998015782052
stock level,10,281,0.0018761731582275232
stock level,10,282,-0.0018761731582275232
stock level,10,283,0.0037488328815191707
stock level,10,284,-0.0009358915049046956
stock level,10,285,0.0009358915049046956
stock level,10,286,0.0
stock level,10,287,0.0
stock level,10,288,-0.004688241123455228
stock level,10,289,0.0
stock level,10,290,-0.0009402915596421479
stock level,10,291,0.0018796998015782052
stock level,10,292,-0.0018796998015782052
stock level,10,293,0.0009402915596421479
stock level,10,294,0.001877934824199734
stock level,10,295,0.0
stock level,10,296,0.002810306299255494
stock level,10,297,0.0009350164309065434
stock level,10,298,0.0027998151747468114
stock level,10,299,-0.0027998151747468114
stock level,10,300,0.0027998151747468114
stock level,10,301,-0.0009324009999511773
stock level,10,302,0.0009324009999511773
stock level,10,303,-0.0018656721829497513
stock level,10,304,0.0027972046210615886
stock level,10,305,0.0
stock level,10,306,0.0009306654929526204
stock level,10,307,0.0
stock level,10,308,-0.0009306654929526204
stock level,10,309,0.0018604656529195296
stock level,10,310,0.0027842245364047002
stock level,10,311,-0.0018552881017459555
stock level,10,312,0.0
stock level,10,313,0.0009280743125543722
stock level,10,314,0.0009272137891915833
stock level,10,315,-0.0027842245364047002
stock level,10,316,0.005560718684696653
stock level,10,317,0.0
stock level,10,318,0.0
stock level,10,319,-0.0009246417672184037
stock level,10,320,0.0009246417672184037
stock level,10,321,-0.0009246417672184037
stock level,10,322,0.0
stock level,10,323,0.0027713643603837212
stock level,10,324,0.0009220839749684018
stock level,10,325,0.0018416211466494303
stock level,10,326,-0.0009203866273290728
stock level,10,327,-0.0009212345193203575
stock level,10,328,0.0018416211466494303
stock level,10,329,-0.0036866401202191312
stock level,10,330,0.004606180414897132
stock level,10,331,0.0009186955170727984
stock level,10,332,0.0
stock level,10,333,-0.0009186955170727984
stock level,10,334,0.0018365478073016916
stock level,10,335,-0.0009178522902288933
stock level,10,336,0.0009178522902288933
stock level,10,337,0.0018331810816611949
stock level,10,338,0.0
stock level,10,339,0.0009153318716883518
stock level,10,340,0.0
stock level,10,341,0.0
stock level,10,342,0.0018281540740625601
stock level,10,343,0.0
stock level,10,344,0.0
stock level,10,345,0.0009128252573598061
stock level,10,346,0.002733486895659887
stock level,10,347,0.0
stock level,10,348,0.0018181823190586144
stock level,10,349,-0.0009086779362181829
stock level,10,350,0.0018165309263986629
stock level,10,351,-0.0009078529901804799
stock level,10,352,0.0036264772291731973
stock level,10,353,-0.0009053871148125836
stock level,10,354,0.0009053871148125836
stock level,10,355,-0.0018115946983501274
stock level,10,356,0.002716162828777513
stock level,10,357,-0.002716162828777513
stock level,10,358,0.0036199134551342382
stock level,10,359,-0.0009037506263567252
stock level,10,360,0.0027088052680870334
stock level,10,361,-0.0009021200431380549
stock level,10,362,0.0
stock level,10,363,0.0
stock level,10,364,0.002703922332401021
stock level,10,365,-0.0009004953332505394
stock level,10,366,0.0009004953332505394
stock level,10,367,-0.0009004953332505394
stock level,10,368,0.00269905696916517
stock level,10,369,0.0017953326186743723
stock level,10,370,0.0
stock level,10,371,-0.0008972634069897012
stock level,10,372,0.0017937224540265362
stock level,10,373,-0.000896459047036835
stock level,10,374,0.0017921151749815678
stock level,10,375,0.0017889092427241238
stock level,10,376,-0.0017889092427241238
stock level,10,377,0.0017889092427241238
stock level,10,378,0.0008932559772150128
stock level,10,379,-0.0008932559772150128
stock level,10,380,0.0017857147602349244
stock level,10,381,0.0017825316662829493
stock level,10,382,-0.0017825316662829493
stock level,10,383,0.0035618915663606643
stock level,10,384,0.0
stock level,10,385,-0.0008892841848844313
stock level,10,386,0.0026654835861403825
stock level,10,387,-0.0008877053401405988
stock level,10,388,0.0008877053401405988
stock level,10,389,0.0
stock level,10,390,0.0017730501098851548
stock level,10,391,0.0
stock level,10,392,0.0
stock level,10,393,-0.0008861320916571103
stock level,10,394,0.0017714796483820905
stock level,10,395,0.0008845644097341676
stock level,10,396,0.0
stock level,10,397,0.0
stock level,10,398,0.0017667849118856438
stock level,10,399,-0.0017667849118856438
stock level,10,400,0.0017667849118856438
stock level,10,401,0.0
stock level,10,402,0.0017636688874969053
stock level,10,403,-0.0017636688874969053
stock level,10,404,0.0
stock level,10,405,0.0
stock level,10,406,-0.00088300226487803
stock level,10,407,-0.0008837826470076138
stock level,10,408,-0.0008845644097341676
stock level,10,409,-0.0008853475567249802
stock level,10,410,0.0017699119664591478
stock level,10,411,-0.002656044058116258
stock level,10,412,-0.0008869180182280445
stock level,10,413,0.0017730501098851548
stock level,10,414,-0.0017730501098851548
stock level,10,415,0.0017730501098851548
stock level,10,416,-0.0017730501098851548
stock level,10,417,-0.0017761994012559512
stock level,10,418,0.0
stock level,10,419,-0.001779359900077715
stock level,10,420,-0.0017825316662829493
stock level,10,421,0.0008916630104813805
stock level,10,422,-0.001784121793501292
stock level,10,423,0.0
stock level,10,424,0.0008924587830199116
stock level,10,425,0.0
stock level,10,426,0.0017825316662829493
stock level,10,427,0.001779359900077715
stock level,10,428,-0.0035618915663606643
stock level,10,429,0.0017825316662829493
stock level,10,430,-0.002674990449302861
stock level,10,431,0.002674990449302861
stock level,10,432,-0.0008908686558015688
stock level,10,433,-0.001784121793501292
stock level,10,434,-0.0008932559772150128
stock level,10,435,-0.0008940545968805225
stock level,10,436,-0.0008948546458436013
stock level,10,437,0.0
stock level,10,438,0.0008948546458436013
stock level,10,439,-0.002686969820825169
stock level,10,440,0.000896459047036835
stock level,10,441,0.0008956561279447328
stock level,10,442,-0.0017921151749815678
stock level,10,443,-0.0017953326186743723
stock level,10,444,0.0
stock level,10,445,-0.0008988764650172953
stock level,10,446,0.0
stock level,10,447,0.0008988764650172953
stock level,10,448,-0.0017985616359146306
stock level,10,449,-0.001801802289262966
stock level,10,450,0.002701487460160301
stock level,10,451,0.0008988764650172953
stock level,10,452,-0.0017985616359146306
stock level,10,453,-0.003606856930993274
stock level,10,454,0.0018050546417303082
stock level,10,455,0.0
stock level,10,456,0.0
stock level,10,457,-0.0009021200431380549
stock level,10,458,-0.0009029345985922532
stock level,10,459,0.0
stock level,10,460,-0.0018083187567841108
stock level,10,461,-0.0009053871148125836
stock level,10,462,0.0009053871148125836
stock level,10,463,-0.0009053871148125836
stock level,10,464,0.0
stock level,10,465,-0.0027210901143606137
stock level,10,466,0.0018148825308230698
stock level,10,467,-0.0009070295406425899
stock level,10,468,-0.0009078529901804799
stock level,10,469,0.0009078529901804799
stock level,10,470,-0.0018165309263986629
stock level,10,471,-0.0009095043828404314
stock level,10,472,0.0
stock level,10,473,0.0
stock level,10,474,-0.0018214941283911656
stock level,10,475,0.002730998511231597
stock level,10,476,-0.002730998511231597
stock level,10,477,0.0
stock level,10,478,0.0
stock level,10,479,-0.0036529720986910874
stock level,10,480,0.0018281540740625601
stock level,10,481,0.0
stock level,10,482,-0.0009136592686749268
stock level,10,483,0.0009136592686749268
stock level,10,484,-0.0018281540740625601
stock level,10,485,0.0
stock level,10,486,-0.0018315023434682942
stock level,10,487,0.0036596564175308544
stock level,10,488,-0.0036596564175308544
stock level,10,489,0.0
stock level,10,490,-0.0018348629001101457
stock level,10,491,0.00366636524357844
stock level,10,492,-0.0009153318716883518
stock level,10,493,-0.002751033371890088
stock level,10,494,-0.001838235811750799
stock level,10,495,0.0
stock level,10,496,-0.0018416211466494303
stock level,10,497,0.002761161441327431
stock level,10,498,-0.0009195402946780007
stock level,10,499,0.0
stock level,10,500,0.0009195402946780007
stock level,10,501,0.0009186955170727984
stock level,10,502,0.0018348629001101457
stock level,10,503,0.0
stock level,10,504,0.0
stock level,10,505,0.0018315023434682942
stock level,10,506,0.0
stock level,10,507,0.0036529720986910874
stock level,10,508,-0.0009119927672687211
stock level,10,509,0.0009119927672687211
stock level,10,510,0.0
stock level,10,511,0.000911161794245885
stock level,10,512,-0.000911161794245885
stock level,10,513,0.00363967644744978
stock level,10,514,-0.0009086779362181829
stock level,10,515,0.0
stock level,10,516,0.0018165309263986629
stock level,10,517,-0.0009078529901804799
stock level,10,518,-0.0018181823190586144
stock level,10,519,-0.0009103323341452807
stock level,10,520,-0.000911161794245885
stock level,10,521,0.0
stock level,10,522,-0.002738477293303454
stock level,10,523,-0.0009144948053876334
stock level,10,524,0.005474466227082253
stock level,10,525,-0.002733486895659887
stock level,10,526,0.0009119927672687211
stock level,10,527,0.0
stock level,10,528,-0.0018248180246285273
stock level,10,529,-0.0018281540740625601
stock level,10,530,-0.0009153318716883518
stock level,10,531,-0.0009161704717799424
stock level,10,532,0.0018315023434682942
stock level,10,533,-0.0009153318716883518
stock level,10,534,0.0
stock level,10,535,-0.0009161704717799424
stock level,10,536,-0.0009170106098812525
stock level,10,537,0.0
stock level,10,538,0.0009170106098812525
stock level,10,539,-0.0018348629001101457
stock level,10,540,-0.0009186955170727984
stock level,10,541,0.0009186955170727984
stock level,10,542,0.0009178522902288933
stock level,10,543,-0.0027560881019796923
stock level,10,544,-0.0009203866273290728
stock level,10,545,0.0018399269220070735
stock level,10,546,-0.0009195402946780007
stock level,10,547,-0.0018416211466494303
stock level,10,548,0.0009212345193203575
stock level,10,549,-0.0018433184942887593
stock level,10,550,-0.0009229349986012991
stock level,10,551,0.0009229349986012991
stock level,10,552,-0.0009229349986012991
stock level,10,553,-0.0009237875945640184
stock level,10,554,0.0009237875945640184
stock level,10,555,-0.0018484293617824221
stock level,10,556,0.003693448335352123
stock level,10,557,-0.0027688065681337193
stock level,10,558,0.0
stock level,10,559,0.0
stock level,10,560,-0.0018501392881606904
stock level,10,561,0.0027739268827247088
stock level,10,562,0.001845018973569701
stock level,10,563,0.0009212345193203575
stock level,10,564,-0.0027662534928900584
stock level,10,565,0.001845018973569701
stock level,10,566,0.0036798569584002294
stock level,10,567,-0.001838235811750799
stock level,10,568,0.001838235811750799
stock level,11,0,-0.0010198879007461414
stock level,11,1,0.0010198879007461414
stock level,11,2,-0.0010198879007461414
stock level,11,3,-0.0030659196218341123
stock level,11,4,0.0
stock level,11,5,0.0
stock level,11,6,0.0
stock level,11,7,-0.0020491810449358994
stock level,11,8,0.0
stock level,11,9,-0.0020533888118423604
stock level,11,10,0.0
stock level,11,11,-0.002057613894679733
stock level,11,12,0.0
stock level,11,13,0.002057613894679733
stock level,11,14,-0.004119470295238514
stock level,11,15,0.0020618564005587814
stock level,11,16,0.003084835351209847
stock level,11,17,-0.00411523214510634
stock level,11,18,-0.0010314596066622883
stock level,11,19,-0.002066116437472232
stock level,11,20,0.002066116437472232
stock level,11,21,-0.0031007776782487895
stock level,11,22,0.0
stock level,11,23,0.0020682530640598884
stock level,11,24,-0.0031039859375914247
stock level,11,25,0.0
stock level,11,26,-0.0010368067284405313
stock level,11,27,0.0010368067284405313
stock level,11,28,0.0010357328735315363
stock level,11,29,0.0020682530640598884
stock level,11,30,-0.0031039859375914247
stock level,11,31,-0.0010368067284405313
stock level,11,32,-0.001037882812419788
stock level,11,33,0.0
stock level,11,34,0.0
stock level,11,35,0.0
stock level,11,36,-0.0010389611324193027
stock level,11,37,-0.0020811662038244805
stock level,11,38,-0.001042209578443476
stock level,11,39,-0.0010432969125782066
stock level,11,40,0.0010432969125782066
stock level,11,41,-0.002087683430484155
stock level,11,42,-0.0010454784015525576
stock level,11,43,-0.0010465725706714224
stock level,11,44,0.0
stock level,11,45,0.0
stock level,11,46,-0.0010476690324434657
stock level,11,47,0.002094241603114888
stock level,11,48,-0.0010465725706714224
stock level,11,49,-0.0010476690324434657
stock level,11,50,-0.0031496089028966168
stock level,11,51,0.001050972245975501
stock level,11,52,-0.0021030501967791437
stock level,11,53,0.0
stock level,11,54,0.0
stock level,11,55,0.0
stock level,11,56,-0.0031628914085084503
stock level,11,57,-0.002114165692335135
stock level,11,58,0.0
stock level,11,59,0.0
stock level,11,60,-0.002118644860285457
stock level,11,61,0.002118644860285457
stock level,11,62,-0.002118644860285457
stock level,11,63,-0.0021231430480774804
stock level,11,64,-0.002127660377117202
stock level,11,65,0.0
stock level,11,66,0.0
stock level,11,67,0.0
stock level,11,68,-0.002132196969840905
stock level,11,69,0.0010666667678025377
stock level,11,70,0.0
stock level,11,71,-0.003203419717537237
stock level,11,72,0.001068947188905156
stock level,11,73,-0.0032102756302485602
stock level,11,74,0.0
stock level,11,75,0.0
stock level,11,76,0.0010712373814989462
stock level,11,77,-0.004291852081541592
stock level,11,78,0.0
stock level,11,79,-0.003231020581446309
stock level,11,80,0.0
stock level,11,81,-0.0021598280534300685
stock level,11,82,0.0
stock level,11,83,0.0
stock level,11,84,-0.0010816658707408777
stock level,11,85,-0.0032520353863771945
stock level,11,86,0.0
stock level,11,87,-0.0010863662122204687
stock level,11,88,0.003255564459766269
stock level,11,89,-0.0021691982475458005
stock level,11,90,-0.0032626456348161526
stock level,11,91,-0.0010899183640260546
stock level,11,92,0.0
stock level,11,93,0.0
stock level,11,94,-0.0010911075823338834
stock level,11,95,-0.001092299398609775
stock level,11,96,-0.0010934938213704726
stock level,11,97,-0.0010946908591815685
stock level,11,98,-0.0010958905206370773
stock level,11,99,-0.003294895896853056
stock level,11,100,0.0010995053334168503
stock level,11,101,-0.0010995053334168503
stock level,11,102,-0.0044101504775522216
stock level,11,103,0.0011043623430531113
stock level,11,104,-0.0033167526259942903
stock level,11,105,0.002212390282941179
stock level,11,106,-0.002212390282941179
stock level,11,107,0.004419896698151682
stock level,11,108,-0.003313089722960072
stock level,11,109,-0.0022148403295529917
stock level,11,110,-0.0011092624542863305
stock level,11,111,-0.0033351893061377424
stock level,11,112,-0.0011142062434039701
stock level,11,113,-0.0022321437839405434
stock level,11,114,0.0
stock level,11,115,0.0022321437839405434
stock level,11,116,-0.00446928118229728
stock level,11,117,-0.0011204482964890516
stock level,11,118,-0.0011217051091998442
stock level,11,119,-0.0011229647446242552
stock level,11,120,-0.0011242272122808927
stock level,11,121,-0.004509590505975325
stock level,11,122,-0.0011305823702860707
stock level,11,123,0.0011305823702860707
stock level,11,124,-0.004530019071749436
stock level,11,125,-0.001135718463928015
stock level,11,126,-0.001137009787075094
stock level,11,127,0.0
stock level,11,128,-0.0022779053129937665
stock level,11,129,-0.001140901435791264
stock level,11,130,-0.0011422045787776725
stock level,11,131,-0.0011435107020787427
stock level,11,132,0.0
stock level,11,133,-0.0022909517465556917
stock level,11,134,-0.0011474470564767358
stock level,11,135,-0.0022988515871107396
stock level,11,136,0.0
stock level,11,137,-0.002304148484849833
stock level,11,138,-0.0011540682181072626
stock level,11,139,-0.0023121397583789616
stock level,11,140,0.0
stock level,11,141,-0.0034782643763255905
stock level,11,142,0.0
stock level,11,143,-0.001162115180177281
stock level,11,144,0.0
stock level,11,145,-0.005830920310793353
stock level,11,146,0.0
stock level,11,147,-0.002341921445080608
stock level,11,148,0.0
stock level,11,149,-0.0011730206623630224
stock level,11,150,0.0011730206623630224
stock level,11,151,-0.002347418918304811
stock level,11,152,0.0
stock level,11,153,-0.002352942262026758
stock level,11,154,-0.002358491659292916
stock level,11,155,-0.0023640672948808117
stock level,11,156,0.0011827322490489678
stock level,11,157,-0.0011827322490489678
stock level,11,158,-0.002369669355318571
stock level,11,159,-0.0023752980289071246
stock level,11,160,0.0
stock level,11,161,-0.0023809535057424114
stock level,11,162,0.0011911853701533914
stock level,11,163,-0.004773278752657539
stock level,11,164,0.0
stock level,11,165,-0.0023952107259548328
stock level,11,166,-0.003603607503298356
stock level,11,167,-0.0024096397201534003
stock level,11,168,-0.0012070007500355473
stock level,11,169,0.0012070007500355473
stock level,11,170,-0.0036253816143165807
stock level,11,171,-0.0012113871862977632
stock level,11,172,-0.0036429912785012064
stock level,11,173,0.0
stock level,11,174,-0.002436054797880338
stock level,11,175,-0.0012202564052294917
stock level,11,176,-0.0024449889930666657
stock level,11,177,-0.0012247398958962208
stock level,11,178,-0.001226241723244037
stock level,11,179,0.0
stock level,11,180,0.0
stock level,11,181,-0.0024570036930517958
stock level,11,182,-0.0012307693861330904
stock level,11,183,0.003687773079184886
stock level,11,184,0.003674223361884721
stock level,11,185,-0.001223241742744463
stock level,11,186,0.0
stock level,11,187,0.004884014592425601
stock level,11,188,-0.0012187691941294432
stock level,11,189,0.004866189651172803
stock level,11,190,-0.00364742045704336
stock level,11,191,0.0
stock level,11,192,-0.004884014592425601
stock level,11,193,0.0
stock level,11,194,0.0
stock level,11,195,-0.0012247398958962208
stock level,11,196,0.0012247398958962208
stock level,11,197,0.0024449889930666657
stock level,11,198,0.002439025599358935
stock level,11,199,0.0
stock level,11,200,-0.002439025599358935
stock level,11,201,0.002439025599358935
stock level,11,202,0.001217285603750895
stock level,11,203,-0.001217285603750895
stock level,11,204,0.0
stock level,11,205,0.0
stock level,11,206,0.00364742045704336
stock level,11,207,-0.001214329232402278
stock level,11,208,-0.002433091224641082
stock level,11,209,0.002433091224641082
stock level,11,210,-0.003651860418770525
stock level,11,211,0.0012187691941294432
stock level,11,212,-0.002439025599358935
stock level,11,213,0.0
stock level,11,214,0.0
stock level,11,215,0.002439025599358935
stock level,11,216,-0.002439025599358935
stock level,11,217,0.0
stock level,11,218,-0.0024449889930666657
stock level,11,219,-0.002450981619140258
stock level,11,220,0.0
stock level,11,221,0.0
stock level,11,222,0.0
stock level,11,223,-0.0012277472383228627
stock level,11,224,0.0024539889615668997
stock level,11,225,-0.001226241723244037
stock level,11,226,0.0
stock level,11,227,-0.0024570036930517958
stock level,11,228,-0.0012307693861330904
stock level,11,229,0.0
stock level,11,230,-0.0012322860462647967
stock level,11,231,0.0
stock level,11,232,0.0012322860462647967
stock level,11,233,-0.0024660924951938057
stock level,11,234,0.0
stock level,11,235,0.0
stock level,11,236,0.0
stock level,11,237,-0.003710579396535074
stock level,11,238,0.0
stock level,11,239,0.0
stock level,11,240,-0.0012399257633211036
stock level,11,241,-0.0024844733276614406
stock level,11,242,0.0012430082395971098
stock level,11,243,0.0
stock level,11,244,-0.0024875634718020123
stock level,11,245,0.0
stock level,11,246,0.0012445552322049025
stock level,11,247,-0.0012445552322049025
stock level,11,248,0.0
stock level,11,249,-0.0024937668784019706
stock level,11,250,0.0012476607981550814
stock level,11,251,0.0
stock level,11,252,-0.0037476621002401345
stock level,11,253,0.0
stock level,11,254,0.0037476621002401345
stock level,11,255,-0.0024968801985876254
stock level,11,256,-0.0037570488777118882
stock level,11,257,0.0012539186595939
stock level,11,258,-0.0012539186595939
stock level,11,259,0.0
stock level,11,260,0.0012539186595939
stock level,11,261,-0.0025094116054260596
stock level,11,262,0.0
stock level,11,263,-0.0025157245972469156
stock level,11,264,0.0012586534071958866
stock level,11,265,0.0
stock level,11,266,-0.0025188930194843806
stock level,11,267,-0.0025252538671933777
stock level,11,268,-0.00253164692177954
stock level,11,269,0.0012666246151926686
stock level,11,270,-0.0038046970436642624
stock level,11,271,0.0
stock level,11,272,0.0
stock level,11,273,-0.002544530634994935
stock level,11,274,0.0
stock level,11,275,0.002544530634994935
stock level,11,276,-0.002544530634994935
stock level,11,277,0.0
stock level,11,278,-0.002551021791605379
stock level,11,279,-0.0025575461511166964
stock level,11,280,0.001279590705625111
stock level,11,281,-0.003843694674563025
stock level,11,282,0.0
stock level,11,283,0.0
stock level,11,284,-0.0012845216923569325
stock level,11,285,-0.0025740039951722693
stock level,11,286,0.0
stock level,11,287,-0.0025806465934916645
stock level,11,288,-0.0038835000263981456
stock level,11,289,0.0
stock level,11,290,0.0
stock level,11,291,0.005174655790018079
stock level,11,292,-0.0025839807659249203
stock level,11,293,0.005161301780225003
stock level,11,294,0.0025706955031008505
stock level,11,295,-0.0025706955031008505
stock level,11,296,0.005134799472038765
stock level,11,297,0.0
stock level,11,298,0.0
stock level,11,299,0.0
stock level,11,300,0.003833870510721482
stock level,11,301,-0.0012763243596047857
stock level,11,302,0.0
stock level,11,303,0.003824096438403757
stock level,11,304,0.0025412974286727064
stock level,11,305,0.0
stock level,11,306,0.0012682309879954445
stock level,11,307,0.0
stock level,11,308,0.0
stock level,11,309,0.005056900788972918
stock level,11,310,-0.0025252538671933777
stock level,11,311,0.0037854934794818718
stock level,11,312,-0.002522069432710161
stock level,11,313,0.0
stock level,11,314,0.0037807228399060477
stock level,11,315,0.0
stock level,11,316,0.001257071190051029
stock level,11,317,0.0025094116054260596
stock level,11,318,-0.0012539186595939
stock level,11,319,0.002506266976059379
stock level,11,320,0.0
stock level,11,321,0.001250781901652509
stock level,11,322,0.0
stock level,11,323,0.0037429862788345147
stock level,11,324,-0.0024937668784019706
stock level,11,325,0.0024937668784019706
stock level,11,326,0.0024875634718020123
stock level,11,327,0.0
stock level,11,328,-0.0024875634718020123
stock level,11,329,0.003729028559866343
stock level,11,330,0.0
stock level,11,331,0.0012399257633211036
stock level,11,332,0.0012383902511468037
stock level,11,333,0.0012368585373963015
stock level,11,334,-0.002475248788543105
stock level,11,335,0.0
stock level,11,336,0.0
stock level,11,337,0.002475248788543105
stock level,11,338,0.0
stock level,11,339,-0.0012368585373963015
stock level,11,340,0.0012368585373963015
stock level,11,341,0.002469137056920978
stock level,11,342,-0.002469137056920978
stock level,11,343,0.002469137056920978
stock level,11,344,-0.004944385845464083
stock level,11,345,0.002475248788543105
stock level,11,346,-0.0049566396399285395
stock level,11,347,0.0012414650880643308
stock level,11,348,-0.003729028559866343
stock level,11,349,0.0024875634718020123
stock level,11,350,-0.0024875634718020123
stock level,11,351,-0.0024937668784019706
stock level,11,352,0.0
stock level,11,353,0.0012476607981550814
stock level,11,354,0.0
stock level,11,355,0.0
stock level,11,356,-0.0024968801985876254
stock level,11,357,0.0
stock level,11,358,0.0
stock level,11,359,0.0
stock level,11,360,-0.0037570488777118882
stock level,11,361,0.002506266976059379
stock level,11,362,0.0
stock level,11,363,0.0
stock level,11,364,-0.0037617599218915387
stock level,11,365,-0.001257071190051029
stock level,11,366,0.001257071190051029
stock level,11,367,-0.001257071190051029
stock level,11,368,-0.0012586534071958866
stock level,11,369,0.0
stock level,11,370,0.0012586534071958866
stock level,11,371,-0.005044146886677758
stock level,11,372,0.0012634240467717106
stock level,11,373,0.0
stock level,11,374,-0.0012634240467717106
stock level,11,375,0.0
stock level,11,376,0.0
stock level,11,377,-0.00253164692177954
stock level,11,378,0.0012666246151926686
stock level,11,379,-0.002534855603188113
stock level,11,380,0.0037998779097749846
stock level,11,381,-0.00253164692177954
stock level,11,382,-0.002538072428471594
stock level,11,383,-0.001271455988196557
stock level,11,384,-0.0012730746467983778
stock level,11,385,0.0
stock level,11,386,0.0
stock level,11,387,0.0
stock level,11,388,-0.0012746974320005933
stock level,11,389,-0.002554279805096371
stock level,11,390,0.0
stock level,11,391,-0.003843694674563025
stock level,11,392,0.0012828738128893846
stock level,11,393,0.0025608208616736405
stock level,11,394,-0.001279590705625111
stock level,11,395,0.001279590705625111
stock level,11,396,-0.005128216366919958
stock level,11,397,0.0012845216923569325
stock level,11,398,-0.0025706955031008505
stock level,11,399,0.0025706955031008505
stock level,11,400,-0.0038585256875292018
stock level,11,401,-0.0012894908298717311
stock level,11,402,0.0
stock level,11,403,-0.0025839807659249203
stock level,11,404,0.0025839807659249203
stock level,11,405,-0.0025839807659249203
stock level,11,406,-0.0012944985626459626
stock level,11,407,-0.001296176461447196
stock level,11,408,0.001296176461447196
stock level,11,409,-0.001296176461447196
stock level,11,410,0.0025906750240931586
stock level,11,411,-0.005188079081777985
stock level,11,412,-0.002604168138388374
stock level,11,413,0.002604168138388374
stock level,11,414,-0.003908799765053317
stock level,11,415,0.0
stock level,11,416,0.0
stock level,11,417,0.0013046316266649427
stock level,11,418,-0.0013046316266649427
stock level,11,419,-0.002614380574070374
stock level,11,420,0.0013080446600151063
stock level,11,421,-0.0013080446600151063
stock level,11,422,0.0013080446600151063
stock level,11,423,0.003913899321136505
stock level,11,424,-0.0013029317804162943
stock level,11,425,0.0013029317804162943
stock level,11,426,0.0013012363579720798
stock level,11,427,0.0038935805191320227
stock level,11,428,-0.002594035177046372
stock level,11,429,-0.0039037134804740248
stock level,11,430,0.006497748657520397
stock level,11,431,0.0025873235649509496
stock level,11,432,0.0025806465934916645
stock level,11,433,0.0
stock level,11,434,-0.0012894908298717311
stock level,11,435,0.0025773210143000824
stock level,11,436,0.0
stock level,11,437,0.0
stock level,11,438,0.005134799472038765
stock level,11,439,-0.002564103968937914
stock level,11,440,-0.0012845216923569325
stock level,11,441,0.0038486256612948466
stock level,11,442,0.0
stock level,11,443,0.0025575461511166964
stock level,11,444,0.0
stock level,11,445,-0.0025575461511166964
stock level,11,446,0.003833870510721482
stock level,11,447,0.0012746974320005933
stock level,11,448,0.0012730746467983778
stock level,11,449,0.0025412974286727064
stock level,11,450,-0.0012698414404761493
stock level,11,451,-0.001271455988196557
stock level,11,452,0.001271455988196557
stock level,11,453,0.0
stock level,11,454,-0.002544530634994935
stock level,11,455,0.005082603063466529
stock level,11,456,0.0
stock level,11,457,0.0
stock level,11,458,0.0012666246151926686
stock level,11,459,0.0
stock level,11,460,-0.0012666246151926686
stock level,11,461,0.0012666246151926686
stock level,11,462,0.0012650223065868715
stock level,11,463,0.0025252538671933777
stock level,11,464,0.0
stock level,11,465,-0.0012618298204216671
stock level,11,466,0.0012618298204216671
stock level,11,467,0.001260239612288494
stock level,11,468,-0.001260239612288494
stock level,11,469,0.0025188930194843806
stock level,11,470,0.0
stock level,11,471,-0.0025188930194843806
stock level,11,472,0.0037759642095354096
stock level,11,473,0.0
stock level,11,474,0.0025094116054260596
stock level,11,475,0.0012523483164654792
stock level,11,476,0.0
stock level,11,477,0.0
stock level,11,478,0.001250781901652509
stock level,11,479,0.001249219400432544
stock level,11,480,0.0
stock level,11,481,0.0024937668784019706
stock level,11,482,-0.0024937668784019706
stock level,11,483,0.0024937668784019706
stock level,11,484,-0.0024937668784019706
stock level,11,485,0.0024937668784019706
stock level,11,486,0.0
stock level,11,487,0.0
stock level,11,488,-0.0024937668784019706
stock level,11,489,-0.002500001302085053
stock level,11,490,0.002500001302085053
stock level,11,491,-0.002500001302085053
stock level,11,492,-0.005018831111942568
stock level,11,493,0.0025125641358831885
stock level,11,494,-0.0012554929458321595
stock level,11,495,0.0037617599218915387
stock level,11,496,-0.005018831111942568
stock level,11,497,0.0
stock level,11,498,0.0
stock level,11,499,-0.0037807228399060477
stock level,11,500,-0.0012634240467717106
stock level,11,501,0.0012634240467717106
stock level,11,502,0.0012618298204216671
stock level,11,503,-0.0025252538671933777
stock level,11,504,0.0025252538671933777
stock level,11,505,-0.0012618298204216671
stock level,11,506,-0.0012634240467717106
stock level,11,507,0.0025252538671933777
stock level,11,508,-0.0037902761737802493
stock level,11,509,0.0012650223065868715
stock level,11,510,-0.00253164692177954
stock level,11,511,0.0
stock level,11,512,-0.002538072428471594
stock level,11,513,0.0012698414404761493
stock level,11,514,-0.0012698414404761493
stock level,11,515,0.0
stock level,11,516,0.0
stock level,11,517,-0.003819228066995528
stock level,11,518,0.0
stock level,11,519,-0.0012763243596047857
stock level,11,520,0.002551021791605379
stock level,11,521,-0.005108567942722075
stock level,11,522,0.005108567942722075
stock level,11,523,-0.005108567942722075
stock level,11,524,0.0
stock level,11,525,-0.0012812301560485295
stock level,11,526,-0.0012828738128893846
stock level,11,527,-0.0025706955031008505
stock level,11,528,0.0025706955031008505
stock level,11,529,-0.0025706955031008505
stock level,11,530,0.0
stock level,11,531,0.0
stock level,11,532,-0.0025773210143000824
stock level,11,533,0.0
stock level,11,534,0.005148016517400933
stock level,11,535,0.0
stock level,11,536,0.0
stock level,11,537,0.0012828738128893846
stock level,11,538,0.0025608208616736405
stock level,11,539,0.002554279805096371
stock level,11,540,0.0
stock level,11,541,0.0
stock level,11,542,0.0012746974320005933
stock level,11,543,0.0
stock level,11,544,0.003814372075471084
stock level,11,545,-0.0012698414404761493
stock level,11,546,0.002538072428471594
stock level,11,547,0.0
stock level,11,548,0.0
stock level,11,549,0.0
stock level,11,550,0.0037950709685512507
stock level,11,551,-0.0037950709685512507
stock level,11,552,-0.002538072428471594
stock level,11,553,0.0012698414404761493
stock level,11,554,0.002534855603188113
stock level,11,555,0.0012650223065868715
stock level,11,556,-0.00253164692177954
stock level,11,557,0.0
stock level,11,558,0.0012666246151926686
stock level,11,559,0.0
stock level,11,560,0.0012650223065868715
stock level,11,561,0.0012634240467717106
stock level,11,562,0.0012618298204216671
stock level,11,563,-0.0012618298204216671
stock level,11,564,0.0012618298204216671
stock level,11,565,0.001260239612288494
stock level,11,566,0.0012586534071958866
stock level,11,567,-0.0025188930194843806
stock level,11,568,0.0025188930194843806
stock level,12,0,0.0
stock level,12,1,0.001956947786961649
stock level,12,2,0.0019531256208820125
stock level,12,3,-0.0019531256208820125
stock level,12,4,0.0019531256208820125
stock level,12,5,0.0
stock level,12,6,0.001949318356049723
stock level,12,7,-0.001949318356049723
stock level,12,8,0.001949318356049723
stock level,12,9,-0.001949318356049723
stock level,12,10,0.00389484426154052
stock level,12,11,0.0
stock level,12,12,-0.0009722898189385987
stock level,12,13,-0.0009732360865521983
stock level,12,14,0.0038872740884015045
stock level,12,15,-0.002914038001849306
stock level,12,16,0.001943635208570882
stock level,12,17,0.0019398648178263755
stock level,12,18,0.0
stock level,12,19,0.0009685230781304455
stock level,12,20,-0.0009685230781304455
stock level,12,21,0.0009685230781304455
stock level,12,22,0.0009675859487359162
stock level,12,23,0.0009666506310948009
stock level,12,24,-0.0009666506310948009
stock level,12,25,0.002897153161153021
stock level,12,26,-0.0019305025300582201
stock level,12,27,0.0019305025300582201
stock level,12,28,0.001926782869699828
stock level,12,29,0.0
stock level,12,30,0.0
stock level,12,31,-0.0009629273733935406
stock level,12,32,0.0009629273733935406
stock level,12,33,0.0
stock level,12,34,0.0
stock level,12,35,0.0019230775157419444
stock level,12,36,-0.0019230775157419444
stock level,12,37,0.0009620010361910403
stock level,12,38,0.0009610764795509041
stock level,12,39,0.0
stock level,12,40,0.0
stock level,12,41,0.0009601536983430137
stock level,12,42,0.0028749420855991303
stock level,12,43,-0.0009573959563269341
stock level,12,44,0.0009573959563269341
stock level,12,45,0.0
stock level,12,46,0.0
stock level,12,47,0.0
stock level,12,48,0.0019120464716255725
stock level,12,49,0.0019083975257601082
stock level,12,50,0.0
stock level,12,51,0.0
stock level,12,52,0.0
stock level,12,53,0.0019047624806542984
stock level,12,54,0.0009510224207041063
stock level,12,55,-0.0009510224207041063
stock level,12,56,0.0019011412570240083
stock level,12,57,0.0018975337761917288
stock level,12,58,0.0018939399600705897
stock level,12,59,0.0
stock level,12,60,-0.0018939399600705897
stock level,12,61,0.0018939399600705897
stock level,12,62,0.0009456265480070059
stock level,12,63,-0.0009456265480070059
stock level,12,64,0.0
stock level,12,65,0.0009456265480070059
stock level,12,66,0.001888574687868072
stock level,12,67,-0.001888574687868072
stock level,12,68,0.002831526195738121
stock level,12,69,0.0
stock level,12,70,0.0009420631879013541
stock level,12,71,-0.0009420631879013541
stock level,12,72,0.0018832397279648916
stock level,12,73,0.0009402915596421479
stock level,12,74,0.0009394082419360572
stock level,12,75,0.0018761731582275232
stock level,12,76,-0.0009376465759638464
stock level,12,77,0.0009376465759638464
stock level,12,78,0.0018726597232916475
stock level,12,79,-0.0018726597232916475
stock level,12,80,0.002807676154198191
stock level,12,81,-0.002807676154198191
stock level,12,82,0.003741819145995251
stock level,12,83,0.0
stock level,12,84,0.0018656721829497513
stock level,12,85,0.0
stock level,12,86,0.0
stock level,12,87,0.0009315324381118373
stock level,12,88,0.0027894020875782743
stock level,12,89,-0.0009289364346587448
stock level,12,90,0.001857010747213117
stock level,12,91,-0.0009280743125543722
stock level,12,92,0.0027816429618772176
stock level,12,93,-0.0009263548601312621
stock level,12,94,0.0027764941482919525
stock level,12,95,0.0
stock level,12,96,0.0
stock level,12,97,0.0009237875945640184
stock level,12,98,0.0
stock level,12,99,0.0036866401202191312
stock level,12,100,-0.0018416211466494303
stock level,12,101,0.002761161441327431
stock level,12,102,0.0
stock level,12,103,0.0
stock level,12,104,0.0009186955170727984
stock level,12,105,0.0018348629001101457
stock level,12,106,0.0009161704717799424
stock level,12,107,0.0009153318716883518
stock level,12,108,0.0
stock level,12,109,0.0009144948053876334
stock level,12,110,0.002738477293303454
stock level,12,111,0.0
stock level,12,112,0.000911161794245885
stock level,12,113,-0.000911161794245885
stock level,12,114,0.0018214941283911656
stock level,12,115,0.0009095043828404314
stock level,12,116,0.0009086779362181829
stock level,12,117,0.0018148825308230698
stock level,12,118,0.0
stock level,12,119,0.0009062075835375438
stock level,12,120,0.0
stock level,12,121,0.0018099552452399692
stock level,12,122,0.0009037506263567252
stock level,12,123,-0.0018083187567841108
stock level,12,124,0.003613373398514419
stock level,12,125,-0.0018050546417303082
stock level,12,126,0.0027063615977427347
stock level,12,127,0.0
stock level,12,128,0.0018001805041478747
stock level,12,129,0.0
stock level,12,130,0.0017969456767019665
stock level,12,131,-0.0008980692116846711
stock level,12,132,0.0026917916657112073
stock level,12,133,0.0008956561279447328
stock level,12,134,0.0017889092427241238
stock level,12,135,0.0017857147602349244
stock level,12,136,0.0008916630104813805
stock level,12,137,0.0008908686558015688
stock level,12,138,0.001779359900077715
stock level,12,139,0.0
stock level,12,140,0.0
stock level,12,141,0.003549249511141106
stock level,12,142,0.0
stock level,12,143,0.0017699119664591478
stock level,12,144,0.0008837826470076138
stock level,12,145,0.0017652255245685922
stock level,12,146,-0.0008822232596905621
stock level,12,147,0.0017636688874969053
stock level,12,148,0.0008806693655936115
stock level,12,149,-0.0008806693655936115
stock level,12,150,0.001760563835032869
stock level,12,151,0.0035118561115394797
stock level,12,152,0.0
stock level,12,153,0.0017513139327345328
stock level,12,154,0.0
stock level,12,155,0.0
stock level,12,156,-0.0008752735788544186
stock level,12,157,0.0026235257723845606
stock level,12,158,0.0
stock level,12,159,0.0017452011410306056
stock level,12,160,0.0
stock level,12,161,0.0017421607193846
stock level,12,162,0.0
stock level,12,163,0.0034752424203032817
stock level,12,164,0.0
stock level,12,165,0.0008669267989862561
stock level,12,166,0.0017316021642779234
stock level,12,167,-0.0017316021642779234
stock level,12,168,0.0043233962717064145
stock level,12,169,0.0
stock level,12,170,-0.001727116146074792
stock level,12,171,0.003451254504215129
stock level,12,172,-0.0008616975974815588
stock level,12,173,0.0025828684182540584
stock level,12,174,0.0
stock level,12,175,0.003433479767891434
stock level,12,176,0.0
stock level,12,177,0.0017123291855130063
stock level,12,178,0.001709402125648296
stock level,12,179,0.0017064850557586553
stock level,12,180,-0.000852878516518274
stock level,12,181,0.0017050302510845938
stock level,12,182,0.0008514261902172748
stock level,12,183,0.0008507018803127764
stock level,12,184,0.000849978801704232
stock level,12,185,0.001697793277094739
stock level,12,186,0.0016949156599910253
stock level,12,187,0.0016920477810247192
stock level,12,188,0.0
stock level,12,189,0.0
stock level,12,190,-0.0008456660123430382
stock level,12,191,0.002534855603188113
stock level,12,192,0.0
stock level,12,193,0.0008435259884391755
stock level,12,194,0.0016849203649194067
stock level,12,195,0.0
stock level,12,196,0.001682086182984932
stock level,12,197,0.002517835992340345
stock level,12,198,0.0
stock level,12,199,0.0008378718546317998
stock level,12,200,0.0008371704130638591
stock level,12,201,0.0008364701449652401
stock level,12,202,0.0016708441648178862
stock level,12,203,0.0008343763521194703
stock level,12,204,-0.0016694494695412843
stock level,12,205,0.004168409537180118
stock level,12,206,0.0008316008795263841
stock level,12,207,0.0
stock level,12,208,0.0033195051228522843
stock level,12,209,0.0
stock level,12,210,0.0024824174932556176
stock level,12,211,0.0008261049623055072
stock level,12,212,0.0
stock level,12,213,0.003297612221556001
stock level,12,214,0.001644737212878944
stock level,12,215,0.001642036493743504
stock level,12,216,0.0
stock level,12,217,0.0008200082460314562
stock level,12,218,0.0008193363834019252
stock level,12,219,0.000818665620836434
stock level,12,220,0.002451983247286016
stock level,12,221,0.0
stock level,12,222,0.0016313217320842455
stock level,12,223,0.0
stock level,12,224,0.0008146639961763569
stock level,12,225,0.0016273396593753375
stock level,12,226,0.0008126778179908811
stock level,12,227,0.0016233769798903452
stock level,12,228,0.0008107013009892583
stock level,12,229,0.0
stock level,12,230,0.0016194335523023184
stock level,12,231,0.0
stock level,12,232,0.0008087343748526266
stock level,12,233,-0.0008087343748526266
stock level,12,234,0.0024242436115065047
stock level,12,235,0.0016129035754648413
stock level,12,236,0.0008054772888170803
stock level,12,237,0.0008048290172872896
stock level,12,238,0.0
stock level,12,239,0.0016077173880963969
stock level,12,240,0.0016051367812286443
stock level,12,241,0.001602564445541077
stock level,12,242,0.0
stock level,12,243,0.00080032017076892
stock level,12,244,0.0015987213636972086
stock level,12,245,-0.0007990411931322328
stock level,12,246,0.0007990411931322328
stock level,12,247,0.0015961695328226
stock level,12,248,0.0007971303730176516
stock level,12,249,-0.0007971303730176516
stock level,12,250,0.002389487397381096
stock level,12,251,0.0
stock level,12,252,0.0007952286701389255
stock level,12,253,0.0015885626851375179
stock level,12,254,0.0007933360193961292
stock level,12,255,0.0
stock level,12,256,0.0007927071362381355
stock level,12,257,0.0007920792493329998
stock level,12,258,0.0007914523563119502
stock level,12,259,0.001581027997318074
stock level,12,260,0.0007895776170183666
stock level,12,261,-0.0007895776170183666
stock level,12,262,0.0023668650102663946
stock level,12,263,0.0015748034750666662
stock level,12,264,0.0
stock level,12,265,0.0015723273679526528
stock level,12,266,0.0015698590351194142
stock level,12,267,0.0007840063122088736
stock level,12,268,-0.0007840063122088736
stock level,12,269,0.0007840063122088736
stock level,12,270,0.0007833921278042055
stock level,12,271,0.0031274458641945557
stock level,12,272,-0.001562500317890958
stock level,12,273,0.002342835901772311
stock level,12,274,0.0007797271350211687
stock level,12,275,0.0
stock level,12,276,0.0007791196342701312
stock level,12,277,0.0015564205476579218
stock level,12,278,0.0023300981416225497
stock level,12,279,0.0015503879074554305
stock level,12,280,0.0015479879252149331
stock level,12,281,0.0015455953617804497
stock level,12,282,0.0015432101828061207
stock level,12,283,0.0023103591331841145
stock level,12,284,0.0007689350628776737
stock level,12,285,0.0
stock level,12,286,0.0030698412442884404
stock level,12,287,0.0
stock level,12,288,0.0015313938674275107
stock level,12,289,0.0007648183929225283
stock level,12,290,0.0022909517465556917
stock level,12,291,0.0
stock level,12,292,0.003046460848165289
stock level,12,293,-0.0007607455673097618
stock level,12,294,0.0037979536727590357
stock level,12,295,-0.0007584376548619431
stock level,12,296,0.0022735894598726603
stock level,12,297,0.0
stock level,12,298,-0.0022735894598726603
stock level,12,299,-0.0022787704505873307
stock level,12,300,0.0
stock level,12,301,-0.002283975107831182
stock level,12,302,-0.0022892035941337596
stock level,12,303,0.0
stock level,12,304,-0.0007642338927560388
stock level,12,305,-0.0007648183929225283
stock level,12,306,-0.0022979711376232004
stock level,12,307,-0.0007671653617533636
stock level,12,308,0.0015337426319490532
stock level,12,309,-0.0015337426319490532
stock level,12,310,-0.0015360986123393872
stock level,12,311,0.0015360986123393872
stock level,12,312,-0.0015360986123393872
stock level,12,313,-0.0015384618419060914
stock level,12,314,0.0
stock level,12,315,0.0015384618419060914
stock level,12,316,-0.0015384618419060914
stock level,12,317,0.0
stock level,12,318,0.0007695267790284177
stock level,12,319,-0.001539646185592325
stock level,12,320,0.0
stock level,12,321,-0.0015420203518159425
stock level,12,322,-0.0007719027785819677
stock level,12,323,0.0007719027785819677
stock level,12,324,-0.0007719027785819677
stock level,12,325,-0.0015455953617804497
stock level,12,326,0.000773096288988917
stock level,12,327,-0.000773096288988917
stock level,12,328,-0.0015479879252149331
stock level,12,329,0.0007742934959047432
stock level,12,330,-0.0007742934959047432
stock level,12,331,0.0007742934959047432
stock level,12,332,-0.0007742934959047432
stock level,12,333,-0.002326484182343158
stock level,12,334,0.0007760962748877276
stock level,12,335,-0.0007760962748877276
stock level,12,336,0.0031007776782479013
stock level,12,337,0.00077369442931019
stock level,12,338,0.0023174981403624173
stock level,12,339,-0.0007719027785819677
stock level,12,340,0.0
stock level,12,341,0.0007719027785819677
stock level,12,342,0.000771307404224153
stock level,12,343,0.0
stock level,12,344,0.0
stock level,12,345,0.0015408323541556967
stock level,12,346,0.0
stock level,12,347,-0.0015408323541556967
stock level,12,348,-0.000771307404224153
stock level,12,349,0.000771307404224153
stock level,12,350,0.0
stock level,12,351,-0.0015432101828061207
stock level,12,352,-0.0015455953617804497
stock level,12,353,-0.00077369442931019
stock level,12,354,0.00077369442931019
stock level,12,355,-0.0030983758326703636
stock level,12,356,0.0015503879074554305
stock level,12,357,0.0
stock level,12,358,0.0015479879252149331
stock level,12,359,-0.002322881416139566
stock level,12,360,0.0
stock level,12,361,-0.0015515906914185251
stock level,12,362,0.0
stock level,12,363,0.0
stock level,12,364,0.0007760962748877276
stock level,12,365,-0.0007760962748877276
stock level,12,366,0.0007760962748877276
stock level,12,367,0.0
stock level,12,368,-0.001552795343060076
stock level,12,369,0.0
stock level,12,370,0.0007766990681723485
stock level,12,371,-0.0023319093349787323
stock level,12,372,-0.0007785130794140116
stock level,12,373,0.0007785130794140116
stock level,12,374,-0.0015576327136841428
stock level,12,375,-0.0007797271350211687
stock level,12,376,-0.000780335583881353
stock level,12,377,0.0
stock level,12,378,0.0
stock level,12,379,-0.001562500317890958
stock level,12,380,0.0
stock level,12,381,-0.0015649455463035977
stock level,12,382,0.0015649455463035977
stock level,12,383,0.0
stock level,12,384,0.0007815553348198279
stock level,12,385,-0.0015637219761828192
stock level,12,386,-0.0007827789049406064
stock level,12,387,0.0
stock level,12,388,-0.0015673984400130792
stock level,12,389,-0.0015698590351194142
stock level,12,390,0.0
stock level,12,391,0.0007852375747017248
stock level,12,392,-0.0015710922320408827
stock level,12,393,0.0007858546573391578
stock level,12,394,-0.0007858546573391578
stock level,12,395,-0.000786472710613495
stock level,12,396,-0.0007870917368171249
stock level,12,397,0.0
stock level,12,398,0.0
stock level,12,399,-0.001576044455465997
stock level,12,400,-0.0007889546760315724
stock level,12,401,-0.0015797791595186794
stock level,12,402,-0.0007908264548177613
stock level,12,403,-0.0007914523563119502
stock level,12,404,-0.0007920792493329998
stock level,12,405,0.0
stock level,12,406,-0.0007927071362381355
stock level,12,407,-0.00158730192057277
stock level,12,408,0.00158730192057277
stock level,12,409,0.0
stock level,12,410,-0.002381898704533647
stock level,12,411,-0.0007952286701389255
stock level,12,412,0.0
stock level,12,413,0.0
stock level,12,414,0.0
stock level,12,415,-0.002389487397381096
stock level,12,416,-0.0007977662967979526
stock level,12,417,-0.0007984032360246474
stock level,12,418,-0.0007990411931322328
stock level,12,419,-0.001600000341333896
stock level,12,420,0.0
stock level,12,421,-0.001602564445541077
stock level,12,422,0.0
stock level,12,423,-0.0016051367812286443
stock level,12,424,0.0
stock level,12,425,-0.0008035355996831584
stock level,12,426,0.0008035355996831584
stock level,12,427,-0.0032180236942007667
stock level,12,428,0.0
stock level,12,429,-0.0016129035754648413
stock level,12,430,0.0
stock level,12,431,-0.0016155092366538781
stock level,12,432,-0.001618123330410448
stock level,12,433,0.0
stock level,12,434,0.0
stock level,12,435,-0.0016207458977337552
stock level,12,436,-0.0016233769798903452
stock level,12,437,0.0008120179090109758
stock level,12,438,-0.0008120179090109758
stock level,12,439,-0.0032546814735425755
stock level,12,440,0.001628664855124029
stock level,12,441,-0.001628664855124029
stock level,12,442,0.0
stock level,12,443,0.0
stock level,12,444,-0.0016313217320842455
stock level,12,445,-0.002451983247286016
stock level,12,446,0.0
stock level,12,447,0.0016353233407304657
stock level,12,448,-0.003273325344968825
stock level,12,449,0.0016380020042383592
stock level,12,450,-0.000818665620836434
stock level,12,451,0.0
stock level,12,452,-0.0016393446294333813
stock level,12,453,0.0016393446294333813
stock level,12,454,-0.004103411584591932
stock level,12,455,-0.0008227067514638975
stock level,12,456,0.0
stock level,12,457,0.0008227067514638975
stock level,12,458,0.0008220304614150464
stock level,12,459,-0.001644737212878944
stock level,12,460,0.0
stock level,12,461,0.001644737212878944
stock level,12,462,-0.001644737212878944
stock level,12,463,0.0
stock level,12,464,0.0
stock level,12,465,0.0024660924951938057
stock level,12,466,0.0008206812114286421
stock level,12,467,0.0
stock level,12,468,0.0
stock level,12,469,0.003276006205901183
stock level,12,470,-0.0016366615764678016
stock level,12,471,0.0016366615764678016
stock level,12,472,0.0
stock level,12,473,0.0
stock level,12,474,0.0
stock level,12,475,0.0032653090237388938
stock level,12,476,-0.0016313217320842455
stock level,12,477,0.0
stock level,12,478,0.0
stock level,12,479,0.0024459857282606023
stock level,12,480,0.0
stock level,12,481,-0.0008146639961763569
stock level,12,482,0.001628664855124029
stock level,12,483,0.0
stock level,12,484,0.0008133388004276654
stock level,12,485,0.0008126778179908811
stock level,12,486,0.0008120179090109758
stock level,12,487,0.0
stock level,12,488,0.0
stock level,12,489,0.0008113590708793694
stock level,12,490,0.0016207458977337552
stock level,12,491,-0.0008100445967444969
stock level,12,492,0.0008100445967444969
stock level,12,493,-0.0008100445967444969
stock level,12,494,0.0008100445967444969
stock level,12,495,0.0
stock level,12,496,0.001618123330410448
stock level,12,497,0.0
stock level,12,498,0.0008080808520531946
stock level,12,499,-0.0008080808520531946
stock level,12,500,-0.0008087343748526266
stock level,12,501,0.003231020581447197
stock level,12,502,-0.0008067769699406924
stock level,12,503,0.0024183808642819216
stock level,12,504,-0.003225809248882605
stock level,12,505,0.0008074283846006836
stock level,12,506,-0.0016155092366538781
stock level,12,507,0.0032284128121187194
stock level,12,508,0.0
stock level,12,509,0.0024144880945176084
stock level,12,510,0.0008035355996831584
stock level,12,511,-0.0008035355996831584
stock level,12,512,0.0008035355996831584
stock level,12,513,0.0
stock level,12,514,0.0008028904485906097
stock level,12,515,0.0024048107781791117
stock level,12,516,-0.0008009611962043195
stock level,12,517,0.0008009611962043195
stock level,12,518,0.0
stock level,12,519,-0.0008009611962043195
stock level,12,520,0.0016012813669732395
stock level,12,521,0.0
stock level,12,522,0.0007996801705649759
stock level,12,523,-0.001600000341333896
stock level,12,524,0.001600000341333896
stock level,12,525,0.0015974444291568801
stock level,12,526,-0.0015974444291568801
stock level,12,527,0.0023952107259548328
stock level,12,528,-0.0007977662967979526
stock level,12,529,0.0
stock level,12,530,0.0007977662967979526
stock level,12,531,0.002389487397381096
stock level,12,532,-0.0007958615621035392
stock level,12,533,0.0023856870162033417
stock level,12,534,0.0
stock level,12,535,0.0
stock level,12,536,0.0007939659011766409
stock level,12,537,0.0
stock level,12,538,0.0007933360193961292
stock level,12,539,0.0015847863855711353
stock level,12,540,0.0
stock level,12,541,0.0
stock level,12,542,0.0015822788111297115
stock level,12,543,0.0015797791595186794
stock level,12,544,-0.0007895776170183666
stock level,12,545,0.0023668650102663946
stock level,12,546,-0.0007883327172164556
stock level,12,547,0.0007883327172164556
stock level,12,548,0.0007877117382495413
stock level,12,549,-0.0007877117382495413
stock level,12,550,0.0015748034750666662
stock level,12,551,0.0
stock level,12,552,0.0015723273679526528
stock level,12,553,0.0007852375747017248
stock level,12,554,0.0007846214604176893
stock level,12,555,0.0
stock level,12,556,0.0
stock level,12,557,0.0
stock level,12,558,0.0007840063122088736
stock level,12,559,0.0007833921278042055
stock level,12,560,0.0
stock level,12,561,0.0007827789049406064
stock level,12,562,0.0007821666413629913
stock level,12,563,0.001562500317890958
stock level,12,564,0.0
stock level,12,565,0.0
stock level,12,566,-0.001562500317890958
stock level,12,567,0.00312256303679348
stock level,12,568,0.0007791196342701312
stock level,13,0,-0.002008032803245463
stock level,13,1,-0.004028202828604499
stock level,13,2,0.0
stock level,13,3,0.0010085729548849898
stock level,13,4,0.0010075567602996216
stock level,13,5,-0.0020161297151846114
stock level,13,6,0.0
stock level,13,7,0.0
stock level,13,8,0.0
stock level,13,9,-0.0010095912013525776
stock level,13,10,0.003025720916537189
stock level,13,11,-0.0020161297151846114
stock level,13,12,0.00302267232658604
stock level,13,13,-0.00302267232658604
stock level,13,14,0.00302267232658604
stock level,13,15,-0.0020140993717010502
stock level,13,16,0.0030196298737195093
stock level,13,17,0.0
stock level,13,18,0.0010045204260054064
stock level,13,19,0.0
stock level,13,20,0.0
stock level,13,21,0.0
stock level,13,22,0.0010035123772400567
stock level,13,23,0.0
stock level,13,24,0.0
stock level,13,25,0.0
stock level,13,26,0.002004008686715686
stock level,13,27,0.0
stock level,13,28,-0.0030075210639557426
stock level,13,29,0.0030075210639557426
stock level,13,30,-0.0010015023370897325
stock level,13,31,-0.0010025063496259534
stock level,13,32,0.0
stock level,13,33,0.0
stock level,13,34,0.0
stock level,13,35,-0.002008032803245463
stock level,13,36,-0.0020120731134198877
stock level,13,37,0.0
stock level,13,38,-0.0010075567602996216
stock level,13,39,0.0
stock level,13,40,-0.0010085729548849898
stock level,13,41,0.0020161297151846114
stock level,13,42,0.003016593539425294
stock level,13,43,-0.0010045204260054064
stock level,13,44,0.002008032803245463
stock level,13,45,-0.0010035123772400567
stock level,13,46,0.0
stock level,13,47,-0.003016593539425294
stock level,13,48,0.0020120731134198877
stock level,13,49,-0.0020120731134198877
stock level,13,50,-0.0010075567602996216
stock level,13,51,-0.0020181641562375674
stock level,13,52,0.0010095912013525776
stock level,13,53,-0.0010095912013525776
stock level,13,54,-0.0010106115059231868
stock level,13,55,0.0010106115059231868
stock level,13,56,-0.0010106115059231868
stock level,13,57,0.0
stock level,13,58,-0.0010116338748442644
stock level,13,59,0.002022245380767451
stock level,13,60,0.0010095912013525776
stock level,13,61,-0.0010095912013525776
stock level,13,62,-0.002022245380767451
stock level,13,63,0.0010116338748442644
stock level,13,64,0.0
stock level,13,65,-0.0020242921892306143
stock level,13,66,0.0020242921892306143
stock level,13,67,-0.0020242921892306143
stock level,13,68,-0.0010136848308466284
stock level,13,69,0.0
stock level,13,70,0.0010136848308466284
stock level,13,71,0.0
stock level,13,72,-0.002028398261392894
stock level,13,73,-0.0020325210249225734
stock level,13,74,0.0020325210249225734
stock level,13,75,0.0010147134305462657
stock level,13,76,-0.0020304575503820033
stock level,13,77,0.0010157441198357375
stock level,13,78,-0.0020325210249225734
stock level,13,79,0.0
stock level,13,80,-0.0010178117927006625
stock level,13,81,-0.0010188487891023001
stock level,13,82,0.0020366605818029626
stock level,13,83,-0.0020366605818029626
stock level,13,84,-0.0020408170348531485
stock level,13,85,0.0
stock level,13,86,0.0
stock level,13,87,-0.0020449904877271052
stock level,13,88,0.0
stock level,13,89,0.001023017992034525
stock level,13,90,0.0
stock level,13,91,-0.002047083621724788
stock level,13,92,0.0010240656296902628
stock level,13,93,0.0
stock level,13,94,-0.0020491810449358994
stock level,13,95,-0.0010261673553122463
stock level,13,96,0.0010261673553122463
stock level,13,97,-0.004111002706522093
stock level,13,98,0.0
stock level,13,99,0.0010293361691138259
stock level,13,100,-0.002059732963010319
stock level,13,101,0.0
stock level,13,102,0.001030396793896493
stock level,13,103,-0.0020618564005587814
stock level,13,104,-0.002066116437472232
stock level,13,105,0.0
stock level,13,106,-0.0010346612407765576
stock level,13,107,0.0
stock level,13,108,-0.0010357328735315363
stock level,13,109,-0.0020746895408603194
stock level,13,110,-0.0010389611324193027
stock level,13,111,0.0
stock level,13,112,-0.0020811662038244805
stock level,13,113,-0.001042209578443476
stock level,13,114,0.001042209578443476
stock level,13,115,-0.003129893008927631
stock level,13,116,0.0
stock level,13,117,-0.0010454784015525576
stock level,13,118,0.0010454784015525576
stock level,13,119,0.0010443865179059486
stock level,13,120,-0.0010443865179059486
stock level,13,121,-0.0010454784015525576
stock level,13,122,-0.0010465725706714224
stock level,13,123,0.0010465725706714224
stock level,13,124,-0.005243850506011505
stock level,13,125,0.00210084110881148
stock level,13,126,-0.00210084110881148
stock level,13,127,-0.0010520779508036426
stock level,13,128,0.0
stock level,13,129,0.0
stock level,13,130,0.0
stock level,13,131,-0.0021074823395643705
stock level,13,132,0.001054296354905837
stock level,13,133,-0.001054296354905837
stock level,13,134,-0.0010554090689440798
stock level,13,135,-0.002114165692335135
stock level,13,136,0.0
stock level,13,137,-0.002118644860285457
stock level,13,138,0.002118644860285457
stock level,13,139,-0.0031796529173799826
stock level,13,140,0.0021208915691373065
stock level,13,141,-0.003183026560120261
stock level,13,142,-0.0031931905791555693
stock level,13,143,0.0021299262578251543
stock level,13,144,-0.0021299262578251543
stock level,13,145,-0.003203419717537237
stock level,13,146,0.0
stock level,13,147,-0.002141328441343404
stock level,13,148,0.002141328441343404
stock level,13,149,-0.002141328441343404
stock level,13,150,-0.0021459235702767643
stock level,13,151,0.0
stock level,13,152,-0.0010746911297658812
stock level,13,153,-0.0010758473334631091
stock level,13,154,0.0010758473334631091
stock level,13,155,-0.0010758473334631091
stock level,13,156,0.0
stock level,13,157,-0.0021551732479831998
stock level,13,158,0.0
stock level,13,159,-0.0021598280534300685
stock level,13,160,-0.0010816658707408777
stock level,13,161,-0.001082837138831394
stock level,13,162,-0.0021691982475458005
stock level,13,163,0.0
stock level,13,164,-0.0010863662122204687
stock level,13,165,-0.0010875476873994927
stock level,13,166,-0.0021786500992222457
stock level,13,167,0.0
stock level,13,168,0.0
stock level,13,169,-0.0021834069809436585
stock level,13,170,-0.002188184680552041
stock level,13,171,0.0
stock level,13,172,0.003280484079161816
stock level,13,173,0.0
stock level,13,174,-0.001092299398609775
stock level,13,175,0.0021834069809436585
stock level,13,176,0.0010899183640260546
stock level,13,177,0.002176279422595684
stock level,13,178,-0.0010875476873994927
stock level,13,179,0.0021739138996199614
stock level,13,180,0.0
stock level,13,181,0.0010851873012871494
stock level,13,182,0.003248513955830923
stock level,13,183,-0.0021645030095722717
stock level,13,184,0.0
stock level,13,185,0.0021645030095722717
stock level,13,186,0.0
stock level,13,187,0.0
stock level,13,188,0.0
stock level,13,189,0.0021598280534300685
stock level,13,190,0.0
stock level,13,191,0.0021551732479831998
stock level,13,192,0.0021505384632289903
stock level,13,193,0.0
stock level,13,194,0.0
stock level,13,195,0.0021459235702767643
stock level,13,196,0.0
stock level,13,197,0.002141328441343404
stock level,13,198,0.0021367529497346993
stock level,13,199,0.0
stock level,13,200,0.0
stock level,13,201,0.002132196969840905
stock level,13,202,0.0
stock level,13,203,0.0
stock level,13,204,0.001064396055786787
stock level,13,205,0.001063264321330415
stock level,13,206,0.0
stock level,13,207,0.0
stock level,13,208,0.0021231430480774804
stock level,13,209,-0.0010610080570945257
stock level,13,210,0.0021208915691373065
stock level,13,211,0.001058761348242676
stock level,13,212,-0.002118644860285457
stock level,13,213,0.004232810552620592
stock level,13,214,-0.0010565241342002096
stock level,13,215,0.0010565241342002096
stock level,13,216,0.002109705423849917
stock level,13,217,-0.001054296354905837
stock level,13,218,-0.0010554090689440798
stock level,13,219,0.0
stock level,13,220,0.002109705423849917
stock level,13,221,0.002105263935462176
stock level,13,222,0.0
stock level,13,223,0.0
stock level,13,224,0.001050972245975501
stock level,13,225,0.0010498688628359787
stock level,13,226,0.0
stock level,13,227,0.001048767794085137
stock level,13,228,0.0010476690324434657
stock level,13,229,0.0
stock level,13,230,0.00209205097222398
stock level,13,231,-0.00209205097222398
stock level,13,232,-0.0010476690324434657
stock level,13,233,0.0010476690324434657
stock level,13,234,0.00209205097222398
stock level,13,235,0.0
stock level,13,236,0.002087683430484155
stock level,13,237,-0.0010432969125782066
stock level,13,238,0.0020855064910216825
stock level,13,239,0.0010411245084105403
stock level,13,240,0.0
stock level,13,241,0.002079002827833243
stock level,13,242,0.0
stock level,13,243,0.0
stock level,13,244,0.0020746895408603194
stock level,13,245,0.0
stock level,13,246,0.0
stock level,13,247,0.0010357328735315363
stock level,13,248,-0.0010357328735315363
stock level,13,249,0.0010357328735315363
stock level,13,250,0.0010346612407765576
stock level,13,251,0.002066116437472232
stock level,13,252,-0.001032524614188901
stock level,13,253,0.0030943810147476825
stock level,13,254,-0.0020618564005587814
stock level,13,255,0.0020618564005587814
stock level,13,256,0.0
stock level,13,257,0.0
stock level,13,258,0.002057613894679733
stock level,13,259,0.001027221456530114
stock level,13,260,0.0030753484002481457
stock level,13,261,-0.0010240656296902628
stock level,13,262,0.0
stock level,13,263,0.003069056117417368
stock level,13,264,-0.0010219724956925802
stock level,13,265,0.0010219724956925802
stock level,13,266,0.001020929134107007
stock level,13,267,0.0
stock level,13,268,0.003056548482549104
stock level,13,269,-0.0010178117927006625
stock level,13,270,0.0010178117927006625
stock level,13,271,0.0020325210249225734
stock level,13,272,0.0
stock level,13,273,-0.0020325210249225734
stock level,13,274,0.0020325210249225734
stock level,13,275,0.0
stock level,13,276,0.002028398261392894
stock level,13,277,0.0020242921892306143
stock level,13,278,0.0
stock level,13,279,0.0010106115059231868
stock level,13,280,0.0
stock level,13,281,0.0
stock level,13,282,0.0010095912013525776
stock level,13,283,0.0010085729548849898
stock level,13,284,0.0010075567602996216
stock level,13,285,-0.0020161297151846114
stock level,13,286,0.0
stock level,13,287,0.0
stock level,13,288,0.00302267232658604
stock level,13,289,-0.0010065426114014286
stock level,13,290,0.0020120731134198877
stock level,13,291,0.002008032803245463
stock level,13,292,-0.002008032803245463
stock level,13,293,0.002008032803245463
stock level,13,294,0.0
stock level,13,295,0.0010025063496259534
stock level,13,296,0.0010015023370897325
stock level,13,297,-0.0010015023370897325
stock level,13,298,0.0
stock level,13,299,0.0
stock level,13,300,0.003001503003756234
stock level,13,301,-0.0009995003330836028
stock level,13,302,0.0009995003330836028
stock level,13,303,0.0019960086467154525
stock level,13,304,0.0
stock level,13,305,-0.0019960086467154525
stock level,13,306,-0.0009995003330836028
stock level,13,307,-0.0020020026706726313
stock level,13,308,0.0010015023370897325
stock level,13,309,-0.0030075210639557426
stock level,13,310,0.00200601872686601
stock level,13,311,-0.0010025063496259534
stock level,13,312,0.0010025063496259534
stock level,13,313,-0.0010025063496259534
stock level,13,314,-0.0010035123772400567
stock level,13,315,0.0
stock level,13,316,0.0010035123772400567
stock level,13,317,0.0010025063496259534
stock level,13,318,0.0
stock level,13,319,0.0010015023370897325
stock level,13,320,0.0
stock level,13,321,0.0
stock level,13,322,0.0010005003335828988
stock level,13,323,0.0009995003330836028
stock level,13,324,0.0019960086467154525
stock level,13,325,0.0
stock level,13,326,0.0
stock level,13,327,0.0
stock level,13,328,0.0
stock level,13,329,0.001992032531240362
stock level,13,330,-0.000995520241501957
stock level,13,331,0.0
stock level,13,332,0.0019900504080103687
stock level,13,333,0.0009935420588780275
stock level,13,334,0.0
stock level,13,335,-0.001988072225386439
stock level,13,336,0.0
stock level,13,337,0.001988072225386439
stock level,13,338,0.0
stock level,13,339,0.0009925559127514916
stock level,13,340,-0.0009925559127514916
stock level,13,341,0.0019841276350467396
stock level,13,342,0.0009905894816961691
stock level,13,343,-0.0009905894816961691
stock level,13,344,-0.0019841276350467396
stock level,13,345,-0.0009935420588780275
stock level,13,346,0.0009935420588780275
stock level,13,347,-0.001988072225386439
stock level,13,348,0.0009945301665084116
stock level,13,349,0.0
stock level,13,350,-0.0009945301665084116
stock level,13,351,0.0029806281381379307
stock level,13,352,0.000991571722295248
stock level,13,353,-0.000991571722295248
stock level,13,354,0.0
stock level,13,355,-0.0029806281381379307
stock level,13,356,0.0009945301665084116
stock level,13,357,0.0009935420588780275
stock level,13,358,-0.001988072225386439
stock level,13,359,0.0
stock level,13,360,-0.000995520241501957
stock level,13,361,-0.00399202126953746
stock level,13,362,0.0029955089797990553
stock level,13,363,-0.000997506317125918
stock level,13,364,-0.0009985023295895346
stock level,13,365,-0.0020000006666665016
stock level,13,366,0.0020000006666665016
stock level,13,367,-0.0009995003330836028
stock level,13,368,0.0009995003330836028
stock level,13,369,-0.0020000006666665016
stock level,13,370,-0.0030075210639557426
stock level,13,371,0.0
stock level,13,372,0.0030075210639557426
stock level,13,373,0.0
stock level,13,374,-0.002004008686715686
stock level,13,375,0.0
stock level,13,376,0.0
stock level,13,377,-0.002008032803245463
stock level,13,378,-0.001005530502018459
stock level,13,379,0.001005530502018459
stock level,13,380,0.0010045204260054064
stock level,13,381,-0.0010045204260054064
stock level,13,382,-0.0030196298737195093
stock level,13,383,0.0010075567602996216
stock level,13,384,0.0
stock level,13,385,-0.0010075567602996216
stock level,13,386,0.0010075567602996216
stock level,13,387,0.0
stock level,13,388,-0.0010075567602996216
stock level,13,389,0.0
stock level,13,390,-0.0010085729548849898
stock level,13,391,0.0020161297151846114
stock level,13,392,0.0020120731134198877
stock level,13,393,0.0
stock level,13,394,0.0
stock level,13,395,0.002008032803245463
stock level,13,396,-0.0010035123772400567
stock level,13,397,0.0010035123772400567
stock level,13,398,0.0
stock level,13,399,0.0
stock level,13,400,0.0010025063496259534
stock level,13,401,0.0010015023370897325
stock level,13,402,0.0
stock level,13,403,0.0
stock level,13,404,0.0010005003335828988
stock level,13,405,0.0009995003330836028
stock level,13,406,-0.0009995003330836028
stock level,13,407,0.0009995003330836028
stock level,13,408,-0.003001503003756234
stock level,13,409,0.0010015023370897325
stock level,13,410,-0.0010015023370897325
stock level,13,411,-0.0010025063496259534
stock level,13,412,0.002004008686715686
stock level,13,413,-0.002004008686715686
stock level,13,414,-0.002008032803245463
stock level,13,415,-0.001005530502018459
stock level,13,416,0.001005530502018459
stock level,13,417,0.0
stock level,13,418,-0.0030196298737195093
stock level,13,419,0.0010075567602996216
stock level,13,420,-0.0010075567602996216
stock level,13,421,0.0010075567602996216
stock level,13,422,-0.0010075567602996216
stock level,13,423,-0.0010085729548849898
stock level,13,424,-0.0010095912013525776
stock level,13,425,-0.0010106115059231868
stock level,13,426,0.0020202027072757645
stock level,13,427,0.0
stock level,13,428,-0.0020202027072757645
stock level,13,429,-0.0020242921892306143
stock level,13,430,0.0
stock level,13,431,0.0020242921892306143
stock level,13,432,0.0020202027072757645
stock level,13,433,-0.006072893157899273
stock level,13,434,0.0010147134305462657
stock level,13,435,0.0
stock level,13,436,-0.0010147134305462657
stock level,13,437,0.0
stock level,13,438,-0.0010157441198357375
stock level,13,439,-0.0010167769050868358
stock level,13,440,0.0
stock level,13,441,-0.0020366605818029626
stock level,13,442,0.0020366605818029626
stock level,13,443,-0.0010178117927006625
stock level,13,444,0.0020345886977874983
stock level,13,445,-0.00407332538763594
stock level,13,446,0.0
stock level,13,447,-0.001020929134107007
stock level,13,448,0.001020929134107007
stock level,13,449,0.0010198879007461414
stock level,13,450,0.0
stock level,13,451,0.0
stock level,13,452,-0.0010198879007461414
stock level,13,453,-0.001020929134107007
stock level,13,454,0.0
stock level,13,455,0.0
stock level,13,456,0.0
stock level,13,457,-0.0020449904877271052
stock level,13,458,0.0020449904877271052
stock level,13,459,0.0
stock level,13,460,-0.0020449904877271052
stock level,13,461,-0.0020491810449358994
stock level,13,462,0.0
stock level,13,463,0.0
stock level,13,464,-0.0020533888118423604
stock level,13,465,0.0020533888118423604
stock level,13,466,-0.0020533888118423604
stock level,13,467,-0.001028277725565907
stock level,13,468,-0.0010293361691138259
stock level,13,469,0.0
stock level,13,470,0.0010293361691138259
stock level,13,471,-0.0010293361691138259
stock level,13,472,0.002057613894679733
stock level,13,473,-0.002057613894679733
stock level,13,474,0.002057613894679733
stock level,13,475,0.0
stock level,13,476,0.001027221456530114
stock level,13,477,0.002051282770557883
stock level,13,478,-0.0010251154152456365
stock level,13,479,-0.005141399500418586
stock level,13,480,0.003088010688576226
stock level,13,481,-0.002057613894679733
stock level,13,482,0.002057613894679733
stock level,13,483,0.0020533888118423604
stock level,13,484,-0.0020533888118423604
stock level,13,485,0.0020533888118423604
stock level,13,486,-0.0020533888118423604
stock level,13,487,-0.001028277725565907
stock level,13,488,-0.0010293361691138259
stock level,13,489,0.0
stock level,13,490,0.0
stock level,13,491,-0.001030396793896493
stock level,13,492,0.001030396793896493
stock level,13,493,-0.0020618564005587814
stock level,13,494,0.0010314596066622883
stock level,13,495,-0.0010314596066622883
stock level,13,496,0.0010314596066622883
stock level,13,497,-0.0010314596066622883
stock level,13,498,-0.002066116437472232
stock level,13,499,0.0
stock level,13,500,0.002066116437472232
stock level,13,501,0.0
stock level,13,502,0.0010314596066622883
stock level,13,503,0.001030396793896493
stock level,13,504,0.0010293361691138259
stock level,13,505,-0.004123717183861508
stock level,13,506,0.004123717183861508
stock level,13,507,0.001028277725565907
stock level,13,508,-0.003088010688576226
stock level,13,509,0.001030396793896493
stock level,13,510,0.0
stock level,13,511,0.002057613894679733
stock level,13,512,-0.001028277725565907
stock level,13,513,0.0
stock level,13,514,0.001028277725565907
stock level,13,515,0.001027221456530114
stock level,13,516,0.002051282770557883
stock level,13,517,-0.0010251154152456365
stock level,13,518,0.0010251154152456365
stock level,13,519,0.0010240656296902628
stock level,13,520,0.001023017992034525
stock level,13,521,0.0
stock level,13,522,0.0010219724956925802
stock level,13,523,-0.0020449904877271052
stock level,13,524,0.0020449904877271052
stock level,13,525,0.0
stock level,13,526,0.0020408170348531485
stock level,13,527,-0.004085807522580254
stock level,13,528,0.0030659196218341123
stock level,13,529,0.0
stock level,13,530,-0.001020929134107007
stock level,13,531,0.0030596658239554486
stock level,13,532,-0.0010188487891023001
stock level,13,533,0.0010188487891023001
stock level,13,534,-0.0010188487891023001
stock level,13,535,0.0010188487891023001
stock level,13,536,0.0010178117927006625
stock level,13,537,0.0
stock level,13,538,0.0
stock level,13,539,0.0
stock level,13,540,0.0020325210249225734
stock level,13,541,0.0010147134305462657
stock level,13,542,-0.0020304575503820033
stock level,13,543,0.0020304575503820033
stock level,13,544,0.0
stock level,13,545,0.0030379770200772427
stock level,13,546,-0.0020242921892306143
stock level,13,547,0.0020242921892306143
stock level,13,548,0.0020202027072757645
stock level,13,549,0.0
stock level,13,550,0.0
stock level,13,551,0.0020161297151846114
stock level,13,552,-0.0010075567602996216
stock level,13,553,0.0010075567602996216
stock level,13,554,0.0
stock level,13,555,0.0020120731134198877
stock level,13,556,-0.001005530502018459
stock level,13,557,0.003013563305263922
stock level,13,558,-0.003013563305263922
stock level,13,559,0.001005530502018459
stock level,13,560,0.002008032803245463
stock level,13,561,-0.0010035123772400567
stock level,13,562,0.0010035123772400567
stock level,13,563,0.002004008686715686
stock level,13,564,-0.0010015023370897325
stock level,13,565,0.0010015023370897325
stock level,13,566,0.0020000006666665016
stock level,13,567,0.0
stock level,13,568,-0.0020000006666665016
stock level,14,0,0.0020120731134198877
stock level,14,1,-0.0020120731134198877
stock level,14,2,-0.0020161297151846114
stock level,14,3,0.0
stock level,14,4,0.0010085729548849898
stock level,14,5,-0.0010085729548849898
stock level,14,6,-0.004044494896506379
stock level,14,7,0.004044494896506379
stock level,14,8,-0.0020202027072757645
stock level,14,9,0.0010106115059231868
stock level,14,10,-0.0040485885260004295
stock level,14,11,0.0
stock level,14,12,0.0
stock level,14,13,0.0
stock level,14,14,-0.0010147134305462657
stock level,14,15,0.0
stock level,14,16,0.0010147134305462657
stock level,14,17,-0.003047234455468839
stock level,14,18,0.0020325210249225734
stock level,14,19,-0.0020325210249225734
stock level,14,20,-0.0010178117927006625
stock level,14,21,0.0020345886977874983
stock level,14,22,-0.0010167769050868358
stock level,14,23,-0.0020366605818029626
stock level,14,24,-0.0020408170348531485
stock level,14,25,0.0020408170348531485
stock level,14,26,0.0020366605818029626
stock level,14,27,-0.003056548482549104
stock level,14,28,0.0
stock level,14,29,-0.001020929134107007
stock level,14,30,0.001020929134107007
stock level,14,31,-0.001020929134107007
stock level,14,32,0.0
stock level,14,33,-0.0020449904877271052
stock level,14,34,0.0
stock level,14,35,0.0
stock level,14,36,0.0
stock level,14,37,-0.0010240656296902628
stock level,14,38,0.0
stock level,14,39,-0.0010251154152456365
stock level,14,40,-0.0020533888118423604
stock level,14,41,0.0
stock level,14,42,-0.001028277725565907
stock level,14,43,-0.0010293361691138259
stock level,14,44,0.002057613894679733
stock level,14,45,-0.001028277725565907
stock level,14,46,-0.002059732963010319
stock level,14,47,0.001030396793896493
stock level,14,48,-0.001030396793896493
stock level,14,49,0.001030396793896493
stock level,14,50,0.0
stock level,14,51,-0.0020618564005587814
stock level,14,52,0.0
stock level,14,53,0.0
stock level,14,54,-0.001032524614188901
stock level,14,55,-0.0020682530640598884
stock level,14,56,0.0010346612407765576
stock level,14,57,-0.002070394114308094
stock level,14,58,0.0010357328735315363
stock level,14,59,-0.0010357328735315363
stock level,14,60,0.0
stock level,14,61,0.0
stock level,14,62,-0.003113650673279622
stock level,14,63,0.0
stock level,14,64,0.0
stock level,14,65,-0.0010400416954139402
stock level,14,66,-0.0010411245084105403
stock level,14,67,-0.001042209578443476
stock level,14,68,-0.002087683430484155
stock level,14,69,0.0010443865179059486
stock level,14,70,-0.0031364374901299286
stock level,14,71,0.0
stock level,14,72,0.0
stock level,14,73,0.0
stock level,14,74,-0.0020964368265286026
stock level,14,75,0.001048767794085137
stock level,14,76,-0.0020986366569211157
stock level,14,77,-0.001050972245975501
stock level,14,78,0.0
stock level,14,79,-0.002105263935462176
stock level,14,80,0.0
stock level,14,81,0.0010531859846585334
stock level,14,82,-0.0031628914085084503
stock level,14,83,0.0
stock level,14,84,0.0
stock level,14,85,0.0
stock level,14,86,0.0010554090689440798
stock level,14,87,-0.004228336109521891
stock level,14,88,0.0
stock level,14,89,-0.0010598835120427808
stock level,14,90,0.0
stock level,14,91,0.0
stock level,14,92,0.0
stock level,14,93,-0.0031864073694078954
stock level,14,94,0.001063264321330415
stock level,14,95,-0.004259857346958107
stock level,14,96,0.0010666667678025377
stock level,14,97,-0.002134472528632081
stock level,14,98,0.0010678057608295433
stock level,14,99,-0.0021367529497346993
stock level,14,100,0.0
stock level,14,101,0.0
stock level,14,102,-0.002141328441343404
stock level,14,103,-0.0021459235702767643
stock level,14,104,0.0
stock level,14,105,-0.0021505384632289903
stock level,14,106,0.0
stock level,14,107,-0.0021551732479831998
stock level,14,108,0.0010781672203457049
stock level,14,109,-0.0010781672203457049
stock level,14,110,0.0
stock level,14,111,0.0
stock level,14,112,0.0
stock level,14,113,-0.0021598280534300685
stock level,14,114,0.0010804971337545766
stock level,14,115,-0.0021621630044954543
stock level,14,116,0.0021621630044954543
stock level,14,117,-0.0032450001433268483
stock level,14,118,-0.0021691982475458005
stock level,14,119,0.0
stock level,14,120,0.0021691982475458005
stock level,14,121,-0.0021691982475458005
stock level,14,122,-0.0010863662122204687
stock level,14,123,-0.0010875476873994927
stock level,14,124,0.0021739138996199614
stock level,14,125,-0.0021739138996199614
stock level,14,126,-0.0010887317351961912
stock level,14,127,-0.003273325344969713
stock level,14,128,0.0
stock level,14,129,0.0
stock level,14,130,-0.0010934938213704726
stock level,14,131,-0.0021905813798186458
stock level,14,132,-0.003294895896853056
stock level,14,133,0.0010995053334168503
stock level,14,134,-0.0022002209096019243
stock level,14,135,-0.0011019284861566447
stock level,14,136,-0.0011031440721573915
stock level,14,137,-0.0011043623430531113
stock level,14,138,-0.0011055833077495691
stock level,14,139,0.0011055833077495691
stock level,14,140,-0.002212390282941179
stock level,14,141,-0.0011080333543613818
stock level,14,142,-0.0011092624542863305
stock level,14,143,0.0022172958086477124
stock level,14,144,-0.005552485114785455
stock level,14,145,0.0011129661694200266
stock level,14,146,-0.00445931619676454
stock level,14,147,0.0
stock level,14,148,0.0022321437839405434
stock level,14,149,-0.00446928118229728
stock level,14,150,0.001119194297015902
stock level,14,151,0.002234637801415751
stock level,14,152,-0.0011166947000749161
stock level,14,153,0.0
stock level,14,154,-0.0022371373983567366
stock level,14,155,-0.002242153405688896
stock level,14,156,0.0011217051091998442
stock level,14,157,-0.003368897066104992
stock level,14,158,0.002247191956905148
stock level,14,159,-0.0011229647446242552
stock level,14,160,0.0
stock level,14,161,-0.00337648041660632
stock level,14,162,-0.0011280317044981558
stock level,14,163,0.0
stock level,14,164,-0.0022598879674378125
stock level,14,165,-0.0011318620336835394
stock level,14,166,-0.002267574667779826
stock level,14,167,0.0
stock level,14,168,-0.001135718463928015
stock level,14,169,-0.001137009787075094
stock level,14,170,-0.0022779053129937665
stock level,14,171,-0.0022831060145689364
stock level,14,172,0.0
stock level,14,173,-0.0022883305180121383
stock level,14,174,-0.0011461319306222961
stock level,14,175,0.0
stock level,14,176,-0.0034462986435874754
stock level,14,177,0.0011500863832374364
stock level,14,178,-0.0023014969882790837
stock level,14,179,-0.0011527378798081855
stock level,14,180,-0.0023094698486625376
stock level,14,181,0.001155401630555275
stock level,14,182,-0.0023121397583789616
stock level,14,183,-0.0011580777206283699
stock level,14,184,-0.0023201866556972206
stock level,14,185,-0.001162115180177281
stock level,14,186,-0.001163467263297413
stock level,14,187,-0.0023310033864758495
stock level,14,188,-0.0023364496610200902
stock level,14,189,0.0
stock level,14,190,0.0
stock level,14,191,0.0023364496610200902
stock level,14,192,0.0023310033864758495
stock level,14,193,0.001163467263297413
stock level,14,194,0.0034823018358745017
stock level,14,195,0.0
stock level,14,196,0.0011580777206283699
stock level,14,197,0.0011567381278236866
stock level,14,198,0.0
stock level,14,199,-0.0011567381278236866
stock level,14,200,0.0011567381278236866
stock level,14,201,0.003462207728470723
stock level,14,202,0.0
stock level,14,203,-0.003462207728470723
stock level,14,204,-0.0023148158484520565
stock level,14,205,0.0023148158484520565
stock level,14,206,0.0023094698486625376
stock level,14,207,0.0
stock level,14,208,-0.0023094698486625376
stock level,14,209,-0.0011567381278236866
stock level,14,210,-0.0034782643763255905
stock level,14,211,0.0023201866556972206
stock level,14,212,-0.0011594204197349356
stock level,14,213,-0.003486348679436979
stock level,14,214,0.0
stock level,14,215,0.002325582443474694
stock level,14,216,-0.002325582443474694
stock level,14,217,-0.0011648224962934606
stock level,14,218,-0.003502630551202479
stock level,14,219,0.0023364496610200902
stock level,14,220,-0.0023364496610200902
stock level,14,221,0.00466745304749594
stock level,14,222,0.0
stock level,14,223,-0.0011648224962934606
stock level,14,224,-0.003502630551202479
stock level,14,225,-0.002341921445080608
stock level,14,226,0.005844551996283087
stock level,14,227,-0.001166180890182389
stock level,14,228,0.001166180890182389
stock level,14,229,0.0011648224962934606
stock level,14,230,0.001163467263297413
stock level,14,231,-0.0023282897595908736
stock level,14,232,0.0011648224962934606
stock level,14,233,0.0
stock level,14,234,0.002325582443474694
stock level,14,235,-0.001162115180177281
stock level,14,236,0.001162115180177281
stock level,14,237,-0.001162115180177281
stock level,14,238,-0.001163467263297413
stock level,14,239,0.0
stock level,14,240,-0.00466745304749594
stock level,14,241,0.0
stock level,14,242,0.0
stock level,14,243,-0.0011702751481896811
stock level,14,244,0.0
stock level,14,245,0.0011702751481896811
stock level,14,246,-0.004689340363385419
stock level,14,247,0.0011743982559417887
stock level,14,248,-0.0011743982559417887
stock level,14,249,0.003519065215195738
stock level,14,250,-0.005872007477222496
stock level,14,251,0.0
stock level,14,252,0.0011771631730148613
stock level,14,253,0.0023501773449536856
stock level,14,254,-0.004705891037413146
stock level,14,255,-0.0011799411398483173
stock level,14,256,0.0011799411398483173
stock level,14,257,-0.0011799411398483173
stock level,14,258,0.002358491659292916
stock level,14,259,-0.002358491659292916
stock level,14,260,-0.0023640672948808117
stock level,14,261,0.0011827322490489678
stock level,14,262,-0.0023668650102655064
stock level,14,263,0.0011841327612165387
stock level,14,264,0.003544008434729129
stock level,14,265,-0.0011799411398483173
stock level,14,266,0.0011799411398483173
stock level,14,267,0.003531492781471357
stock level,14,268,0.0011743982559417887
stock level,14,269,0.0011730206623630224
stock level,14,270,-0.002347418918304811
stock level,14,271,0.003519065215195738
stock level,14,272,-0.0023446669592539493
stock level,14,273,0.0035149421074436304
stock level,14,274,0.0011689072049820837
stock level,14,275,-0.0011689072049820837
stock level,14,276,0.0011689072049820837
stock level,14,277,0.003498545842513856
stock level,14,278,0.0
stock level,14,279,-0.0011648224962934606
stock level,14,280,0.0023282897595908736
stock level,14,281,-0.0034944706497732625
stock level,14,282,-0.0035067248092097714
stock level,14,283,0.002339182353171765
stock level,14,284,-0.0035108286500626917
stock level,14,285,0.001171646296890927
stock level,14,286,0.0
stock level,14,287,-0.001171646296890927
stock level,14,288,-0.002347418918304811
stock level,14,289,0.0
stock level,14,290,-0.002352942262026758
stock level,14,291,0.0011771631730148613
stock level,14,292,-0.00235571369245946
stock level,14,293,0.0
stock level,14,294,-0.0011799411398483173
stock level,14,295,-0.0023640672948808117
stock level,14,296,0.0011827322490489678
stock level,14,297,0.0
stock level,14,298,0.002361276185680161
stock level,14,299,-0.003544008434729129
stock level,14,300,0.0
stock level,14,301,-0.0011841327612165387
stock level,14,302,0.0
stock level,14,303,0.0
stock level,14,304,0.0023668650102655064
stock level,14,305,0.0
stock level,14,306,0.001181335045831844
stock level,14,307,0.004711433921319674
stock level,14,308,0.0
stock level,14,309,-0.0011757790890118969
stock level,14,310,0.0
stock level,14,311,0.003523198007316708
stock level,14,312,-0.002347418918304811
stock level,14,313,0.0011743982559417887
stock level,14,314,-0.0011743982559417887
stock level,14,315,-0.0011757790890118969
stock level,14,316,0.0011757790890118969
stock level,14,317,0.003519065215195738
stock level,14,318,-0.0023446669592539493
stock level,14,319,0.0023446669592539493
stock level,14,320,0.002339182353171765
stock level,14,321,0.0023337233462203955
stock level,14,322,-0.001166180890182389
stock level,14,323,0.0023310033864758495
stock level,14,324,0.0
stock level,14,325,-0.0011648224962934606
stock level,14,326,0.0011648224962934606
stock level,14,327,0.001163467263297413
stock level,14,328,0.0034823018358745017
stock level,14,329,0.0011580777206283699
stock level,14,330,-0.0011580777206283699
stock level,14,331,0.0
stock level,14,332,0.0
stock level,14,333,0.0
stock level,14,334,0.0011580777206283699
stock level,14,335,-0.0011580777206283699
stock level,14,336,0.0011580777206283699
stock level,14,337,0.0
stock level,14,338,0.0011567381278236866
stock level,14,339,0.0
stock level,14,340,0.0
stock level,14,341,0.0
stock level,14,342,0.001155401630555275
stock level,14,343,0.0011540682181072626
stock level,14,344,0.0
stock level,14,345,0.0
stock level,14,346,0.002304148484849833
stock level,14,347,-0.0034582167029570954
stock level,14,348,0.004608303086194532
stock level,14,349,0.0011487652038733032
stock level,14,350,0.0
stock level,14,351,0.002293578987099032
stock level,14,352,0.0
stock level,14,353,0.0
stock level,14,354,0.0
stock level,14,355,0.0011448198159333955
stock level,14,356,0.0011435107020787427
stock level,14,357,-0.0022883305180121383
stock level,14,358,0.0022883305180121383
stock level,14,359,0.0
stock level,14,360,0.0011422045787776725
stock level,14,361,-0.002285715280856415
stock level,14,362,0.005704522029641446
stock level,14,363,-0.0022779053129937665
stock level,14,364,0.0022779053129937665
stock level,14,365,0.001137009787075094
stock level,14,366,0.001135718463928015
stock level,14,367,-0.002272728251003109
stock level,14,368,0.001137009787075094
stock level,14,369,0.002270148534539551
stock level,14,370,0.0011331445971682896
stock level,14,371,0.0
stock level,14,372,0.0
stock level,14,373,0.0
stock level,14,374,0.00226244440396961
stock level,14,375,0.0011293055971517418
stock level,14,376,0.002254792387089033
stock level,14,377,0.0011254925217345502
stock level,14,378,0.0
stock level,14,379,0.002247191956905148
stock level,14,380,-0.0011229647446242552
stock level,14,381,0.0022446698538240994
stock level,14,382,0.0011204482964890516
stock level,14,383,-0.0011204482964890516
stock level,14,384,0.0033575856948457883
stock level,14,385,-0.0022371373983567366
stock level,14,386,0.0033538320984316528
stock level,14,387,0.0011154490838656272
stock level,14,388,0.0022271724128239967
stock level,14,389,0.0
stock level,14,390,0.001111728852690952
stock level,14,391,0.001110494284026764
stock level,14,392,0.0022172958086477124
stock level,14,393,0.0
stock level,14,394,0.0011068069751916099
stock level,14,395,-0.0011068069751916099
stock level,14,396,0.002212390282941179
stock level,14,397,0.0033094349013671476
stock level,14,398,-0.0011019284861566447
stock level,14,399,0.0022026440623417187
stock level,14,400,0.0010995053334168503
stock level,14,401,0.002195390563436206
stock level,14,402,0.0
stock level,14,403,0.0021905813798186458
stock level,14,404,0.0010934938213704726
stock level,14,405,0.0021834069809436585
stock level,14,406,0.0010899183640260546
stock level,14,407,0.0
stock level,14,408,0.002176279422595684
stock level,14,409,0.0010863662122204687
stock level,14,410,0.0021691982475458005
stock level,14,411,0.0021645030095722717
stock level,14,412,0.0
stock level,14,413,-0.0021645030095722717
stock level,14,414,0.00432433106300234
stock level,14,415,-0.0021598280534300685
stock level,14,416,0.0021598280534300685
stock level,14,417,0.0010781672203457049
stock level,14,418,0.002152853361100604
stock level,14,419,0.0010746911297658812
stock level,14,420,0.0
stock level,14,421,0.0
stock level,14,422,0.0010735374085237837
stock level,14,423,0.003213714603096385
stock level,14,424,0.001068947188905156
stock level,14,425,-0.001068947188905156
stock level,14,426,0.0021367529497346993
stock level,14,427,0.002132196969840905
stock level,14,428,0.001064396055786787
stock level,14,429,0.0
stock level,14,430,-0.0021299262578251543
stock level,14,431,0.0031931905791555693
stock level,14,432,0.0021231430480774804
stock level,14,433,0.0
stock level,14,434,0.004232810552620592
stock level,14,435,0.0010554090689440798
stock level,14,436,0.001054296354905837
stock level,14,437,0.0
stock level,14,438,0.002105263935462176
stock level,14,439,-0.002105263935462176
stock level,14,440,0.002105263935462176
stock level,14,441,-0.004214969359312093
stock level,14,442,-0.0010565241342002096
stock level,14,443,-0.0010576415581349252
stock level,14,444,0.0
stock level,14,445,-0.002118644860285457
stock level,14,446,0.0
stock level,14,447,-0.0021231430480774804
stock level,14,448,0.0
stock level,14,449,0.004241787908362937
stock level,14,450,0.0
stock level,14,451,-0.004241787908362937
stock level,14,452,-0.001063264321330415
stock level,14,453,0.0
stock level,14,454,0.0
stock level,14,455,0.0
stock level,14,456,-0.0021299262578251543
stock level,14,457,0.0
stock level,14,458,0.0010655302020383672
stock level,14,459,-0.003200002730670448
stock level,14,460,0.0
stock level,14,461,-0.001068947188905156
stock level,14,462,0.0
stock level,14,463,-0.002141328441343404
stock level,14,464,0.0
stock level,14,465,-0.0021459235702767643
stock level,14,466,0.0
stock level,14,467,0.0
stock level,14,468,-0.0010746911297658812
stock level,14,469,-0.0010758473334631091
stock level,14,470,0.0
stock level,14,471,-0.0010770060276374949
stock level,14,472,-0.0010781672203457049
stock level,14,473,0.003231020581446309
stock level,14,474,0.0010746911297658812
stock level,14,475,0.0021459235702767643
stock level,14,476,-0.0010723861617529806
stock level,14,477,0.0010723861617529806
stock level,14,478,-0.0010723861617529806
stock level,14,479,0.004282661792001541
stock level,14,480,-0.0053561992005253245
stock level,14,481,0.0032171609517757105
stock level,14,482,-0.0010712373814989462
stock level,14,483,-0.0032206147000426455
stock level,14,484,-0.0010758473334631091
stock level,14,485,-0.0021551732479831998
stock level,14,486,0.0
stock level,14,487,0.0010781672203457049
stock level,14,488,-0.0010781672203457049
stock level,14,489,0.0021551732479831998
stock level,14,490,-0.0010770060276374949
stock level,14,491,-0.0010781672203457049
stock level,14,492,-0.0010793309196754919
stock level,14,493,-0.0021621630044954543
stock level,14,494,0.005396667172154146
stock level,14,495,-0.0010770060276374949
stock level,14,496,0.002152853361100604
stock level,14,497,0.0
stock level,14,498,0.0
stock level,14,499,0.0010746911297658812
stock level,14,500,0.0021459235702767643
stock level,14,501,-0.0032206147000426455
stock level,14,502,0.0032206147000426455
stock level,14,503,0.0
stock level,14,504,0.0
stock level,14,505,0.0
stock level,14,506,0.002141328441343404
stock level,14,507,0.0
stock level,14,508,0.001068947188905156
stock level,14,509,-0.002139038248749614
stock level,14,510,0.0032068440095791573
stock level,14,511,-0.0010678057608295433
stock level,14,512,0.003200002730670448
stock level,14,513,-0.002132196969840905
stock level,14,514,0.003196593025627692
stock level,14,515,-0.001064396055786787
stock level,14,516,0.002127660377117202
stock level,14,517,-0.001063264321330415
stock level,14,518,-0.001064396055786787
stock level,14,519,0.002127660377117202
stock level,14,520,0.0010621349909829547
stock level,14,521,0.0010610080570945257
stock level,14,522,-0.0021231430480774804
stock level,14,523,0.0010621349909829547
stock level,14,524,0.0010610080570945257
stock level,14,525,0.0
stock level,14,526,0.0
stock level,14,527,0.002118644860285457
stock level,14,528,-0.002118644860285457
stock level,14,529,0.004232810552620592
stock level,14,530,-0.0010565241342002096
stock level,14,531,0.0010565241342002096
stock level,14,532,0.0
stock level,14,533,0.0
stock level,14,534,-0.002114165692335135
stock level,14,535,-0.002118644860285457
stock level,14,536,-0.0010610080570945257
stock level,14,537,0.0
stock level,14,538,0.0
stock level,14,539,-0.0031897953681001567
stock level,14,540,0.002127660377117202
stock level,14,541,-0.001063264321330415
stock level,14,542,0.0
stock level,14,543,-0.005333345975362391
stock level,14,544,0.0
stock level,14,545,-0.001070091059844458
stock level,14,546,0.001070091059844458
stock level,14,547,0.0
stock level,14,548,-0.002141328441343404
stock level,14,549,0.0
stock level,14,550,-0.0021459235702767643
stock level,14,551,0.0
stock level,14,552,0.0
stock level,14,553,-0.0021505384632289903
stock level,14,554,0.0
stock level,14,555,0.0021505384632289903
stock level,14,556,-0.0021505384632289903
stock level,14,557,-0.0010770060276374949
stock level,14,558,0.0010770060276374949
stock level,14,559,-0.0032345041676586916
stock level,14,560,0.0
stock level,14,561,-0.0010804971337545766
stock level,14,562,0.0032379952737757733
stock level,14,563,-0.0032379952737757733
stock level,14,564,-0.0021645030095722717
stock level,14,565,0.001082837138831394
stock level,14,566,0.0
stock level,14,567,-0.001082837138831394
stock level,14,568,-0.0021691982475458005
stock level,15,0,0.0
stock level,15,1,-0.0010335918232833308
stock level,15,2,-0.002070394114308094
stock level,15,3,0.0031039859375914247
stock level,15,4,0.001032524614188901
stock level,15,5,0.0010314596066622883
stock level,15,6,0.002059732963010319
stock level,15,7,-0.0030911925696726072
stock level,15,8,0.0010314596066622883
stock level,15,9,0.003088010688576226
stock level,15,10,-0.001028277725565907
stock level,15,11,0.001028277725565907
stock level,15,12,0.0
stock level,15,13,0.001027221456530114
stock level,15,14,-0.001027221456530114
stock level,15,15,0.0020533888118423604
stock level,15,16,-0.0010261673553122463
stock level,15,17,0.0010261673553122463
stock level,15,18,0.0020491810449358994
stock level,15,19,-0.0010240656296902628
stock level,15,20,0.0
stock level,15,21,0.002047083621724788
stock level,15,22,0.0
stock level,15,23,0.0010219724956925802
stock level,15,24,-0.003069056117417368
stock level,15,25,0.0010240656296902628
stock level,15,26,0.0
stock level,15,27,-0.0020491810449358994
stock level,15,28,0.0030721990369704244
stock level,15,29,-0.001023017992034525
stock level,15,30,0.0
stock level,15,31,0.001023017992034525
stock level,15,32,0.0020429016297995872
stock level,15,33,0.0010198879007461414
stock level,15,34,0.0010188487891023001
stock level,15,35,-0.0020387366898484416
stock level,15,36,0.0
stock level,15,37,0.003056548482549104
stock level,15,38,0.0020325210249225734
stock level,15,39,0.0
stock level,15,40,0.0
stock level,15,41,0.002028398261392894
stock level,15,42,0.0
stock level,15,43,-0.0010136848308466284
stock level,15,44,0.0030379770200772427
stock level,15,45,0.0
stock level,15,46,-0.0020242921892306143
stock level,15,47,0.004044494896506379
stock level,15,48,0.0
stock level,15,49,0.0
stock level,15,50,0.0020161297151846114
stock level,15,51,-0.0010075567602996216
stock level,15,52,0.0
stock level,15,53,0.0010075567602996216
stock level,15,54,-0.0020161297151846114
stock level,15,55,0.004028202828604499
stock level,15,56,-0.001005530502018459
stock level,15,57,0.001005530502018459
stock level,15,58,0.0
stock level,15,59,0.0010045204260054064
stock level,15,60,0.0010035123772400567
stock level,15,61,0.0
stock level,15,62,0.0030045090202985847
stock level,15,63,0.0
stock level,15,64,0.0009995003330836028
stock level,15,65,0.0009985023295895346
stock level,15,66,0.000997506317125918
stock level,15,67,-0.000997506317125918
stock level,15,68,0.00298953884836628
stock level,15,69,0.0
stock level,15,70,0.0009945301665084116
stock level,15,71,0.0009935420588780275
stock level,15,72,0.0
stock level,15,73,0.0019841276350467396
stock level,15,74,-0.000991571722295248
stock level,15,75,0.000991571722295248
stock level,15,76,0.001980198666862165
stock level,15,77,-0.001980198666862165
stock level,15,78,0.0009905894816961691
stock level,15,79,-0.0009905894816961691
stock level,15,80,0.002968829493801728
stock level,15,81,-0.0009886308269395627
stock level,15,82,0.0
stock level,15,83,0.00394867245541608
stock level,15,84,-0.0009857073247587778
stock level,15,85,0.0009857073247587778
stock level,15,86,0.0
stock level,15,87,-0.0019723872272043863
stock level,15,88,0.0019723872272043863
stock level,15,89,0.0
stock level,15,90,0.0019685045726722805
stock level,15,91,0.0
stock level,15,92,0.0
stock level,15,93,-0.0029542118974310583
stock level,15,94,0.004918849071596121
stock level,15,95,0.0
stock level,15,96,0.0009808730555915801
stock level,15,97,0.0009799118863487166
stock level,15,98,-0.0009799118863487166
stock level,15,99,0.002936859673310366
stock level,15,100,0.000977039647826139
stock level,15,101,0.0009760859730558735
stock level,15,102,0.0
stock level,15,103,0.0009751341582058259
stock level,15,104,0.0
stock level,15,105,0.002919710103334694
stock level,15,106,0.0
stock level,15,107,0.0
stock level,15,108,0.0009713453896322832
stock level,15,109,0.0
stock level,15,110,0.0009704027932784243
stock level,15,111,0.0019379851026783967
stock level,15,112,0.0028999536997895703
stock level,15,113,-0.0009657171199588532
stock level,15,114,0.0019305025300582201
stock level,15,115,0.0
stock level,15,116,0.0
stock level,15,117,0.0
stock level,15,118,0.0
stock level,15,119,0.001926782869699828
stock level,15,120,0.0
stock level,15,121,0.0
stock level,15,122,0.0019230775157419444
stock level,15,123,-0.0019230775157419444
stock level,15,124,0.0019230775157419444
stock level,15,125,0.0009601536983430137
stock level,15,126,0.000959232687460343
stock level,15,127,0.0009583134418118533
stock level,15,128,-0.0009583134418118533
stock level,15,129,-0.000959232687460343
stock level,15,130,0.0019175461292721963
stock level,15,131,0.0019138761822841133
stock level,15,132,0.0009555662456683933
stock level,15,133,-0.0019120464716255725
stock level,15,134,0.0038204439973856807
stock level,15,135,0.0
stock level,15,136,-0.0009537435153097462
stock level,15,137,0.003809528416668151
stock level,15,138,0.0
stock level,15,139,-0.0009510224207041063
stock level,15,140,0.0028503582243564196
stock level,15,141,-0.0009492169673324113
stock level,15,142,0.0028449521322313487
stock level,15,143,0.0
stock level,15,144,0.0009465216040309699
stock level,15,145,0.0009456265480070059
stock level,15,146,0.0
stock level,15,147,0.002831526195738121
stock level,15,148,0.0
stock level,15,149,0.0018832397279648916
stock level,15,150,0.0009402915596421479
stock level,15,151,0.0009394082419360572
stock level,15,152,0.0018761731582275232
stock level,15,153,0.002807676154198191
stock level,15,154,-0.0009350164309065434
stock level,15,155,0.0018691594227036035
stock level,15,156,0.0027972046210615886
stock level,15,157,0.0009306654929526204
stock level,15,158,0.0
stock level,15,159,0.001858736594625654
stock level,15,160,-0.001858736594625654
stock level,15,161,0.0009298001599669092
stock level,15,162,0.0027842245364047002
stock level,15,163,0.0009263548601312621
stock level,15,164,0.0
stock level,15,165,0.0009254975209422867
stock level,15,166,0.0018484293617824221
stock level,15,167,0.001845018973569701
stock level,15,168,0.0
stock level,15,169,0.0009212345193203575
stock level,15,170,0.0018399269220070735
stock level,15,171,0.0018365478073016916
stock level,15,172,0.0009170106098812525
stock level,15,173,-0.0018348629001101457
stock level,15,174,0.00366636524357844
stock level,15,175,-0.0018315023434682942
stock level,15,176,0.0018315023434682942
stock level,15,177,0.0018281540740625601
stock level,15,178,0.0018248180246285273
stock level,15,179,-0.0018248180246285273
stock level,15,180,-0.0009136592686749268
stock level,15,181,0.003649639087549339
stock level,15,182,0.0018198367169857121
stock level,15,183,-0.002730998511231597
stock level,15,184,0.00454752943763026
stock level,15,185,0.0009070295406425899
stock level,15,186,0.0018115946983501274
stock level,15,187,-0.0018115946983501274
stock level,15,188,0.0036199134551342382
stock level,15,189,0.0
stock level,15,190,0.0018050546417303082
stock level,15,191,0.0
stock level,15,192,-0.0018050546417303082
stock level,15,193,0.003606856930993274
stock level,15,194,0.0017985616359146306
stock level,15,195,0.0
stock level,15,196,-0.0008988764650172953
stock level,15,197,0.0
stock level,15,198,0.0035906681307285027
stock level,15,199,0.0008956561279447328
stock level,15,200,0.0017889092427241238
stock level,15,201,0.0
stock level,15,202,0.0
stock level,15,203,0.0017857147602349244
stock level,15,204,0.0035618915663606643
stock level,15,205,-0.0008892841848844313
stock level,15,206,0.0017777782459997837
stock level,15,207,0.0008877053401405988
stock level,15,208,-0.0017761994012559512
stock level,15,209,0.004434597067866086
stock level,15,210,0.0008845644097341676
stock level,15,211,0.0017667849118856438
stock level,15,212,0.0017636688874969053
stock level,15,213,0.001760563835032869
stock level,15,214,0.0
stock level,15,215,0.0035118561115394797
stock level,15,216,0.0017513139327345328
stock level,15,217,0.0008745081449328396
stock level,15,218,0.002618945189627908
stock level,15,219,0.0017421607193846
stock level,15,220,0.0008699435085404161
stock level,15,221,-0.0008699435085404161
stock level,15,222,0.0034752424203032817
stock level,15,223,0.0017331026868347976
stock level,15,224,0.0
stock level,15,225,0.0
stock level,15,226,0.001730104237783081
stock level,15,227,0.0
stock level,15,228,0.00258955690673357
stock level,15,229,-0.0008624407606587781
stock level,15,230,0.0017241383581403369
stock level,15,231,0.0008609557139642732
stock level,15,232,0.0008602151068082264
stock level,15,233,0.003433479767891434
stock level,15,234,0.0
stock level,15,235,0.0017123291855130063
stock level,15,236,0.0
stock level,15,237,0.0034158871814069514
stock level,15,238,0.0
stock level,15,239,0.0017035779247835947
stock level,15,240,0.0017006806820170084
stock level,15,241,0.001697793277094739
stock level,15,242,0.0008478169223389287
stock level,15,243,0.002539146518676816
stock level,15,244,0.001689189590845075
stock level,15,245,-0.000844238125281116
stock level,15,246,0.000844238125281116
stock level,15,247,0.0008435259884391755
stock level,15,248,0.0008428150519970146
stock level,15,249,0.0
stock level,15,250,0.002524191495907324
stock level,15,251,0.0008399832497243409
stock level,15,252,0.001677852742616004
stock level,15,253,-0.0008385744726204791
stock level,15,254,-0.0008392782699955248
stock level,15,255,0.004189365155276903
stock level,15,256,0.0
stock level,15,257,0.0025052205169373565
stock level,15,258,0.0008336807485775921
stock level,15,259,0.0008329863038918361
stock level,15,260,0.0016638938946957893
stock level,15,261,0.004975134640113232
stock level,15,262,0.0016528929383001767
stock level,15,263,0.003297612221556001
stock level,15,264,0.001644737212878944
stock level,15,265,0.0
stock level,15,266,0.00246204473977496
stock level,15,267,0.002455997959869727
stock level,15,268,0.0
stock level,15,269,0.0
stock level,15,270,0.0016339872916546483
stock level,15,271,0.0024459857282606023
stock level,15,272,0.0008140008589476722
stock level,15,273,0.0016260166184185465
stock level,15,274,0.0
stock level,15,275,0.0016233769798903452
stock level,15,276,0.0
stock level,15,277,0.0008107013009892583
stock level,15,278,0.002428167927154945
stock level,15,279,0.0
stock level,15,280,0.0032284128121187194
stock level,15,281,-0.0008061266055241489
stock level,15,282,0.002416432911628519
stock level,15,283,0.0016077173880963969
stock level,15,284,0.0
stock level,15,285,0.0016051367812286443
stock level,15,286,0.001602564445541077
stock level,15,287,0.00080032017076892
stock level,15,288,0.0
stock level,15,289,0.002397124599721856
stock level,15,290,0.0015948966698156042
stock level,15,291,0.0
stock level,15,292,0.0007964954622599052
stock level,15,293,-0.0007964954622599052
stock level,15,294,0.003976148379639888
stock level,15,295,0.0015860431556342647
stock level,15,296,0.0007920792493329998
stock level,15,297,0.0
stock level,15,298,0.003162057970648391
stock level,15,299,0.001577287393248028
stock level,15,300,0.0
stock level,15,301,0.0015748034750666662
stock level,15,302,0.000786472710613495
stock level,15,303,0.0007858546573391578
stock level,15,304,0.0
stock level,15,305,0.0015698590351194142
stock level,15,306,0.0
stock level,15,307,0.0007840063122088736
stock level,15,308,-0.0023538653473282878
stock level,15,309,0.0
stock level,15,310,0.0023538653473282878
stock level,15,311,0.0007833921278042055
stock level,15,312,-0.0007833921278042055
stock level,15,313,0.003129893008927631
stock level,15,314,-0.0007815553348198279
stock level,15,315,0.0
stock level,15,316,-0.0023483376741078033
stock level,15,317,0.0
stock level,15,318,-0.0007840063122088736
stock level,15,319,0.0015673984400130792
stock level,15,320,0.0007827789049406064
stock level,15,321,0.0023446669592539493
stock level,15,322,0.0
stock level,15,323,-0.001562500317890958
stock level,15,324,0.001562500317890958
stock level,15,325,0.002339182353172653
stock level,15,326,0.0
stock level,15,327,0.0
stock level,15,328,0.0007785130794140116
stock level,15,329,0.0
stock level,15,330,0.0015552102668063839
stock level,15,331,0.001552795343060076
stock level,15,332,0.0
stock level,15,333,0.0
stock level,15,334,-0.0007760962748877276
stock level,15,335,-0.001554001866734822
stock level,15,336,0.0031055925581533472
stock level,15,337,0.002322881416139566
stock level,15,338,0.0015455953617804497
stock level,15,339,0.0
stock level,15,340,0.0007719027785819677
stock level,15,341,0.000771307404224153
stock level,15,342,0.0015408323541556967
stock level,15,343,0.00230680609791456
stock level,15,344,0.002301496988279972
stock level,15,345,0.0
stock level,15,346,0.0015313938674275107
stock level,15,347,-0.0007654037878452868
stock level,15,348,0.002294456073523854
stock level,15,349,0.0007636502852967908
stock level,15,350,0.0022874581075988942
stock level,15,351,0.0015220703090692567
stock level,15,352,0.0
stock level,15,353,0.003037208105449274
stock level,15,354,0.0
stock level,15,355,0.0007578628631019768
stock level,15,356,0.002270148534539551
stock level,15,357,0.003018870217252001
stock level,15,358,-0.0015082959118855044
stock level,15,359,-0.0015105743053664966
stock level,15,360,0.003018870217252001
stock level,15,361,0.0015060243810376406
stock level,15,362,-0.0015060243810376406
stock level,15,363,0.0015060243810376406
stock level,15,364,-0.0007527286768667096
stock level,15,365,0.002256488358733044
stock level,15,366,0.0
stock level,15,367,0.0007510327052226984
stock level,15,368,-0.0007510327052226984
stock level,15,369,-0.0015037596818663346
stock level,15,370,0.0007521625025539436
stock level,15,371,0.0
stock level,15,372,0.0015026298845350894
stock level,15,373,-0.0015026298845350894
stock level,15,374,-0.002258186883591584
stock level,15,375,-0.0007538635864001719
stock level,15,376,-0.0007544323254853325
stock level,15,377,-0.0007550019233688587
stock level,15,378,0.0007550019233688587
stock level,15,379,-0.0015105743053664966
stock level,15,380,0.0
stock level,15,381,-0.0015128595926308108
stock level,15,382,0.0
stock level,15,383,0.0007567158893060366
stock level,15,384,-0.0007567158893060366
stock level,15,385,-0.0015151518050107171
stock level,15,386,-0.0007584376548619431
stock level,15,387,0.0007584376548619431
stock level,15,388,-0.0022770408320518243
stock level,15,389,0.0007595898580188276
stock level,15,390,-0.0015197571314162772
stock level,15,391,0.0
stock level,15,392,0.0
stock level,15,393,0.0007601672733974496
stock level,15,394,0.0022770408320518243
stock level,15,395,0.0015151518050107171
stock level,15,396,-0.0015151518050107171
stock level,15,397,0.0
stock level,15,398,0.0015151518050107171
stock level,15,399,-0.0015151518050107171
stock level,15,400,-0.0022770408320518243
stock level,15,401,-0.0007601672733974496
stock level,15,402,0.0
stock level,15,403,-0.0015220703090692567
stock level,15,404,-0.0015243905390960322
stock level,15,405,0.0
stock level,15,406,0.0007624857403341068
stock level,15,407,-0.0022892035941337596
stock level,15,408,0.0007636502852967908
stock level,15,409,-0.0007636502852967908
stock level,15,410,-0.001529052285678567
stock level,15,411,0.001529052285678567
stock level,15,412,-0.003060446153106078
stock level,15,413,0.0015313938674275107
stock level,15,414,-0.0015313938674275107
stock level,15,415,-0.0007665772701956897
stock level,15,416,-0.0007671653617533636
stock level,15,417,0.0
stock level,15,418,0.0007671653617533636
stock level,15,419,-0.0007671653617533636
stock level,15,420,0.0007671653617533636
stock level,15,421,-0.0023032639740927507
stock level,15,422,-0.0015384618419060914
stock level,15,423,0.0015384618419060914
stock level,15,424,-0.0023085812484699986
stock level,15,425,0.0
stock level,15,426,-0.0007707129475917895
stock level,15,427,-0.000771307404224153
stock level,15,428,0.0
stock level,15,429,-0.0007719027785819677
stock level,15,430,-0.0015455953617804497
stock level,15,431,0.0015455953617804497
stock level,15,432,0.00231392313039791
stock level,15,433,-0.00231392313039791
stock level,15,434,-0.0030935832869953828
stock level,15,435,0.0
stock level,15,436,-0.0015503879074554305
stock level,15,437,0.0023246814033601737
stock level,15,438,-0.0023246814033601737
stock level,15,439,0.0
stock level,15,440,-0.001552795343060076
stock level,15,441,0.0007766990681723485
stock level,15,442,-0.0023319093349787323
stock level,15,443,0.0015552102668063839
stock level,15,444,-0.0031128429804905267
stock level,15,445,0.0015576327136841428
stock level,15,446,-0.0007785130794140116
stock level,15,447,-0.002339182353172653
stock level,15,448,0.000780335583881353
stock level,15,449,-0.002342835901772311
stock level,15,450,0.0
stock level,15,451,-0.0007821666413629913
stock level,15,452,-0.0007827789049406064
stock level,15,453,0.0
stock level,15,454,0.0
stock level,15,455,-0.0031372574751324933
stock level,15,456,0.0
stock level,15,457,0.0023538653473282878
stock level,15,458,-0.0023538653473282878
stock level,15,459,0.0
stock level,15,460,-0.0015723273679526528
stock level,15,461,-0.0015748034750666662
stock level,15,462,0.0
stock level,15,463,-0.001577287393248028
stock level,15,464,0.0023649991314975694
stock level,15,465,-0.0023649991314975694
stock level,15,466,-0.0007895776170183666
stock level,15,467,-0.0007902015425003128
stock level,15,468,0.0
stock level,15,469,-0.0015822788111297115
stock level,15,470,0.0
stock level,15,471,0.0
stock level,15,472,-0.0007920792493329998
stock level,15,473,-0.0007927071362381355
stock level,15,474,-0.0007933360193961292
stock level,15,475,-0.0007939659011766409
stock level,15,476,0.0
stock level,15,477,-0.0015898254540998025
stock level,15,478,0.0007952286701389255
stock level,15,479,-0.00238758569450237
stock level,15,480,0.0007964954622599052
stock level,15,481,0.0007958615621035392
stock level,15,482,-0.0015923570243634444
stock level,15,483,-0.0007971303730176516
stock level,15,484,-0.0015961695328226
stock level,15,485,0.0007984032360246474
stock level,15,486,0.0015948966698156042
stock level,15,487,0.003182182478463247
stock level,15,488,0.0007939659011766409
stock level,15,489,-0.0007939659011766409
stock level,15,490,0.00158730192057277
stock level,15,491,0.0007927071362381355
stock level,15,492,0.0007920792493329998
stock level,15,493,0.0
stock level,15,494,0.0
stock level,15,495,0.0015822788111297115
stock level,15,496,0.0
stock level,15,497,0.0
stock level,15,498,0.0007902015425003128
stock level,15,499,0.0007895776170183666
stock level,15,500,0.0007889546760315724
stock level,15,501,0.0
stock level,15,502,0.0
stock level,15,503,0.001576044455465997
stock level,15,504,-0.0007877117382495413
stock level,15,505,0.0015748034750666662
stock level,15,506,0.0015723273679526528
stock level,15,507,0.0
stock level,15,508,0.0
stock level,15,509,0.0
stock level,15,510,0.0015698590351194142
stock level,15,511,-0.0007846214604176893
stock level,15,512,0.0
stock level,15,513,0.0023520199004307685
stock level,15,514,0.0
stock level,15,515,0.0007827789049406064
stock level,15,516,-0.0007827789049406064
stock level,15,517,0.0007827789049406064
stock level,15,518,0.0
stock level,15,519,0.0015637219761828192
stock level,15,520,0.002341007701973652
stock level,15,521,-0.0015600627189025218
stock level,15,522,0.0015600627189025218
stock level,15,523,0.0007791196342701312
stock level,15,524,0.0
stock level,15,525,0.0023337233462203955
stock level,15,526,-0.0023337233462203955
stock level,15,527,0.0007785130794140116
stock level,15,528,0.00310800560986646
stock level,15,529,0.0
stock level,15,530,0.0007754944165307975
stock level,15,531,-0.0007754944165307975
stock level,15,532,0.0015503879074554305
stock level,15,533,0.0007742934959047432
stock level,15,534,0.00077369442931019
stock level,15,535,-0.00077369442931019
stock level,15,536,0.001546790718299107
stock level,15,537,0.0007724990727915326
stock level,15,538,-0.0023192897910906396
stock level,15,539,0.00077369442931019
stock level,15,540,-0.0015479879252149331
stock level,15,541,-0.0015503879074554305
stock level,15,542,0.0
stock level,15,543,-0.0007760962748877276
stock level,15,544,-0.001554001866734822
stock level,15,545,0.001554001866734822
stock level,15,546,-0.003889542048662875
stock level,15,547,0.0015576327136841428
stock level,15,548,0.00310800560986646
stock level,15,549,-0.0038865186892804715
stock level,15,550,0.0
stock level,15,551,0.0
stock level,15,552,-0.0007791196342701312
stock level,15,553,-0.0007797271350211687
stock level,15,554,-0.000780335583881353
stock level,15,555,0.0
stock level,15,556,0.002339182353172653
stock level,15,557,-0.002339182353172653
stock level,15,558,-0.0007809449830711301
stock level,15,559,0.0
stock level,15,560,-0.0015637219761828192
stock level,15,561,-0.0007827789049406064
stock level,15,562,0.0
stock level,15,563,-0.0015673984400130792
stock level,15,564,0.0015673984400130792
stock level,15,565,-0.0007833921278042055
stock level,15,566,-0.0007840063122088736
stock level,15,567,0.0
stock level,15,568,0.0007840063122088736
