ticker,rel_day,in_period,car,pct_return_score,pct_surge_score,pct_fisher,ceiling,period_days
FIR,-60,False,0.008886854826377633,0.061377245508982034,0.2148203592814371,0.01721556886227545,0.0,113
FIR,-59,False,0.011403168293859789,0.4512743628185907,0.2098950524737631,0.008245877061469266,0.0,113
FIR,-58,False,0.006997866515718876,0.48875562218890556,0.20839580209895053,0.029985007496251874,0.0,113
FIR,-57,False,0.01708335731464583,0.5941485371342836,0.20855213803450862,0.03075768942235559,0.0,113
FIR,-56,False,0.012082474647328922,0.4779026217228464,0.20973782771535582,0.029213483146067417,0.0,113
FIR,-55,False,0.0019461640432631988,0.6077844311377245,0.21706586826347304,0.1467065868263473,0.0,113
FIR,-54,False,0.0031820762742662545,0.6611694152923538,0.2181409295352324,0.16116941529235382,0.0,113
FIR,-53,False,0.009514179983201032,0.6461307287753568,0.22539444027047334,0.08339594290007513,0.0,113
FIR,-52,False,0.017127497769126254,0.6624251497005988,0.2155688622754491,0.02619760479041916,0.0,113
FIR,-51,False,0.024620760105863226,0.6689138576779026,0.20449438202247192,0.03520599250936329,0.0,113
FIR,-50,False,0.032058290815026425,0.6776611694152923,0.20914542728635682,0.02623688155922039,0.0,113
FIR,-49,False,0.029712816482867055,0.6038863976083707,0.19357249626307924,0.01943198804185351,0.0,113
FIR,-48,False,0.03244627607508921,0.6208955223880597,0.1783582089552239,0.033582089552238806,0.0,113
FIR,-47,False,0.03746171247936525,0.6800595238095238,0.1636904761904762,0.06101190476190476,0.0,113
FIR,-46,False,0.03746171247936525,0.7123695976154992,0.16095380029806258,0.15424739195231,,113
FIR,-45,False,0.03746171247936525,0.6626954579300074,0.14668652271034996,0.26358897989575575,,113
FIR,-44,False,0.00018239715529966283,0.140625,0.13169642857142858,0.42410714285714285,0.0,113
FIR,-43,False,0.02092691672374425,0.413075780089153,0.12704309063893016,0.2852897473997028,0.0,113
FIR,-42,False,-0.0053843144683669575,0.07195845697329377,0.12388724035608309,0.49332344213649854,0.0,113
FIR,-41,False,-0.002262499545260477,0.034048852701702444,0.1236121391561806,0.42635085122131755,0.0,113
FIR,-40,False,0.022325282676059155,0.25036927621861155,0.12481536189069424,0.1654357459379616,0.0,113
FIR,-39,False,0.056533054449827036,0.6066420664206642,0.12177121771217712,0.01992619926199262,0.0,113
FIR,-38,False,0.03666249745157368,0.4458364038319823,0.12011790714812086,0.1156963890935888,0.0,113
FIR,-37,False,0.01945447423019231,0.04498525073746313,0.11356932153392331,0.24778761061946902,0.0,113
FIR,-36,False,0.032544164828419486,0.31075110456553756,0.10677466863033873,0.07952871870397643,0.0,113
FIR,-35,False,0.010266743280230806,0.13053097345132744,0.10619469026548672,0.18805309734513273,0.0,113
FIR,-34,False,0.024037857306837385,0.3095588235294118,0.09779411764705882,0.10735294117647058,0.0,113
FIR,-33,False,0.03498410598499069,0.34556126192223036,0.09170946441672781,0.0359501100513573,0.0,113
FIR,-32,False,0.014225237804124102,0.04468864468864469,0.08717948717948718,0.2761904761904762,0.0,113
FIR,-31,False,0.0013755023177282055,0.3590308370044053,0.08149779735682819,0.2533039647577093,0.0,113
FIR,-30,False,0.022997202061851407,0.15565345080763582,0.06681350954478708,0.10866372980910426,0.0,113
FIR,-29,False,0.020880415055694712,0.17008797653958943,0.07038123167155426,0.11363636363636363,0.0,113
FIR,-28,False,0.021882723691961203,0.20396184886280264,0.07263389581804842,0.10051357300073367,0.0,113
FIR,-27,False,0.034485614316568824,0.07195301027900147,0.07562408223201175,0.09104258443465492,0.0,113
FIR,-26,False,0.036890839151737964,0.013888888888888888,0.07675438596491228,0.11330409356725146,0.0,113
FIR,-25,False,0.05671161749183007,0.31921110299488675,0.08029197080291971,0.09569028487947406,0.0,113
FIR,-24,False,0.04931050201151965,0.6201607012417824,0.08765522279035792,0.1760409057706355,0.0,113
FIR,-23,False,0.044384101488474936,0.38422205989773556,0.09422936449963477,0.17969320672023376,0.0,113
FIR,-22,False,0.034341886317597936,0.5325054784514244,0.10226442658875091,0.2680788897005113,0.0,113
FIR,-21,False,0.04361235979436362,0.6008771929824561,0.09722222222222222,0.195906432748538,0.0,113
FIR,-20,False,0.0818765983767793,0.6673976608187134,0.09210526315789473,0.07090643274853801,0.0,113
FIR,-19,False,0.07854232758142676,0.33187134502923976,0.09722222222222222,0.021929824561403508,0.0,113
FIR,-18,False,0.08100249416825256,0.5944363103953147,0.09956076134699854,0.10688140556368961,0.0,113
FIR,-17,False,0.11711250336484302,0.8579795021961932,0.116398243045388,0.2042459736456808,0.0,113
FIR,-16,False,0.11474615936103594,0.8367496339677891,0.12518301610541727,0.2005856515373353,0.0,113
FIR,-15,False,0.11463844106546595,0.8887262079062958,0.13689604685212298,0.24890190336749635,0.0,113
FIR,-14,False,0.09552922756931781,0.8117216117216117,0.14505494505494507,0.29010989010989013,0.0,113
FIR,-13,False,0.09066630191334002,0.7415812591508053,0.14714494875549047,0.3411420204978038,0.0,113
FIR,-12,False,0.09430175433591548,0.8535871156661786,0.15519765739385066,0.38433382137628114,0.0,113
FIR,-11,False,0.08577961260348599,0.864963503649635,0.181021897810219,0.42700729927007297,0.0,113
FIR,-10,False,0.07366860834346611,0.7153284671532847,0.1948905109489051,0.5153284671532846,0.0,113
FIR,-9,False,0.07862772016822484,0.7543859649122807,0.19444444444444445,0.5614035087719298,0.0,113
FIR,-8,False,0.0687422078204214,0.6832116788321168,0.20145985401459854,0.6394160583941606,0.0,113
FIR,-7,False,0.08168981356524596,0.6620437956204379,0.19562043795620437,0.6021897810218978,0.0,113
FIR,-6,False,0.07922964697842017,0.6360320933625091,0.20058351568198396,0.5295404814004376,0.0,113
FIR,-5,False,0.08420094375136444,0.47921225382932164,0.20277169948942378,0.5572574762946754,0.0,113
FIR,-4,False,0.09158356573159021,0.663003663003663,0.210989010989011,0.49523809523809526,0.0,113
FIR,-3,False,0.08909092904555638,0.6911225238444607,0.21423330887747616,0.5143066764490095,0.0,113
FIR,-2,False,0.08294616687994938,0.7292736610418196,0.22450476889214968,0.5297138664710198,0.0,113
FIR,-1,False,0.07423351288879121,0.5799557848194546,0.22033898305084745,0.5386882829771555,0.0,113
FIR,0,True,0.07297940361804511,0.21607669616519173,0.2168141592920354,0.4616519174041298,0.0,113
FIR,1,True,0.07418460333923549,0.11495946941783346,0.21296978629329402,0.4340456890198968,0.0,113
FIR,2,True,0.07670508356457062,0.11291512915129151,0.203690036900369,0.1003690036900369,0.0,113
FIR,3,True,0.07204549111458891,0.6914580265095729,0.18924889543446244,0.37260677466863035,0.0,113
FIR,4,True,0.08105676786675287,0.5859030837004405,0.18208516886930984,0.22687224669603523,0.0,113
FIR,5,True,0.07487897839216973,0.661041819515774,0.19442406456346295,0.26999266324284665,0.0,113
FIR,6,True,0.07233098384294023,0.4747252747252747,0.20293040293040293,0.19047619047619047,0.0,113
FIR,7,True,0.08772700076833284,0.06828193832599119,0.2011747430249633,0.0631424375917768,0.0,113
FIR,8,True,0.08139489705939806,0.27765567765567767,0.2021978021978022,0.12234432234432234,0.0,113
FIR,9,True,0.1045224421901143,0.2879120879120879,0.2,0.04908424908424908,0.0,113
FIR,10,True,0.13716949800629297,0.7159590043923866,0.21961932650073207,0.12664714494875548,0.0,113
FIR,11,True,0.1497723886309006,0.7562225475841874,0.23060029282576866,0.1925329428989751,0.0,113
FIR,12,True,0.16972470335125012,0.8873445501097293,0.2538405267008047,0.23408924652523774,0.0,113
FIR,13,True,0.21671630588476765,0.9392386530014641,0.2884333821376281,0.35651537335285505,0.0,113
FIR,14,True,0.23030812224028652,0.9559471365638766,0.2936857562408223,0.5066079295154186,0.0,113
FIR,15,True,0.24948981478201948,0.9588235294117647,0.3161764705882353,0.49779411764705883,0.0,113
FIR,16,True,0.276406553658328,0.9720176730486009,0.34167893961708395,0.5891016200294551,0.0,113
FIR,17,True,0.2623091824094239,0.9632082413539367,0.3620309050772627,0.6703458425312729,0.0,113
FIR,18,True,0.28649455090432174,0.975735294117647,0.3845588235294118,0.6617647058823529,0.0,113
FIR,19,True,0.28649455090432174,0.9823399558498896,0.4032376747608536,0.8491537895511405,,113
FIR,20,True,0.28649455090432174,0.9837997054491899,0.4201618837380427,0.7702503681885126,,113
FIR,21,True,0.30939034575431923,0.9875,0.45554739162380603,0.8147058823529412,0.0,113
FIR,22,True,0.3200667721365342,0.9904552129221733,0.4739545121056493,0.8575624082232012,0.0,113
FIR,23,True,0.29928418545257984,0.9874723655121592,0.4948453608247423,0.922623434045689,0.0,113
FIR,24,True,0.28236115613105883,0.9808259587020649,0.5250737463126843,0.9631268436578171,0.0,113
FIR,25,True,0.3101714487086673,0.9918819188191882,0.5416974169741697,0.9542435424354243,0.0,113
FIR,26,True,0.33497478070437636,0.9955686853766618,0.553175775480059,0.9401772525849336,0.0,113
FIR,27,True,0.365363575537073,0.9963072378138847,0.5723781388478582,0.9512555391432792,0.0,113
FIR,28,True,0.38492553745046454,0.9963072378138847,0.5849335302806499,0.9549483013293943,0.0,113
FIR,29,True,0.36927943519891304,0.9963154016212233,0.5887988209285188,0.9749447310243183,0.0,113
FIR,30,True,0.35717868191008595,0.9933628318584071,0.5848082595870207,0.9660766961651918,0.0,113
FIR,31,True,0.3794624747683151,0.9933579335793358,0.5904059040590406,0.9416974169741698,0.0,113
FIR,32,True,0.3966845594019517,0.9926362297496318,0.5839469808541974,0.906480117820324,0.0,113
FIR,33,True,0.39682731569645924,0.9845588235294118,0.575735294117647,0.8919117647058824,0.0,113
FIR,34,True,0.39583866449993543,0.979457079970653,0.5663976522377109,0.8782098312545855,0.0,113
FIR,35,True,0.3743933757233848,0.9413489736070382,0.5483870967741935,0.8768328445747801,0.0,113
FIR,36,True,0.38226957070340273,0.9209370424597365,0.5314787701317716,0.8140556368960469,0.0,113
FIR,37,True,0.3685114704646133,0.9136163982430454,0.5190336749633968,0.8572474377745242,0.0,113
FIR,38,True,0.37125697983891626,0.8521229868228404,0.49267935578330896,0.6625183016105417,0.0,113
FIR,39,True,0.35768549187848886,0.7967836257309941,0.48026315789473684,0.8033625730994152,0.0,113
FIR,40,True,0.36103749034017096,0.7962016070124178,0.4550766983199416,0.7538349159970782,0.0,113
FIR,41,True,0.3703550892913967,0.7525547445255475,0.42773722627737226,0.6992700729927007,0.0,113
FIR,42,True,0.3703550892913967,0.7043795620437956,0.4124087591240876,0.6591240875912409,0.0,113
FIR,43,True,0.3610870412837184,0.7554744525547445,0.3963503649635037,0.7014598540145985,0.0,113
FIR,44,True,0.37003194284251895,0.8571428571428571,0.37317784256559766,0.6428571428571429,0.0,113
FIR,45,True,0.3974890140251053,0.8667152221412965,0.36562272396212675,0.49526584122359796,0.0,113
FIR,46,True,0.4337297521125305,0.9038601602330663,0.35178441369264385,0.45229424617625635,0.0,113
FIR,47,True,0.4501009369853972,0.8696285506190823,0.3408594319009468,0.3503277494537509,0.0,113
FIR,48,True,0.4427593520996016,0.7651349380014588,0.33698030634573306,0.2961342086068563,0.0,113
FIR,49,True,0.42976965109519005,0.7921225382932167,0.3274981765134938,0.399708242159008,0.0,113
FIR,50,True,0.43415035625877985,0.8534985422740525,0.3250728862973761,0.4037900874635568,0.0,113
FIR,51,True,0.4598160992523208,0.86608442503639,0.32241630276564776,0.309315866084425,0.0,113
FIR,52,True,0.4723854888039243,0.8565185724690458,0.3124544792425346,0.27093954843408596,0.0,113
FIR,53,True,0.4452246665578736,0.6821818181818182,0.30472727272727274,0.4007272727272727,0.0,113
FIR,54,True,0.44704442625936136,0.7055837563451777,0.2951414068165337,0.43364757070340826,0.0,113
FIR,55,True,0.4079023590170683,0.5470332850940666,0.2829232995658466,0.6765557163531114,0.0,113
FIR,56,True,0.4061677490980624,0.43352601156069365,0.26878612716763006,0.6676300578034682,0.0,113
FIR,57,True,0.40849305377742806,0.6146059291395517,0.2559652928416486,0.6681127982646421,0.0,113
FIR,58,True,0.4088010479800859,0.5836350470673425,0.25343953656770457,0.6256335988414192,0.0,113
FIR,59,True,0.41455582260478585,0.737300435413643,0.26342525399129174,0.6821480406386067,0.0,113
FIR,60,True,0.430741232508675,0.7968185104844541,0.2646420824295011,0.6420824295010846,0.0,113
FIR,61,True,0.434509346632175,0.7796242774566474,0.2781791907514451,0.690028901734104,0.0,113
FIR,62,True,0.4382941444743935,0.7888647866955893,0.28633405639913234,0.6702819956616052,0.0,113
FIR,63,True,0.42580136143905145,0.7739130434782608,0.2891304347826087,0.7202898550724638,0.0,113
FIR,64,True,0.45245907191182866,0.8484408992023206,0.30384336475707036,0.6918056562726613,0.0,113
FIR,65,True,0.47551505532896465,0.8289855072463768,0.29927536231884055,0.5949275362318841,0.0,113
FIR,66,True,0.47524803292131246,0.5887038377986966,0.28674873280231716,0.30123099203475745,0.0,113
FIR,67,True,0.4733440946568557,0.3758146270818248,0.2845763939174511,0.30195510499637945,0.0,113
FIR,68,True,0.483633282497117,0.5420289855072464,0.286231884057971,0.4282608695652174,0.0,113
FIR,69,True,0.5115502245180688,0.7496371552975326,0.28156748911465895,0.4716981132075472,0.0,113
FIR,70,True,0.5202382795833491,0.7037037037037037,0.2962962962962963,0.2251270878721859,0.0,113
FIR,71,True,0.5396639203374585,0.6395348837209303,0.3015988372093023,0.10828488372093023,0.0,113
FIR,72,True,0.5617809314357431,0.6492374727668845,0.3057371096586783,0.12636165577342048,0.0,113
FIR,73,True,0.5636956404628275,0.7805232558139535,0.31031976744186046,0.1380813953488372,0.0,113
FIR,74,True,0.5712464832840827,0.7768895348837209,0.3190406976744186,0.35101744186046513,0.0,113
FIR,75,True,0.5647674844043529,0.8980335032774945,0.34231609613983977,0.42316096139839765,0.0,113
FIR,76,True,0.5806569235239276,0.9408759124087591,0.362043795620438,0.3605839416058394,0.0,113
FIR,77,True,0.5954727263808433,0.9664478482859227,0.38439095550692925,0.37636761487964987,0.0,113
FIR,78,True,0.5896856030611921,0.9708029197080292,0.3883211678832117,0.3948905109489051,0.0,113
FIR,79,True,0.5896856030611921,0.969208211143695,0.3914956011730205,0.5021994134897361,,113
FIR,80,True,0.5896856030611921,0.9589141599413059,0.3991195891415994,0.6126192223037418,,113
FIR,81,True,0.595763636953953,0.9588537839823659,0.4099926524614254,0.5951506245407788,0.0,113
FIR,82,True,0.6103933886209516,0.9654919236417033,0.4265785609397944,0.6497797356828194,0.0,113
FIR,83,True,0.6935668131867083,0.9868035190615836,0.43255131964809385,0.6495601173020528,0.0,113
FIR,84,True,0.6930719332357662,0.9802052785923754,0.44501466275659823,0.4868035190615836,0.0,113
FIR,85,True,0.7200081154307316,0.9882783882783883,0.4747252747252747,0.5794871794871795,0.0,113
FIR,86,True,0.8070606542277514,0.9955979457079971,0.4930300807043287,0.6852531181217901,0.0,113
FIR,87,True,0.8260281949138313,0.9934017595307918,0.4941348973607038,0.8643695014662757,0.0,113
FIR,88,True,0.8290425826415189,0.9933823529411765,0.5080882352941176,0.8161764705882353,0.0,113
FIR,89,True,0.8267786174012013,0.9926632428466617,0.5216434336023478,0.6786500366837858,0.0,113
FIR,90,True,0.8459635847961833,0.9926686217008798,0.5388563049853372,0.7199413489736071,0.0,113
FIR,91,True,0.8578515967290486,0.9948642699926632,0.5505865102639296,0.8107116654438739,0.0,113
FIR,92,True,0.8625370136005267,0.9948680351906158,0.5684981684981685,0.8101173020527859,0.0,113
FIR,93,True,0.8592311597549392,0.9948567229977957,0.57856093979442,0.8089639970609845,0.0,113
FIR,94,True,0.8303650604822294,0.9933726067746687,0.5982339955849889,0.9175257731958762,0.0,113
FIR,95,True,0.8302301907912771,0.9941133186166299,0.6022058823529411,0.9028697571743929,0.0,113
FIR,96,True,0.8444911515362467,0.9918879056047197,0.6041206769683591,0.8266961651917404,0.0,113
FIR,97,True,0.8610343641426311,0.9940828402366864,0.6132841328413284,0.8284023668639053,0.0,113
FIR,98,True,0.8403395641615355,0.9933234421364985,0.61880088823094,0.8954005934718101,0.0,113
FIR,99,True,0.847359482676871,0.9940915805022157,0.6144756277695717,0.9076809453471196,0.0,113
FIR,100,True,0.8520490394867958,0.9926362297496318,0.6281296023564065,0.9131075110456554,0.0,113
FIR,101,True,0.8768256156324618,0.9948604992657856,0.6233480176211453,0.8979441997063142,0.0,113
FIR,102,True,0.8921763247501563,0.9963208241353937,0.6261957321559971,0.9367181751287712,0.0,113
FIR,103,True,0.8638123879059406,0.9807834441980784,0.6289726533628973,0.9216555801921655,0.0,113
FIR,104,True,0.8488057271406114,0.9740548554484804,0.6241660489251297,0.9614529280948851,0.0,113
FIR,105,True,0.8492503628249392,0.9607698001480385,0.6084381939304219,0.9059955588452998,0.0,113
FIR,106,True,0.8515848644687966,0.6274944567627494,0.6001478196600147,0.7087952697708795,0.0,113
FIR,107,True,0.8283276593958219,0.028824833702882482,0.6075388026607539,0.8203991130820399,0.0,113
FIR,108,True,0.8262237726951821,0.07982261640798226,0.5920177383592018,0.6807095343680709,0.0,113
FIR,109,True,0.8320906823261781,0.07100591715976332,0.584319526627219,0.5710059171597633,0.0,113
FIR,110,True,0.8672387575251456,0.2668144863266814,0.5713229859571323,0.5240206947524021,0.0,113
FIR,111,True,0.8742313689653457,0.19763138415988157,0.5573649148778682,0.44559585492227977,0.0,113
FIR,112,True,0.9071337898042525,0.45857988165680474,0.5436390532544378,0.5236686390532544,0.0,113
FIR,113,False,0.9466629277877682,0.6925925925925925,0.534074074074074,0.74,0.0,113
FIR,114,False,0.9606755480745822,0.8496296296296296,0.5259259259259259,0.774074074074074,0.0,113
FIR,115,False,0.9631865360804658,0.882876204595997,0.5181616011860638,0.7064492216456635,0.0,113
FIR,116,False,0.9536663637886301,0.8162202380952381,0.5208333333333334,0.5877976190476191,0.0,113
FIR,117,False,0.9750141378015474,0.8558692421991084,0.5170876671619614,0.6679049034175334,0.0,113
FIR,118,False,0.9732320583542095,0.9090236686390533,0.5133136094674556,0.6930473372781065,0.0,113
FIR,119,False,0.9733975466140464,0.9112426035502958,0.507396449704142,0.6494082840236687,0.0,113
FIR,120,False,0.9664590654288522,0.8851000741289844,0.5040770941438102,0.4951816160118606,0.0,113
FIR,121,False,0.9588700847218937,0.7256505576208179,0.512267657992565,0.16951672862453532,0.0,113
FIR,122,False,0.9540914177914371,0.5912137006701415,0.5011169024571854,0.1712583767684289,0.0,113
FIR,123,False,0.9588700847218937,0.8311011904761905,0.5059523809523809,0.42038690476190477,0.0,113
FIR,124,False,0.9524752521915364,0.859375,0.5014880952380952,0.41517857142857145,0.0,113
FIR,125,False,0.9679831364549077,0.8782479584261321,0.48997772828507796,0.46993318485523383,0.0,113
FIR,126,False,0.9703792581680332,0.8825278810408922,0.4921933085501859,0.6795539033457249,0.0,113
FIR,127,False,0.9725296487298223,0.9553903345724907,0.4933135215453195,0.6936802973977695,0.0,113
FIR,128,False,0.9775871851867439,0.9651335311572701,0.5018532246108228,0.7485163204747775,0.0,113
FIR,129,False,0.9652851706046606,0.9481481481481482,0.5062916358253146,0.6296296296296297,0.0,113
FIR,130,False,0.9676306231792966,0.8882309400444115,0.5029585798816568,0.5107327905255367,0.0,113
FIR,131,False,0.9769946459299208,0.8919319022945966,0.5029585798816568,0.43671354552183567,0.0,113
FIR,132,False,0.9699705874761386,0.7308259587020649,0.5121591746499632,0.30973451327433627,0.0,113
FIR,133,False,0.9534369573142383,0.08560885608856089,0.5110619469026548,0.25535055350553504,0.0,113
FIR,134,False,0.9244693882484436,0.46,0.5203552923760177,0.5303703703703704,0.0,113
FIR,135,False,0.9328645717782067,0.41555555555555557,0.5151739452257587,0.5244444444444445,0.0,113
FIR,136,False,0.9471934685696477,0.10824742268041238,0.49963208241353935,0.25625920471281294,0.0,113
FIR,137,False,0.9471934685696477,0.43478260869565216,0.48784082535003687,0.27044952100221076,0.0,113
FIR,138,False,0.9668508782863805,0.13539367181751288,0.48933038999264167,0.12729948491537896,0.0,113
FIR,139,False,0.9861418002626481,0.25901398086828553,0.5011037527593819,0.152317880794702,0.0,113
FIR,140,False,1.015601601004946,0.7022844509948416,0.5033161385408991,0.28371407516580693,0.0,113
FIR,141,False,1.016826347566568,0.7361419068736141,0.5062823355506282,0.2638580931263858,0.0,113
FIR,142,False,0.9990087400020555,0.6488888888888888,0.5074074074074074,0.4525925925925926,0.0,113
FIR,143,False,0.9990087400020555,0.6210995542347697,0.5096582466567607,0.3558692421991085,,113
FIR,144,False,0.9990087400020555,0.6777777777777778,0.5081481481481481,0.32592592592592595,,113
FIR,145,False,0.9906476249123652,0.3591078066914498,0.5137546468401487,0.29442379182156136,0.0,113
FIR,146,False,0.9663593019148864,0.05930318754633061,0.502594514455152,0.49592290585618976,0.0,113
FIR,147,False,0.9708853342828629,0.02526002971768202,0.48811292719167904,0.4279346210995542,0.0,113
FIR,148,False,0.9572089821886609,0.30376940133037694,0.4781966001478197,0.6208425720620843,0.0,113
FIR,149,False,0.9617892279160186,0.05695266272189349,0.46597633136094674,0.5059171597633136,0.0,113
FIR,150,False,0.9695963410726592,0.037638376383763834,0.46420664206642065,0.37859778597785976,0.0,113
FIR,151,False,0.9740918531392008,0.047829286239882265,0.45474613686534215,0.3826342899190581,0.0,113
FIR,152,False,0.9676998529799327,0.047899778924097275,0.4524686809137804,0.48563006632277084,0.0,113
FIR,153,False,0.951295943917475,0.03826342899190582,0.4518027961736571,0.5952906548933039,0.0,113
FIR,154,False,0.932691270175699,0.16299559471365638,0.4500734214390602,0.6505139500734214,0.0,113
FIR,155,False,0.935031234472541,0.03747244673034533,0.44542124542124545,0.6201322556943424,0.0,113
FIR,156,False,0.9489937741115174,0.02852962692026335,0.4381858083394294,0.5405998536942209,0.0,113
FIR,157,False,0.9628365879643349,0.3159824046920821,0.4442815249266862,0.46187683284457476,0.0,113
FIR,158,False,0.9585718716281725,0.17690058479532164,0.44298245614035087,0.483187134502924,0.0,113
FIR,159,False,0.9452137940006636,0.6430138990490124,0.4359912216532553,0.415508412582297,0.0,113
FIR,160,False,0.9499001822997951,0.825674690007294,0.4179431072210066,0.5193289569657185,0.0,113
FIR,161,False,0.9623974121226174,0.7672727272727272,0.4101818181818182,0.5789090909090909,0.0,113
FIR,162,False,0.9804966428608556,0.38355167394468703,0.40684133915574966,0.3282387190684134,0.0,113
FIR,163,False,0.9727573507518791,0.49746192893401014,0.4031907179115301,0.2958665699782451,0.0,113
FIR,164,False,0.9621956134726556,0.6315406976744186,0.3808139534883721,0.42005813953488375,0.0,113
FIR,165,False,0.9691340946578498,0.42867540029112083,0.3864628820960699,0.38064046579330424,0.0,113
FIR,166,False,0.9575060566627308,0.21986851716581446,0.38495252008765524,0.3301680058436815,0.0,113
FIR,167,False,0.9621956134726556,0.2072992700729927,0.38175182481751824,0.4116788321167883,0.0,113
FIR,168,False,0.9668266126340982,0.21156661786237188,0.37920937042459735,0.2862371888726208,0.0,113
FIR,169,False,0.9709316323656497,0.16202346041055718,0.38269794721407624,0.2697947214076246,0.0,113
FIR,170,False,0.9769859865483671,0.12049963262307127,0.3813372520205731,0.22777369581190302,0.0,113
FIR,171,False,0.982823585332362,0.14180749448934607,0.3813372520205731,0.2784717119764879,0.0,113
FIR,172,False,1.0012564459432913,0.5392516507703595,0.39104915627292736,0.40792369772560527,0.0,113
FIR,173,False,1.0080686332558146,0.7483492296404989,0.38371239911958915,0.4739545121056493,0.0,113
FIR,174,False,0.9957275498642071,0.8079178885630498,0.375366568914956,0.6143695014662757,0.0,113
FIR,175,False,1.0026228774927257,0.8313782991202346,0.3775659824046921,0.5667155425219942,0.0,113
FIR,176,False,1.0246932649307965,0.8469387755102041,0.3746355685131195,0.4679300291545189,0.0,113
FIR,177,False,1.0534724046477906,0.8898614150255288,0.3639679066374909,0.424507658643326,0.0,113
FIR,178,False,1.0539918587715835,0.9151426481346013,0.36795903438185806,0.42574981711777615,0.0,113
FIR,179,False,1.0584175772704691,0.9408327246165084,0.36742147552958365,0.4368151935719503,0.0,113
FIR,180,False,1.070929931327275,0.9458668617410387,0.37161667885881494,0.4425749817117776,0.0,113
SJS,-60,False,0.06267000797412026,0.35665914221218964,0.4145974416854778,0.3671933784800602,0.0,192
SJS,-59,False,0.016849254462194097,0.821938392186326,0.517655897821187,0.613824192336589,0.0,192
SJS,-58,False,0.006797166683107481,0.8824850299401198,0.5082335329341318,0.7290419161676647,0.0,192
SJS,-57,False,0.04332122068559752,0.4977544910179641,0.49550898203592814,0.4244011976047904,0.0,192
SJS,-56,False,0.06482143619329461,0.2931937172774869,0.48616305160807777,0.19147344801795063,0.0,192
SJS,-55,False,0.06267000797412026,0.3482810164424514,0.4671150971599402,0.36696562032884905,0.0,192
SJS,-54,False,0.048222264717516006,0.09152288072018004,0.46211552888222057,0.3563390847711928,0.0,192
SJS,-53,False,0.040630570148748046,0.45345345345345345,0.43243243243243246,0.4797297297297297,0.0,192
SJS,-52,False,0.040329677112249995,0.23705926481620404,0.4223555888972243,0.32483120780195046,0.0,192
SJS,-51,False,0.053231316455402466,0.7065868263473054,0.5351796407185628,0.530688622754491,0.0,192
SJS,-50,False,0.053231316455402466,0.5560538116591929,0.5351270553064275,0.5082212257100149,0.0,192
SJS,-49,False,0.053231316455402466,0.3067758749069248,0.5286671630677587,0.5636634400595681,0.0,192
SJS,-48,False,0.059593164738685034,0.26025354213273677,0.5272184936614467,0.6711409395973155,0.0,192
SJS,-47,False,0.03952744741980052,0.3865168539325843,0.5385767790262173,0.6719101123595506,0.0,192
SJS,-46,False,0.048068345659015965,0.39325842696629215,0.5430711610486891,0.6816479400749064,0.0,192
SJS,-45,False,0.05970787533128796,0.23952095808383234,0.5336826347305389,0.5965568862275449,0.0,192
SJS,-44,False,0.02935301190918127,0.5642750373692078,0.5396113602391629,0.7204783258594918,0.0,192
SJS,-43,False,0.05423242594054278,0.5407629020194465,0.56245325355273,0.6043380703066566,0.0,192
SJS,-42,False,0.05212716200508016,0.5324869305451829,0.578790141896938,0.6250933532486931,0.0,192
SJS,-41,False,0.03287141275665406,0.44668158090976884,0.5898583146905294,0.6010439970171514,0.0,192
SJS,-40,False,0.05407304962959869,0.13805970149253732,0.6067164179104477,0.5253731343283582,0.0,192
SJS,-39,False,0.05407304962959869,0.4591381872213967,0.6106983655274889,0.6225854383358098,0.0,192
SJS,-38,False,0.03034398374565872,0.3447251114413076,0.6069836552748885,0.537890044576523,0.0,192
SJS,-37,False,0.03303174189340785,0.21306607275426875,0.6102449888641426,0.41573867854491464,0.0,192
SJS,-36,False,0.024169730263533307,0.4977810650887574,0.610207100591716,0.43047337278106507,0.0,192
SJS,-35,False,0.007830546254715465,0.6281481481481481,0.6125925925925926,0.44296296296296295,0.0,192
SJS,-34,False,0.007830546254715465,0.5062916358253146,0.612879348630644,0.3545521835677276,0.0,192
SJS,-33,False,0.026091828297558628,0.2335063009636768,0.6160118606375092,0.22016308376575242,0.0,192
SJS,-32,False,0.019452229754394423,0.29333333333333333,0.6155555555555555,0.14148148148148149,0.0,192
SJS,-31,False,0.017437884699470718,0.43643122676579926,0.6022304832713755,0.1687732342007435,0.0,192
SJS,-30,False,0.023052820401875618,0.35687732342007433,0.6059479553903345,0.16951672862453532,0.0,192
SJS,-29,False,0.023052820401875618,0.33980582524271846,0.6094100074682599,0.1508588498879761,0.0,192
SJS,-28,False,0.0171810480100425,0.5194029850746269,0.608955223880597,0.38283582089552237,0.0,192
SJS,-27,False,0.012689280212902165,0.3814126394052045,0.6037174721189591,0.36059479553903345,0.0,192
SJS,-26,False,0.004778320095533584,0.5241276911655531,0.5916852264291017,0.27765404602821087,0.0,192
SJS,-25,False,0.04067067456839579,0.27313101406365653,0.5995558845299778,0.3308660251665433,0.0,192
SJS,-24,False,0.0395861686257466,0.17925925925925926,0.582962962962963,0.16592592592592592,0.0,192
SJS,-23,False,0.027347098389772118,0.40029651593773163,0.5789473684210527,0.23498888065233506,0.0,192
SJS,-22,False,0.02061814440781573,0.44691907943578324,0.576837416481069,0.3051224944320713,0.0,192
SJS,-21,False,0.03069467164173556,0.03131991051454139,0.5741983594332588,0.2319164802386279,0.0,192
SJS,-20,False,0.036883342749786774,0.2844378257632167,0.5584512285927029,0.3484735666418466,0.0,192
SJS,-19,False,0.04227464328906927,0.22801788375558868,0.5081967213114754,0.45603576751117736,0.0,192
SJS,-18,False,0.011667738861831145,0.3268801191362621,0.5011169024571854,0.4460163812360387,0.0,192
SJS,-17,False,0.019448272460964366,0.2402694610778443,0.5359281437125748,0.5104790419161677,0.0,192
SJS,-16,False,0.019448272460964366,0.06611570247933884,0.5574755822689706,0.6258452291510143,0.0,192
SJS,-15,False,0.03469004469877324,0.3702865761689291,0.5610859728506787,0.6832579185520362,0.0,192
SJS,-14,False,0.02747290522901602,0.2558490566037736,0.569811320754717,0.5464150943396227,0.0,192
SJS,-13,False,0.02747290522901602,0.02490566037735849,0.5735849056603773,0.6037735849056604,0.0,192
SJS,-12,False,0.025233526604450218,0.08459214501510574,0.5777945619335347,0.5770392749244713,0.0,192
SJS,-11,False,0.022929990545538792,0.07709750566893424,0.5668934240362812,0.5774754346182918,0.0,192
SJS,-10,False,0.004488862810834937,0.31344410876132933,0.5634441087613293,0.6359516616314199,0.0,192
SJS,-9,False,0.049998084228846884,0.4235116804822909,0.5659382064807837,0.5908063300678221,0.0,192
SJS,-8,False,0.046654370748004825,0.4576144036009002,0.5641410352588146,0.6466616654163541,0.0,192
SJS,-7,False,0.0410371917775757,0.4394281414597442,0.5696012039127163,0.6659142212189616,0.0,192
SJS,-6,False,0.004488862810834937,0.006782215523737754,0.5636774679728711,0.4958553127354936,0.0,192
SJS,-5,False,-0.002602984459180946,0.5815176558978212,0.5537190082644629,0.6130728775356874,0.0,192
SJS,-4,False,-0.00725176875427469,0.6133633633633634,0.5563063063063063,0.6974474474474475,0.0,192
SJS,-3,False,-0.01797459095397158,0.581151832460733,0.5527299925205684,0.7292445774121167,0.0,192
SJS,-2,False,-0.028647574560011324,0.6407185628742516,0.5351796407185628,0.7754491017964071,0.0,192
SJS,-1,False,-0.03582671171929286,0.7406576980568012,0.5284005979073244,0.7137518684603886,0.0,192
SJS,0,True,-0.028647574560011324,0.7210172026925954,0.5302916978309649,0.7404637247569185,0.0,192
SJS,1,True,-0.02981994380545039,0.7393577296489918,0.5466766243465273,0.7983569828230023,0.0,192
SJS,2,True,-0.03582671171929286,0.6103216155572176,0.5355272999252056,0.7980553477935677,0.0,192
SJS,3,True,-0.03818974994343971,0.6801801801801802,0.5015015015015015,0.8145645645645646,0.0,192
SJS,4,True,-0.04190948229936786,0.7303370786516854,0.46217228464419474,0.7475655430711611,0.0,192
SJS,5,True,-0.04681885771872352,0.824981301421092,0.4397905759162304,0.8474195961106956,0.0,192
SJS,6,True,-0.05048510708450615,0.8034379671150972,0.39985052316890884,0.8871449925261584,0.0,192
SJS,7,True,-0.05048510708450615,0.8097014925373134,0.35149253731343283,0.8686567164179104,0.0,192
SJS,8,True,-0.05048510708450615,0.7895522388059701,0.3276119402985075,0.8873134328358209,0.0,192
SJS,9,True,-0.04801839067609126,0.757847533632287,0.31988041853512705,0.9043348281016442,0.0,192
SJS,10,True,-0.04801839067609126,0.666168782673637,0.2837938760268857,0.8215085884988798,0.0,192
SJS,11,True,-0.023926855419313386,0.7829977628635347,0.2803877703206562,0.8419090231170768,0.0,192
SJS,12,True,-0.02509922466475245,0.7473919523099851,0.28837555886736216,0.8062593144560357,0.0,192
SJS,13,True,-0.02509922466475245,0.7373511904761905,0.32589285714285715,0.8251488095238095,0.0,192
SJS,14,True,-0.035900074543269045,0.55,0.3276119402985075,0.7716417910447761,0.0,192
SJS,15,True,-0.035900074543269045,0.48469006721433905,0.3181478715459298,0.7542942494398805,0.0,192
SJS,16,True,-0.04921936424100426,0.5690936106983655,0.32689450222882616,0.7696879643387816,0.0,192
SJS,17,True,-0.038816575309985946,0.34840622683469236,0.3469236471460341,0.7272053372868792,0.0,192
SJS,18,True,-0.05093489144280816,0.3540280857354028,0.3954175905395418,0.8048780487804879,0.0,192
SJS,19,True,-0.059549264122504275,0.37305699481865284,0.41746854182087345,0.769059955588453,0.0,192
SJS,20,True,-0.059549264122504275,0.44797047970479703,0.42952029520295204,0.7785977859778598,0.0,192
SJS,21,True,-0.059549264122504275,0.4484536082474227,0.3954344624447717,0.8181148748159057,0.0,192
SJS,22,True,-0.059549264122504275,0.38088235294117645,0.4727941176470588,0.8147058823529412,0.0,192
SJS,23,True,-0.01875012265332321,0.30367647058823527,0.48676470588235293,0.7492647058823529,0.0,192
SJS,24,True,-0.05467321355341548,0.24064563462949376,0.5143066764490095,0.8363903154805576,0.0,192
SJS,25,True,-0.03776081545591914,0.1810850439882698,0.5117302052785924,0.781524926686217,0.0,192
SJS,26,True,-0.04618126127959099,0.08272327964860908,0.5102489019033675,0.7869692532942899,0.0,192
SJS,27,True,-0.05467321355341548,0.08394160583941605,0.5116788321167883,0.8284671532846716,0.0,192
SJS,28,True,-0.05467321355341548,0.08832116788321168,0.518978102189781,0.810948905109489,0.0,192
SJS,29,True,-0.04255489742059326,0.11695906432748537,0.5533625730994152,0.7134502923976608,0.0,192
SJS,30,True,0.025009839579007598,0.7441520467836257,0.5577485380116959,0.7814327485380117,1.0,192
SJS,31,True,0.027224034633493432,0.5918367346938775,0.5575801749271136,0.6807580174927114,0.0,192
SJS,32,True,0.008880111939034818,0.4420975965040058,0.5542607428987618,0.6824471959213402,0.0,192
SJS,33,True,0.027996931289784643,0.5763081395348837,0.5392441860465116,0.5421511627906976,0.0,192
SJS,34,True,0.026143362640461576,0.6252723311546841,0.5359477124183006,0.5366739288307916,0.0,192
SJS,35,True,0.017409597332797122,0.5702840495265841,0.5200291332847778,0.584122359796067,0.0,192
SJS,36,True,0.017409597332797122,0.6356363636363637,0.504,0.5796363636363636,0.0,192
SJS,37,True,0.012879972863360734,0.5514492753623188,0.49927536231884057,0.55,0.0,192
SJS,38,True,-0.0015590056331095115,0.5267727930535456,0.47829232995658466,0.6099855282199711,0.0,192
SJS,39,True,-0.004979021939090278,0.5624548736462094,0.4671480144404332,0.6974729241877257,0.0,192
SJS,40,True,-0.03155468219309843,0.35621387283236994,0.4515895953757225,0.7276011560693642,0.0,192
SJS,41,True,-0.02919183234638434,0.37318840579710144,0.4144927536231884,0.7101449275362319,0.0,192
SJS,42,True,-0.002570298488554834,0.5786802030456852,0.35170413343002177,0.5815808556925308,0.0,192
SJS,43,True,-0.007741934533091466,0.13062409288824384,0.3178519593613933,0.5195936139332366,0.0,192
SJS,44,True,-0.033917890904606174,0.26102675343456255,0.26174981923355023,0.6587129428778019,0.0,192
SJS,45,True,-0.032762067556051266,0.06222865412445731,0.2539797395079595,0.49421128798842257,0.0,192
SJS,46,True,-0.03983958337147653,0.08152958152958154,0.2619047619047619,0.45021645021645024,0.0,192
SJS,47,True,-0.026405151945907313,0.3759018759018759,0.240981240981241,0.4184704184704185,0.0,192
SJS,48,True,-0.034696580424958046,0.2838616714697406,0.22838616714697407,0.49279538904899134,0.0,192
SJS,49,True,-0.04131392167558501,0.01443001443001443,0.14574314574314573,0.29292929292929293,0.0,192
SJS,50,True,-0.024955868806582626,0.523088023088023,0.03823953823953824,0.42784992784992787,0.0,192
SJS,51,True,-0.05082698939809094,0.7042660882140275,0.026030368763557483,0.5350686912509038,0.0,192
SJS,52,True,-0.060369164781519324,0.7098408104196816,0.01447178002894356,0.38567293777134587,0.0,192
SJS,53,True,-0.046089830826972045,0.7295733911785972,0.01012292118582791,0.4121475054229935,0.0,192
SJS,54,True,-0.0628002085220466,0.796242774566474,0.005054151624548736,0.42557803468208094,0.0,192
SJS,55,True,-0.045838206278353,0.7090252707581227,0.004329004329004329,0.33212996389891697,0.0,192
SJS,56,True,-0.045838206278353,0.7089337175792507,0.0064794816414686825,0.3076368876080692,0.0,192
SJS,57,True,-0.0542802179293812,0.7503617945007236,0.005061460592913955,0.2706222865412446,0.0,192
SJS,58,True,-0.05620677928818696,0.6791907514450867,0.004332129963898917,0.26734104046242774,0.0,192
SJS,59,True,-0.05620677928818696,0.6562726613488035,0.005072463768115942,0.2820884699057288,0.0,192
SJS,60,True,-0.05058878698396374,0.35336712527154235,0.004341534008683068,0.2338884866039102,0.0,192
SJS,61,True,-0.03980066077899791,0.19506889050036258,0.005072463768115942,0.07686729514140682,0.0,192
SJS,62,True,-0.04359736894108479,0.532656023222061,0.01885424220449601,0.14876632801161102,0.0,192
SJS,63,True,-0.006195127301399039,0.020334059549745823,0.04354136429608128,0.04066811909949165,0.0,192
SJS,64,True,-0.020072608057939756,0.24854651162790697,0.06322674418604651,0.16715116279069767,0.0,192
SJS,65,True,-0.02233339656202038,0.18109090909090908,0.09527272727272727,0.22545454545454546,0.0,192
SJS,66,True,-0.015370583317899755,0.40597667638483964,0.09912536443148688,0.20481049562682216,0.0,192
SJS,67,True,0.0006506458561607031,0.39941690962099125,0.12244897959183673,0.13994169096209913,0.0,192
SJS,68,True,0.01867650946692201,0.6669090909090909,0.19636363636363635,0.192,0.0,192
SJS,69,True,0.04295023903024642,0.8180494905385735,0.24890829694323144,0.3311499272197962,0.0,192
SJS,70,True,0.04514847569032543,0.7556363636363637,0.34036363636363637,0.34036363636363637,0.0,192
SJS,71,True,0.029692433134568708,0.789665211062591,0.3901018922852984,0.5596797671033479,0.0,192
SJS,72,True,0.05364871222865575,0.8841951930080116,0.3991260014566642,0.616897305171158,0.0,192
SJS,73,True,0.0600335436238526,0.8667152221412965,0.40058266569555717,0.5695557174071376,0.0,192
SJS,74,True,0.12619991061035862,0.9621542940320232,0.4104803493449782,0.8245997088791849,1.0,192
SJS,75,True,0.19384161499844565,0.9796659404502541,0.41103848946986205,0.8867102396514162,1.0,192
SJS,76,True,0.26073442594264873,0.9905660377358491,0.40130624092888245,0.9354136429608128,1.0,192
SJS,77,True,0.2967980037082538,0.9949090909090909,0.4269090909090909,0.9701818181818181,0.0,192
SJS,78,True,0.34018703812747675,0.9941944847605225,0.444121915820029,0.9550072568940493,0.0,192
SJS,79,True,0.3205598634933182,0.9934924078091106,0.4475777295733912,0.9696312364425163,0.0,192
SJS,80,True,0.2954604726878036,0.9905865314989138,0.4496741491672701,0.9775524981897176,0.0,192
SJS,81,True,0.2916052667810829,0.9912917271407837,0.4709724238026125,0.9811320754716981,0.0,192
SJS,82,True,0.26044943440450896,0.9876989869753979,0.4309472161966739,0.9804630969609262,0.0,192
SJS,83,True,0.24281696589127244,0.9782923299565847,0.40997830802603036,0.9761215629522432,0.0,192
SJS,84,True,0.30991856204915824,0.9854967367657723,0.3978260869565217,0.9673676577229877,1.0,192
SJS,85,True,0.38144180964742325,0.9905660377358491,0.3799854967367658,0.9680696661828737,1.0,192
SJS,86,True,0.3845385966946757,0.9912980420594634,0.3804347826086957,0.9637418419144308,0.0,192
SJS,87,True,0.3507958192632963,0.9883805374001452,0.3853410740203193,0.9731299927378358,0.0,192
SJS,88,True,0.30998418480706635,0.9832605531295487,0.3650909090909091,0.9810771470160117,0.0,192
SJS,89,True,0.33142242311135983,0.9818313953488372,0.3493100944081336,0.9622093023255814,0.0,192
SJS,90,True,0.3182700738687867,0.9789244186046512,0.3057371096586783,0.9636627906976745,0.0,192
SJS,91,True,0.28780250175262356,0.9738941261783901,0.2463768115942029,0.9731689630166788,1.0,192
SJS,92,True,0.2788363317229887,0.9659913169319826,0.23733719247467439,0.9739507959479016,0.0,192
SJS,93,True,0.2643116457201047,0.9645441389290883,0.24819102749638206,0.9811866859623734,0.0,192
SJS,94,True,0.22323314734595234,0.8276611151339609,0.24692251991310643,0.9724837074583635,0.0,192
SJS,95,True,0.28073613920868423,0.8068264342774146,0.3028322440087146,0.9324618736383442,1.0,192
SJS,96,True,0.3395885109458736,0.7764876632801161,0.32873730043541366,0.8599419448476052,0.0,192
SJS,97,True,0.34087084912616916,0.551849166062364,0.2907904278462654,0.7055837563451777,0.0,192
SJS,98,True,0.34087084912616916,0.007976794778825236,0.242929659173314,0.7157360406091371,0.0,192
SJS,99,True,0.3442002219994569,0.3321247280638144,0.24147933284989123,0.7911530094271211,0.0,192
SJS,100,True,0.3403921605774243,0.5772298767222626,0.22987672226250908,0.8368382886149384,0.0,192
SJS,101,True,0.32826288182245644,0.5159420289855072,0.27391304347826084,0.8644927536231884,0.0,192
SJS,102,True,0.3027363343504277,0.5533769063180828,0.35076252723311546,0.9186637618010167,0.0,192
SJS,103,True,0.2870744480535463,0.5728788977519942,0.38071065989847713,0.8883248730964467,0.0,192
SJS,104,True,0.3027363343504277,0.1012292118582791,0.3962400578452639,0.5704989154013015,0.0,192
SJS,105,True,0.31196691704336454,0.7047756874095513,0.41244573082489144,0.6099855282199711,0.0,192
SJS,106,True,0.3103819670579756,0.7231884057971014,0.41304347826086957,0.6710144927536232,0.0,192
SJS,107,True,0.31553089760427533,0.4511223750905141,0.41491672700941346,0.6929761042722665,0.0,192
SJS,108,True,0.3151140120977344,0.06150506512301013,0.42185238784370477,0.47467438494934877,0.0,192
SJS,109,True,0.3151140120977344,0.1842485549132948,0.42124277456647397,0.5578034682080925,0.0,192
SJS,110,True,0.33485591100773615,0.2106782106782107,0.4329004329004329,0.6053391053391053,0.0,192
SJS,111,True,0.33485591100773615,0.5902828136330674,0.4474256707759246,0.7295141406816533,0.0,192
SJS,112,True,0.3923297346326341,0.8483309143686503,0.45863570391872277,0.8156748911465893,1.0,192
SJS,113,True,0.3763333718259495,0.8548621190130624,0.4644412191582003,0.8403483309143687,0.0,192
SJS,114,True,0.3786154165737988,0.9088937093275488,0.4598698481561822,0.9175704989154013,0.0,192
SJS,115,True,0.40056106778907774,0.8589001447178003,0.4283646888567294,0.8357452966714906,0.0,192
SJS,116,True,0.3884592525810754,0.5416364952932657,0.4207096307023896,0.7451122375090514,0.0,192
SJS,117,True,0.4196520250083863,0.7180043383947939,0.4475777295733912,0.7216196673897325,0.0,192
SJS,118,True,0.4115439292520163,0.6683562635771181,0.46415640839971034,0.7096307023895728,0.0,192
SJS,119,True,0.4196520250083863,0.7120115774240231,0.479739507959479,0.6808972503617945,0.0,192
SJS,120,True,0.4308857607863127,0.779145546705286,0.49022447501810285,0.6763215061549602,0.0,192
SJS,121,True,0.43925796619735624,0.7973950795947902,0.47467438494934877,0.7083936324167872,0.0,192
SJS,122,True,0.43076122101703895,0.8395953757225434,0.47760115606936415,0.7817919075144508,0.0,192
SJS,123,True,0.43882502216232233,0.8778901734104047,0.476878612716763,0.8497109826589595,0.0,192
SJS,124,True,0.44367473274206815,0.8672438672438673,0.46825396825396826,0.8477633477633477,0.0,192
SJS,125,True,0.43733802682365586,0.8633405639913232,0.4822848879248012,0.871294287780188,0.0,192
SJS,126,True,0.4378112732535039,0.8656499636891793,0.48729121278140886,0.8671023965141612,0.0,192
SJS,127,True,0.3983599378033721,0.715429403202329,0.507278020378457,0.8682678311499272,0.0,192
SJS,128,True,0.4215548613487906,0.8381924198250729,0.5189504373177842,0.8600583090379009,0.0,192
SJS,129,True,0.41989757848779397,0.8334556126192223,0.516507703595011,0.8584005869405723,0.0,192
SJS,130,True,0.4096060219343799,0.7001466275659824,0.5263929618768328,0.8687683284457478,0.0,192
SJS,131,True,0.3994478361619299,0.6293040293040293,0.5223443223443224,0.6212454212454213,0.0,192
SJS,132,True,0.34903590243444926,0.3907624633431085,0.5153958944281525,0.5989736070381232,1.0,192
SJS,133,True,0.375028676942447,0.012481644640234948,0.526431718061674,0.5859030837004405,0.0,192
SJS,134,True,0.3799918502994276,0.01838235294117647,0.5419117647058823,0.5102941176470588,0.0,192
SJS,135,True,0.4093778592788916,0.11829537105069801,0.5576781778104335,0.6039676708302718,0.0,192
SJS,136,True,0.41210035304190373,0.32818248712288445,0.5746872700515084,0.5518763796909493,0.0,192
SJS,137,True,0.4154862367154516,0.0397936624907885,0.5843773028739867,0.5659543109801032,0.0,192
SJS,138,True,0.42656180165153534,0.14907749077490776,0.5808118081180812,0.4981549815498155,0.0,192
SJS,139,True,0.42394699382079626,0.034048852701702444,0.5877128053293856,0.4552183567727609,0.0,192
SJS,140,True,0.4277660831111225,0.02596439169139466,0.577893175074184,0.4910979228486647,0.0,192
SJS,141,True,0.4364067933804292,0.03187546330615271,0.5782060785767235,0.4840622683469237,0.0,192
SJS,142,True,0.4311220430398275,0.004451038575667656,0.5719584569732937,0.42136498516320475,0.0,192
SJS,143,True,0.42302217692940713,0.16432272390821615,0.5558845299777943,0.45817912657290893,0.0,192
SJS,144,True,0.48324219678719826,0.4594192107222636,0.5666418466120625,0.5673864482501861,0.0,192
SJS,145,True,0.48549131489786923,0.5315985130111525,0.5702602230483271,0.5271375464684015,0.0,192
SJS,146,True,0.4935472908464065,0.5713224368499257,0.5787518573551264,0.5646359583952452,0.0,192
SJS,147,True,0.48317439358030345,0.7678041543026706,0.5786350148367952,0.7299703264094956,0.0,192
SJS,148,True,0.47639336011908195,0.6168154761904762,0.5773809523809523,0.71875,0.0,192
SJS,149,True,0.43671441186809545,0.22131754256106587,0.5869726128793487,0.7372316802368616,0.0,192
SJS,150,True,0.4483020270404836,0.4870657797487066,0.581670362158167,0.7220990391722099,0.0,192
SJS,151,True,0.43169449480059896,0.4357459379615953,0.5805022156573116,0.7525849335302807,0.0,192
SJS,152,True,0.4614007073590263,0.8797935103244838,0.588495575221239,0.7794985250737463,0.0,192
SJS,153,True,0.46304181105373754,0.8027961736571008,0.5916114790286976,0.7424576894775571,0.0,192
SJS,154,True,0.4854922426158046,0.8682855040470935,0.5967623252391464,0.6600441501103753,0.0,192
SJS,155,True,0.49339547983791654,0.7974963181148749,0.5957290132547864,0.572901325478645,0.0,192
SJS,156,True,0.5012367453584599,0.815033161385409,0.5991156963890936,0.5902726602800294,0.0,192
SJS,157,True,0.5677335865048199,0.9322033898305084,0.606484893146647,0.7737656595431098,1.0,192
SJS,158,True,0.563271784990607,0.9155033063923586,0.6091109478324761,0.7964731814842028,0.0,192
SJS,159,True,0.5363232918899055,0.8777614138438881,0.6104565537555229,0.8144329896907216,0.0,192
SJS,160,True,0.5718940322130253,0.9217134416543574,0.6152141802067946,0.7909896602658789,0.0,192
SJS,161,True,0.5600898649719006,0.8670605612998523,0.6122599704579025,0.7259970457902511,0.0,192
SJS,162,True,0.5589459695636845,0.8925680647534953,0.6114790286975718,0.7505518763796909,0.0,192
SJS,163,True,0.6261748339973603,0.9705665930831494,0.6239882266372333,0.8852097130242825,1.0,192
SJS,164,True,0.6330648885649879,0.9360764144011756,0.6193975018368847,0.8126377663482733,0.0,192
SJS,165,True,0.6249893316630648,0.9116347569955817,0.6163475699558174,0.8114874815905744,0.0,192
SJS,166,True,0.6263384762261528,0.9028697571743929,0.6225165562913907,0.7711552612214864,0.0,192
SJS,167,True,0.6075977829575505,0.9057437407952872,0.6200294550810015,0.8041237113402062,0.0,192
SJS,168,True,0.5836469433826506,0.8875,0.6147058823529412,0.8441176470588235,0.0,192
SJS,169,True,0.5664170074182167,0.9081557678177811,0.6017634092578986,0.9000734753857458,0.0,192
SJS,170,True,0.5822439525673202,0.9168506254598969,0.6004415011037527,0.8727005150846211,0.0,192
SJS,171,True,0.59498297834475,0.9390154298310066,0.5863335782512858,0.8978692138133725,0.0,192
SJS,172,True,0.5789114753074762,0.9127565982404692,0.5733137829912024,0.8958944281524927,0.0,192
SJS,173,True,0.565877094733549,0.8961228968544257,0.5698610095098756,0.9246525237746891,0.0,192
SJS,174,True,0.565877094733549,0.8455344070278185,0.5710102489019033,0.8975109809663251,0.0,192
SJS,175,True,0.5889085964827196,0.8723559445660102,0.5572574762946754,0.8373450036469731,0.0,192
SJS,176,True,0.5874707287031464,0.8452554744525548,0.5547445255474452,0.8284671532846716,0.0,192
SJS,177,True,0.5512178621507617,0.308199121522694,0.5395314787701317,0.7906295754026355,0.0,192
SJS,178,True,0.5774591504017823,0.2721287490855889,0.5354791514264814,0.6569129480614484,0.0,192
SJS,179,True,0.5702407927387125,0.5346968590211834,0.5346968590211834,0.7121986851716582,0.0,192
SJS,180,True,0.5780425509589889,0.0958302852962692,0.5369422092172641,0.5727871250914411,0.0,192
PDR,-60,False,0.003759529872446876,0.5618556701030928,0.4201618837380427,0.4418262150220913,0.0,83
PDR,-59,False,-0.023232305212796955,0.7424576894775571,0.40955882352941175,0.5710080941869021,0.0,83
PDR,-58,False,-0.008199834382458526,0.4247787610619469,0.4105960264900662,0.39085545722713866,0.0,83
PDR,-57,False,0.0026362549227130216,0.28846153846153844,0.4095940959409594,0.33210059171597633,0.0,83
PDR,-56,False,0.016518588663422706,0.04376854599406528,0.43005181347150256,0.2522255192878338,0.0,83
PDR,-55,False,0.007441830437315167,0.06942392909896603,0.43353028064992616,0.42466765140324964,0.0,83
PDR,-54,False,0.0019515776787837336,0.13402061855670103,0.4256259204712813,0.48306332842415317,0.0,83
PDR,-53,False,0.002774731097045846,0.1527165932452276,0.41409691629955947,0.5161527165932452,0.0,83
PDR,-52,False,-0.0047146297049700525,0.3789551140544518,0.4201618837380427,0.6512141280353201,0.0,83
PDR,-51,False,-0.0010674233983125614,0.7280118255728012,0.42350332594235035,0.5284552845528455,0.0,83
PDR,-50,False,-0.00989391986488486,0.8895478131949592,0.4032616753150482,0.631578947368421,0.0,83
PDR,-49,False,-0.027413031327842896,0.8615840118430792,0.39896373056994816,0.6002960769800149,0.0,83
PDR,-48,False,-0.017976230288996975,0.7524020694752402,0.4050258684405026,0.8300073909830007,0.0,83
PDR,-47,False,-0.014990511329285416,0.688839615668884,0.4050258684405026,0.6422764227642277,0.0,83
PDR,-46,False,-0.020053603115065766,0.8011825572801182,0.3976348854397635,0.5277161862527716,0.0,83
PDR,-45,False,-0.02126288526083142,0.775887573964497,0.3994082840236686,0.5096153846153846,0.0,83
PDR,-44,False,-0.0209937145940291,0.5853658536585366,0.3968957871396896,0.43976348854397634,0.0,83
PDR,-43,False,0.016231904882328507,0.0695780903034789,0.3915618060695781,0.3612139156180607,0.0,83
PDR,-42,False,0.036758627857954806,0.253698224852071,0.3868343195266272,0.4326923076923077,0.0,83
PDR,-41,False,0.0609141895229075,0.44962962962962966,0.37851851851851853,0.44222222222222224,0.0,83
PDR,-40,False,0.08200061945685899,0.5370370370370371,0.3637037037037037,0.5,0.0,83
PDR,-39,False,0.10018873638247894,0.7805782060785768,0.36916234247590807,0.5574499629355077,0.0,83
PDR,-38,False,0.09116400462948415,0.6971726190476191,0.3630952380952381,0.5186011904761905,0.0,83
PDR,-37,False,0.09689546448321651,0.6835066864784547,0.36775631500742945,0.3699851411589896,0.0,83
PDR,-36,False,0.08766014742566752,0.5569526627218935,0.35650887573964496,0.28254437869822485,0.0,83
PDR,-35,False,0.088448883988687,0.650887573964497,0.34541420118343197,0.3239644970414201,0.0,83
PDR,-34,False,0.0770619261286909,0.6286137879911046,0.3424759080800593,0.26241660489251295,0.0,83
PDR,-33,False,0.07673385151660361,0.5851301115241636,0.3353159851301115,0.2104089219330855,0.0,83
PDR,-32,False,0.08825196710695837,0.723752792256143,0.3380491437081162,0.32166790766939685,0.0,83
PDR,-31,False,0.07287253040318808,0.6458333333333334,0.3444940476190476,0.29092261904761907,0.0,83
PDR,-30,False,0.09093924956893695,0.7909226190476191,0.3474702380952381,0.46205357142857145,0.0,83
PDR,-29,False,0.10404525692701827,0.8626577579806979,0.3459539717891611,0.4016332590942836,0.0,83
PDR,-28,False,0.10979865663533572,0.8483271375464684,0.3442379182156134,0.5539033457249071,0.0,83
PDR,-27,False,0.10952477168277308,0.8802973977695168,0.34992570579494797,0.5695167286245353,0.0,83
PDR,-26,False,0.10271173560301528,0.8939169139465876,0.346182357301705,0.7129080118694362,0.0,83
PDR,-25,False,0.09142273500137887,0.8770370370370371,0.33456698741672836,0.617037037037037,0.0,83
PDR,-24,False,0.08951194986096567,0.8704663212435233,0.32322485207100593,0.6905995558845299,0.0,83
PDR,-23,False,0.09521074719764566,0.7727609178386381,0.3136094674556213,0.5625462620281273,0.0,83
PDR,-22,False,0.09521074719764566,0.6519174041297935,0.3124539425202653,0.3967551622418879,0.0,83
PDR,-21,False,0.10087725218390176,0.444280442804428,0.3163716814159292,0.24649446494464944,0.0,83
PDR,-20,False,0.10087725218390176,0.2325925925925926,0.3145817912657291,0.17185185185185184,0.0,83
PDR,-19,False,0.08985509650885459,0.12666666666666668,0.2997779422649889,0.1474074074074074,0.0,83
PDR,-18,False,0.0860885287629024,0.06111929307805596,0.28771155261221487,0.18630338733431517,0.0,83
PDR,-17,False,0.07275833433218615,0.34340456890198967,0.2800294767870302,0.21296978629329402,0.0,83
PDR,-16,False,0.08214329579614399,0.11626195732155997,0.27593818984547464,0.14054451802796172,0.0,83
PDR,-15,False,0.08331186898399834,0.11846946284032377,0.2597498160412068,0.15967623252391464,0.0,83
PDR,-14,False,0.08712157121128217,0.19233603537214444,0.25865880619012527,0.21665438467207074,0.0,83
PDR,-13,False,0.09050171545165864,0.2261640798226164,0.2535107169253511,0.1589061345158906,0.0,83
PDR,-12,False,0.07918045609083502,0.17185185185185184,0.2362962962962963,0.19333333333333333,0.0,83
PDR,-11,False,0.07918045609083502,0.12332838038632987,0.2199108469539376,0.18945022288261515,,83
PDR,-10,False,0.07918045609083502,0.2111111111111111,0.22592592592592592,0.16592592592592592,,83
PDR,-9,False,0.07896257727681089,0.3524163568773234,0.21263940520446098,0.2200743494423792,0.0,83
PDR,-8,False,0.07713750947086495,0.44996293550778355,0.19570051890289103,0.24240177909562638,0.0,83
PDR,-7,False,0.08086339535135101,0.4160475482912333,0.1961367013372957,0.2540861812778603,0.0,83
PDR,-6,False,0.08086339535135101,0.28898743532889876,0.19216555801921656,0.2180339985218034,0.0,83
PDR,-5,False,0.07483815677063022,0.2529585798816568,0.1900887573964497,0.3136094674556213,0.0,83
PDR,-4,False,0.0735931588330263,0.26642066420664207,0.1948339483394834,0.33431734317343176,0.0,83
PDR,-3,False,0.07174725765392931,0.37159676232523914,0.19573215599705665,0.31788079470198677,0.0,83
PDR,-2,False,0.07476054275913069,0.34635224760501104,0.20412675018422993,0.28076639646278556,0.0,83
PDR,-1,False,0.0758129716028273,0.4025018395879323,0.2052980132450331,0.31935246504782927,0.0,83
PDR,0,True,0.08322885780349698,0.3076358296622614,0.21218795888399414,0.23348017621145375,0.0,83
PDR,1,True,0.08874941991997143,0.019838354151359296,0.22344322344322345,0.20720058780308598,0.0,83
PDR,2,True,0.15442921138912769,0.8024871982443307,0.25969275786393564,0.5757132406730066,1.0,83
PDR,3,True,0.16022231921066177,0.8775659824046921,0.2829912023460411,0.7001466275659824,0.0,83
PDR,4,True,0.14904397240996237,0.8092105263157895,0.2982456140350877,0.6900584795321637,0.0,83
PDR,5,True,0.12785684672172204,0.6371616678858815,0.31016825164594003,0.709583028529627,0.0,83
PDR,6,True,0.129776747684192,0.6404084609773888,0.32093362509117435,0.6783369803063457,0.0,83
PDR,7,True,0.12491768514933588,0.5381818181818182,0.3418181818181818,0.6734545454545454,0.0,83
PDR,8,True,0.13022352237770463,0.7081513828238719,0.3537117903930131,0.7307132459970888,0.0,83
PDR,9,True,0.12897028136809263,0.706308919506889,0.3495286439448876,0.766497461928934,0.0,83
PDR,10,True,0.09595329214915971,0.34011627906976744,0.3546511627906977,0.8517441860465116,0.0,83
PDR,11,True,0.11984026762190414,0.6375545851528385,0.3791848617176128,0.8085880640465793,0.0,83
PDR,12,True,0.12166097213041738,0.6778670562454346,0.408327246165084,0.816654492330168,0.0,83
PDR,13,True,0.11621065735165903,0.5934306569343065,0.42846715328467155,0.8116788321167884,0.0,83
PDR,14,True,0.11801624210098272,0.6127379209370425,0.44363103953147875,0.8345534407027818,0.0,83
PDR,15,True,0.11405333379277804,0.6033724340175953,0.4530791788856305,0.8702346041055719,0.0,83
PDR,16,True,0.1203071498893522,0.6678912564290963,0.4533431300514328,0.8839088905216752,0.0,83
PDR,17,True,0.11098862011621402,0.5664952240999265,0.4423218221895665,0.8831741366642175,0.0,83
PDR,18,True,0.11286374623208562,0.561995597945708,0.44974321349963314,0.9141599413059428,0.0,83
PDR,19,True,0.07869991924350628,0.03741746148202495,0.4475421863536317,0.8327219369038885,0.0,83
PDR,20,True,0.06253654080807958,0.31744868035190615,0.4398826979472141,0.8409090909090909,0.0,83
PDR,21,True,0.07037329651292956,0.28519061583577715,0.44208211143695014,0.41715542521994137,0.0,83
PDR,22,True,0.12084715656377543,0.4803206997084548,0.413265306122449,0.2784256559766764,0.0,83
PDR,23,True,0.09279240868233285,0.7520058351568198,0.39606126914660833,0.4223194748358862,0.0,83
PDR,24,True,0.10250823029836353,0.598390636430139,0.3840526700804682,0.3862472567666423,0.0,83
PDR,25,True,0.10056414525725388,0.3981008035062089,0.3739956172388605,0.3126369612856099,0.0,83
PDR,26,True,0.098774882829479,0.44111192392099485,0.3606437454279444,0.3511338697878566,0.0,83
PDR,27,True,0.08315521969631057,0.5515727871250914,0.35405998536942207,0.28602779809802487,0.0,83
PDR,28,True,0.10183053012005594,0.34162399414776884,0.34528163862472566,0.17483540599853695,0.0,83
PDR,29,True,0.09387716041828265,0.44419970631424377,0.3392070484581498,0.4045521292217327,0.0,83
PDR,30,True,0.1085244787451991,0.16263736263736264,0.3304029304029304,0.136996336996337,0.0,83
PDR,31,True,0.12074714622279958,0.01171303074670571,0.3235724743777452,0.03587115666178624,0.0,83
PDR,32,True,0.12663607168183932,0.060029282576866766,0.3074670571010249,0.08199121522693997,0.0,83
PDR,33,True,0.1536483120485579,0.38258961228968547,0.29626920263350404,0.10314557425018288,0.0,83
PDR,34,True,0.15561524941290705,0.3732651570489408,0.2929145361577794,0.13002191380569758,0.0,83
PDR,35,True,0.14312044414476355,0.35912408759124087,0.3014598540145985,0.08175182481751825,0.0,83
PDR,36,True,0.15551143793889866,0.39343065693430657,0.3007299270072993,0.12992700729927006,0.0,83
PDR,37,True,0.16495221527805792,0.47921225382932164,0.29540481400437635,0.13931436907366884,0.0,83
PDR,38,True,0.17700228907460802,0.5741417092768444,0.2892622352081812,0.5346968590211834,0.0,83
PDR,39,True,0.18352981607514918,0.7279358132749818,0.28081692195477753,0.7067833698030634,0.0,83
PDR,40,True,0.16602343494209693,0.7674927113702624,0.2725947521865889,0.7091836734693877,0.0,83
PDR,41,True,0.17217187372658393,0.7591240875912408,0.2737226277372263,0.4167883211678832,0.0,83
PDR,42,True,0.1630474542784025,0.39956011730205276,0.2719941348973607,0.2565982404692082,0.0,83
PDR,43,True,0.17624480261259856,0.7529325513196481,0.2837243401759531,0.4347507331378299,0.0,83
PDR,44,True,0.17221664175907392,0.6615497076023392,0.29385964912280704,0.39035087719298245,0.0,83
PDR,45,True,0.16816776051384952,0.6425438596491229,0.2916666666666667,0.44298245614035087,0.0,83
PDR,46,True,0.16146875784749726,0.5961820851688693,0.302496328928047,0.5491923641703378,0.0,83
PDR,47,True,0.19204864422342072,0.7782672540381792,0.28487518355359764,0.7085168869309838,0.0,83
PDR,48,True,0.19611974509659558,0.6608058608058608,0.2879120879120879,0.638095238095238,0.0,83
PDR,49,True,0.19068594410864714,0.6691068814055637,0.2840409956076135,0.6925329428989752,0.0,83
PDR,50,True,0.1682283262677552,0.4301389904901244,0.2728602779809802,0.4637893196781273,0.0,83
PDR,51,True,0.13769259415053148,0.1575091575091575,0.2608058608058608,0.49157509157509155,0.0,83
PDR,52,True,0.11992060599327214,0.0695970695970696,0.27472527472527475,0.3860805860805861,0.0,83
PDR,53,True,0.10462831498274838,0.44665194996320823,0.2803532008830022,0.3936718175128771,0.0,83
PDR,54,True,0.07444289744195942,0.6995581737849779,0.27982326951399117,0.45066273932253315,0.0,83
PDR,55,True,0.06018898621744262,0.6994818652849741,0.2975573649148779,0.4811250925240563,0.0,83
PDR,56,True,0.025091815820276087,0.9096965210954848,0.30717986676535897,0.7520355292376018,0.0,83
PDR,57,True,-0.023750241133085104,0.9679821295606851,0.2926284437825763,0.8019359642591214,1.0,83
PDR,58,True,-0.060189053678119,0.9858103061986557,0.27632561613144135,0.8461538461538461,1.0,83
PDR,59,True,-0.13144506778311305,0.9955156950672646,0.26606875934230195,0.9237668161434978,1.0,83
PDR,60,True,-0.20317924550043276,0.9962630792227205,0.257847533632287,0.9484304932735426,1.0,83
PDR,61,True,-0.22166302062742094,0.9970059880239521,0.2148203592814371,0.938622754491018,1.0,83
PDR,62,True,-0.288397619558893,0.998501872659176,0.19176029962546817,0.9430711610486892,1.0,83
PDR,63,True,-0.31876776360709624,0.9985007496251874,0.14167916041979012,0.9370314842578711,1.0,83
PDR,64,True,-0.32197469892451536,0.9977477477477478,0.11711711711711711,0.9369369369369369,1.0,83
PDR,65,True,-0.4406460763029225,0.9984962406015038,0.07969924812030076,0.937593984962406,1.0,83
PDR,66,True,-0.5382430819088102,0.9992498124531133,0.0622655663915979,0.9452363090772693,1.0,83
PDR,67,True,-0.6161786572151648,0.9992469879518072,0.06099397590361446,0.9555722891566265,1.0,83
PDR,68,True,-0.6954117830633686,0.9992447129909365,0.055891238670694864,0.9607250755287009,1.0,83
PDR,69,True,-0.7681453293596794,0.9992458521870287,0.41855203619909503,0.9819004524886877,1.0,83
PDR,70,True,-0.8291520092953084,0.9992458521870287,0.40874811463046756,0.9879336349924586,1.0,83
PDR,71,True,-0.8989041298524161,0.9992464204973625,0.40994724943481536,0.9917106254709872,1.0,83
PDR,72,True,-0.9865472256750923,0.9992492492492493,0.4339339339339339,0.9947447447447447,1.0,83
PDR,73,True,-1.0996968313914128,0.9992498124531133,0.5596399099774944,0.9977494373593399,1.0,83
PDR,74,True,-1.0483261686527956,0.9992531740104555,0.6452576549663929,0.9985063480209111,0.0,83
PDR,75,True,-0.9916973858928468,0.9992531740104555,0.6362957430918595,0.9970126960418223,0.0,83
PDR,76,True,-0.9289673399379843,0.9992531740104555,0.6460044809559373,0.9970126960418223,1.0,83
PDR,77,True,-0.8750573294601522,0.9977777777777778,0.6703703703703704,0.9948148148148148,1.0,83
PDR,78,True,-0.816521429127663,0.9977777777777778,0.6792592592592592,0.9925925925925926,1.0,83
PDR,79,True,-0.8655674870832026,0.9977810650887574,0.6834319526627219,0.9866863905325444,1.0,83
PDR,80,True,-0.832226444219963,0.9962935507783544,0.6864343958487769,0.9836916234247591,0.0,83
PDR,81,True,-0.7941694666158214,0.9955555555555555,0.6881481481481482,0.9785185185185186,0.0,83
PDR,82,True,-0.8002366574916231,0.9962962962962963,0.7014814814814815,0.9785185185185186,0.0,83
PDR,83,False,-0.8627149487663173,0.996301775147929,0.7011834319526628,0.9755917159763313,0.0,83
PDR,84,False,-0.8627149487663173,0.996301775147929,0.7004437869822485,0.992603550295858,0.0,83
PDR,85,False,-0.8968499102956649,0.993338267949667,0.7031828275351591,0.9881569207994079,0.0,83
PDR,86,False,-0.9410879709508799,0.9911242603550295,0.7078402366863905,0.9866863905325444,0.0,83
PDR,87,False,-0.9307294776681376,0.9851190476190477,0.7083333333333334,0.9836309523809523,0.0,83
PDR,88,False,-0.980245379152527,0.9776951672862454,0.7070631970260223,0.9843866171003718,0.0,83
PDR,89,False,-1.0269980367447158,0.9748334566987417,0.7083641746854182,0.993338267949667,1.0,83
PDR,90,False,-1.0927876945474269,0.9733530717986677,0.7113249444855663,0.997039230199852,1.0,83
PDR,91,False,-1.02827407659871,0.8274074074074074,0.7140740740740741,0.997037037037037,0.0,83
PDR,92,False,-1.0089439949586836,0.23887240356083086,0.7114243323442137,0.9903560830860534,0.0,83
PDR,93,False,-1.0550324811886573,0.4350408314773571,0.7030438010393467,0.991833704528582,1.0,83
PDR,94,False,-1.0338889099312134,0.14817572598659717,0.6813104988830976,0.9880863737900223,0.0,83
PDR,95,False,-0.9698572422560707,0.22164179104477613,0.6835820895522388,0.985820895522388,1.0,83
PDR,96,False,-0.9735968957996126,0.4115898959881129,0.6790490341753344,0.950222882615156,0.0,83
PDR,97,False,-0.9588093593261016,0.6094100074682599,0.6788648244958925,0.8820014936519791,0.0,83
PDR,98,False,-0.9588093593261016,0.8170914542728636,0.679160419790105,0.9572713643178411,,83
PDR,99,False,-0.9588093593261016,0.6976744186046512,0.673668417104276,0.9129782445611403,,83
PDR,100,False,-0.9283863010323945,0.7282934131736527,0.6736526946107785,0.8652694610778443,0.0,83
PDR,101,False,-0.9183949404595009,0.7963936889556724,0.6769346356123216,0.8993238166791886,0.0,83
PDR,102,False,-0.9427104242990401,0.8480060195635817,0.6749435665914221,0.90744920993228,0.0,83
PDR,103,False,-0.9771738514795725,0.7878103837471784,0.6749435665914221,0.8841234010534236,0.0,83
PDR,104,False,-0.9771738514795725,0.7761081893313299,0.6581517655897822,0.9158527422990232,0.0,83
PDR,105,False,-0.9393123627768827,0.3937125748502994,0.657185628742515,0.8787425149700598,0.0,83
PDR,106,False,-0.9495413852353611,0.07260479041916168,0.6586826347305389,0.8727544910179641,0.0,83
PDR,107,False,-0.9948614449964814,0.5392670157068062,0.6537023186237846,0.9536275243081526,0.0,83
PDR,108,False,-1.0165254347008748,0.3460388639760837,0.6532137518684604,0.9499252615844545,0.0,83
PDR,109,False,-1.0000913657683843,0.2903225806451613,0.6526631657914479,0.9182295573893473,0.0,83
PDR,110,False,-0.9935402200080237,0.7680180180180181,0.6486486486486487,0.9279279279279279,0.0,83
PDR,111,False,-1.008736942324725,0.2528132033008252,0.6391597899474869,0.8799699924981246,0.0,83
PDR,112,False,-1.0491632234610535,0.4244011976047904,0.6407185628742516,0.9431137724550899,0.0,83
PDR,113,False,-1.0491632234610535,0.04783258594917788,0.6375186846038864,0.8976083707025411,0.0,83
PDR,114,False,-1.0383157183011835,0.03723008190618019,0.6291883842144452,0.8696947133283693,0.0,83
PDR,115,False,-1.0220565842939995,0.5167785234899329,0.6301267710663684,0.8672632363907532,0.0,83
PDR,116,False,-1.027469193616668,0.5363295880149813,0.6277153558052434,0.8741573033707866,0.0,83
PDR,117,False,-1.031127097015979,0.6651685393258427,0.6277153558052434,0.7385767790262172,0.0,83
PDR,118,False,-1.027469193616668,0.6407185628742516,0.6205089820359282,0.7028443113772455,0.0,83
PDR,119,False,-1.0907657917468896,0.8415545590433483,0.6188340807174888,0.8378176382660688,1.0,83
PDR,120,False,-1.1266078335376877,0.9289454001495886,0.6118175018698578,0.8780852655198205,0.0,83
PDR,121,False,-1.1512036547617734,0.9551904406273338,0.6034353995519044,0.9327856609410008,0.0,83
PDR,122,False,-1.1476852539143008,0.9373601789709173,0.604772557792692,0.9231916480238628,0.0,83
PDR,123,False,-1.1984430391824357,0.9462686567164179,0.6074626865671642,0.926865671641791,1.0,83
PDR,124,False,-1.2579857366612166,0.9665676077265973,0.6062407132243685,0.9264487369985142,0.0,83
PDR,125,False,-1.238414168776182,0.9710252600297177,0.5965824665676077,0.9234769687964339,0.0,83
PDR,126,False,-1.2354180523162805,0.9665924276169265,0.5864884929472903,0.9250185597624351,0.0,83
PDR,127,False,-1.2399927253635183,0.9526627218934911,0.5791420118343196,0.9267751479289941,0.0,83
PDR,128,False,-1.1922581440420672,0.8970370370370371,0.5703703703703704,0.8703703703703703,1.0,83
PDR,129,False,-1.1922581440420672,0.9163582531458179,0.5677276091783864,0.8874907475943745,0.0,83
PDR,130,False,-1.2401355528254194,0.9547813194959229,0.5707931801334322,0.9266123054114158,0.0,83
PDR,131,False,-1.2493059227674463,0.9474074074074074,0.5733333333333334,0.9474074074074074,0.0,83
PDR,132,False,-1.2771848611308048,0.9427509293680297,0.5739776951672863,0.9486988847583643,0.0,83
PDR,133,False,-1.2986018827393513,0.9539033457249071,0.5762081784386617,0.9524163568773234,0.0,83
PDR,134,False,-1.3084947911230913,0.9626587005227782,0.5698282300224048,0.9536967886482449,0.0,83
PDR,135,False,-1.2850916290250944,0.9626865671641791,0.5514925373134328,0.9328358208955224,0.0,83
PDR,136,False,-1.2754827699184574,0.9576208178438662,0.5427509293680297,0.9345724907063196,0.0,83
PDR,137,False,-1.2720456735206842,0.955456570155902,0.5397178916109874,0.9161098737936154,0.0,83
PDR,138,False,-1.2075711913188079,0.921539600296077,0.536639526276832,0.8726868985936344,0.0,83
PDR,139,False,-1.198645406844612,0.7992592592592592,0.5214814814814814,0.7303703703703703,0.0,83
PDR,140,False,-1.1511305312370987,0.3157894736842105,0.5122312824314307,0.5759822090437361,0.0,83
PDR,141,False,-1.1385000505784697,0.16926503340757237,0.5137342242019303,0.4669636228656273,0.0,83
PDR,142,False,-1.1596403587033668,0.16554809843400448,0.5085756897837435,0.5749440715883669,0.0,83
PDR,143,False,-1.1503394638811628,0.5085629188384214,0.48994787788533134,0.6455696202531646,0.0,83
PDR,144,False,-1.1404488479528108,0.8397913561847988,0.47690014903129657,0.7727272727272727,0.0,83
PDR,145,False,-1.1178415965980877,0.8451228592702904,0.48175725986597173,0.7207743857036486,0.0,83
PDR,146,False,-1.1118747379641256,0.8555389221556886,0.4782934131736527,0.7724550898203593,0.0,83
PDR,147,False,-1.1118747379641256,0.8692712246431255,0.47708489857250186,0.8084147257700977,0.0,83
PDR,148,False,-1.1345885505957138,0.5678733031674208,0.4698340874811463,0.667420814479638,0.0,83
PDR,149,False,-1.1542877161961047,0.4060377358490566,0.4762264150943396,0.7184905660377359,0.0,83
PDR,150,False,-1.1287509503216944,0.8354716981132075,0.45811320754716983,0.789433962264151,0.0,83
PDR,151,False,-1.1203483801284646,0.8746223564954683,0.459214501510574,0.8187311178247734,0.0,83
PDR,152,False,-1.0916768039705458,0.9395313681027967,0.4671201814058957,0.8374905517762661,0.0,83
PDR,153,False,-1.0715534725648017,0.9539274924471299,0.4342900302114804,0.8882175226586103,0.0,83
PDR,154,False,-1.0835788131249187,0.9577995478522984,0.43782969103240393,0.9148455162019593,0.0,83
PDR,155,False,-1.0876196113881629,0.9504876219054764,0.44486121530382594,0.9062265566391597,0.0,83
PDR,156,False,-1.0876196113881629,0.9435665914221218,0.4507148231753198,0.8833709556057185,0.0,83
PDR,157,False,-1.0795542772214022,0.945742275810098,0.4423511680482291,0.8696307460437076,0.0,83
PDR,158,False,-1.0284151081071378,0.9308790383170549,0.4387678437265214,0.8347107438016529,0.0,83
PDR,159,False,-1.0359315573505712,0.9046546546546547,0.4241741741741742,0.8415915915915916,0.0,83
PDR,160,False,-1.0196313272414865,0.8541510845175767,0.40014958863126404,0.7456993268511594,0.0,83
PDR,161,False,-1.012254499584022,0.8585329341317365,0.406437125748503,0.7223053892215568,0.0,83
PDR,162,False,-1.012254499584022,0.8878923766816144,0.40508221225710017,0.7600896860986547,0.0,83
PDR,163,False,-1.0347313804637024,0.8197456993268512,0.40463724756918473,0.7344801795063575,0.0,83
PDR,164,False,-1.012254499584022,0.8267363704256908,0.4100074682598954,0.6407766990291263,0.0,83
PDR,165,False,-0.9652073453537986,0.8908002991772626,0.4181002243829469,0.7120418848167539,0.0,83
PDR,166,False,-0.9758236071065995,0.8731231231231231,0.39414414414414417,0.7147147147147147,0.0,83
PDR,167,False,-1.0149106081007886,0.8044943820224719,0.3775280898876405,0.7250936329588015,0.0,83
PDR,168,False,-0.9783008624882277,0.9072550486163051,0.3754674644727001,0.7816005983545251,0.0,83
PDR,169,False,-0.9783008624882277,0.922272047832586,0.36696562032884905,0.796711509715994,0.0,83
PDR,170,False,-0.9927668776702949,0.8731343283582089,0.3664179104477612,0.7507462686567165,0.0,83
PDR,171,False,-1.0149106081007886,0.8134328358208955,0.37089552238805973,0.7268656716417911,0.0,83
PDR,172,False,-1.0452502682101092,0.5112107623318386,0.37144992526158443,0.6763826606875935,0.0,83
PDR,173,False,-1.0300106613230045,0.4831964152352502,0.35399551904406273,0.6362957430918595,0.0,83
PDR,174,False,-1.0491198142214266,0.4317673378076063,0.3460104399701715,0.6696495152870992,0.0,83
PDR,175,False,-1.0375558087036023,0.526080476900149,0.3412816691505216,0.6810730253353204,0.0,83
PDR,176,False,-0.989108974270984,0.7663690476190477,0.34672619047619047,0.6257440476190477,0.0,83
PDR,177,False,-0.9604866262131007,0.8313432835820895,0.3611940298507463,0.5783582089552238,0.0,83
PDR,178,False,-0.9927668776702949,0.4032860343539955,0.35399551904406273,0.46601941747572817,0.0,83
PDR,179,False,-1.007533780443324,0.33580980683506684,0.34026745913818723,0.48588410104011887,0.0,83
PDR,180,False,-1.0067380619920818,0.19421793921423278,0.335063009636768,0.4240177909562639,0.0,83
PSH,-60,False,-0.0034225020747591373,,,,0.0,332
PSH,-59,False,-0.008999165791542474,,,,0.0,332
PSH,-58,False,-0.008999165791542474,,,,0.0,332
PSH,-57,False,-0.008999165791542474,,,,0.0,332
PSH,-56,False,-0.008999165791542474,,,,0.0,332
PSH,-55,False,-0.008999165791542474,,,,0.0,332
PSH,-54,False,-0.015196814208265241,,,,0.0,332
PSH,-53,False,-0.034957683741223544,,,,0.0,332
PSH,-52,False,-0.034957683741223544,,,,0.0,332
PSH,-51,False,-0.04063240989489092,,,,0.0,332
PSH,-50,False,-0.04063240989489092,,,,0.0,332
PSH,-49,False,-0.052079393156239995,,,,0.0,332
PSH,-48,False,-0.052079393156239995,,,,0.0,332
PSH,-47,False,-0.04063240989489092,,,,0.0,332
PSH,-46,False,-0.04063240989489092,,,,0.0,332
PSH,-45,False,-0.052079393156239995,,,,0.0,332
PSH,-44,False,-0.052079393156239995,,,,0.0,332
PSH,-43,False,-0.052079393156239995,,,,0.0,332
PSH,-42,False,-0.052079393156239995,,,,0.0,332
PSH,-41,False,-0.052079393156239995,,,,0.0,332
PSH,-40,False,-0.047789781164441436,,,,0.0,332
PSH,-39,False,-0.047789781164441436,,,,0.0,332
PSH,-38,False,-0.05352965188391412,,,,0.0,332
PSH,-37,False,-0.06790612096020299,,,,0.0,332
PSH,-36,False,-0.05774476014772478,,,,0.0,332
PSH,-35,False,-0.05683854502971597,,,,0.0,332
PSH,-34,False,-0.06267380896461194,,,,0.0,332
PSH,-33,False,-0.0655673762747806,,,,0.0,332
PSH,-32,False,-0.0655673762747806,,,,0.0,332
PSH,-31,False,-0.07309721298023786,,,,0.0,332
PSH,-30,False,-0.07309721298023786,,,,0.0,332
PSH,-29,False,-0.08036102634294662,,,,0.0,332
PSH,-28,False,-0.08331728223057744,,,,0.0,332
PSH,-27,False,-0.07569992352019317,,,,0.0,332
PSH,-26,False,-0.08404232187584748,,,,0.0,332
PSH,-25,False,-0.08404232187584748,,,,0.0,332
PSH,-24,False,-0.08404232187584748,,,,0.0,332
PSH,-23,False,-0.08404232187584748,,,,0.0,332
PSH,-22,False,-0.08404232187584748,,,,0.0,332
PSH,-21,False,-0.09279079025935832,,,,0.0,332
PSH,-20,False,-0.09279079025935832,,,,0.0,332
PSH,-19,False,-0.09279079025935832,,,,0.0,332
PSH,-18,False,-0.09623640051954219,,,,0.0,332
PSH,-17,False,-0.09701357071153449,0.3140364789849326,0.007137192704203013,0.7795400475812847,0.0,332
PSH,-16,False,-0.09981469299124601,0.3952380952380952,0.006349206349206349,0.6746031746031746,0.0,332
PSH,-15,False,-0.03530688721598052,0.21931908155186064,0.007125890736342043,0.6096595407759303,1.0,332
PSH,-14,False,0.03133500174197579,0.6753554502369669,0.008688783570300158,0.8025276461295419,1.0,332
PSH,-13,False,0.010475349689544,0.6185973207249803,0.007880220646178092,0.814026792750197,0.0,332
PSH,-12,False,-0.014895499968301307,0.4344069128043991,0.007855459544383346,0.8421052631578947,0.0,332
PSH,-11,False,-0.0024629700126241882,0.5691823899371069,0.0110062893081761,0.8474842767295597,0.0,332
PSH,-10,False,0.018530604838427056,0.6761006289308176,0.014937106918238994,0.8215408805031447,0.0,332
PSH,-9,False,0.00767702024701622,0.6897637795275591,0.013385826771653543,0.8511811023622047,0.0,332
PSH,-8,False,-0.011920391705427913,0.6139937106918238,0.015723270440251572,0.8702830188679245,0.0,332
PSH,-7,False,-0.009239581194956492,0.5686274509803921,0.022745098039215685,0.8635294117647059,0.0,332
PSH,-6,False,-0.011920391705427913,0.6026750590086546,0.025177025963808025,0.8764752163650669,0.0,332
PSH,-5,False,0.002921974588795062,0.6897637795275591,0.029921259842519685,0.8732283464566929,0.0,332
PSH,-4,False,0.010943867769674376,0.7272012578616353,0.03223270440251572,0.8836477987421384,0.0,332
PSH,-3,False,0.03982564925044241,0.7881889763779527,0.029133858267716535,0.9039370078740158,0.0,332
PSH,-2,False,0.02219631723562754,0.7537372147915028,0.03147128245476003,0.8827694728560189,0.0,332
PSH,-1,False,0.02219631723562754,0.7876874506708761,0.041831097079715863,0.8066298342541437,,332
PSH,0,True,0.02219631723562754,0.7923930269413629,0.045166402535657686,0.8637083993660856,,332
PSH,1,True,0.01698201577909708,0.7911040508339953,0.05559968228752978,0.8721207307386815,0.0,332
PSH,2,True,-0.009127909615846419,0.7342879872712809,0.06523468575974542,0.8774860779634049,0.0,332
PSH,3,True,0.036071713651027904,0.8957006369426752,0.08598726114649681,0.8654458598726115,0.0,332
PSH,4,True,0.036872637515121265,0.8980237154150198,0.0932806324110672,0.8869565217391304,0.0,332
PSH,5,True,0.04132960993424495,0.696993670886076,0.08860759493670886,0.435126582278481,0.0,332
PSH,6,True,0.03260319754194041,0.014240506329113924,0.08227848101265822,0.20174050632911392,0.0,332
PSH,7,True,0.07466643035351372,0.669310071371927,0.10626486915146709,0.5297383029341792,1.0,332
PSH,8,True,0.1175065890300061,0.8812749003984064,0.1258964143426295,0.7346613545816733,0.0,332
PSH,9,True,0.10258889097313684,0.830806065442937,0.1189146049481245,0.6719872306464485,0.0,332
PSH,10,True,0.0975304934897151,0.755591054313099,0.11501597444089456,0.707667731629393,0.0,332
PSH,11,True,0.12488280793234974,0.8664546899841018,0.1422893481717011,0.733704292527822,0.0,332
PSH,12,True,0.11996494137297209,0.8998410174880763,0.15262321144674085,0.8298887122416534,0.0,332
PSH,13,True,0.11000241790942689,0.8786911412609737,0.1636073423782921,0.8507581803671189,0.0,332
PSH,14,True,0.11000241790942689,0.8877388535031847,0.17197452229299362,0.8296178343949044,0.0,332
PSH,15,True,0.11000241790942689,0.8668261562998405,0.18660287081339713,0.7703349282296651,,332
PSH,16,True,0.11000241790942689,0.8465227817745803,0.19744204636290968,0.7673860911270983,,332
PSH,17,True,0.10748911480307266,0.6666666666666666,0.21725239616613418,0.7498001598721024,0.0,332
PSH,18,True,0.11287192686565473,0.7842822774659182,0.23397435897435898,0.8155573376102646,0.0,332
PSH,19,True,0.11664168875414227,0.7969624300559552,0.24361022364217252,0.7601918465227818,0.0,332
PSH,20,True,0.12611095910376513,0.817384370015949,0.2541832669322709,0.7033492822966507,0.0,332
PSH,21,True,0.15261741516206728,0.883054892601432,0.2559618441971383,0.7780429594272077,0.0,332
PSH,22,True,0.13122513560035254,0.8887122416534181,0.25516693163751986,0.8529411764705882,0.0,332
PSH,23,True,0.12637401394350445,0.7759303246239113,0.2391132224861441,0.7909738717339667,0.0,332
PSH,24,True,0.09200854105473477,0.6161776367961935,0.23394131641554322,0.8406026962727994,0.0,332
PSH,25,True,0.09947643728577227,0.6055335968379446,0.23557312252964427,0.8142292490118577,0.0,332
PSH,26,True,0.09200854105473477,0.6145339652448657,0.2259083728278041,0.8230647709320695,0.0,332
PSH,27,True,0.09200854105473477,0.22695035460992907,0.19306540583136328,0.6367218282111899,0.0,332
PSH,28,True,0.09947643728577227,0.24488188976377953,0.17874015748031497,0.7692913385826772,0.0,332
PSH,29,True,0.09697557132168255,0.09636650868878358,0.18246445497630331,0.731437598736177,0.0,332
PSH,30,True,0.0894889053367619,0.12294440093970242,0.18402505873140174,0.6076742364917777,0.0,332
PSH,31,True,0.09697557132168255,0.35625,0.16640625,0.66640625,0.0,332
PSH,32,True,0.08877479410723466,0.4015625,0.16237314597970337,0.68125,0.0,332
PSH,33,True,0.08846126461259474,0.29517133956386293,0.1557632398753894,0.5848909657320872,0.0,332
PSH,34,True,0.08590309203773361,0.3333333333333333,0.15456674473067916,0.36533957845433257,0.0,332
PSH,35,True,0.08590309203773361,0.32165109034267914,0.14485981308411214,0.5420560747663551,0.0,332
PSH,36,True,0.08345152608492146,0.35151987529228373,0.15354637568199533,0.5970381917381138,0.0,332
PSH,37,True,0.08090637538655698,0.3736349453978159,0.15912636505460218,0.531201248049922,0.0,332
PSH,38,True,0.08090637538655698,0.4331259720062208,0.14774494556765164,0.5023328149300156,0.0,332
PSH,39,True,0.0762351233507984,0.48055987558320373,0.1321928460342146,0.46578538102643857,0.0,332
PSH,40,True,0.07878027404916288,0.5462315462315462,0.1282051282051282,0.29836829836829837,0.0,332
PSH,41,True,0.09381007924854712,0.6431342125678821,0.11714507370054306,0.365399534522886,0.0,332
PSH,42,True,0.10124111132049574,0.38390092879256965,0.12306501547987617,0.2708978328173375,0.0,332
PSH,43,True,0.09448634186158633,0.4107142857142857,0.1281055900621118,0.29580745341614906,0.0,332
PSH,44,True,0.08703712150439535,0.09564541213063764,0.12441679626749612,0.11430793157076205,0.0,332
PSH,45,True,0.08949084866498891,0.15822291504286828,0.11769290724863601,0.17225253312548713,0.0,332
PSH,46,True,0.07931748630910673,0.1912568306010929,0.11475409836065574,0.17096018735362997,0.0,332
PSH,47,True,0.08372661516408442,0.11397345823575332,0.117096018735363,0.05542544886807182,0.0,332
PSH,48,True,0.08124187343304257,0.2564302416212003,0.11535463756819954,0.08417770849571317,0.0,332
PSH,49,True,0.08537341307522917,0.1743190661478599,0.10583657587548638,0.07237354085603113,0.0,332
PSH,50,True,0.08454311591803831,0.06133540372670807,0.1048136645962733,0.03571428571428571,0.0,332
PSH,51,True,0.10986504250999163,0.17871017871017872,0.10567210567210568,0.03807303807303807,0.0,332
PSH,52,True,0.1048194064700354,0.2373933281613654,0.13033359193173003,0.047323506594259115,0.0,332
PSH,53,True,0.13011493091712945,0.49147286821705427,0.15038759689922482,0.08449612403100776,0.0,332
PSH,54,True,0.12347357824042593,0.4732350659425912,0.16989914662529093,0.11016291698991466,0.0,332
PSH,55,True,0.14446242520710684,0.6086956521739131,0.20574534161490685,0.16925465838509315,0.0,332
PSH,56,True,0.2121015582588589,0.87141750580945,0.24786986831913246,0.42835011618900076,1.0,332
PSH,57,True,0.2720202629545744,0.9434108527131783,0.27674418604651163,0.5945736434108527,1.0,332
PSH,58,True,0.337677054461229,0.9713178294573643,0.32868217054263565,0.7503875968992249,1.0,332
PSH,59,True,0.337677054461229,0.9743987587276959,0.33824670287044223,0.8471683475562451,,332
PSH,60,True,0.337677054461229,0.9766355140186916,0.34813084112149534,0.8644859813084113,,332
PSH,61,True,0.362385623349342,0.9805295950155763,0.3543613707165109,0.8761682242990654,0.0,332
PSH,62,True,0.36454824026588584,0.9789719626168224,0.37538940809968846,0.8979750778816199,0.0,332
PSH,63,True,0.3598054098619604,0.9743788819875776,0.3944099378881988,0.9456521739130435,0.0,332
PSH,64,True,0.3310856225552147,0.964451313755796,0.4072642967542504,0.955177743431221,0.0,332
PSH,65,True,0.3310856225552147,0.9691358024691358,0.41512345679012347,0.9521604938271605,0.0,332
PSH,66,True,0.31984461910147954,0.966820987654321,0.4359567901234568,0.9614197530864198,0.0,332
PSH,67,True,0.25919187667010124,0.9468412942989214,0.47226502311248075,0.9799691833590138,0.0,332
PSH,68,True,0.25919187667010124,0.9521973785659213,0.4830508474576271,0.9838087895142636,0.0,332
PSH,69,True,0.27273499118094213,0.9530046224961479,0.5011547344110855,0.987673343605547,0.0,332
PSH,70,True,0.2771792328110464,0.9583333333333334,0.5134926754047803,0.9899691358024691,0.0,332
PSH,71,True,0.3245351699694382,0.9653045489591364,0.5346687211093991,0.9830377794911334,0.0,332
PSH,72,True,0.3684025911566592,0.9753086419753086,0.5489591364687741,0.9776234567901234,0.0,332
PSH,73,True,0.40445905533858306,0.9768160741885626,0.5590733590733591,0.973724884080371,0.0,332
PSH,74,True,0.42773037089667054,0.9830377794911334,0.5647149460708782,0.9760986892829607,0.0,332
PSH,75,True,0.49518922064154525,0.9892141756548536,0.5758275596612779,0.9845916795069337,1.0,332
PSH,76,True,0.5617112119444533,0.9884437596302003,0.5850654349499615,0.9861325115562404,1.0,332
PSH,77,True,0.5544970881472938,0.9776234567901234,0.5898226676946801,0.9853395061728395,0.0,332
PSH,78,True,0.6186452582042951,0.9746348962336664,0.5926210607225212,0.9907763259031515,1.0,332
PSH,79,True,0.5884306571152597,0.9600307455803229,0.5926210607225212,0.9869331283627979,0.0,332
PSH,80,True,0.5623224375264168,0.9500384319754035,0.595695618754804,0.9907763259031515,0.0,332
PSH,81,True,0.5623224375264168,0.9417624521072797,0.5977011494252874,0.9862068965517241,0.0,332
PSH,82,True,0.6191997506842587,0.9609793420045907,0.6021423106350421,0.9724560061208876,1.0,332
PSH,83,True,0.6237974599328878,0.9693016116653875,0.6055257099002302,0.977743668457406,0.0,332
PSH,84,True,0.6067229408454929,0.9792467332820907,0.6041506533435819,0.98923904688701,0.0,332
PSH,85,True,0.6024443103317073,0.9808135072908672,0.6062931696085956,0.9877206446661551,0.0,332
PSH,86,True,0.5313755843619342,0.9615975422427036,0.6082949308755761,0.9961597542242704,1.0,332
PSH,87,True,0.5036196672241152,0.968437259430331,0.6020015396458814,0.9961508852963818,0.0,332
PSH,88,True,0.5050668907550527,0.9699537750385208,0.5978428351309707,0.9953775038520801,0.0,332
PSH,89,True,0.5189811884405208,0.9661016949152542,0.598613251155624,0.9946070878274268,0.0,332
PSH,90,True,0.567752102506483,0.976905311778291,0.6020015396458814,0.9953810623556582,0.0,332
PSH,91,True,0.5461705672314171,0.9576597382602001,0.6035411855273287,0.9946112394149346,0.0,332
PSH,92,True,0.585651224092533,0.9523443504996156,0.6079938508839354,0.9923136049192929,0.0,332
PSH,93,True,0.5137859887524706,0.8138461538461539,0.6007692307692307,0.9915384615384616,1.0,332
PSH,94,True,0.48386361839627823,0.6137931034482759,0.5984674329501916,0.993103448275862,0.0,332
PSH,95,True,0.4288210772929625,0.6590038314176245,0.5862068965517241,0.9831417624521073,0.0,332
PSH,96,True,0.3948798613121737,0.9211332312404288,0.5727411944869831,0.9908116385911179,0.0,332
PSH,97,True,0.3927058968317031,0.918133129303749,0.5707727620504973,0.9762815608263198,0.0,332
PSH,98,True,0.43886920050771716,0.9250191277735271,0.5692425401683244,0.9793420045906657,0.0,332
PSH,99,True,0.5061110038637914,0.7347094801223242,0.5665137614678899,0.9808868501529052,1.0,332
PSH,100,True,0.511341727540434,0.5870229007633587,0.5717557251908397,0.9717557251908397,0.0,332
PSH,101,True,0.43886920050771716,0.8665141113653699,0.5713196033562167,0.9679633867276888,1.0,332
PSH,102,True,0.3748407192898232,0.9695817490494296,0.5749049429657794,0.9726235741444867,0.0,332
PSH,103,True,0.3748407192898232,0.96580547112462,0.5729483282674772,0.9772036474164134,0.0,332
PSH,104,True,0.382577031761982,0.9604863221884499,0.5729483282674772,0.9772036474164134,0.0,332
PSH,105,True,0.36055897096915246,0.9680608365019011,0.5802281368821293,0.9878326996197718,0.0,332
PSH,106,True,0.3589976536718794,0.9238385376999239,0.5841584158415841,0.9900990099009901,0.0,332
PSH,107,True,0.3569039718147967,0.8977879481311976,0.5850495804729214,0.9893211289092296,0.0,332
PSH,108,True,0.3223228737766507,0.9458428680396643,0.589626239511823,0.9893211289092296,0.0,332
PSH,109,True,0.29319824169919884,0.9656488549618321,0.5954198473282443,0.9877862595419847,1.0,332
PSH,110,True,0.3475827512581361,0.9649390243902439,0.5907012195121951,0.9908536585365854,1.0,332
PSH,111,True,0.40107778007856554,0.9023646071700991,0.6048817696414951,0.973302822273074,0.0,332
PSH,112,True,0.39197871692828845,0.9488939740655988,0.6048817696414951,0.9755911517925248,0.0,332
PSH,113,True,0.4584609271663529,0.5354150799695354,0.6214775323686215,0.9603960396039604,1.0,332
PSH,114,True,0.41367262313212105,0.5856269113149847,0.6246177370030581,0.9770642201834863,1.0,332
PSH,115,True,0.33317143950555783,0.750575594781274,0.6308518802762855,0.9930928626247122,1.0,332
PSH,116,True,0.3173356429324685,0.6802147239263804,0.6326687116564417,0.9938650306748467,0.0,332
PSH,117,True,0.28905344578586023,0.8174846625766872,0.6441717791411042,0.9938650306748467,0.0,332
PSH,118,True,0.330180686961288,0.8357524828113063,0.6485867074102368,0.9801375095492743,0.0,332
PSH,119,True,0.32115518162278733,0.946319018404908,0.656441717791411,0.9800613496932515,0.0,332
PSH,120,True,0.3868504408881821,0.8670253651037664,0.6940814757878555,0.9830899308224442,1.0,332
PSH,121,True,0.36109715941224985,0.7156033820138356,0.6986933128362798,0.9830899308224442,0.0,332
PSH,122,True,0.2890081562764515,0.7555898226676947,0.700077101002313,0.9876638396299152,1.0,332
PSH,123,True,0.21754173569794677,0.9231360491929285,0.708685626441199,0.9961568024596464,1.0,332
PSH,124,True,0.21754173569794677,0.9430331023864511,0.7151655119322555,0.9953810623556582,,332
PSH,125,True,0.21754173569794677,0.92,0.7207692307692307,0.9976923076923077,,332
PSH,126,True,0.16513801404393735,0.9622205088666153,0.7193523515805705,0.9984579799537394,0.0,332
PSH,127,True,0.19582000934168553,0.9276366435719784,0.7197844495765974,0.9984603541185527,0.0,332
PSH,128,True,0.18256015984837304,0.9132455460883037,0.7203718048024786,1.0,0.0,332
PSH,129,True,0.16582909766145204,0.8929121725731896,0.7164869029275809,0.9984591679506933,0.0,332
PSH,130,True,0.14793509165743357,0.9513888888888888,0.7091049382716049,0.996141975308642,0.0,332
PSH,131,True,0.17764953826472096,0.9553158705701078,0.7041602465331279,0.99768875192604,0.0,332
PSH,132,True,0.18862839182588687,0.9429012345679012,0.6929012345679012,0.9907407407407407,0.0,332
PSH,133,True,0.2312654415862112,0.9552469135802469,0.6898148148148148,0.9822530864197531,0.0,332
PSH,134,True,0.2208035150639347,0.9245573518090839,0.6797536566589685,0.9876828329484219,0.0,332
PSH,135,True,0.234438868368821,0.7438650306748467,0.6779141104294478,0.9670245398773006,0.0,332
PSH,136,True,0.23184683603380773,0.6914811972371451,0.6745970836531082,0.9600920951650038,0.0,332
PSH,137,True,0.22403018177068934,0.6096625766871165,0.6687116564417178,0.9087423312883436,0.0,332
PSH,138,True,0.2188408723546733,0.766743648960739,0.6420323325635104,0.9461123941493457,0.0,332
PSH,139,True,0.17883642645495024,0.8567049808429119,0.6268199233716475,0.8551724137931035,0.0,332
PSH,140,True,0.12237190980074852,0.9594180704441041,0.5888208269525268,0.9203675344563553,0.0,332
PSH,141,True,0.14278774718483178,0.941717791411043,0.5751533742331288,0.8627300613496932,0.0,332
PSH,142,True,0.14278774718483178,0.8651340996168583,0.5693486590038315,0.7195402298850575,0.0,332
PSH,143,True,0.1282476611722576,0.7122026093630084,0.5395241749808135,0.6830391404451266,0.0,332
PSH,144,True,0.12869824102924587,0.6890756302521008,0.5263559969442322,0.5897631779984721,0.0,332
PSH,145,True,0.11840018919381201,0.7006125574272588,0.4770290964777948,0.7733537519142419,0.0,332
PSH,146,True,0.12129134243949835,0.41839080459770117,0.4467432950191571,0.4689655172413793,0.0,332
PSH,147,True,0.11768362942174138,0.6012269938650306,0.40644171779141103,0.5996932515337423,0.0,332
PSH,148,True,0.10821691191321015,0.5505359877488515,0.39739663093415006,0.6171516079632465,0.0,332
PSH,149,True,0.10414317084981461,0.5322085889570553,0.38880368098159507,0.6211656441717791,0.0,332
PSH,150,True,0.10414317084981461,0.40811638591117916,0.36906584992343033,0.39586523736600304,0.0,332
PSH,151,True,0.09632078118924281,0.6442234123947972,0.34889058913542464,0.4751338944146901,0.0,332
PSH,152,True,0.09340433222309952,0.6937212863705973,0.33537519142419603,0.29249617151607965,0.0,332
PSH,153,True,0.14729492185819004,0.6450381679389313,0.3083969465648855,0.2694656488549618,0.0,332
PSH,154,True,0.15005857281015467,0.5713196033562167,0.2562929061784897,0.13196033562166284,0.0,332
PSH,155,True,0.12643760592116227,0.7215865751334859,0.22654462242562928,0.26773455377574373,0.0,332
PSH,156,True,0.11798355790830728,0.730593607305936,0.18188736681887366,0.3165905631659056,0.0,332
PSH,157,True,0.10795146651940812,0.7416666666666667,0.14469696969696969,0.3325757575757576,0.0,332
PSH,158,True,0.15230083557612573,0.5325757575757576,0.1462121212121212,0.13484848484848486,0.0,332
PSH,159,True,0.12756345534783864,0.43787878787878787,0.14924242424242423,0.16515151515151516,0.0,332
PSH,160,True,0.15974702324080803,0.3033282904689864,0.14069591527987896,0.0030257186081694403,0.0,332
PSH,161,True,0.15174312049434335,0.07779456193353475,0.14350453172205438,0.006797583081570997,0.0,332
PSH,162,True,0.13035850991357312,0.10944527736131934,0.13343328335832083,0.06971514242878561,0.0,332
PSH,163,True,0.13391633223684285,0.046476761619190406,0.12968515742128936,0.043478260869565216,0.0,332
PSH,164,True,0.16788499574872762,0.32507507507507505,0.1373873873873874,0.036036036036036036,0.0,332
PSH,165,True,0.145986735584948,0.24174174174174173,0.14114114114114115,0.07657657657657657,0.0,332
PSH,166,True,0.10945700004157044,0.0967016491754123,0.2556221889055472,0.29685157421289354,0.0,332
PSH,167,True,0.11558717886829384,0.02397003745318352,0.25617977528089886,0.24269662921348314,0.0,332
PSH,168,True,0.1788797685299659,0.525487256371814,0.28335832083958024,0.11019490254872563,0.0,332
PSH,169,True,0.12126317985653512,0.16516516516516516,0.33633633633633636,0.18768768768768768,0.0,332
PSH,170,True,0.10580773731557025,0.015789473684210527,0.37293233082706767,0.24135338345864663,0.0,332
PSH,171,True,0.09724499386568242,0.008270676691729323,0.37819548872180453,0.2962406015037594,0.0,332
PSH,172,True,0.10294126994864328,0.1110277569392348,0.3915978994748687,0.1275318829707427,0.0,332
PSH,173,True,0.09724499386568242,0.4452773613193403,0.39430284857571213,0.3868065967016492,0.0,332
PSH,174,True,0.09435384061999608,0.5029940119760479,0.4026946107784431,0.4505988023952096,0.0,332
PSH,175,True,0.08854633634497311,0.3778110944527736,0.41529235382308843,0.4280359820089955,0.0,332
PSH,176,True,0.09246485230933732,0.28785607196401797,0.4257871064467766,0.4302848575712144,0.0,332
PSH,177,True,0.08374089906817106,0.28507126781695424,0.4298574643660915,0.2483120780195049,0.0,332
PSH,178,True,0.08665734803431435,0.5670411985018726,0.4232209737827715,0.5146067415730337,0.0,332
PSH,179,True,0.08374089906817106,0.43862275449101795,0.4086826347305389,0.3046407185628742,0.0,332
PSH,180,True,0.08665734803431435,0.6206896551724138,0.4017991004497751,0.553223388305847,0.0,332
AGG,-60,False,0.008757171119830431,0.9672935404742437,0.3385118560915781,0.6770237121831562,0.0,531
AGG,-59,False,0.037970663121490666,0.9631147540983607,0.3418032786885246,0.6688524590163935,0.0,531
AGG,-58,False,0.04640292413060454,0.9484451718494271,0.34288052373158756,0.5711947626841244,0.0,531
AGG,-57,False,0.041352104662420786,0.9273469387755102,0.34122448979591835,0.5869387755102041,0.0,531
AGG,-56,False,0.05488768827245272,0.9493877551020408,0.3404081632653061,0.5681632653061225,0.0,531
AGG,-55,False,0.0465398966680155,0.9470252648736757,0.33577832110839445,0.6471067644661777,0.0,531
AGG,-54,False,0.04149756651761205,0.9428104575163399,0.33578431372549017,0.6625816993464052,0.0,531
AGG,-53,False,0.027925713242854755,0.9404081632653061,0.3355102040816327,0.7583673469387755,0.0,531
AGG,-52,False,0.036429682367743244,0.9513381995133819,0.32765612327656124,0.748580697485807,0.0,531
AGG,-51,False,0.036429682367743244,0.952922077922078,0.3262987012987013,0.7329545454545454,0.0,531
AGG,-50,False,0.038121832405888956,0.9518760195758564,0.3352365415986949,0.7283849918433931,0.0,531
AGG,-49,False,0.0465398966680155,0.9657142857142857,0.33877551020408164,0.7534693877551021,0.0,531
AGG,-48,False,0.03981112390867336,0.9655172413793104,0.34318555008210183,0.784072249589491,0.0,531
AGG,-47,False,0.044861943376857116,0.8964667214461791,0.3492193919474117,0.6606409202958093,0.0,531
AGG,-46,False,0.04318116982552356,0.7491749174917491,0.3547854785478548,0.5074257425742574,0.0,531
AGG,-45,False,0.036429682367743244,0.7893004115226337,0.3563786008230453,0.5530864197530864,0.0,531
AGG,-44,False,0.034734664103691415,0.588477366255144,0.3588477366255144,0.4271604938271605,0.0,531
AGG,-43,False,0.07483520536244503,0.8921810699588477,0.3662551440329218,0.5292181069958848,0.0,531
AGG,-42,False,0.05339343463720603,0.7978547854785478,0.36056105610561057,0.528052805280528,0.0,531
AGG,-41,False,0.057535062604800125,0.7660626029654036,0.3673805601317957,0.44810543657331137,0.0,531
AGG,-40,False,0.060822029231515806,0.7479474548440066,0.3555008210180624,0.3842364532019704,0.0,531
AGG,-39,False,0.05423725618866149,0.3521703521703522,0.35053235053235055,0.19901719901719903,0.0,531
AGG,-38,False,0.057535062604800125,0.25859247135842883,0.3649754500818331,0.16939443535188217,0.0,531
AGG,-37,False,0.057535062604800125,0.36979591836734693,0.36653061224489797,0.2016326530612245,0.0,531
AGG,-36,False,0.04834720813120574,0.2,0.3681632653061224,0.25551020408163266,0.0,531
AGG,-35,False,0.05498663023275352,0.22158626328699918,0.3769419460343418,0.20032706459525756,0.0,531
AGG,-34,False,0.04834720813120574,0.20979591836734693,0.3902040816326531,0.31020408163265306,0.0,531
AGG,-33,False,0.04501089285300175,0.4006514657980456,0.3957654723127036,0.4234527687296417,0.0,531
AGG,-32,False,0.03155319500362275,0.16476345840130505,0.3939641109298532,0.499184339314845,0.0,531
AGG,-31,False,0.024755814944115162,0.29306122448979594,0.4,0.5232653061224489,0.0,531
AGG,-30,False,0.02133971938755863,0.3841761827079935,0.3898858075040783,0.5146818923327896,0.0,531
AGG,-29,False,0.02133971938755863,0.510586319218241,0.38762214983713356,0.6123778501628665,0.0,531
AGG,-28,False,0.024755814944115162,0.38580750407830344,0.3841761827079935,0.5897226753670473,0.0,531
AGG,-27,False,0.024755814944115162,0.46260162601626015,0.3826157595450853,0.6617886178861788,0.0,531
AGG,-26,False,0.01891568182435499,0.5186385737439222,0.3857374392220421,0.7009724473257699,0.0,531
AGG,-25,False,0.012457911553917844,0.5137987012987013,0.38555194805194803,0.7353896103896104,0.0,531
AGG,-24,False,0.0064765358348950475,0.564686737184703,0.3930024410089504,0.43449959316517495,0.0,531
AGG,-23,False,-0.0006355083669429273,0.8728606356968215,0.38141809290953543,0.713121434392828,0.0,531
AGG,-22,False,0.0029268363672418918,0.7452907452907452,0.3857493857493858,0.6388206388206388,0.0,531
AGG,-21,False,0.006746564366009289,0.737315875613748,0.3911620294599018,0.6080196399345336,0.0,531
AGG,-20,False,0.0432743595754449,0.3972153972153972,0.39803439803439805,0.5888615888615889,0.0,531
AGG,-19,False,0.046176235170464985,0.22422258592471359,0.4075286415711948,0.5793780687397708,0.0,531
AGG,-18,False,0.046176235170464985,0.2977850697292863,0.39868744872846595,0.5758818703855619,0.0,531
AGG,-17,False,0.03935567404831464,0.43103448275862066,0.3981937602627258,0.7068965517241379,0.0,531
AGG,-16,False,0.049528089130549735,0.023868312757201648,0.39555921052631576,0.6115226337448559,0.0,531
AGG,-15,False,0.046146647589619616,0.25577557755775576,0.39159109645507006,0.599009900990099,0.0,531
AGG,-14,False,0.03934926753011203,0.25,0.38875103391232424,0.6117549668874173,0.0,531
AGG,-13,False,0.03250536669519255,0.3228215767634855,0.37645107794361526,0.6780082987551868,0.0,531
AGG,-12,False,0.03250536669519255,0.015912897822445562,0.37740585774058577,0.6700167504187605,0.0,531
AGG,-11,False,0.022150882811554085,0.06359832635983263,0.3712374581939799,0.6912133891213389,0.0,531
AGG,-10,False,0.025608503326843945,0.1335559265442404,0.37531276063386154,0.6986644407345576,0.0,531
AGG,-9,False,0.01869361499694755,0.08040201005025126,0.37656903765690375,0.6809045226130653,0.0,531
AGG,-8,False,0.008230793013624838,0.37489539748953976,0.36789297658862874,0.6761506276150627,0.0,531
AGG,-7,False,0.011730577849549229,0.32497911445279865,0.3656093489148581,0.7050960735171261,0.0,531
AGG,-6,False,0.015218156896794732,0.1371571072319202,0.3640897755610973,0.7273482959268496,0.0,531
AGG,-5,False,0.011730577849549229,0.036544850498338874,0.34634551495016613,0.7408637873754153,0.0,531
AGG,-4,False,0.011730577849549229,0.1719269102990033,0.329734219269103,0.6802325581395349,0.0,531
AGG,-3,False,0.029048098880586015,0.5604304635761589,0.3253311258278146,0.6009933774834437,0.0,531
AGG,-2,False,0.049440867232793395,0.7008264462809918,0.31983471074380165,0.49421487603305786,0.0,531
AGG,-1,False,0.06942606816996932,0.8086164043082021,0.32062966031483014,0.555923777961889,0.0,531
AGG,0,True,0.07436057856447553,0.5606936416184971,0.31626754748142033,0.4087530966143683,0.0,531
AGG,1,True,0.0858385500032709,0.6297520661157024,0.3148760330578512,0.45041322314049587,0.0,531
AGG,2,True,0.0858385500032709,0.6163366336633663,0.31435643564356436,0.4084158415841584,0.0,531
AGG,3,True,0.07107361193775985,0.5361247947454844,0.3169129720853859,0.541871921182266,0.0,531
AGG,4,True,0.0778789110900796,0.49917627677100496,0.30724876441515653,0.4728171334431631,0.0,531
AGG,5,True,0.0679758094422952,0.40294840294840295,0.29074529074529076,0.5446355446355446,0.0,531
AGG,6,True,0.07126818704153604,0.532733224222586,0.29623567921440264,0.5368248772504092,0.0,531
AGG,7,True,0.0494764890433298,0.3570261437908497,0.3006535947712418,0.704248366013072,0.0,531
AGG,8,True,0.042859276718424266,0.2495921696574225,0.29771615008156604,0.699021207177814,0.0,531
AGG,9,True,0.041311669442467225,0.37510170870626525,0.30431244914564687,0.7518307567127747,0.0,531
AGG,10,True,0.048040442201809364,0.43159609120521175,0.31840390879478825,0.750814332247557,0.0,531
AGG,11,True,0.09107883778085968,0.7988599348534202,0.34446254071661236,0.6270358306188925,0.0,531
AGG,12,True,0.08142470004777003,0.8166259168704156,0.3594132029339853,0.7775061124694377,0.0,531
AGG,13,True,0.08454047336807624,0.8094462540716613,0.3574918566775244,0.7744299674267101,0.0,531
AGG,14,True,0.05674715002258235,0.6082725060827251,0.36171938361719386,0.8061638280616383,0.0,531
AGG,15,True,0.02899744362308654,0.32682926829268294,0.36260162601626017,0.8227642276422764,0.0,531
AGG,16,True,0.02899744362308654,0.3047001620745543,0.34846029173419774,0.8038897893030794,0.0,531
AGG,17,True,-0.008480508686593002,0.5738636363636364,0.3392857142857143,0.8652597402597403,0.0,531
AGG,18,True,0.019768434852928007,0.47461724415793716,0.33279613215149073,0.7622884770346495,0.0,531
AGG,19,True,0.0042766391997509645,0.7329042638777152,0.3177795655671762,0.7851971037811746,0.0,531
AGG,20,True,-0.004434759304653979,0.7855421686746988,0.30522088353413657,0.6963855421686747,0.0,531
AGG,21,True,-0.015052771291126699,0.8526821457165733,0.289031224979984,0.7069655724579663,0.0,531
AGG,22,True,0.0008011810995981472,0.804,0.2856,0.7776,0.0,531
AGG,23,True,0.005882654699878587,0.7216,0.2712,0.7064,0.0,531
AGG,24,True,0.009310459978241536,0.7362549800796813,0.25816733067729086,0.7776892430278884,0.0,531
AGG,25,True,0.017828917330253824,0.6206070287539937,0.25559105431309903,0.6972843450479234,0.0,531
AGG,26,True,0.031205572196912112,0.5262738853503185,0.2444267515923567,0.7197452229299363,0.0,531
AGG,27,True,0.027086511922065015,0.34099920697858843,0.22997620935765264,0.6518636003172086,0.0,531
AGG,28,True,0.05726994898840909,0.20476190476190476,0.23333333333333334,0.23174603174603176,0.0,531
AGG,29,True,0.043215747169983776,0.01979414093428345,0.21852731591448932,0.2604908946951702,0.0,531
AGG,30,True,0.1099127925692801,0.6484992101105845,0.20774091627172195,0.18325434439178515,1.0,531
AGG,31,True,0.1267098607675493,0.4507486209613869,0.18439716312056736,0.06619385342789598,0.0,531
AGG,32,True,0.11658736574606221,0.42340926944226237,0.15789473684210525,0.1335428122545169,0.0,531
AGG,33,True,0.13518600656008972,0.5636792452830188,0.15566037735849056,0.0880503144654088,0.0,531
AGG,34,True,0.12489574613469057,0.6808176100628931,0.15723270440251572,0.4410377358490566,0.0,531
AGG,35,True,0.15569781888925205,0.9015748031496063,0.15984251968503937,0.44881889763779526,0.0,531
AGG,36,True,0.1834090225528715,0.9386792452830188,0.16745283018867924,0.5078616352201258,0.0,531
AGG,37,True,0.22309376087495392,0.9764705882352941,0.1780392156862745,0.7223529411764706,0.0,531
AGG,38,True,0.24505542784922185,0.971675845790716,0.1841070023603462,0.6734854445318647,0.0,531
AGG,39,True,0.26535592962746346,0.9795275590551181,0.19370078740157481,0.74251968503937,0.0,531
AGG,40,True,0.29263872782397327,0.9842767295597484,0.2028301886792453,0.824685534591195,0.0,531
AGG,41,True,0.2926343099838713,0.984251968503937,0.21181102362204723,0.915748031496063,1.0,531
AGG,42,True,0.2978945213236641,0.985837922895358,0.2218725413060582,0.9158143194335169,0.0,531
AGG,43,True,0.2978945213236641,0.9834254143646409,0.2280978689818469,0.9139700078926598,,531
AGG,44,True,0.2978945213236641,0.9841521394611727,0.24405705229793978,0.9136291600633915,,531
AGG,45,True,0.2811793810599763,0.9817315329626688,0.24384432088959493,0.9166004765687054,0.0,531
AGG,46,True,0.2775758455497177,0.9777247414478918,0.2680986475735879,0.9029435163086714,0.0,531
AGG,47,True,0.2719936938934968,0.9792993630573248,0.2961783439490446,0.9227707006369427,0.0,531
AGG,48,True,0.2561078922213489,0.9691699604743083,0.29960474308300394,0.9154150197628459,0.0,531
AGG,49,True,0.24425906775466721,0.9691455696202531,0.30300632911392406,0.944620253164557,0.0,531
AGG,50,True,0.22869169075854634,0.9058544303797469,0.307753164556962,0.9066455696202531,0.0,531
AGG,51,True,0.24402377844534184,0.9072164948453608,0.30927835051546393,0.8699444885011896,0.0,531
AGG,52,True,0.2633728519837173,0.9466135458167331,0.32669322709163345,0.8948207171314742,0.0,531
AGG,53,True,0.25374511281536893,0.9185953711093376,0.3415802075019952,0.8723064644852354,0.0,531
AGG,54,True,0.25512619224964705,0.9408945686900958,0.34584664536741216,0.8937699680511182,0.0,531
AGG,55,True,0.25512619224964705,0.8871224165341812,0.34737678855325915,0.8807631160572337,0.0,531
AGG,56,True,0.25309553309655297,0.7980922098569158,0.3616852146263911,0.8481717011128775,0.0,531
AGG,57,True,0.25309553309655297,0.49561053471668,0.36951316839584997,0.6552274541101357,0.0,531
AGG,58,True,0.25448428443571225,0.1695859872611465,0.3877388535031847,0.51671974522293,0.0,531
AGG,59,True,0.25448428443571225,0.23684210526315788,0.39872408293460926,0.6953748006379585,,531
AGG,60,True,0.25448428443571225,0.5899280575539568,0.4084732214228617,0.6610711430855316,,531
AGG,61,True,0.25971574108645945,0.45323741007194246,0.4169329073482428,0.6067146282973621,0.0,531
AGG,62,True,0.24727854573433095,0.6463512429831596,0.422275641025641,0.8123496391339214,0.0,531
AGG,63,True,0.22191787119197293,0.8017585931254996,0.41293929712460065,0.9136690647482014,0.0,531
AGG,64,True,0.21668871419235347,0.80622009569378,0.40398406374501994,0.8899521531100478,0.0,531
AGG,65,True,0.2363776833869562,0.5624502784407319,0.3990461049284579,0.6968973747016707,0.0,531
AGG,66,True,0.2363776833869562,0.5850556438791733,0.38553259141494434,0.71939586645469,0.0,531
AGG,67,True,0.26233270202964776,0.1543942992874109,0.3737133808392716,0.505938242280285,0.0,531
AGG,68,True,0.26233270202964776,0.0999206978588422,0.37430610626486915,0.5027755749405234,0.0,531
AGG,69,True,0.2636129363044566,0.30434782608695654,0.38023715415019765,0.5596837944664032,0.0,531
AGG,70,True,0.24423516733812156,0.25039494470774093,0.3744075829383886,0.6548183254344392,0.0,531
AGG,71,True,0.2597673059642063,0.2553191489361702,0.36485421591804573,0.5468873128447597,0.0,531
AGG,72,True,0.2597673059642063,0.07244094488188976,0.3535433070866142,0.6362204724409449,0.0,531
AGG,73,True,0.26233270202964776,0.17061611374407584,0.34834123222748814,0.6358609794628752,0.0,531
AGG,74,True,0.2597673059642063,0.0908379013312451,0.33437744714173845,0.5003915426781519,0.0,531
AGG,75,True,0.2901705511473083,0.51484375,0.34296875,0.578125,0.0,531
AGG,76,True,0.29942994340997164,0.61875,0.3200624512099922,0.66796875,0.0,531
AGG,77,True,0.30427151431740307,0.6565420560747663,0.32165109034267914,0.7546728971962616,0.0,531
AGG,78,True,0.30923034852916786,0.7041373926619828,0.3052302888368462,0.8602654176424668,0.0,531
AGG,79,True,0.3017828453589606,0.6425233644859814,0.30218068535825543,0.7928348909657321,0.0,531
AGG,80,True,0.2941649800683739,0.5791114575214341,0.2922837100545596,0.7653936087295401,0.0,531
AGG,81,True,0.32113920505010674,0.7215288611544461,0.297191887675507,0.7613104524180967,0.0,531
AGG,82,True,0.3415380393358425,0.8499222395023328,0.291601866251944,0.8118195956454122,0.0,531
AGG,83,True,0.34395333148816887,0.9097978227060654,0.2737169517884914,0.8374805598755832,0.0,531
AGG,84,True,0.3368667873000839,0.9044289044289044,0.2665112665112665,0.8492618492618492,0.0,531
AGG,85,True,0.3309227287001404,0.8588052754072925,0.26066718386346005,0.8037238169123352,0.0,531
AGG,86,True,0.32609912213922865,0.8452012383900929,0.26006191950464397,0.794891640866873,0.0,531
AGG,87,True,0.3205810559950657,0.718944099378882,0.2593167701863354,0.7484472049689441,0.0,531
AGG,88,True,0.3325475567165257,0.7698289269051322,0.2620528771384137,0.6866251944012441,0.0,531
AGG,89,True,0.32417325965258703,0.7240841777084958,0.24707716289945442,0.6975837879968823,0.0,531
AGG,90,True,0.3214865632816255,0.7704918032786885,0.23575331772053085,0.765807962529274,0.0,531
AGG,91,True,0.32975812159775186,0.7540983606557377,0.2224824355971897,0.750975800156128,0.0,531
AGG,92,True,0.34759115449011935,0.8207326578332035,0.22681215900233828,0.6796570537802027,0.0,531
AGG,93,True,0.3694341702824664,0.8723735408560311,0.22334630350194554,0.7268482490272373,0.0,531
AGG,94,True,0.3789995124601645,0.9013975155279503,0.22437888198757763,0.8035714285714286,0.0,531
AGG,95,True,0.3847853698207798,0.8430458430458431,0.19502719502719504,0.7132867132867133,0.0,531
AGG,96,True,0.39625761429773754,0.8494957331264547,0.20015515903801395,0.7416602017067494,0.0,531
AGG,97,True,0.43743643181583913,0.9131782945736434,0.2062015503875969,0.7953488372093023,0.0,531
AGG,98,True,0.43750865934253025,0.9138867339022498,0.21489526764934058,0.773467804499612,0.0,531
AGG,99,True,0.4354072952275281,0.921583850931677,0.22437888198757763,0.7740683229813664,0.0,531
AGG,100,True,0.44449037646674294,0.9364833462432223,0.22695584817970565,0.7668474051123161,0.0,531
AGG,101,True,0.44334229919047274,0.9108527131782945,0.24728682170542635,0.7348837209302326,0.0,531
AGG,102,True,0.43885151377641085,0.8728682170542635,0.25736434108527134,0.7170542635658915,0.0,531
AGG,103,True,0.43885151377641085,0.8719937936384794,0.2637703646237393,0.7548487199379363,,531
AGG,104,True,0.43885151377641085,0.8940809968847352,0.2827102803738318,0.7422118380062306,,531
AGG,105,True,0.44538571588709264,0.9182242990654206,0.3052959501557632,0.809190031152648,0.0,531
AGG,106,True,0.44864336615513833,0.9330218068535826,0.31386292834890966,0.8037383177570093,0.0,531
AGG,107,True,0.45600988197190073,0.9340062111801242,0.3190993788819876,0.8035714285714286,0.0,531
AGG,108,True,0.45381861485624464,0.9149922720247295,0.3268933539412674,0.7797527047913446,0.0,531
AGG,109,True,0.47233155310533803,0.9344135802469136,0.3410493827160494,0.7731481481481481,0.0,531
AGG,110,True,0.4843858446976834,0.9544753086419753,0.3618827160493827,0.7924382716049383,0.0,531
AGG,111,True,0.492835855367586,0.9614791987673343,0.3828967642526965,0.7919876733436055,0.0,531
AGG,112,True,0.48650505078881556,0.9514263685427911,0.39599383667180277,0.8242097147262915,0.0,531
AGG,113,True,0.4869526889007225,0.9221879815100154,0.41185527328714394,0.75115562403698,0.0,531
AGG,114,True,0.4826916971009727,0.904320987654321,0.4225134926754048,0.7986111111111112,0.0,531
AGG,115,True,0.49119560165677423,0.9082498072474943,0.43605546995377503,0.7355435620663069,0.0,531
AGG,116,True,0.5002731283065369,0.9020061728395061,0.4448727833461835,0.6242283950617284,0.0,531
AGG,117,True,0.4988931174393101,0.7697063369397218,0.44247104247104246,0.5378670788253478,0.0,531
AGG,118,True,0.514097934182935,0.8303777949113339,0.4476117103235747,0.6160370084811102,0.0,531
AGG,119,True,0.5182466321940136,0.8536209553158706,0.44957659738260203,0.6101694915254238,0.0,531
AGG,120,True,0.5243829652776517,0.8505392912172574,0.4387990762124711,0.5847457627118644,0.0,531
AGG,121,True,0.5243027104248852,0.8649691358024691,0.4279105628373169,0.6419753086419753,0.0,531
AGG,122,True,0.5169707106526471,0.8539584934665642,0.4158339738662567,0.6402767102229054,0.0,531
AGG,123,True,0.5200595161972337,0.8447348193697156,0.4142966948501153,0.5949269792467333,0.0,531
AGG,124,True,0.5118014047502992,0.8070714834742506,0.4027671022290546,0.5903151421983089,0.0,531
AGG,125,True,0.5066052382134778,0.7586206896551724,0.39080459770114945,0.5823754789272031,0.0,531
AGG,126,True,0.49730083666139,0.7046671767406274,0.37566947207345064,0.5891354246365723,0.0,531
AGG,127,True,0.5199777120289948,0.7920184190330007,0.37145049884881043,0.43207981580967,0.0,531
AGG,128,True,0.5341224235716009,0.8447348193697156,0.3620292083013067,0.5295926210607225,0.0,531
AGG,129,True,0.5424442469090931,0.8242517267843438,0.3476592478894858,0.5372217958557176,0.0,531
AGG,130,True,0.5384232750234286,0.7496159754224271,0.34408602150537637,0.5622119815668203,0.0,531
AGG,131,True,0.5524265044868832,0.7644341801385681,0.33872209391839875,0.5157813702848345,0.0,531
AGG,132,True,0.5607256536567464,0.8328197226502311,0.33821263482280434,0.6232665639445301,0.0,531
AGG,133,True,0.5626829434361291,0.8343605546995377,0.3305084745762712,0.6317411402157165,0.0,531
AGG,134,True,0.5646364097147123,0.8383371824480369,0.32409545804464973,0.590454195535027,0.0,531
AGG,135,True,0.550845991684566,0.7482678983833718,0.31793687451886066,0.628175519630485,0.0,531
AGG,136,True,0.550845991684566,0.6810146041506533,0.30284396617986165,0.574173712528824,0.0,531
AGG,137,True,0.5567644194443326,0.7261538461538461,0.2953846153846154,0.546923076923077,0.0,531
AGG,138,True,0.550845991684566,0.5816091954022988,0.2704980842911877,0.5011494252873563,0.0,531
AGG,139,True,0.540903434103426,0.4191570881226054,0.24521072796934865,0.5478927203065134,0.0,531
AGG,140,True,0.543415452547418,0.36370597243491576,0.23583460949464014,0.5130168453292496,0.0,531
AGG,141,True,0.5491747064895269,0.46977811782708495,0.23718439173680184,0.5256312165263963,0.0,531
AGG,142,True,0.5531556600657888,0.5876052027543994,0.2325937260902831,0.6258607498087223,0.0,531
AGG,143,True,0.5650043070409982,0.6681957186544343,0.2515290519877676,0.6353211009174312,0.0,531
AGG,144,True,0.5670004904421277,0.7404580152671756,0.27557251908396946,0.6931297709923664,0.0,531
AGG,145,True,0.5709112465000936,0.8032036613272311,0.2906178489702517,0.6796338672768879,0.0,531
AGG,146,True,0.5825525795066826,0.870722433460076,0.30798479087452474,0.7330798479087453,0.0,531
AGG,147,True,0.5786871734858823,0.7887537993920972,0.31762917933130697,0.60790273556231,0.0,531
AGG,148,True,0.5844851654591638,0.7180851063829787,0.324468085106383,0.5273556231003039,0.0,531
AGG,149,True,0.5836623840004418,0.6615969581749049,0.32775665399239545,0.49429657794676807,0.0,531
AGG,150,True,0.5960040884583886,0.7738004569687738,0.32444782939832445,0.5171363290175172,0.0,531
AGG,151,True,0.599899610062302,0.7170099160945843,0.32799389778794813,0.4683447749809306,0.0,531
AGG,152,True,0.6063410621625009,0.6872616323417239,0.3295194508009153,0.43707093821510296,0.0,531
AGG,153,True,0.6316717009345989,0.7870229007633588,0.33587786259541985,0.41603053435114506,0.0,531
AGG,154,True,0.6222044893246683,0.7400914634146342,0.3467987804878049,0.4946646341463415,0.0,531
AGG,155,True,0.6202238704413605,0.8032036613272311,0.34782608695652173,0.5560640732265446,0.0,531
AGG,156,True,0.6170549340940971,0.7894736842105263,0.3485888634630053,0.5583524027459954,0.0,531
AGG,157,True,0.6150821299595778,0.7372429550647372,0.3549124143183549,0.5506473724295506,0.0,531
AGG,158,True,0.6350171533414081,0.8379204892966361,0.37079510703363916,0.6429663608562691,0.0,531
AGG,159,True,0.6280288526497327,0.8695318495778972,0.3806600153491942,0.6891788181120491,0.0,531
AGG,160,True,0.6339589794527464,0.8742331288343558,0.3911042944785276,0.6671779141104295,0.0,531
AGG,161,True,0.6320314274435149,0.8734662576687117,0.38650306748466257,0.6142638036809815,0.0,531
AGG,162,True,0.6267466717964151,0.8334606569900688,0.39266615737203975,0.5592055003819709,0.0,531
AGG,163,True,0.6267466717964151,0.7507668711656442,0.38496932515337423,0.42484662576687116,0.0,531
AGG,164,True,0.6936450552552199,0.9500384319754035,0.3781706379707917,0.5757109915449654,1.0,531
AGG,165,True,0.7281675662505437,0.9777094542659492,0.3873943120676403,0.7394312067640276,0.0,531
AGG,166,True,0.717371888547654,0.9699306090979183,0.38164996144949886,0.7856592135697764,0.0,531
AGG,167,True,0.6812202239628921,0.9200614911606456,0.3873943120676403,0.846272098385857,0.0,531
AGG,168,True,0.6812202239628921,0.9245573518090839,0.3972286374133949,0.6374133949191686,,531
AGG,169,True,0.6812202239628921,0.9261538461538461,0.3953846153846154,0.803076923076923,,531
AGG,170,True,0.6701993829486131,0.8650732459521974,0.3808789514263685,0.8164996144949884,0.0,531
AGG,171,True,0.6646430781392764,0.8252501924557352,0.3610469591993841,0.766743648960739,0.0,531
AGG,172,True,0.6389989685128658,0.5809450038729667,0.3570875290472502,0.790859798605732,0.0,531
AGG,173,True,0.6275574298661336,0.09476117103235747,0.3559322033898305,0.8204930662557781,0.0,531
AGG,174,True,0.6190958018971028,0.07947530864197531,0.3395061728395062,0.8425925925925926,0.0,531
AGG,175,True,0.6035957984922217,0.3436055469953775,0.3189522342064715,0.9167950693374423,0.0,531
AGG,176,True,0.575967301277022,0.6319444444444444,0.30709876543209874,0.9714506172839507,0.0,531
AGG,177,True,0.5878865626433486,0.4807098765432099,0.283179012345679,0.9537037037037037,0.0,531
AGG,178,True,0.5739668719466412,0.7582755966127791,0.25558121632024633,0.9822940723633564,0.0,531
AGG,179,True,0.6175188069350116,0.19631901840490798,0.227760736196319,0.8642638036809815,0.0,531
AGG,180,True,0.6175188069350116,0.29547198772064465,0.21105141980046047,0.8695318495778972,0.0,531
PPT,-60,False,0.0,,,,,587
PPT,-59,False,0.0,,,,,587
PPT,-58,False,0.0,,,,,587
PPT,-57,False,0.0,,,,,587
PPT,-56,False,0.0,,,,,587
PPT,-55,False,0.0,,,,,587
PPT,-54,False,0.0,,,,,587
PPT,-53,False,0.0,,,,,587
PPT,-52,False,0.0,,,,,587
PPT,-51,False,0.0,,,,,587
PPT,-50,False,0.0,,,,,587
PPT,-49,False,0.0,,,,,587
PPT,-48,False,0.0,,,,,587
PPT,-47,False,0.0,,,,,587
PPT,-46,False,0.0,,,,,587
PPT,-45,False,0.0,,,,,587
PPT,-44,False,0.0,,,,,587
PPT,-43,False,0.0,,,,,587
PPT,-42,False,0.0,,,,,587
PPT,-41,False,0.0,,,,,587
PPT,-40,False,0.0,,,,,587
PPT,-39,False,0.0,,,,,587
PPT,-38,False,0.0,,,,,587
PPT,-37,False,0.0,,,,,587
PPT,-36,False,0.0,,,,,587
PPT,-35,False,0.0,,,,,587
PPT,-34,False,0.0,,,,,587
PPT,-33,False,0.0,,,,,587
PPT,-32,False,0.0,,,,,587
PPT,-31,False,0.0,,,,,587
PPT,-30,False,0.0,,,,,587
PPT,-29,False,0.0,,,,,587
PPT,-28,False,0.0,,,,,587
PPT,-27,False,0.0,,,,,587
PPT,-26,False,0.0,,,,,587
PPT,-25,False,0.0,,,,,587
PPT,-24,False,0.0,,,,,587
PPT,-23,False,0.0,,,,,587
PPT,-22,False,0.0,,,,,587
PPT,-21,False,0.0,,,,,587
PPT,-20,False,0.0,,,,,587
PPT,-19,False,0.0,,,,,587
PPT,-18,False,0.0,,,,,587
PPT,-17,False,0.0,,,,,587
PPT,-16,False,0.0,,,,,587
PPT,-15,False,0.0,,,,,587
PPT,-14,False,0.0,,,,,587
PPT,-13,False,0.0,,,,,587
PPT,-12,False,0.0,,,,,587
PPT,-11,False,0.0,,,,,587
PPT,-10,False,0.0,,,,,587
PPT,-9,False,0.0,,,,,587
PPT,-8,False,0.0,,,,,587
PPT,-7,False,0.0,,,,,587
PPT,-6,False,0.0,,,,,587
PPT,-5,False,0.0,,,,,587
PPT,-4,False,0.0,,,,,587
PPT,-3,False,0.0,,,,,587
PPT,-2,False,0.0,,,,,587
PPT,-1,False,0.0,,,,,587
PPT,0,True,0.0,,,,,587
PPT,1,True,0.17127911093088244,,,,1.0,587
PPT,2,True,0.31751452613780984,,,,1.0,587
PPT,3,True,0.4480873354613324,,,,1.0,587
PPT,4,True,0.5410396440714014,,,,1.0,587
PPT,5,True,0.5713352669810534,,,,0.0,587
PPT,6,True,0.5564520266252357,,,,0.0,587
PPT,7,True,0.5421625959935474,,,,0.0,587
PPT,8,True,0.5307809343696757,,,,0.0,587
PPT,9,True,0.5571179179128303,,,,0.0,587
PPT,10,True,0.5646062128360014,,,,0.0,587
PPT,11,True,0.5720388497239492,,,,0.0,587
PPT,12,True,0.5712050158445197,,,,0.0,587
PPT,13,True,0.584311023202601,,,,0.0,587
PPT,14,True,0.5880481613604565,,,,0.0,587
PPT,15,True,0.57826577684393,,,,0.0,587
PPT,16,True,0.5883938772160838,,,,0.0,587
PPT,17,True,0.5897278229039505,,,,0.0,587
PPT,18,True,0.578762189374728,,,,0.0,587
PPT,19,True,0.5897278229039505,,,,0.0,587
PPT,20,True,0.5933564747529186,,,,0.0,587
PPT,21,True,0.5824307773536573,,,,0.0,587
PPT,22,True,0.5860859559732575,,,,0.0,587
PPT,23,True,0.5677400336996808,,,,0.0,587
PPT,24,True,0.5750638002982104,,,,0.0,587
PPT,25,True,0.5750638002982104,,,,0.0,587
PPT,26,True,0.5879022639193031,,,,0.0,587
PPT,27,True,0.587337444254267,,,,0.0,587
PPT,28,True,0.587337444254267,,,,0.0,587
PPT,29,True,0.6026138700714966,,,,0.0,587
PPT,30,True,0.5990625376003852,,,,0.0,587
PPT,31,True,0.5990625376003852,,,,,587
PPT,32,True,0.5990625376003852,,,,,587
PPT,33,True,0.5880869591958165,,,,0.0,587
PPT,34,True,0.603770276554047,,,,0.0,587
PPT,35,True,0.6002930371582401,,,,0.0,587
PPT,36,True,0.5862618913898706,,,,0.0,587
PPT,37,True,0.5697317148348324,,,,0.0,587
PPT,38,True,0.5720634537587441,,,,0.0,587
PPT,39,True,0.5862438271661154,,,,0.0,587
PPT,40,True,0.5805123448573573,,,,0.0,587
PPT,41,True,0.5813985883953847,,,,0.0,587
PPT,42,True,0.5742832665285451,,,,0.0,587
PPT,43,True,0.5919775353355969,,,,0.0,587
PPT,44,True,0.605910928774229,,,,0.0,587
PPT,45,True,0.6151539274681703,,,,0.0,587
PPT,46,True,0.603947545009641,,,,0.0,587
PPT,47,True,0.6195467123010663,,,,0.0,587
PPT,48,True,0.6056596288980387,,,,0.0,587
PPT,49,True,0.6147147516264528,,,,0.0,587
PPT,50,True,0.6250259129007332,,,,0.0,587
PPT,51,True,0.6205280797461183,,,,0.0,587
PPT,52,True,0.6295044733192761,,,,0.0,587
PPT,53,True,0.6329458135874204,,,,0.0,587
PPT,54,True,0.6191088198365349,,,,0.0,587
PPT,55,True,0.6121178558819294,,,,0.0,587
PPT,56,True,0.6121178558819294,,,,0.0,587
PPT,57,True,0.6406861008759601,,,,0.0,587
PPT,58,True,0.6397367916962413,,,,0.0,587
PPT,59,True,0.6362474189036249,,,,0.0,587
PPT,60,True,0.6397367916962413,,,,0.0,587
PPT,61,True,0.6362474189036249,,,,0.0,587
PPT,62,True,0.6341122592910702,,,,0.0,587
PPT,63,True,0.6341122592910702,,,,0.0,587
PPT,64,True,0.6390904687895167,,,,0.0,587
PPT,65,True,0.6553571315185918,,,,0.0,587
PPT,66,True,0.6443410954574753,,,,0.0,587
PPT,67,True,0.6407771060617471,,,,0.0,587
PPT,68,True,0.6984263925833778,,,,0.0,587
PPT,69,True,0.7127499595739657,,,,0.0,587
PPT,70,True,0.7673853688059422,,,,0.0,587
PPT,71,True,0.8035616960323848,,,,0.0,587
PPT,72,True,0.8122499473128153,,,,0.0,587
PPT,73,True,0.8190349187485346,,,,0.0,587
PPT,74,True,0.8145641683696339,,,,0.0,587
PPT,75,True,0.8391054689946562,,,,0.0,587
PPT,76,True,0.8346478093101382,,,,0.0,587
PPT,77,True,0.8227116592189796,,,,0.0,587
PPT,78,True,0.8493284600857329,,,,0.0,587
PPT,79,True,0.8802665970129063,,,,0.0,587
PPT,80,True,0.8802665970129063,,,,0.0,587
PPT,81,True,0.9086146428733602,,,,0.0,587
PPT,82,True,0.8851704093988969,,,,0.0,587
PPT,83,True,0.903094991100544,,,,0.0,587
PPT,84,True,0.8760459899507155,,,,0.0,587
PPT,85,True,0.8715276669499813,,,,0.0,587
PPT,86,True,0.8608841257335097,,,,0.0,587
PPT,87,True,0.8608841257335097,,,,0.0,587
PPT,88,True,0.8597710677657026,,,,0.0,587
PPT,89,True,0.8964930737558238,,,,0.0,587
PPT,90,True,0.9315114959351828,,,,0.0,587
PPT,91,True,0.9370626635781002,,,,0.0,587
PPT,92,True,0.9360598247189232,,,,0.0,587
PPT,93,True,0.9077333988842079,,,,0.0,587
PPT,94,True,0.9030767492774104,,,,0.0,587
PPT,95,True,0.8989051499861122,,,,0.0,587
PPT,96,True,0.8989051499861122,,,,0.0,587
PPT,97,True,0.8989051499861122,,,,0.0,587
PPT,98,True,0.8956914016105012,,,,0.0,587
PPT,99,True,0.918848965022475,,,,0.0,587
PPT,100,True,0.9495180990952173,,,,0.0,587
PPT,101,True,0.9352623287226108,,,,0.0,587
PPT,102,True,0.9352623287226108,,,,0.0,587
PPT,103,True,0.9982818477380008,,,,0.0,587
PPT,104,True,0.9793153193794194,,,,0.0,587
PPT,105,True,1.0250125502374006,,,,0.0,587
PPT,106,True,1.0940160532975118,,,,0.0,587
PPT,107,True,1.0508895006568892,,,,0.0,587
PPT,108,True,1.0195126706560858,,,,0.0,587
PPT,109,True,1.0221238202838865,,,,0.0,587
PPT,110,True,1.0086837485252353,,,,0.0,587
PPT,111,True,1.0007660449262585,,,,0.0,587
PPT,112,True,1.0063195534526643,,,,0.0,587
PPT,113,True,1.0063195534526643,,,,0.0,587
PPT,114,True,1.0089429440118325,,,,0.0,587
PPT,115,True,0.9633087568893137,,,,0.0,587
PPT,116,True,0.9549779942814778,,,,0.0,587
PPT,117,True,0.9615070848277638,,,,0.0,587
PPT,118,True,0.9521886916237952,,,,0.0,587
PPT,119,True,0.9398934031338677,,,,0.0,587
PPT,120,True,0.9285337982477084,,,,0.0,587
PPT,121,True,0.9463201329424298,,,,0.0,587
PPT,122,True,0.9556771147218919,,,,0.0,587
PPT,123,True,0.9726716455512396,,,,0.0,587
PPT,124,True,0.968026903996619,,,,0.0,587
PPT,125,True,0.968026903996619,,,,0.0,587
PPT,126,True,0.9772949131841404,,,,0.0,587
PPT,127,True,0.9713830622602075,,,,0.0,587
PPT,128,True,0.9713830622602075,,,,0.0,587
PPT,129,True,0.9760063298931083,,,,0.0,587
PPT,130,True,0.9806629794999058,,,,0.0,587
PPT,131,True,1.0012710244738319,,,,0.0,587
PPT,132,True,1.0031523282603887,,,,0.0,587
PPT,133,True,0.9985290606274879,,,,0.0,587
PPT,134,True,0.9892179031833055,,,,0.0,587
PPT,135,True,1.0239097162377293,,,,0.0,587
PPT,136,True,1.0179128549197367,,,,0.0,587
PPT,137,True,1.0120143976335236,,,,0.0,587
PPT,138,True,1.0073911300006229,,,,0.0,587
PPT,139,True,0.9980799725564404,,,,0.0,587
PPT,140,True,0.9980799725564404,,,,,587
PPT,141,True,0.9980799725564404,,,,,587
PPT,142,True,0.9933693312749838,0.3241017964071856,0.2619760479041916,0.32934131736526945,0.0,587
PPT,143,True,0.9790457642843959,0.05033809166040571,0.2682193839218633,0.24868519909842224,0.0,587
PPT,144,True,0.9669862368123163,0.010534236267870579,0.2761474793077502,0.2505643340857788,0.0,587
PPT,145,True,0.9422675882431131,0.22573363431151242,0.28442437923250563,0.2287434161023326,0.0,587
PPT,146,True,0.957160290724778,0.16003005259203607,0.27948910593538695,0.2742299023290759,0.0,587
PPT,147,True,0.9422675882431131,0.25149700598802394,0.28218562874251496,0.31137724550898205,0.0,587
PPT,148,True,0.9322543921711741,0.3413173652694611,0.28892215568862273,0.29790419161676646,0.0,587
PPT,149,True,0.9372735231667324,0.3335826477187734,0.32086761406133135,0.1907255048616305,0.0,587
PPT,150,True,0.927209942367833,0.45440956651718983,0.312406576980568,0.21748878923766815,0.0,587
PPT,151,True,0.9046915573587838,0.714178544636159,0.32633158289572395,0.4561140285071268,0.0,587
PPT,152,True,0.8867674870674797,0.8003003003003003,0.23648648648648649,0.6028528528528528,0.0,587
PPT,153,True,0.8873691999379733,0.781695423855964,0.11702925731432859,0.5738934733683421,0.0,587
PPT,154,True,0.8945721536076542,0.7432634730538922,0.10029940119760479,0.5830838323353293,0.0,587
PPT,155,True,0.8945721536076542,0.8236173393124065,0.09491778774289986,0.5052316890881914,0.0,587
PPT,156,True,0.8843454450111906,0.8428890543559195,0.08116157855547282,0.5107967237527923,0.0,587
PPT,157,True,0.8918637942438258,0.8120805369127517,0.06487695749440715,0.48322147651006714,0.0,587
PPT,158,True,0.9023815714562652,0.7730337078651686,0.0599250936329588,0.46292134831460674,0.0,587
PPT,159,True,0.9074777421652752,0.748314606741573,0.06292134831460675,0.5423220973782772,0.0,587
PPT,160,True,0.9074777421652752,0.7380239520958084,0.06661676646706587,0.42065868263473055,0.0,587
PPT,161,True,0.8951937305666898,0.7825112107623319,0.06352765321375187,0.45665171898355755,0.0,587
PPT,162,True,0.8846990212724167,0.7928197456993269,0.02243829468960359,0.4487658937920718,0.0,587
PPT,163,True,0.905579443829459,0.6504854368932039,0.022404779686333084,0.4174757281553398,0.0,587
PPT,164,True,0.9038877437067472,0.6017897091722595,0.02982848620432513,0.45861297539149887,0.0,587
PPT,165,True,0.9270141041753683,0.1947761194029851,0.03134328358208955,0.28955223880597014,0.0,587
PPT,166,True,0.9270141041753683,0.3350668647845468,0.031203566121842496,0.2763744427934621,0.0,587
PPT,167,True,0.9340206940158382,0.14784546805349183,0.03194650817236255,0.34695393759286774,0.0,587
PPT,168,True,0.9176197319372492,0.22642910170749814,0.031180400890868598,0.3147735708982925,0.0,587
PPT,169,True,0.907287356214713,0.3557692307692308,0.025887573964497042,0.28476331360946744,0.0,587
PPT,170,True,0.8939210716119623,0.3748148148148148,0.02666666666666667,0.44074074074074077,0.0,587
PPT,171,True,0.8939210716119623,0.16136195410806808,0.027387120651369355,0.4078460399703923,0.0,587
PPT,172,True,0.9077799566757587,0.257227575982209,0.025945144551519646,0.4128984432913269,0.0,587
PPT,173,True,0.9025698557055741,0.17777777777777778,0.024444444444444446,0.21851851851851853,0.0,587
PPT,174,True,0.9072394882861099,0.13011152416356878,0.023048327137546468,0.19479553903345725,0.0,587
PPT,175,True,0.9144077656778866,0.18066914498141265,0.022304832713754646,0.379182156133829,0.0,587
PPT,176,True,0.9092052270017579,0.2173263629574309,0.022404779686333084,0.4122479462285287,0.0,587
PPT,177,True,0.8980412839917804,0.06343283582089553,0.020895522388059702,0.40223880597014927,0.0,587
PPT,178,True,0.8927837141417339,0.09962825278810408,0.01486988847583643,0.34944237918215615,0.0,587
PPT,179,True,0.8802164204789378,0.3051224944320713,0.016332590942835932,0.3333333333333333,0.0,587
PPT,180,True,0.8584925507419072,0.5136935603256847,0.012583271650629163,0.3700962250185048,0.0,587
CRC,-60,False,0.004381537174817485,0.18970588235294117,0.5316176470588235,0.6235294117647059,0.0,106
CRC,-59,False,0.004381537174817485,0.29831006612784716,0.5282880235121235,0.5701689933872153,0.0,106
CRC,-58,False,0.004381537174817485,0.2652014652014652,0.5245421245421246,0.304029304029304,0.0,106
CRC,-57,False,0.004381537174817485,0.609809663250366,0.5065885797950219,0.37554904831625185,0.0,106
CRC,-56,False,0.0021079710533320473,0.4747622531089978,0.4996342355523043,0.43306510607168985,0.0,106
CRC,-55,False,0.0005980303252153263,0.2197080291970803,0.4948905109489051,0.3883211678832117,0.0,106
CRC,-54,False,0.0005980303252153263,0.11970802919708029,0.4978102189781022,0.47007299270072994,0.0,106
CRC,-53,False,0.0005980303252153263,0.27292576419213976,0.4868995633187773,0.5189228529839883,0.0,106
CRC,-52,False,0.03670779801749369,0.6771137026239067,0.5014577259475219,0.5816326530612245,0.0,106
CRC,-51,False,0.02251853606283749,0.6065693430656934,0.5051094890510949,0.6693430656934306,0.0,106
CRC,-50,False,0.0021079710533320473,0.28602779809802487,0.5032918800292612,0.6642282370153622,0.0,106
CRC,-49,False,0.0005980303252153263,0.07027818448023426,0.5043923865300146,0.6068814055636896,0.0,106
CRC,-48,False,0.0005980303252153263,0.03587115666178624,0.5014641288433382,0.6068814055636896,0.0,106
CRC,-47,False,0.012282356211562151,0.40922401171303074,0.5065885797950219,0.5585651537335286,0.0,106
CRC,-46,False,0.003615635297370856,0.25109809663250365,0.4992679355783309,0.5366032210834554,0.0,106
CRC,-45,False,0.0021079710533320473,0.26832844574780057,0.4963343108504399,0.5681818181818182,0.0,106
CRC,-44,False,0.0005980303252153263,0.23788546255506607,0.49706314243759175,0.5741556534508077,0.0,106
CRC,-43,False,0.009457260855243677,0.11674008810572688,0.5,0.45301027900146845,0.0,106
CRC,-42,False,0.00847957447206138,0.1626195732155997,0.4922737306843267,0.4216335540838852,0.0,106
CRC,-41,False,-0.00036634818591263496,0.002936857562408223,0.4845814977973568,0.45080763582966227,0.0,106
CRC,-40,False,-0.001876288914029356,0.17794117647058824,0.46691176470588236,0.4389705882352941,0.0,106
CRC,-39,False,-0.001876288914029356,0.19338235294117648,0.44338235294117645,0.3669117647058823,0.0,106
CRC,-38,False,-0.001876288914029356,0.2035268185157972,0.44011756061719326,0.3387215282880235,0.0,106
CRC,-37,False,-0.00036634818591263496,0.14505494505494507,0.4358974358974359,0.3457875457875458,0.0,106
CRC,-36,False,-0.003388513011335359,0.16642228739002932,0.43328445747800587,0.2932551319648094,0.0,106
CRC,-35,False,0.0030619927265531643,0.10491562729273661,0.4358033749082905,0.2611885546588408,0.0,106
CRC,-34,False,0.0015497686292471613,0.03232916972814107,0.44011756061719326,0.26671565025716387,0.0,106
CRC,-33,False,-0.0028317685455703234,0.12223858615611193,0.43593519882179677,0.0662739322533137,0.0,106
CRC,-32,False,-0.004352938449308841,0.6693667157584683,0.4108983799705449,0.1568483063328424,0.0,106
CRC,-31,False,0.001731193884438209,0.4022058823529412,0.3926470588235294,0.16323529411764706,0.0,106
CRC,-30,False,0.001731193884438209,0.005904059040590406,0.3948339483394834,0.14538745387453875,0.0,106
CRC,-29,False,0.006112731059255694,0.16112342941611235,0.37989652623798964,0.15964523281596452,0.0,106
CRC,-28,False,0.006176542524245043,0.15350553505535056,0.37047970479704795,0.11512915129151291,0.0,106
CRC,-27,False,0.00466431842693904,0.1985239852398524,0.3291512915129151,0.18523985239852397,0.0,106
CRC,-26,False,0.00466431842693904,0.01107011070110701,0.3040590405904059,0.17121771217712178,0.0,106
CRC,-25,False,0.003318196736205703,0.016188373804267846,0.2847682119205298,0.24282560706401765,0.0,106
CRC,-24,False,0.0018016407121164146,0.019174041297935103,0.2691740412979351,0.22123893805309736,0.0,106
CRC,-23,False,0.0002827812521215556,0.2274741506646972,0.28360413589364847,0.23190546528803546,0.0,106
CRC,-22,False,-0.00412307071020912,0.27958579881656803,0.2995562130177515,0.2973372781065089,0.0,106
CRC,-21,False,-0.0115819966293349,0.24260355029585798,0.26849112426035504,0.48298816568047337,0.0,106
CRC,-20,False,-0.006998336961676843,0.1513353115727003,0.26112759643916916,0.43249258160237386,0.0,106
CRC,-19,False,0.00925907852166774,0.2726597325408618,0.2919762258543834,0.4398216939078752,0.0,106
CRC,-18,False,0.00925907852166774,0.25912137006701413,0.3067758749069248,0.4117647058823529,0.0,106
CRC,-17,False,0.006433983165349266,0.17040358744394618,0.3094170403587444,0.4118086696562033,0.0,106
CRC,-16,False,0.0165342428849653,0.39314966492926284,0.30230826507818315,0.33655994043186893,0.0,106
CRC,-15,False,0.013729654723108498,0.24199553239017127,0.2680565897244974,0.3097542814594192,0.0,106
CRC,-14,False,0.00209775222145292,0.011177347242921014,0.26453055141579734,0.30029806259314457,0.0,106
CRC,-13,False,0.010751492363053172,0.29880774962742174,0.2570789865871833,0.21907600596125187,0.0,106
CRC,-12,False,0.010751492363053172,0.3241635687732342,0.2587360594795539,0.1821561338289963,0.0,106
CRC,-11,False,0.01949525837294308,0.3400297619047619,0.27232142857142855,0.12351190476190477,0.0,106
CRC,-10,False,0.02522781030937571,0.4053452115812918,0.27616926503340755,0.1514476614699332,0.0,106
CRC,-9,False,0.018015846580143657,0.23979213066072755,0.2791388270230141,0.13511507052709726,0.0,106
CRC,-8,False,0.01227106676910017,0.11934766493699037,0.2987398072646405,0.09636767976278725,0.0,106
CRC,-7,False,0.02522100595900323,0.34122871946706146,0.30495928941524797,0.04219096965210955,0.0,106
CRC,-6,False,0.028148313302260863,0.38795003673769285,0.3130051432770022,0.028655400440852314,0.0,106
CRC,-5,False,0.018193110725631234,0.26832844574780057,0.32038123167155425,0.05865102639296188,0.0,106
CRC,-4,False,0.010950280709502325,0.18215069495245062,0.3057790782735918,0.1185076810534016,0.0,106
CRC,-3,False,0.01227106676910017,0.21037253469685901,0.2724616508400292,0.11614317019722425,0.0,106
CRC,-2,False,0.007972118349447,0.21522693997071743,0.26720351390922403,0.2679355783308931,0.0,106
CRC,-1,False,0.007972118349447,0.31671554252199413,0.26832844574780057,0.2558651026392962,0.0,106
CRC,0,True,0.010950280709502325,0.313049853372434,0.27785923753665687,0.15762463343108504,0.0,106
CRC,1,True,0.005151242007805479,0.09391049156272928,0.2619222303741746,0.25311812179016874,0.0,106
CRC,2,True,0.007898387024889986,0.06309611151870873,0.2487160674981658,0.2289068231841526,0.0,106
CRC,3,True,0.0008604544901521516,0.1371973587674248,0.2663242846661775,0.18195157740278797,0.0,106
CRC,4,True,-0.006510997887179015,0.438506588579795,0.28989751098096633,0.3301610541727672,0.0,106
CRC,5,True,-0.015293354622301414,0.5065693430656935,0.3051094890510949,0.4759124087591241,0.0,106
CRC,6,True,-0.009373675602001641,0.2658412235979607,0.3219227967953387,0.24107793153678078,0.0,106
CRC,7,True,-0.0108925350619965,0.4403202328966521,0.3282387190684134,0.3129548762736536,0.0,106
CRC,8,True,-0.01170466635682843,0.4552727272727273,0.3069090909090909,0.20145454545454544,0.0,106
CRC,9,True,-0.014762772715649297,0.6144314868804664,0.29008746355685133,0.29664723032069973,0.0,106
CRC,10,True,9.985520371669221e-05,0.5266617969320672,0.2739225712198685,0.34258582907231555,0.0,106
CRC,11,True,9.985520371669221e-05,0.42178362573099415,0.26096491228070173,0.3121345029239766,0.0,106
CRC,12,True,0.001607519447755501,0.27206418672501825,0.2487235594456601,0.12107950401167031,0.0,106
CRC,13,True,0.0074491450056283215,0.4084609773887673,0.23340627279358134,0.15171407731582787,0.0,106
CRC,14,True,0.019031008420422713,0.25091441111923923,0.22092172640819313,0.053401609363569864,0.0,106
CRC,15,True,0.021987646579516462,0.136996336996337,0.23003663003663002,0.03736263736263736,0.0,106
CRC,16,True,0.08875838006920722,0.9119589141599413,0.31401320616287604,0.471019809244314,1.0,106
CRC,17,True,0.1283153833555425,0.9654665686994857,0.3504775900073475,0.6443791329904482,0.0,106
CRC,18,True,0.10337941421343844,0.9435069699192957,0.3734409391049156,0.7842993396918562,0.0,106
CRC,19,True,0.0873766342440877,0.9178283198826119,0.3954512105649303,0.8305209097578871,0.0,106
CRC,20,True,0.09258127686000728,0.9227941176470589,0.40441176470588236,0.8360294117647059,0.0,106
CRC,21,True,0.11257891341974513,0.9529065489330389,0.4117647058823529,0.8064753495217072,0.0,106
CRC,22,True,0.14111637152161605,0.9662509170946442,0.42112986060161406,0.7468818782098312,0.0,106
CRC,23,True,0.2074602348369905,0.9860703812316716,0.42595307917888564,0.8350439882697948,0.0,106
CRC,24,True,0.25842074347677557,0.9905040175310446,0.40905770635500366,0.845872899926954,0.0,106
CRC,25,True,0.2574281637012661,0.9846827133479212,0.3836615609044493,0.9613420860685631,1.0,106
CRC,26,True,0.19804766361281811,0.9715743440233237,0.39577259475218657,0.9766763848396501,1.0,106
CRC,27,True,0.19839711894716672,0.9796806966618288,0.3940493468795356,0.9738751814223512,1.0,106
CRC,28,True,0.22925872387109258,0.9876811594202899,0.4007246376811594,0.9615942028985507,0.0,106
CRC,29,True,0.2163135592790555,0.9862018881626725,0.41612200435729846,0.9709513435003632,0.0,106
CRC,30,True,0.21792594747717708,0.9825960841189267,0.4249456127628716,0.9796954314720813,0.0,106
CRC,31,True,0.21270322427231148,0.9775362318840579,0.4326086956521739,0.9789855072463768,0.0,106
CRC,32,True,0.27995910032387883,0.9876632801161103,0.46153846153846156,0.9361393323657474,1.0,106
CRC,33,True,0.3321215933373771,0.9934687953555879,0.4869375907111756,0.9615384615384616,0.0,106
CRC,34,True,0.3073686508818476,0.9912790697674418,0.4890988372093023,0.9811046511627907,0.0,106
CRC,35,True,0.3890941722834922,0.9956395348837209,0.5,0.9745639534883721,1.0,106
CRC,36,True,0.3674262550308446,0.987627365356623,0.48253275109170307,0.9614264919941776,0.0,106
CRC,37,True,0.3786479999258746,0.9847161572052402,0.4759825327510917,0.9374090247452693,0.0,106
CRC,38,True,0.3708827008966563,0.9861818181818182,0.4727272727272727,0.96,0.0,106
CRC,39,True,0.3685797316085929,0.9868900218499636,0.4741442097596504,0.9664967225054625,0.0,106
CRC,40,True,0.3652438291052321,0.982532751091703,0.4708879184861718,0.9636098981077147,0.0,106
CRC,41,True,0.39624523631516395,0.9832361516034985,0.47230320699708456,0.9511661807580175,0.0,106
CRC,42,True,0.3708827008966563,0.9744897959183674,0.4839650145772595,0.9657434402332361,0.0,106
CRC,43,True,0.376362864997252,0.9563318777292577,0.4868995633187773,0.9541484716157205,0.0,106
CRC,44,True,0.39087324513410115,0.9342105263157895,0.49488304093567254,0.9276315789473685,0.0,106
CRC,45,True,0.3775060851916262,0.9208791208791208,0.5106227106227106,0.9311355311355312,0.0,106
CRC,46,True,0.3874853254621652,0.9677182685253118,0.5121056493030081,0.9655172413793104,0.0,106
CRC,47,True,0.4432182223108928,0.9838591342626559,0.5253118121790169,0.9611151870873074,0.0,106
CRC,48,True,0.433782499870509,0.9749816041206769,0.5312729948491538,0.9610007358351729,0.0,106
CRC,49,True,0.4211019362611498,0.9845474613686535,0.5393671817512877,0.9771891096394407,0.0,106
CRC,50,True,0.4147619979317879,0.9831378299120235,0.5373900293255132,0.9780058651026393,0.0,106
CRC,51,True,0.4147619979317879,0.9816581071166545,0.5517241379310345,0.9757887013939839,0.0,106
CRC,52,True,0.43174033446620597,0.9501100513573001,0.5392516507703595,0.9325018341892883,0.0,106
CRC,53,True,0.43904881964211173,0.9019174041297935,0.5361356932153393,0.8893805309734514,0.0,106
CRC,54,True,0.4405306672829946,0.9418262150220913,0.5390279823269514,0.9263622974963182,0.0,106
CRC,55,True,0.46645411730362885,0.8014705882352942,0.5371050698016164,0.7735294117647059,0.0,106
CRC,56,True,0.46580710869600017,0.8538913362701909,0.5473220836390316,0.8193832599118943,0.0,106
CRC,57,True,0.4879120286261137,0.8835164835164835,0.5453879941434846,0.8388278388278388,0.0,106
CRC,58,True,0.5124497002597469,0.9369501466275659,0.5472527472527473,0.8680351906158358,0.0,106
CRC,59,True,0.5411430994839478,0.9604685212298683,0.5493782004389174,0.9004392386530015,0.0,106
CRC,60,True,0.5221424735788923,0.9538461538461539,0.5461200585651538,0.9135531135531135,0.0,106
CRC,61,True,0.5363996667003629,0.9406158357771262,0.5501831501831502,0.8621700879765396,0.0,106
CRC,62,True,0.5317421982216534,0.9559471365638766,0.5480557593543653,0.8891336270190896,0.0,106
CRC,63,True,0.5124497002597469,0.9361233480176211,0.5539251650770359,0.9001468428781204,0.0,106
CRC,64,True,0.5221424735788923,0.9302496328928047,0.5443873807776962,0.8612334801762115,0.0,106
CRC,65,True,0.520084598174486,0.9435483870967742,0.5447214076246334,0.8988269794721407,0.0,106
CRC,66,True,0.5137221225185052,0.9384615384615385,0.5560439560439561,0.8989010989010989,0.0,106
CRC,67,True,0.5331081244955082,0.8772961058045555,0.56208670095518,0.8067597354886114,0.0,106
CRC,68,True,0.5660492500174296,0.9412196914033799,0.5672299779573843,0.8376193975018369,0.0,106
CRC,69,True,0.5567172628880953,0.9390602055800293,0.5682819383259912,0.8795888399412628,0.0,106
CRC,70,True,0.586825723086328,0.9632352941176471,0.575735294117647,0.8808823529411764,0.0,106
CRC,71,True,0.6035623599909089,0.9683357879234168,0.572901325478645,0.8762886597938144,0.0,106
CRC,72,True,0.5933268560968822,0.9544452608376194,0.5686994856722998,0.8721528288023512,0.0,106
CRC,73,True,0.5819454606067357,0.9536423841059603,0.5592347314201619,0.8741721854304636,0.0,106
CRC,74,True,0.5651559791301858,0.9315673289183223,0.5746872700515084,0.8903605592347315,0.0,106
CRC,75,True,0.613694158921316,0.9536423841059603,0.5808823529411765,0.8381162619573216,0.0,106
CRC,76,True,0.6116759947650788,0.9567131327953045,0.5737344093910491,0.8613352898019075,0.0,106
CRC,77,True,0.5964085226342904,0.9200879765395894,0.5689149560117303,0.843108504398827,0.0,106
CRC,78,True,0.6086410910699246,0.9032967032967033,0.5663003663003663,0.8124542124542125,0.0,106
CRC,79,True,0.6005026941669535,0.8013196480938416,0.5696480938416423,0.7954545454545454,0.0,106
CRC,80,True,0.5871348858489612,0.8149779735682819,0.566079295154185,0.8502202643171806,0.0,106
CRC,81,True,0.5829855023021496,0.7026431718061674,0.5609397944199707,0.8568281938325991,0.0,106
CRC,82,True,0.5704330362310298,0.6678912564290963,0.5664952240999265,0.8890521675238795,0.0,106
CRC,83,True,0.5725360864278085,0.7931034482758621,0.5649303008070433,0.9046221570066031,0.0,106
CRC,84,True,0.5840244634345689,0.8155197657393851,0.5651537335285505,0.8872620790629575,0.0,106
CRC,85,True,0.6217263306185804,0.9152046783625731,0.5621345029239766,0.8581871345029239,0.0,106
CRC,86,True,0.6267138721296194,0.9231894659839064,0.5720555961960497,0.8566203365032918,0.0,106
CRC,87,True,0.6705164947880121,0.9479090242112986,0.5774027879677183,0.8745414526779164,0.0,106
CRC,88,True,0.6561277573359124,0.8643695014662757,0.5652492668621701,0.8621700879765396,0.0,106
CRC,89,True,0.6561277573359124,0.8845588235294117,0.5573529411764706,0.8823529411764706,0.0,106
CRC,90,True,0.6940469921982061,0.8921496698459281,0.5487894350696992,0.8283198826118855,0.0,106
CRC,91,True,0.7124806938870442,0.8994126284875184,0.5631424375917768,0.8384728340675477,0.0,106
CRC,92,True,0.679995238742556,0.8493754592211609,0.5679647318148421,0.9118295371050698,0.0,106
CRC,93,True,0.6940469921982061,0.8872620790629575,0.5607613469985359,0.9128843338213762,0.0,106
CRC,94,True,0.6847011297799687,0.8908424908424909,0.5413919413919414,0.9223443223443224,0.0,106
CRC,95,True,0.6609470437718615,0.5953250547845143,0.5113221329437546,0.9013878743608473,0.0,106
CRC,96,True,0.6415289579147597,0.45036496350364963,0.5036496350364964,0.9021897810218978,0.0,106
CRC,97,True,0.6609470437718615,0.7114682249817385,0.48940832724616506,0.8787436084733382,0.0,106
CRC,98,True,0.6512851328601245,0.551094890510949,0.48175182481751827,0.8722627737226277,0.0,106
CRC,99,True,0.6657432160353546,0.6795338674435543,0.4654042243262928,0.8514202476329206,0.0,106
CRC,100,True,0.7305807355306625,0.8765522279035792,0.47260774287801316,0.7764791818845873,0.0,106
CRC,101,True,0.7788972584196122,0.9153902261123268,0.48723559445660103,0.811816192560175,0.0,106
CRC,102,True,0.7591222533172858,0.9197665937272064,0.4777534646243618,0.8730853391684902,0.0,106
CRC,103,True,0.801397086574917,0.9459459459459459,0.4864864864864865,0.8560993425858291,0.0,106
CRC,104,True,0.8669943690607299,0.9642857142857143,0.47011661807580174,0.9096209912536443,1.0,106
CRC,105,True,0.8669943690607299,0.9585454545454546,0.4661818181818182,0.8909090909090909,0.0,106
CRC,106,False,0.8709547702768273,0.9556363636363636,0.4501818181818182,0.8654545454545455,0.0,106
CRC,107,False,0.8428968174816699,0.9099491648511256,0.42483660130718953,0.831517792302106,0.0,106
CRC,108,False,0.8521973016723731,0.9315866084425036,0.41848617176128095,0.8362445414847162,0.0,106
CRC,109,False,0.8521973016723731,0.9213973799126638,0.42212518195050946,0.8289665211062591,0.0,106
CRC,110,False,0.8441327418356427,0.8763636363636363,0.40945454545454546,0.7803636363636364,0.0,106
CRC,111,False,0.8481731513726477,0.8454281567489115,0.38171262699564584,0.7329462989840348,0.0,106
CRC,112,False,0.8195413386983205,0.8526850507982583,0.36284470246734396,0.8410740203193033,0.0,106
CRC,113,False,0.7985762102332757,0.7917271407837445,0.36574746008708275,0.8592162554426706,0.0,106
CRC,114,False,0.8070150788791403,0.8280116110304789,0.36429608127721336,0.8679245283018868,0.0,106
CRC,115,False,0.7660842207878392,0.8120464441219158,0.36937590711175616,0.9274310595065312,0.0,106
CRC,116,False,0.7878715749727466,0.8671023965141612,0.3877995642701525,0.9193899782135077,0.0,106
CRC,117,False,0.7835519138282304,0.8282608695652174,0.3963768115942029,0.908695652173913,0.0,106
CRC,118,False,0.7716244011634549,0.8390137781000725,0.4039158810732415,0.9318346627991299,0.0,106
CRC,119,False,0.7847536926052475,0.8476052249637155,0.409288824383164,0.9049346879535559,0.0,106
CRC,120,False,0.7963145150063234,0.6986899563318777,0.3813682678311499,0.7510917030567685,0.0,106
CRC,121,False,0.7875808350375689,0.1222707423580786,0.38355167394468703,0.6652110625909753,0.0,106
CRC,122,False,0.8128503560038144,0.662053896576839,0.40422432629278954,0.7625637290604516,0.0,106
CRC,123,False,0.8000570045439049,0.026928675400291122,0.4024745269286754,0.4570596797671033,0.0,106
CRC,124,False,0.7957559226445142,0.7596504005826656,0.39475600873998545,0.5739257101238164,0.0,106
CRC,125,False,0.8000570045439049,0.7410909090909091,0.3927272727272727,0.5418181818181819,0.0,106
CRC,126,False,0.791436261499998,0.8008720930232558,0.39098837209302323,0.6424418604651163,0.0,106
CRC,127,False,0.7957559226445142,0.6518895348837209,0.40625,0.5465116279069767,0.0,106
CRC,128,False,0.778364179932645,0.7851478010093728,0.414563806777217,0.6402307137707282,0.0,106
CRC,129,False,0.7806368883969524,0.7939481268011528,0.40706051873198845,0.6426512968299711,0.0,106
CRC,130,False,0.7582645906424196,0.8342939481268011,0.40634005763688763,0.6296829971181557,0.0,106
CRC,131,False,0.7260779041465178,0.9148014440433213,0.4144404332129964,0.6765342960288808,0.0,106
CRC,132,False,0.6683695865258713,0.9414316702819957,0.4287780187997108,0.7874186550976139,0.0,106
CRC,133,False,0.6702070904882059,0.9140794223826715,0.41732851985559566,0.7335740072202166,0.0,106
CRC,134,False,0.6514279006359139,0.9429190751445087,0.4356936416184971,0.880057803468208,0.0,106
CRC,135,False,0.6178027256634359,0.9313583815028902,0.4263005780346821,0.8157514450867052,0.0,106
CRC,136,False,0.6281120953222971,0.9444043321299639,0.4064981949458484,0.8108303249097473,0.0,106
CRC,137,False,0.6281120953222971,0.940708604483008,0.4135936370209689,0.8156182212581344,0.0,106
CRC,138,False,0.6322062668549601,0.9232995658465991,0.4182344428364689,0.76410998552822,0.0,106
CRC,139,False,0.6147868010817678,0.9470630891950689,0.406816533720087,0.7135605511240029,0.0,106
CRC,140,False,0.6251711103874845,0.953522149600581,0.41249092229484385,0.766158315177923,0.0,106
CRC,141,False,0.6506696871560799,0.936231884057971,0.413768115942029,0.6760869565217391,0.0,106
CRC,142,False,0.6725829145867951,0.9382716049382716,0.3972403776325345,0.6717501815541032,0.0,106
CRC,143,False,0.677496929389224,0.9238026124818578,0.397677793904209,0.6843251088534107,0.0,106
CRC,144,False,0.6676446329462126,0.9332849891225525,0.39231327048585934,0.6896301667875272,0.0,106
CRC,145,False,0.6420334616834916,0.953522149600581,0.3776325344952796,0.7276688453159041,0.0,106
GKM,-60,False,0.021542056262647158,0.22839506172839505,0.1388888888888889,0.14583333333333334,0.0,128
GKM,-59,False,0.02583954092976848,0.4182098765432099,0.1574074074074074,0.3287037037037037,0.0,128
GKM,-58,False,0.03286768230887782,0.5462249614791987,0.17411402157164868,0.5469953775038521,0.0,128
GKM,-57,False,0.046900821633144574,0.8457979953739398,0.18412942989214176,0.6198920585967618,0.0,128
GKM,-56,False,0.06530867270867913,0.7357473035439137,0.19476520400307928,0.4661016949152542,0.0,128
GKM,-55,False,0.05159137250110324,0.4853395061728395,0.20894371626831149,0.38040123456790126,0.0,128
GKM,-54,False,0.023325358616453906,0.06013878180416345,0.22342064714946072,0.1195065535851966,0.0,128
GKM,-53,False,0.01176239483678021,0.22453703703703703,0.22976098689282962,0.27546296296296297,0.0,128
GKM,-52,False,0.008280991023952744,0.2828438948995363,0.23552123552123552,0.455177743431221,0.0,128
GKM,-51,False,0.0119498175053665,0.03932151117964534,0.22496147919876733,0.42945258288357746,0.0,128
GKM,-50,False,0.004769378909770694,0.36517719568567025,0.22555812163202463,0.5500770416024653,0.0,128
GKM,-49,False,-0.009878624262231739,0.5477657935285054,0.2270977675134719,0.6371340523882897,0.0,128
GKM,-48,False,-0.003822546031360119,0.41203703703703703,0.2274479568234387,0.5524691358024691,0.0,128
GKM,-47,False,-0.0059751855008194354,0.44734819369715606,0.23059185242121444,0.4980784012298232,0.0,128
GKM,-46,False,0.02298250352184894,0.07916986933128363,0.23674096848578016,0.6794773251345119,0.0,128
GKM,-45,False,0.03721537808223152,0.3151421983089931,0.25518831667947733,0.6825518831667948,0.0,128
GKM,-44,False,0.030187236703122178,0.30268199233716475,0.25440613026819925,0.7218390804597701,0.0,128
GKM,-43,False,0.03384867210548892,0.34506503442999237,0.23794950267788828,0.6228003060443764,0.0,128
GKM,-42,False,0.040902720290364236,0.5226400613967767,0.2417498081350729,0.6369915579432079,0.0,128
GKM,-41,False,0.03384867210548892,0.49500384319754037,0.23059185242121444,0.6579554189085319,0.0,128
GKM,-40,False,0.042170495442981126,0.37835763622409824,0.22179585571757482,0.6009209516500383,0.0,128
GKM,-39,False,0.056106714087864384,0.48540706605222733,0.23271889400921658,0.5829493087557603,0.0,128
GKM,-38,False,0.06985138099197674,0.5719784449576597,0.2471131639722864,0.5642802155504234,0.0,128
GKM,-37,False,0.09768766735843282,0.6879815100154083,0.25577812018489987,0.5816640986132512,0.0,128
GKM,-36,False,0.10432524631304774,0.5839753466872111,0.261171032357473,0.49922958397534667,0.0,128
GKM,-35,False,0.09112334886261553,0.5758275596612779,0.25943033102386454,0.6173979984603541,0.0,128
GKM,-34,False,0.071047839459222,0.6004618937644342,0.24942263279445728,0.6959199384141648,0.0,128
GKM,-33,False,0.071047839459222,0.6856264411990777,0.24980784012298232,0.7286702536510377,0.0,128
GKM,-32,False,0.07774482693807516,0.7361538461538462,0.26692307692307693,0.7284615384615385,0.0,128
GKM,-31,False,0.08451565520431958,0.767816091954023,0.281992337164751,0.7065134099616859,0.0,128
GKM,-30,False,0.09112334886261553,0.8260536398467433,0.2942528735632184,0.7103448275862069,0.0,128
GKM,-29,False,0.07556028723359476,0.8139356814701378,0.2947932618683001,0.7641653905053599,0.0,128
GKM,-28,False,0.07058053657088226,0.7895944912012242,0.29456771231828616,0.7750573833205815,0.0,128
GKM,-27,False,0.03592055988249521,0.586840091813313,0.2999234889058914,0.8523335883703137,0.0,128
GKM,-26,False,0.021687685322112626,0.05198776758409786,0.29204892966360857,0.8256880733944955,0.0,128
GKM,-25,False,0.021687685322112626,0.28931297709923665,0.28015267175572517,0.8679389312977099,0.0,128
GKM,-24,False,0.0073779994714466834,0.41189931350114417,0.2654462242562929,0.8428680396643783,0.0,128
GKM,-23,False,0.0073779994714466834,0.4372623574144487,0.28365019011406845,0.844106463878327,0.0,128
GKM,-22,False,0.0073779994714466834,0.5417933130699089,0.2796352583586626,0.8837386018237082,0.0,128
GKM,-21,False,0.0004663087716030301,0.5220364741641338,0.2917933130699088,0.8624620060790273,0.0,128
GKM,-20,False,-0.005020727743120679,0.6562737642585551,0.30190114068441065,0.8250950570342205,0.0,128
GKM,-19,False,-0.019560962895198264,0.8057882711348058,0.2962680883472963,0.8194973343488196,0.0,128
GKM,-18,False,-0.011998469054206984,0.8382913806254767,0.2799389778794813,0.7742181540808543,0.0,128
GKM,-17,False,0.0058442361739787785,0.855072463768116,0.2418001525553013,0.7368421052631579,0.0,128
GKM,-16,False,0.024120962565520987,0.7847328244274809,0.22061068702290076,0.6748091603053435,0.0,128
GKM,-15,False,0.004993445398054686,0.8254573170731707,0.23246951219512196,0.7957317073170732,0.0,128
GKM,-14,False,0.004993445398054686,0.7254004576659039,0.2379862700228833,0.7505720823798627,0.0,128
GKM,-13,False,0.03398136249090411,0.5080091533180778,0.2524790236460717,0.7200610221205187,0.0,128
GKM,-12,False,0.026399018216015313,0.61995430312262,0.23686214775323686,0.7204874333587205,0.0,128
GKM,-11,False,0.029450964493180964,0.6001529051987767,0.21559633027522937,0.6070336391437309,0.0,128
GKM,-10,False,0.03579733205059121,0.6339217191097467,0.1995395241749808,0.6132003069838834,0.0,128
GKM,-9,False,0.043303063574664624,0.4279141104294479,0.21625766871165644,0.5866564417177914,0.0,128
GKM,-8,False,0.05580364352144873,0.2338957055214724,0.21549079754601227,0.5429447852760736,0.0,128
GKM,-7,False,0.053039653352679905,0.25668449197860965,0.20702826585179526,0.4766997708174179,0.0,128
GKM,-6,False,0.08933682486339378,0.7124233128834356,0.20705521472392638,0.6265337423312883,0.0,128
GKM,-5,False,0.10356969942377636,0.7963105303612605,0.21137586471944658,0.6587240584166026,0.0,128
GKM,-4,False,0.1105487905631678,0.8754803996925442,0.2328977709454266,0.7617217524980784,0.0,128
GKM,-3,False,0.08933682486339378,0.8319198149575945,0.212798766383963,0.8141865844255975,0.0,128
GKM,-2,False,0.10926761398899931,0.8808608762490392,0.202152190622598,0.6702536510376633,0.0,128
GKM,-1,False,0.10926761398899931,0.9130100076982294,0.21170130869899922,0.7682832948421863,,128
GKM,0,True,0.10926761398899931,0.9230769230769231,0.20846153846153845,0.6792307692307692,,128
GKM,1,True,0.11617715114554372,0.9452582883577486,0.2174248265227448,0.7671549730146492,0.0,128
GKM,2,True,0.10243248424143137,0.9137798306389531,0.2224788298691301,0.7598152424942263,0.0,128
GKM,3,True,0.11120829672476906,0.9093725793958172,0.2300542215336948,0.5995352439969016,0.0,128
GKM,4,True,0.11120829672476906,0.8597842835130971,0.2596302003081664,0.5608628659476117,0.0,128
GKM,5,True,0.11810551128310609,0.908179012345679,0.2337962962962963,0.6689814814814815,0.0,128
GKM,6,True,0.12097266971790266,0.8983050847457628,0.2033898305084746,0.6463790446841294,0.0,128
GKM,7,True,0.10750485397280507,0.7785493827160493,0.16512345679012347,0.6010802469135802,0.0,128
GKM,8,True,0.11420184145165824,0.8194444444444444,0.16280864197530864,0.5794753086419753,0.0,128
GKM,9,True,0.10076271429908401,0.7444187836797537,0.17551963048498845,0.5981524249422633,0.0,128
GKM,10,True,0.1844572136756789,0.9271472392638037,0.15337423312883436,0.6901840490797546,1.0,128
GKM,11,True,0.17191473280904013,0.9109746738296239,0.1350729086722947,0.693783576362241,0.0,128
GKM,12,True,0.2388726971212377,0.9631901840490797,0.1273006134969325,0.7730061349693251,1.0,128
GKM,13,True,0.2388726971212377,0.9607390300230947,0.12548113933795227,0.7636643571978445,0.0,128
GKM,14,True,0.23224699079256028,0.9233716475095786,0.10727969348659004,0.6819923371647509,0.0,128
GKM,15,True,0.20186981651151414,0.8499234303215927,0.10490045941807044,0.6684532924961715,0.0,128
GKM,16,True,0.21425693022981063,0.8780674846625767,0.11579754601226994,0.5958588957055214,0.0,128
GKM,17,True,0.307891926636079,0.9754789272030652,0.12720306513409962,0.7701149425287356,1.0,128
GKM,18,True,0.32996787833527896,0.9815809669992326,0.1435149654643131,0.8649270913277053,0.0,128
GKM,19,True,0.4183421940783122,0.9915966386554622,0.18105423987776928,0.8861726508785333,1.0,128
GKM,20,True,0.4365415953352608,0.9908116385911179,0.1807044410413476,0.8683001531393568,0.0,128
GKM,21,True,0.52832967285647,0.9946360153256705,0.18697318007662836,0.9295019157088122,1.0,128
GKM,22,True,0.507041854471226,0.9923312883435583,0.18788343558282208,0.9539877300613497,0.0,128
GKM,23,True,0.42728748701627095,0.9900459418070444,0.1807044410413476,0.9854517611026034,0.0,128
GKM,24,True,0.4795902552024528,0.9915644171779141,0.15720858895705522,0.9654907975460123,0.0,128
GKM,25,True,0.5702305677982275,0.9923430321592649,0.1546707503828484,0.9318529862174579,1.0,128
GKM,26,True,0.6549405034628125,0.9969395562356542,0.15608263198163733,0.9693955623565417,1.0,128
GKM,27,True,0.7481554508423577,1.0,0.1546707503828484,0.9892802450229708,1.0,128
GKM,28,True,0.8411255840095685,1.0,0.14427480916030536,0.9908396946564886,1.0,128
GKM,29,True,0.922676126244874,1.0,0.15255530129672007,0.992372234935164,1.0,128
GKM,30,True,1.0106838860577891,1.0,0.15942028985507245,0.9931350114416476,1.0,128
GKM,31,True,1.0009120519804098,1.0,0.16057838660578386,0.9931506849315068,0.0,128
GKM,32,True,0.9330893121512005,0.9992424242424243,0.16363636363636364,0.9954545454545455,0.0,128
GKM,33,True,0.897744143878896,0.9984848484848485,0.16818181818181818,0.996969696969697,0.0,128
GKM,34,True,0.9226519675648033,0.9984848484848485,0.1712121212121212,0.9977272727272727,0.0,128
GKM,35,True,0.9086681514409001,0.9984871406959153,0.170196671709531,0.9977307110438729,0.0,128
GKM,36,True,0.9191054960272973,0.9992447129909365,0.15861027190332327,0.9984894259818731,0.0,128
GKM,37,True,0.8602758391100462,0.9970014992503748,0.15067466266866567,0.9962518740629686,0.0,128
GKM,38,True,0.8934296844172207,0.9970014992503748,0.1401799100449775,0.9932533733133433,0.0,128
GKM,39,True,0.896153443108876,0.9954954954954955,0.11186186186186187,0.9872372372372372,0.0,128
GKM,40,True,0.907007651574389,0.9947447447447447,0.1111111111111111,0.9872372372372372,0.0,128
GKM,41,True,0.9149801586418105,0.9880059970014993,0.10644677661169415,0.9737631184407796,0.0,128
GKM,42,True,0.9154019354975793,0.9902621722846442,0.09662921348314607,0.9805243445692884,0.0,128
GKM,43,True,0.926076266578381,0.9932533733133433,0.095952023988006,0.9805097451274363,0.0,128
GKM,44,True,0.9365871036889637,0.990990990990991,0.10135135135135136,0.9767267267267268,0.0,128
GKM,45,True,0.9325160641071947,0.9819548872180451,0.10526315789473684,0.9541353383458646,0.0,128
GKM,46,True,0.9553475332798297,0.968421052631579,0.10676691729323308,0.9015037593984963,0.0,128
GKM,47,True,0.9665461900634601,0.9279819954988747,0.11027756939234809,0.7944486121530383,0.0,128
GKM,48,True,0.9849684672015434,0.8343328335832084,0.11694152923538231,0.6289355322338831,0.0,128
GKM,49,True,0.9994562770880572,0.6287425149700598,0.11002994011976049,0.39820359281437123,0.0,128
GKM,50,True,1.0030574940201786,0.11619190404797601,0.09745127436281859,0.29310344827586204,0.0,128
GKM,51,True,1.0047568004001284,0.07646176911544228,0.09145427286356822,0.2856071964017991,0.0,128
GKM,52,True,1.0153984403318925,0.6556639159789948,0.08627156789197299,0.463615903975994,0.0,128
GKM,53,True,1.1097543507690069,0.9071161048689138,0.09138576779026217,0.700374531835206,1.0,128
GKM,54,True,1.1319942737834134,0.9079341317365269,0.09880239520958084,0.6699101796407185,0.0,128
GKM,55,True,1.1382823017828656,0.9175412293853074,0.10119940029985007,0.7143928035982009,0.0,128
GKM,56,True,1.144531037428957,0.9090909090909091,0.10668670172802404,0.66190833959429,0.0,128
GKM,57,True,1.1512861170323525,0.938622754491018,0.1062874251497006,0.7567365269461078,0.0,128
GKM,58,True,1.1512861170323525,0.9168539325842696,0.10861423220973783,0.7258426966292135,0.0,128
GKM,59,True,1.1543672838257546,0.9242878560719641,0.10719640179910045,0.7413793103448276,0.0,128
GKM,60,True,1.1440506574060012,0.9043348281016442,0.10687593423019431,0.7002989536621823,0.0,128
GKM,61,True,1.130177483860923,0.8791044776119403,0.10671641791044777,0.6888059701492537,0.0,128
GKM,62,True,1.1309686908429808,0.875,0.0974702380952381,0.6272321428571429,0.0,128
GKM,63,True,1.1309686908429808,0.8614008941877794,0.10134128166915052,0.6438152011922503,,128
GKM,64,True,1.1309686908429808,0.8540580789277736,0.0967982129560685,0.5882352941176471,,128
GKM,65,True,1.1335696179504617,0.8504464285714286,0.09300595238095238,0.5379464285714286,0.0,128
GKM,66,True,1.164902639353854,0.8811292719167905,0.09658246656760773,0.5579494799405647,0.0,128
GKM,67,True,1.1675946101275836,0.8768545994065282,0.1016320474777448,0.4948071216617211,0.0,128
GKM,68,True,1.1836543234299357,0.8615840118430792,0.10362694300518134,0.44929681717246484,0.0,128
GKM,69,True,1.139177625007895,0.7562776957163959,0.09970457902511078,0.4601181683899557,0.0,128
GKM,70,True,1.1145702440344942,0.6760147601476014,0.0988929889298893,0.49372693726937267,0.0,128
GKM,71,True,1.0382415640316365,0.2792925571112749,0.10980103168754606,0.6212232866617539,1.0,128
GKM,72,True,1.041546186897549,0.22271386430678466,0.10176991150442478,0.5132743362831859,0.0,128
GKM,73,True,1.0416175014732074,0.44992636229749633,0.09204712812960236,0.540500736377025,0.0,128
GKM,74,True,1.0439215090213678,0.5066371681415929,0.07595870206489676,0.5685840707964602,0.0,128
GKM,75,True,1.0576966672397372,0.5036764705882353,0.06838235294117648,0.49779411764705883,0.0,128
GKM,76,True,1.0801504807320659,0.40719002201027144,0.06309611151870873,0.46881878209831257,0.0,128
GKM,77,True,1.1052210859816212,0.31135531135531136,0.054212454212454214,0.4380952380952381,0.0,128
GKM,78,True,1.1055343128621056,0.3443465491923642,0.049926578560939794,0.3355359765051395,0.0,128
GKM,79,True,1.1055343128621056,0.3568281938325991,0.04698972099853157,0.2342143906020558,0.0,128
GKM,80,True,1.0722301284174707,0.4838709677419355,0.04985337243401759,0.33724340175953077,0.0,128
GKM,81,True,1.0805864126445832,0.38371239911958915,0.05062362435803375,0.32575201760821715,0.0,128
GKM,82,True,1.1744322904466347,0.3568281938325991,0.07195301027900147,0.21659324522760645,1.0,128
GKM,83,True,1.2705560606626167,0.7492690058479532,0.0804093567251462,0.35964912280701755,1.0,128
GKM,84,True,1.305360923381898,0.8056975894813733,0.0854014598540146,0.4141709276844412,0.0,128
GKM,85,True,1.3000684319195348,0.8056975894813733,0.09422936449963477,0.3754565376186998,0.0,128
GKM,86,True,1.2947828778462913,0.716581446311176,0.11176040905770636,0.3126369612856099,0.0,128
GKM,87,True,1.3105910064811979,0.7406866325785245,0.10664718772826881,0.3323593864134405,0.0,128
GKM,88,True,1.3274306572894083,0.7485380116959064,0.09210526315789473,0.30628654970760233,0.0,128
GKM,89,True,1.3369686662891296,0.847953216374269,0.09576023391812866,0.4342105263157895,0.0,128
GKM,90,True,1.3211259463866811,0.8552631578947368,0.097953216374269,0.5036549707602339,0.0,128
GKM,91,True,1.3157482578562048,0.9231332357247438,0.10248901903367497,0.5797950219619327,0.0,128
GKM,92,True,1.280244245318228,0.8967789165446559,0.13250366032210834,0.6054172767203514,0.0,128
GKM,93,True,1.257779720543169,0.8909224011713031,0.1383601756954612,0.6032210834553441,0.0,128
GKM,94,True,1.2618303398527597,0.8945827232796486,0.1581259150805271,0.5629575402635432,0.0,128
GKM,95,True,1.2757815719681018,0.9025641025641026,0.17655677655677657,0.5362637362637362,0.0,128
GKM,96,True,1.2812862064681256,0.8982430453879942,0.20790629575402636,0.5527086383601757,0.0,128
GKM,97,True,1.2867968610253688,0.8777452415812591,0.22035139092240116,0.5065885797950219,0.0,128
GKM,98,True,1.264643593605286,0.8532846715328467,0.2613138686131387,0.5474452554744526,0.0,128
GKM,99,True,1.3607979229144924,0.9313868613138686,0.3,0.591970802919708,1.0,128
GKM,100,True,1.4556336286491065,0.9707602339181286,0.3296783625730994,0.8092105263157895,1.0,128
GKM,101,True,1.5315792080174722,0.9759124087591241,0.3715328467153285,0.8744525547445255,1.0,128
GKM,102,True,1.5374412601517886,0.962043795620438,0.36423357664233574,0.7525547445255475,0.0,128
GKM,103,True,1.468298048469071,0.8854850474106492,0.3690736688548505,0.7490882567469,1.0,128
GKM,104,True,1.4751924281794844,0.8548504741064916,0.3916849015317287,0.712618526622903,0.0,128
GKM,105,True,1.4820696609677564,0.8717948717948718,0.4021978021978022,0.7311355311355311,0.0,128
GKM,106,True,1.4820696609677564,0.8862802641232576,0.4181951577402788,0.7307410124724871,0.0,128
GKM,107,True,1.5001219831950625,0.8899486426999267,0.42699926632428464,0.6749816581071166,0.0,128
GKM,108,True,1.5023631448184618,0.8747236551215918,0.43109801031687545,0.6425939572586588,0.0,128
GKM,109,True,1.5250024030039013,0.8702064896755162,0.43215339233038347,0.6792035398230089,0.0,128
GKM,110,True,1.6203177987617419,0.9469417833456153,0.45025792188651437,0.8113485630066323,1.0,128
GKM,111,True,1.655272415631887,0.9571955719557196,0.45018450184501846,0.8435424354243543,0.0,128
GKM,112,True,1.6364676325765808,0.9624447717231223,0.4491899852724595,0.8733431516936672,0.0,128
GKM,113,True,1.650153785009237,0.9720998531571219,0.4368575624082232,0.906754772393539,0.0,128
GKM,114,True,1.6583452029639945,0.9743213499633162,0.44680851063829785,0.8987527512839325,0.0,128
GKM,115,True,1.658142289396075,0.9728937728937729,0.45054945054945056,0.8776556776556776,0.0,128
GKM,116,True,1.646712868042963,0.9647577092511013,0.4654919236417034,0.8436123348017621,0.0,128
GKM,117,True,1.6566070892870337,0.967032967032967,0.4673992673992674,0.8227106227106227,0.0,128
GKM,118,True,1.6861070893076124,0.9772893772893773,0.46373626373626375,0.8556776556776556,0.0,128
GKM,119,True,1.700135261610902,0.9604685212298683,0.4582723279648609,0.726207906295754,0.0,128
GKM,120,True,1.6881741826391126,0.890190336749634,0.4458272327964861,0.5102489019033675,0.0,128
GKM,121,True,1.6808713026797695,0.787125091441112,0.4286759326993416,0.31163130943672274,0.0,128
GKM,122,True,1.7043471047702283,0.8228404099560761,0.44363103953147875,0.37701317715959004,0.0,128
GKM,123,True,1.7279388855550184,0.919970631424376,0.4581497797356828,0.4544787077826725,0.0,128
GKM,124,True,1.7280025701551336,0.9169117647058823,0.4470588235294118,0.4279411764705882,0.0,128
GKM,125,True,1.7318748904856796,0.9005891016200295,0.45949926362297494,0.4027982326951399,0.0,128
GKM,126,True,1.7353559091297408,0.9006622516556292,0.47019867549668876,0.45842531272994846,0.0,128
GKM,127,True,1.7329221793130853,0.888235294117647,0.4823529411764706,0.44191176470588234,0.0,128
GKM,128,False,1.7329221793130853,0.8984547461368654,0.5018395879323032,0.5312729948491538,,128
GKM,129,False,1.7329221793130853,0.8667157584683358,0.4988962472406181,0.41973490427098675,,128
GKM,130,False,1.7170503295750132,0.5602941176470588,0.4871418074944893,0.06691176470588235,0.0,128
GKM,131,False,1.701599757862091,0.28928046989721,0.4842259721203228,0.08663729809104258,0.0,128
GKM,132,False,1.7035720939022998,0.39572586588061903,0.4889543446244477,0.09727339719970524,0.0,128
GKM,133,False,1.7172194372439227,0.39823008849557523,0.5081120943952803,0.04424778761061947,0.0,128
GKM,134,False,1.7200268981685796,0.37047970479704795,0.4996309963099631,0.12472324723247233,0.0,128
GKM,135,False,1.7219762165246293,0.43057607090103395,0.5066469719350074,0.15731166912850814,0.0,128
GKM,136,False,1.7143786243318488,0.5096011816838996,0.48227474150664695,0.2481536189069424,0.0,128
GKM,137,False,1.71633557211881,0.46159527326440175,0.49039881831610044,0.20974889217134415,0.0,128
GKM,138,False,1.7104790777801555,0.2417096536477524,0.49299926308032427,0.1584377302873987,0.0,128
GKM,139,False,1.7082358277369751,0.10029498525073746,0.4823008849557522,0.1710914454277286,0.0,128
GKM,140,False,1.7531285927793632,0.5321033210332103,0.4826568265682657,0.18450184501845018,0.0,128
GKM,141,False,1.7640268760935067,0.6590574374079529,0.5095729013254786,0.27982326951399117,0.0,128
GKM,142,False,1.7868280731230572,0.6485294117647059,0.5102941176470588,0.22794117647058823,0.0,128
GKM,143,False,1.7910972775963043,0.5377842993396919,0.5341159207630227,0.2714600146735143,0.0,128
GKM,144,False,1.7155930183046273,0.14222873900293256,0.5285923753665689,0.6129032258064516,1.0,128
GKM,145,False,1.7037499355438808,0.27891654465592974,0.5344070278184481,0.7210834553440703,0.0,128
GKM,146,False,1.7273629682184595,0.095900439238653,0.5351390922401171,0.6852122986822841,0.0,128
GKM,147,False,1.737481303650623,0.07759882869692533,0.568814055636896,0.541727672035139,0.0,128
GKM,148,False,1.7546227066747166,0.22149122807017543,0.5672514619883041,0.597953216374269,0.0,128
GKM,149,False,1.7426452685919938,0.1168736303871439,0.5514974433893353,0.6018991964937911,0.0,128
GKM,150,False,1.725175419421798,0.08978102189781022,0.5343065693430656,0.6635036496350365,0.0,128
GKM,151,False,1.6917464120097356,0.09416058394160584,0.5248175182481751,0.8102189781021898,0.0,128
GKM,152,False,1.7022949284184306,0.008029197080291971,0.5218978102189781,0.7868613138686131,0.0,128
GKM,153,False,1.7112315854237614,0.0706997084548105,0.5072886297376094,0.7725947521865889,0.0,128
GKM,154,False,1.7191017647275881,0.011653313911143482,0.5025491624180627,0.7188638018936635,0.0,128
GKM,155,False,1.7173304654137755,0.045884923525127456,0.5010924981791697,0.729060451565914,0.0,128
GKM,156,False,1.711293791987678,0.035688273852876914,0.5098324836125273,0.7640203932993445,0.0,128
GKM,157,False,1.7152240928603604,0.009482129832239242,0.5273522975929978,0.7323121808898614,0.0,128
GKM,158,False,1.7230644290392618,0.1415025528811087,0.5353756382202771,0.6994894237782641,0.0,128
GKM,159,False,1.720007918313226,0.1326530612244898,0.5451895043731778,0.5801749271137027,0.0,128
GKM,160,False,1.7316670938328864,0.22634643377001457,0.5312954876273653,0.6419213973799127,0.0,128
GKM,161,False,1.750793635712679,0.15003641660597233,0.5185724690458849,0.5819373634377276,0.0,128
GKM,162,False,1.7469874460669306,0.3890909090909091,0.5265454545454545,0.5694545454545454,0.0,128
GKM,163,False,1.7602214489796333,0.31689630166787525,0.504713560551124,0.5960841189267585,0.0,128
GKM,164,False,1.743216025256381,0.28726483357452964,0.5151953690303908,0.4081041968162084,0.0,128
GKM,165,False,1.7472076367519602,0.41329479768786126,0.505057803468208,0.37572254335260113,0.0,128
GKM,166,False,1.751468639745786,0.2559652928416486,0.48590021691973967,0.3275488069414317,0.0,128
GKM,167,False,1.7575236616353795,0.21361332367849384,0.46415640839971034,0.21288921071687184,0.0,128
GKM,168,False,1.7575236616353795,0.029753265602322207,0.4455732946298984,0.24818577648766327,0.0,128
GKM,169,False,1.758545729192632,0.1735357917570499,0.44468546637744033,0.3138105567606652,0.0,128
GKM,170,False,1.752845275550755,0.2904624277456647,0.46315028901734107,0.39739884393063585,0.0,128
GKM,171,False,1.7623295595925736,0.5603759942154736,0.4793926247288503,0.5300072306579898,0.0,128
GKM,172,False,1.7839030426884048,0.6057971014492753,0.5130434782608696,0.49130434782608695,0.0,128
GKM,173,False,1.7972497740131392,0.6163886874546773,0.5213923132704859,0.3538796229151559,0.0,128
GKM,174,False,1.8108553520859196,0.6326086956521739,0.5282608695652173,0.3094202898550725,0.0,128
GKM,175,False,1.8106135126877385,0.6451846488052136,0.5286024619840695,0.40333091962346124,0.0,128
GKM,176,False,1.8106135126877385,0.6748732802317161,0.5148443157132513,0.32512671976828383,0.0,128
GKM,177,False,1.8038562180517932,0.5847826086956521,0.505072463768116,0.3101449275362319,0.0,128
GKM,178,False,1.820416789654582,0.5399129172714079,0.4985486211901306,0.2351233671988389,0.0,128
GKM,179,False,1.8308175183265283,0.533042846768337,0.4880174291938998,0.2047930283224401,0.0,128
GKM,180,False,1.842366350090144,0.48546511627906974,0.4811046511627907,0.11627906976744186,0.0,128
PAS,-60,False,0.03059820027774718,,,,0.0,507
PAS,-59,False,-0.005349965749723129,,,,0.0,507
PAS,-58,False,-0.021130295976594216,,,,0.0,507
PAS,-57,False,-0.01316286453882709,,,,0.0,507
PAS,-56,False,-0.01316286453882709,,,,0.0,507
PAS,-55,False,-0.03706912955766084,,,,0.0,507
PAS,-54,False,-0.03706912955766084,,,,0.0,507
PAS,-53,False,-0.045230116207088944,,,,0.0,507
PAS,-52,False,-0.045230116207088944,,,,0.0,507
PAS,-51,False,-0.06992511088700537,,,,0.0,507
PAS,-50,False,-0.10379635294999101,,,,0.0,507
PAS,-49,False,-0.09070189458371214,,,,0.0,507
PAS,-48,False,-0.09542041352147757,,,,0.0,507
PAS,-47,False,-0.10998186164491863,,,,0.0,507
PAS,-46,False,-0.09250429123210657,,,,0.0,507
PAS,-45,False,-0.04163913577198186,,,,0.0,507
PAS,-44,False,-0.043139242991988236,,,,0.0,507
PAS,-43,False,-0.026711571575759208,,,,0.0,507
PAS,-42,False,-0.012749898870380583,,,,0.0,507
PAS,-41,False,-0.035346232192051796,,,,0.0,507
PAS,-40,False,0.012665988911032877,,,,0.0,507
PAS,-39,False,0.0014305880471697785,,,,0.0,507
PAS,-38,False,0.00924348683627374,,,,0.0,507
PAS,-37,False,0.06246222905068077,,,,0.0,507
PAS,-36,False,0.06990042283271214,,,,0.0,507
PAS,-35,False,0.10603415031379548,,,,0.0,507
PAS,-34,False,0.09163577667589096,,,,0.0,507
PAS,-33,False,0.09540360960181904,,,,0.0,507
PAS,-32,False,0.09540360960181904,,,,0.0,507
PAS,-31,False,0.08817850886128442,,,,0.0,507
PAS,-30,False,0.08098575519418649,,,,0.0,507
PAS,-29,False,0.08098575519418649,,,,0.0,507
PAS,-28,False,0.1096165405410906,,,,0.0,507
PAS,-27,False,0.13737010212365874,,,,0.0,507
PAS,-26,False,0.11660698802136571,,,,0.0,507
PAS,-25,False,0.15771086380592225,,,,0.0,507
PAS,-24,False,0.1096165405410906,,,,0.0,507
PAS,-23,False,0.13737010212365874,,,,0.0,507
PAS,-22,False,0.13044297011452832,,,,0.0,507
PAS,-21,False,0.1643741581653596,,,,0.0,507
PAS,-20,False,0.17107095939603323,,,,0.0,507
PAS,-19,False,0.18921786962049547,,,,0.0,507
PAS,-18,False,0.1696207006683591,,,,0.0,507
PAS,-17,False,0.16292389943768548,,,,0.0,507
PAS,-16,False,0.16609338328380752,,,,0.0,507
PAS,-15,False,0.17781601056346885,,,,0.0,507
PAS,-14,False,0.15961500629188363,,,,0.0,507
PAS,-13,False,0.16631180752255725,,,,0.0,507
PAS,-12,False,0.15005814462227762,,,,0.0,507
PAS,-11,False,0.15672143898171498,,,,0.0,507
PAS,-10,False,0.14833519882436075,,,,0.0,507
PAS,-9,False,0.1072313230398042,,,,0.0,507
PAS,-8,False,0.06004895462375559,,,,0.0,507
PAS,-7,False,0.022926978555464994,,,,0.0,507
PAS,-6,False,0.02288009869766927,,,,0.0,507
PAS,-5,False,0.05202617922090902,,,,0.0,507
PAS,-4,False,0.006814267248040129,,,,0.0,507
PAS,-3,False,-0.024411087002400467,,,,0.0,507
PAS,-2,False,-0.048510907232895195,,,,0.0,507
PAS,-1,False,-0.08994846357201369,,,,0.0,507
PAS,0,True,-0.05725937561640604,,,,0.0,507
PAS,1,True,-0.09869693195552454,,,,0.0,507
PAS,2,True,-0.1158256123593081,,,,0.0,507
PAS,3,True,-0.16336944090522187,,,,0.0,507
PAS,4,True,-0.12004839281148427,,,,0.0,507
PAS,5,True,-0.17596301424866423,,,,0.0,507
PAS,6,True,-0.0816664342464194,,,,1.0,507
PAS,7,True,-0.07337083347590923,,,,0.0,507
PAS,8,True,-0.0899337575101068,,,,0.0,507
PAS,9,True,-0.1719700036471009,,,,1.0,507
PAS,10,True,-0.16388043564330534,,,,0.0,507
PAS,11,True,-0.11799793132583491,,,,0.0,507
PAS,12,True,-0.0011602823684072616,,,,1.0,507
PAS,13,True,0.0402739466826596,,,,0.0,507
PAS,14,True,0.0178879001539769,,,,0.0,507
PAS,15,True,0.047712140464690966,,,,0.0,507
PAS,16,True,0.12930085389595813,,,,0.0,507
PAS,17,True,0.2168088103261092,,,,0.0,507
PAS,18,True,0.23511040846523712,,,,0.0,507
PAS,19,True,0.3031688567280333,,,,1.0,507
PAS,20,True,0.3031688567280333,,,,,507
PAS,21,True,0.3031688567280333,,,,,507
PAS,22,True,0.30172946825261837,,,,0.0,507
PAS,23,True,0.26600936594166336,,,,0.0,507
PAS,24,True,0.285813525219101,,,,0.0,507
PAS,25,True,0.30068106883091605,,,,0.0,507
PAS,26,True,0.3901809824033422,,,,1.0,507
PAS,27,True,0.41396265394338183,,,,0.0,507
PAS,28,True,0.3485815360799944,,,,0.0,507
PAS,29,True,0.3122113082268818,,,,0.0,507
PAS,30,True,0.33056176222505185,,,,0.0,507
PAS,31,True,0.29351781024783286,,,,0.0,507
PAS,32,True,0.32778783534232625,,,,0.0,507
PAS,33,True,0.31876771021881223,,,,0.0,507
PAS,34,True,0.2685609718976927,,,,0.0,507
PAS,35,True,0.2904193552145571,,,,0.0,507
PAS,36,True,0.2904193552145571,,,,,507
PAS,37,True,0.2904193552145571,,,,,507
PAS,38,True,0.34200328515571976,,,,0.0,507
PAS,39,True,0.3374235737547566,,,,0.0,507
PAS,40,True,0.293718303573405,,,,0.0,507
PAS,41,True,0.3335286397682735,,,,0.0,507
PAS,42,True,0.32652271140738187,,,,0.0,507
PAS,43,True,0.32020203093059263,,,,0.0,507
PAS,44,True,0.32020203093059263,,,,0.0,507
PAS,45,True,0.2814832182128939,,,,0.0,507
PAS,46,True,0.3328036916834243,,,,0.0,507
PAS,47,True,0.345248524821393,,,,0.0,507
PAS,48,True,0.345248524821393,,,,0.0,507
PAS,49,True,0.32020203093059263,,,,0.0,507
PAS,50,True,0.31390692817476684,,,,0.0,507
PAS,51,True,0.30106332229478716,,,,0.0,507
PAS,52,True,0.2749387814662192,,,,0.0,507
PAS,53,True,0.26339327008700963,,,,0.0,507
PAS,54,True,0.25965543633105903,,,,0.0,507
PAS,55,True,0.2179782552870313,,,,0.0,507
PAS,56,True,0.2179782552870313,,,,0.0,507
PAS,57,True,0.23589608859120625,,,,0.0,507
PAS,58,True,0.22198207224937505,,,,0.0,507
PAS,59,True,0.2008149437383464,,,,0.0,507
PAS,60,True,0.21028053215287956,,,,0.0,507
PAS,61,True,0.21731082021361647,,,,0.0,507
PAS,62,True,0.21028053215287956,,,,0.0,507
PAS,63,True,0.20320046900224353,,,,0.0,507
PAS,64,True,0.21299158963005826,,,,0.0,507
PAS,65,True,0.21997279758710864,,,,0.0,507
PAS,66,True,0.20596130156932135,,,,0.0,507
PAS,67,True,0.20327460519835983,,,,0.0,507
PAS,68,True,0.19142406459324102,,,,0.0,507
PAS,69,True,0.19142406459324102,,,,0.0,507
PAS,70,True,0.21941882187731032,0.5214007782101168,0.3167315175097276,0.28949416342412454,0.0,507
PAS,71,True,0.20998445873775362,0.515527950310559,0.28959627329192544,0.23990683229813664,0.0,507
PAS,72,True,0.22422246253063582,0.3201243201243201,0.28438228438228436,0.18026418026418026,0.0,507
PAS,73,True,0.21716568523098012,0.2916989914662529,0.29092319627618307,0.15128006206361522,0.0,507
PAS,74,True,0.20602799173668374,0.32945736434108525,0.2837209302325581,0.2434108527131783,0.0,507
PAS,75,True,0.23581985700137065,0.11249030256012413,0.3056633048875097,0.15593483320403415,0.0,507
PAS,76,True,0.25176306792809533,0.20341614906832298,0.29270186335403725,0.15760869565217392,0.0,507
PAS,77,True,0.25881984522775103,0.1386522075910147,0.29666924864446165,0.17428350116189,0.0,507
PAS,78,True,0.23170980899624372,0.05581395348837209,0.28294573643410853,0.14418604651162792,0.0,507
PAS,79,True,0.23894297874453674,0.22635658914728682,0.26124031007751936,0.12868217054263567,0.0,507
PAS,80,True,0.23894297874453674,0.15128006206361522,0.24747866563227308,0.10705973622963538,,507
PAS,81,True,0.23894297874453674,0.1191588785046729,0.2515576323987539,0.09579439252336448,,507
PAS,82,True,0.23113154191384533,0.12538940809968846,0.24766355140186916,0.07242990654205607,0.0,507
PAS,83,True,0.3022673586376734,0.5747663551401869,0.3014018691588785,0.18769470404984423,1.0,507
PAS,84,True,0.3162902723376475,0.5566770186335404,0.3268633540372671,0.16459627329192547,0.0,507
PAS,85,True,0.34885723574098204,0.6367851622874807,0.31916537867078826,0.21483771251931993,0.0,507
PAS,86,True,0.32940410049344404,0.6550925925925926,0.32947530864197533,0.3101851851851852,0.0,507
PAS,87,True,0.358646273287869,0.753858024691358,0.345679012345679,0.26003086419753085,0.0,507
PAS,88,True,0.33950756465206355,0.7380585516178737,0.3644067796610169,0.423728813559322,0.0,507
PAS,89,True,0.40201176850170883,0.8542791056283732,0.413713405238829,0.4302235929067078,0.0,507
PAS,90,True,0.3821802605866973,0.7727272727272727,0.4133949191685912,0.42295839753466874,0.0,507
PAS,91,True,0.38838331804662807,0.8109567901234568,0.4263685427910563,0.47685185185185186,0.0,507
PAS,92,True,0.3821802605866973,0.7710100231303006,0.43836671802773497,0.48342328450269856,0.0,507
PAS,93,True,0.4155022909141497,0.8348765432098766,0.4479568234387047,0.375,0.0,507
PAS,94,True,0.4059676376278323,0.8431221020092736,0.4517374517374517,0.4992272024729521,0.0,507
PAS,95,True,0.396365910944096,0.7902852737085582,0.4399075500770416,0.38164996144949886,0.0,507
PAS,96,True,0.3841370241906108,0.7234206471494607,0.4426481909160893,0.3613251155624037,0.0,507
PAS,97,True,0.35279542754398463,0.6140215716486903,0.44957659738260203,0.4291217257318952,0.0,507
PAS,98,True,0.3132269611830969,0.566358024691358,0.4618350038550501,0.6165123456790124,0.0,507
PAS,99,True,0.3177307195968493,0.5549577248270561,0.46272098385857036,0.42813220599538815,0.0,507
PAS,100,True,0.297627110001629,0.42736356648731744,0.4504227517294389,0.6694850115295926,0.0,507
PAS,101,True,0.27024945837443237,0.26594926979246736,0.4396617986164489,0.7063797079169869,0.0,507
PAS,102,True,0.2771822667592132,0.3478927203065134,0.4467432950191571,0.6567049808429118,0.0,507
PAS,103,True,0.26683646964307917,0.28538638102524866,0.4223412394797246,0.5753634276970161,0.0,507
PAS,104,True,0.3204987506365118,0.03683806600153492,0.4029163468917882,0.409823484267076,0.0,507
PAS,105,True,0.30072852459750354,0.3535741737125288,0.39738662567255956,0.5234435049961568,0.0,507
PAS,106,True,0.2956031362229872,0.3046815042210284,0.38910207214121256,0.4113584036838066,0.0,507
PAS,107,True,0.28881110647139496,0.5084485407066052,0.3870967741935484,0.5153609831029186,0.0,507
PAS,108,True,0.2751582929805714,0.4888375673595073,0.380292532717475,0.3117782909930716,0.0,507
PAS,109,True,0.26961261177409557,0.7334360554699538,0.3320493066255778,0.45531587057010786,0.0,507
PAS,110,True,0.26961261177409557,0.674884437596302,0.3151001540832049,0.43605546995377503,0.0,507
PAS,111,True,0.27649768706132627,0.6581986143187067,0.29946112394149343,0.4865280985373364,0.0,507
PAS,112,True,0.27649768706132627,0.613548883756736,0.2840646651270208,0.394919168591224,0.0,507
PAS,113,True,0.296803664140066,0.6587240584166026,0.24058416602613375,0.3927747886241353,0.0,507
PAS,114,True,0.28326542526491916,0.6646153846153846,0.20307692307692307,0.41,0.0,507
PAS,115,True,0.28326542526491916,0.6613026819923372,0.19540229885057472,0.45057471264367815,0.0,507
PAS,116,True,0.28326542526491916,0.6099616858237548,0.1793103448275862,0.43984674329501916,0.0,507
PAS,117,True,0.28101013483569903,0.5045941807044411,0.16539050535987748,0.43108728943338437,0.0,507
PAS,118,True,0.2827725238467076,0.2739097169089518,0.11935730680948738,0.3083397092578424,0.0,507
PAS,119,True,0.2758874485594769,0.33970925784238715,0.09640397857689365,0.3136954858454476,0.0,507
PAS,120,True,0.2827725238467076,0.14067278287461774,0.09250764525993883,0.31422018348623854,0.0,507
PAS,121,True,0.2827725238467076,0.12748091603053435,0.0916030534351145,0.24732824427480915,0.0,507
PAS,122,True,0.2758874485594769,0.03966437833714721,0.08543096872616324,0.28909229595728453,0.0,507
PAS,123,True,0.3360762455705826,0.5155893536121673,0.11863117870722434,0.19543726235741446,0.0,507
PAS,124,True,0.3229803381437877,0.022036474164133738,0.12613981762917933,0.13753799392097266,0.0,507
PAS,125,True,0.30406860427405147,0.030395136778115502,0.11626139817629179,0.13829787234042554,0.0,507
PAS,126,True,0.30733737559201546,0.09581749049429658,0.11330798479087452,0.11939163498098859,0.0,507
PAS,127,True,0.30786536580500257,0.16527037319116528,0.10891089108910891,0.14242193450114243,0.0,507
PAS,128,True,0.29404748213299103,0.17620137299771166,0.10831426392067124,0.17315026697177727,0.0,507
PAS,129,True,0.3043844558371034,0.2707856598016781,0.10602593440122045,0.19832189168573608,0.0,507
PAS,130,True,0.29563752889947437,0.15801526717557252,0.11984732824427481,0.1297709923664122,0.0,507
PAS,131,True,0.284189698406236,0.05030487804878049,0.13338414634146342,0.11051829268292683,0.0,507
PAS,132,True,0.29147556831981847,0.10602593440122045,0.15560640732265446,0.08771929824561403,0.0,507
PAS,133,True,0.2823765051695414,0.10755148741418764,0.16475972540045766,0.18840579710144928,0.0,507
PAS,134,True,0.2896096749178344,0.048743335872048744,0.18964204112718963,0.18354912414318356,0.0,507
PAS,135,True,0.29362818717214545,0.06498470948012232,0.19954128440366972,0.1834862385321101,0.0,507
PAS,136,True,0.2919946806146082,0.05832693783576362,0.2194934765924789,0.21719109746738297,0.0,507
PAS,137,True,0.2846553369596193,0.024539877300613498,0.2285276073619632,0.24539877300613497,0.0,507
PAS,138,True,0.2821796847735195,0.004601226993865031,0.23849693251533743,0.3412576687116564,0.0,507
PAS,139,True,0.27202222530650777,0.025210084033613446,0.23682200152788388,0.33689839572192515,0.0,507
PAS,140,True,0.3012742167546717,0.1303680981595092,0.2476993865030675,0.38190184049079756,0.0,507
PAS,141,True,0.2867551770927962,0.027671022290545733,0.26210607225211374,0.39738662567255956,0.0,507
PAS,142,True,0.3155122205475539,0.2982321291314374,0.3159108378170638,0.20676402767102228,0.0,507
PAS,143,True,0.32259228369818993,0.10331534309946029,0.27833461835003853,0.17733230531996916,0.0,507
PAS,144,True,0.32131110712402144,0.012298232129131437,0.27132974634896234,0.12836279784780938,0.0,507
PAS,145,True,0.32131110712402144,0.12933025404157045,0.28329484218629714,0.17859892224788299,,507
PAS,146,True,0.32131110712402144,0.12538461538461537,0.2969230769230769,0.14,,507
PAS,147,True,0.3001439786129928,0.06553585196607556,0.30300693909020815,0.1195065535851966,0.0,507
PAS,148,True,0.31428081906328453,0.18706697459584296,0.317167051578137,0.09853733641262509,0.0,507
PAS,149,True,0.3093119646425099,0.041828040278853604,0.32532920216886135,0.11618900077459333,0.0,507
PAS,150,True,0.3163422527032468,0.21417565485362094,0.3305084745762712,0.0901386748844376,0.0,507
PAS,151,True,0.3098003401090096,0.2515432098765432,0.3132716049382716,0.10725308641975309,0.0,507
PAS,152,True,0.2988663822168248,0.06317411402157165,0.2935285053929122,0.12249614791987673,0.0,507
PAS,153,True,0.2988663822168248,0.17978395061728394,0.2662037037037037,0.10725308641975309,0.0,507
PAS,154,True,0.3799994836304986,0.6203703703703703,0.3387345679012346,0.24459876543209877,1.0,507
PAS,155,True,0.386483680285597,0.6143187066974596,0.3479599692070824,0.23325635103926096,0.0,507
PAS,156,True,0.37276422381497676,0.553680981595092,0.33819018404907975,0.25920245398773006,0.0,507
PAS,157,True,0.3662377077973037,0.545663852647736,0.3430544896392939,0.2402148887183423,0.0,507
PAS,158,True,0.3662377077973037,0.5797546012269938,0.35429447852760737,0.24309815950920247,0.0,507
PAS,159,True,0.42343362299668097,0.7582755966127791,0.4018475750577367,0.31100846805234794,0.0,507
PAS,160,True,0.42841636449446596,0.7080459770114943,0.3992337164750958,0.2789272030651341,0.0,507
PAS,161,True,0.4031034458806769,0.7029096477794793,0.39356814701378257,0.2725880551301684,0.0,507
PAS,162,True,0.47123530463105723,0.8128834355828221,0.3934049079754601,0.31671779141104295,1.0,507
PAS,163,True,0.4652184766290456,0.7877394636015326,0.3938697318007663,0.3310344827586207,0.0,507
PAS,164,True,0.4408462258325162,0.7198772064466615,0.3906369915579432,0.3415195702225633,0.0,507
PAS,165,True,0.5183089875324206,0.8502673796791443,0.4094728800611154,0.42016806722689076,1.0,507
PAS,166,True,0.49081318168832777,0.7871362940275651,0.4012251148545176,0.4211332312404288,0.0,507
PAS,167,True,0.48503918427825765,0.8099616858237548,0.39157088122605366,0.48812260536398466,0.0,507
PAS,168,True,0.4756239410925788,0.7576687116564417,0.38880368098159507,0.4677914110429448,0.0,507
PAS,169,True,0.5599981275311053,0.8843797856049005,0.3981623277182236,0.5620214395099541,1.0,507
PAS,170,True,0.5382286421827999,0.8696319018404908,0.3895705521472393,0.602760736196319,0.0,507
PAS,171,True,0.5382286421827999,0.892802450229709,0.38131699846860645,0.6140888208269525,0.0,507
PAS,172,True,0.5304062525222281,0.891354246365723,0.37872991583779647,0.6602907421576129,0.0,507
PAS,173,True,0.5729331243005146,0.9333843797856048,0.4012251148545176,0.6362940275650842,0.0,507
PAS,174,True,0.5624969304108082,0.8351145038167939,0.3610687022900763,0.4717557251908397,0.0,507
PAS,175,True,0.5518957382309234,0.7841342486651411,0.35621662852784136,0.45308924485125857,0.0,507
PAS,176,True,0.5449127110201949,0.7986270022883295,0.34553775743707094,0.45156369183829137,0.0,507
PAS,177,True,0.5711543902965516,0.8439878234398782,0.3455098934550989,0.4140030441400304,0.0,507
PAS,178,True,0.5535745324991054,0.8121212121212121,0.33181818181818185,0.43257575757575756,0.0,507
PAS,179,True,0.5535745324991054,0.6916666666666667,0.271969696969697,0.32045454545454544,0.0,507
PAS,180,True,0.5270553365315233,0.5863636363636363,0.26515151515151514,0.3325757575757576,0.0,507
HCI,-60,False,0.0,,,,0.0,146
HCI,-59,False,0.0,,,,0.0,146
HCI,-58,False,0.0,,,,0.0,146
HCI,-57,False,0.0,,,,0.0,146
HCI,-56,False,0.0,,,,0.0,146
HCI,-55,False,0.0,,,,0.0,146
HCI,-54,False,0.0,,,,0.0,146
HCI,-53,False,0.0,,,,0.0,146
HCI,-52,False,0.001210303775578847,,,,0.0,146
HCI,-51,False,0.001210303775578847,,,,0.0,146
HCI,-50,False,0.32842321498399474,0.8507067137809188,0.5636042402826855,0.36484098939929327,1.0,146
HCI,-49,False,0.32842321498399474,0.8613074204946997,0.5644876325088339,0.3789752650176678,0.0,146
HCI,-48,False,0.32842321498399474,0.8488063660477454,0.5641025641025641,0.33775419982316535,0.0,146
HCI,-47,False,0.32842321498399474,0.852603706972639,0.556045895851721,0.35216240070609,0.0,146
HCI,-46,False,0.32842321498399474,0.8565101860053145,0.5544729849424269,0.38441098317094774,0.0,146
HCI,-45,False,0.32842321498399474,0.8571428571428571,0.5542328042328042,0.3853615520282187,0.0,146
HCI,-44,False,0.45904339740105926,0.9226033421284081,0.6156552330694811,0.5725593667546174,1.0,146
HCI,-43,False,0.45904339740105926,0.9268722466960353,0.6127753303964758,0.5885462555066079,0.0,146
HCI,-42,False,0.5925747900255816,0.9542656112576957,0.6499560246262093,0.7291116974494283,1.0,146
HCI,-41,False,0.5925747900255816,0.953427065026362,0.6445518453427065,0.7293497363796133,0.0,146
HCI,-40,False,0.5925747900255816,0.9548672566371681,0.6442477876106195,0.720353982300885,0.0,146
HCI,-39,False,0.5925747900255816,0.9565602836879432,0.6529255319148937,0.7296099290780141,0.0,146
HCI,-38,False,0.5925747900255816,0.9593280282935456,0.6516357206012379,0.7453580901856764,0.0,146
HCI,-37,False,0.47924610471857876,0.9274977895667551,0.6715296198054819,0.8691423519009726,1.0,146
HCI,-36,False,0.47924610471857876,0.9224669603524229,0.675330396475771,0.8572687224669604,0.0,146
HCI,-35,False,0.47924610471857876,0.9234828496042217,0.6781002638522428,0.8452066842568162,0.0,146
HCI,-34,False,0.47924610471857876,0.9285714285714286,0.6763668430335097,0.8527336860670194,0.0,146
HCI,-33,False,0.47924610471857876,0.9319787985865724,0.6780035335689046,0.8568904593639576,0.0,146
HCI,-32,False,0.47924610471857876,0.9346866725507502,0.677846425419241,0.8667255075022066,0.0,146
HCI,-31,False,0.47924610471857876,0.9293286219081273,0.6757950530035336,0.8657243816254417,0.0,146
HCI,-30,False,0.47924610471857876,0.5797872340425532,0.6529255319148937,0.6046099290780141,0.0,146
HCI,-29,False,0.47924610471857876,0.5809018567639257,0.6489832007073386,0.6047745358090185,0.0,146
HCI,-28,False,0.47924610471857876,0.5901060070671378,0.6475265017667845,0.5962897526501767,0.0,146
HCI,-27,False,0.47924610471857876,0.5957446808510638,0.6471631205673759,0.6072695035460993,0.0,146
HCI,-26,False,0.47924610471857876,0.5907883082373782,0.6465899025686448,0.6049601417183348,0.0,146
HCI,-25,False,0.47924610471857876,0.5939716312056738,0.6476063829787234,0.6099290780141844,0.0,146
HCI,-24,False,0.47924610471857876,0.15186500888099466,0.616785079928952,0.42539964476021314,0.0,146
HCI,-23,False,0.47924610471857876,0.144,0.6222222222222222,0.17422222222222222,0.0,146
HCI,-22,False,0.47924610471857876,0.4803921568627451,0.5521390374331551,0.1443850267379679,0.0,146
HCI,-21,False,0.47924610471857876,0.46743978590544155,0.5499553969669938,0.1471900089206066,0.0,146
HCI,-20,False,0.47924610471857876,0.4669051878354204,0.5469588550983899,0.1440071556350626,0.0,146
HCI,-19,False,0.47924610471857876,0.46201966041108133,0.5415549597855228,0.13404825737265416,0.0,146
HCI,-18,False,0.47924610471857876,0.46964285714285714,0.5428571428571428,0.13839285714285715,0.0,146
HCI,-17,False,0.47924610471857876,,,,0.0,146
HCI,-16,False,0.47924610471857876,,,,0.0,146
HCI,-15,False,0.47924610471857876,,,,0.0,146
HCI,-14,False,0.47924610471857876,,,,0.0,146
HCI,-13,False,0.47924610471857876,,,,0.0,146
HCI,-12,False,0.47924610471857876,,,,0.0,146
HCI,-11,False,0.47924610471857876,,,,0.0,146
HCI,-10,False,0.47924610471857876,,,,0.0,146
HCI,-9,False,0.481838273332704,,,,0.0,146
HCI,-8,False,0.481838273332704,,,,0.0,146
HCI,-7,False,-0.02898735043328693,0.9149507609668756,0.5492390331244404,0.4610564010743062,1.0,146
HCI,-6,False,-0.02898735043328693,0.921832884097035,0.5480682839173405,0.4609164420485175,0.0,146
HCI,-5,False,-0.02898735043328693,0.9210762331838565,0.5488789237668161,0.47085201793721976,0.0,146
HCI,-4,False,-0.02898735043328693,0.9191374663072777,0.5543575920934412,0.46990116801437554,0.0,146
HCI,-3,False,-0.02898735043328693,0.9171171171171171,0.5567567567567567,0.44684684684684683,0.0,146
HCI,-2,False,-0.02898735043328693,0.9117911791179117,0.5558055805580558,0.45184518451845185,0.0,146
HCI,-1,False,-0.02898735043328693,0.9141824751580849,0.556910569105691,0.48870822041553746,0.0,146
HCI,0,True,-0.02898735043328693,0.9125338142470695,0.5590622182146078,0.4932371505861136,0.0,146
HCI,1,True,0.11077459194187189,0.8494138863841298,0.6230838593327321,0.4661857529305681,1.0,146
HCI,2,True,0.24611593981163415,0.7239819004524887,0.653393665158371,0.41357466063348414,1.0,146
HCI,3,True,0.3764777576748777,0.43619909502262444,0.6737556561085973,0.32850678733031674,1.0,146
HCI,4,True,0.5113970755742481,0.19927536231884058,0.7033514492753623,0.3903985507246377,1.0,146
HCI,5,True,0.6473527118102773,0.6319129646418857,0.7366273798730735,0.5874886672710788,1.0,146
HCI,6,True,0.7745078872955238,0.7998188405797102,0.7690217391304348,0.7155797101449275,1.0,146
HCI,7,True,0.9136206897582417,0.8820326678765881,0.7776769509981851,0.8058076225045372,1.0,146
HCI,8,True,1.0528178199184415,0.9291553133514986,0.7879200726612171,0.8710263396911898,1.0,146
HCI,9,True,1.1898740663863998,0.9601449275362319,0.8084239130434783,0.927536231884058,1.0,146
HCI,10,True,1.3277065409103128,0.9738738738738739,0.8130630630630631,0.9603603603603603,1.0,146
HCI,11,True,1.4639167457448619,0.9765976597659766,0.8154815481548154,0.963096309630963,1.0,146
HCI,12,True,1.6035158349318095,0.9855855855855856,0.8234234234234235,0.9864864864864865,1.0,146
HCI,13,True,1.6002531892969933,0.9936993699369937,0.8204320432043204,0.981998199819982,0.0,146
HCI,14,True,1.441188494667306,0.9892761394101877,0.8369079535299374,0.9901697944593387,1.0,146
HCI,15,True,1.44858067241659,0.9901960784313726,0.8507130124777184,0.9919786096256684,0.0,146
HCI,16,True,1.4447565759781866,0.9911032028469751,0.8527580071174378,0.9911032028469751,0.0,146
HCI,17,True,1.2147421959837437,0.9858156028368794,0.8537234042553191,0.999113475177305,1.0,146
HCI,18,True,1.0559552570241029,0.9822695035460993,0.8537234042553191,1.0,1.0,146
HCI,19,True,1.03876285648373,0.9823477493380406,0.8464254192409533,1.0,0.0,146
HCI,20,True,1.03876285648373,0.9814651368049426,0.8459841129744042,1.0,0.0,146
HCI,21,True,0.8826835357500658,0.9602824360105914,0.8420123565754634,1.0,1.0,146
HCI,22,True,0.8826835357500658,0.9416445623342176,0.8404067197170646,1.0,0.0,146
HCI,23,True,0.8826835357500658,0.898936170212766,0.8395390070921985,0.99822695035461,0.0,146
HCI,24,True,0.8826835357500658,0.8262411347517731,0.8311170212765957,0.9955673758865248,0.0,146
HCI,25,True,0.7217531689374286,0.3091231178033658,0.8241806908768822,0.9902568644818424,1.0,146
HCI,26,True,0.7198341017824417,0.24357838795394154,0.8162090345438441,0.9822852081488043,0.0,146
HCI,27,True,0.7148522861365962,0.6195555555555555,0.8066666666666666,0.9795555555555555,0.0,146
HCI,28,True,0.7237591576807338,0.7869875222816399,0.8061497326203209,0.9688057040998217,0.0,146
HCI,29,True,0.7312363592331992,0.8533333333333334,0.7906666666666666,0.944,0.0,146
HCI,30,True,0.7489014503632134,0.8967684021543986,0.7836624775583483,0.8886894075403949,0.0,146
HCI,31,True,0.7489014503632134,0.9307553956834532,0.7837230215827338,0.8048561151079137,0.0,146
HCI,32,True,0.7489014503632134,0.9547511312217195,0.7787330316742082,0.8199095022624434,0.0,146
HCI,33,True,0.7433176175697611,0.9556159420289855,0.7803442028985508,0.8586956521739131,0.0,146
HCI,34,True,0.7433176175697611,0.9294755877034359,0.7644665461121157,0.7314647377938517,0.0,146
HCI,35,True,0.7433176175697611,0.9287003610108303,0.7260830324909747,0.7328519855595668,0.0,146
HCI,36,True,0.7433176175697611,0.9329710144927537,0.7133152173913043,0.7228260869565217,0.0,146
HCI,37,True,0.7407337321854623,0.8595859585958596,0.6971197119711972,0.5724572457245725,0.0,146
HCI,38,True,0.7407337321854623,0.7412082957619477,0.6618575293056808,0.35617673579801623,0.0,146
HCI,39,True,0.7407337321854623,0.721370604147881,0.6230838593327321,0.3065825067628494,0.0,146
HCI,40,True,0.7407337321854623,0.7272727272727273,0.6174617461746175,0.30063006300630063,0.0,146
HCI,41,True,0.7407337321854623,0.45340501792114696,0.5470430107526881,0.10483870967741936,0.0,146
HCI,42,True,0.7407337321854623,0.4495084897229669,0.5397676496872207,0.09919571045576407,0.0,146
HCI,43,True,0.7407337321854623,0.4647006255585344,0.5357462019660411,0.11796246648793565,0.0,146
HCI,44,True,0.7407337321854623,0.46380697050938335,0.5317247542448614,0.1161751563896336,0.0,146
HCI,45,True,0.7626820630072151,,,,0.0,146
HCI,46,True,0.7626820630072151,,,,0.0,146
HCI,47,True,0.7626820630072151,,,,0.0,146
HCI,48,True,0.7626820630072151,,,,0.0,146
HCI,49,True,0.767665657798468,,,,0.0,146
HCI,50,True,0.767665657798468,,,,0.0,146
HCI,51,True,0.767665657798468,,,,0.0,146
HCI,52,True,0.767665657798468,,,,0.0,146
HCI,53,True,0.767665657798468,,,,0.0,146
HCI,54,True,0.767665657798468,,,,0.0,146
HCI,55,True,0.8228943228230128,,,,0.0,146
HCI,56,True,0.8228943228230128,,,,0.0,146
HCI,57,True,0.8324960574181242,,,,0.0,146
HCI,58,True,0.8672303457071717,,,,0.0,146
HCI,59,True,0.871083915023162,,,,0.0,146
HCI,60,True,0.871083915023162,,,,0.0,146
HCI,61,True,0.871083915023162,,,,0.0,146
HCI,62,True,0.871083915023162,,,,0.0,146
HCI,63,True,0.8809467986900669,,,,0.0,146
HCI,64,True,0.8809467986900669,,,,0.0,146
HCI,65,True,0.9410029123541037,,,,0.0,146
HCI,66,True,0.9410029123541037,,,,0.0,146
HCI,67,True,0.9265667286392276,,,,0.0,146
HCI,68,True,0.9323802156541687,,,,0.0,146
HCI,69,True,0.9323802156541687,,,,0.0,146
HCI,70,True,0.9622260302285324,,,,0.0,146
HCI,71,True,0.9622260302285324,,,,0.0,146
HCI,72,True,0.9469708166802842,,,,0.0,146
HCI,73,True,0.9327505854211857,,,,0.0,146
HCI,74,True,0.9057803377594863,,,,0.0,146
HCI,75,True,0.9057803377594863,,,,0.0,146
HCI,76,True,0.9057803377594863,,,,0.0,146
HCI,77,True,0.9024575349027933,,,,0.0,146
HCI,78,True,0.9024575349027933,,,,0.0,146
HCI,79,True,0.9024575349027933,,,,0.0,146
HCI,80,True,0.9024575349027933,,,,0.0,146
HCI,81,True,0.8956595787241729,,,,0.0,146
HCI,82,True,0.8956595787241729,,,,0.0,146
HCI,83,True,0.8876373449644889,,,,0.0,146
HCI,84,True,0.8876373449644889,0.03295750216825672,0.4761491760624458,0.01821335646140503,0.0,146
HCI,85,True,0.9079697202963073,0.10207612456747404,0.4805363321799308,0.02162629757785467,0.0,146
HCI,86,True,0.9056418699890794,0.10658578856152513,0.4779029462738302,0.021663778162911613,0.0,146
HCI,87,True,0.9056418699890794,0.08138528138528138,0.4753246753246753,0.021645021645021644,0.0,146
HCI,88,True,0.9056418699890794,0.09114583333333333,0.4696180555555556,0.021701388888888888,0.0,146
HCI,89,True,0.9056418699890794,0.09453599306157849,0.4705117085862966,0.022549869904596703,0.0,146
HCI,90,True,0.9056418699890794,0.14756944444444445,0.4709201388888889,0.0234375,0.0,146
HCI,91,True,0.9056418699890794,0.1310763888888889,0.46875,0.019097222222222224,0.0,146
HCI,92,True,0.9104081616461279,0.12065972222222222,0.4683159722222222,0.026041666666666668,0.0,146
HCI,93,True,0.9104081616461279,0.06707317073170732,0.4725609756097561,0.025261324041811847,0.0,146
HCI,94,True,0.9070346325054968,0.02268760907504363,0.4712041884816754,0.014834205933682374,0.0,146
HCI,95,True,0.9070346325054968,0.019197207678883072,0.4781849912739965,0.015706806282722512,0.0,146
HCI,96,True,0.9070346325054968,0.016536118363794605,0.47389033942558745,0.018276762402088774,0.0,146
HCI,97,True,0.9034934151743138,0.01993067590987868,0.4744367417677643,0.016464471403812825,0.0,146
HCI,98,True,0.9034934151743138,0.018229166666666668,0.4756944444444444,0.015625,0.0,146
HCI,99,True,0.9034934151743138,0.020851433536055605,0.4669852302345786,0.013032145960034752,0.0,146
HCI,100,True,0.9034934151743138,0.016493055555555556,0.4587673611111111,0.012152777777777778,0.0,146
HCI,101,True,0.9034934151743138,0.041343669250646,0.4573643410852713,0.012919896640826873,0.0,146
HCI,102,True,0.9034934151743138,0.04475043029259897,0.45524956970740105,0.013769363166953529,0.0,146
HCI,103,True,0.9034934151743138,0.06060606060606061,0.4623376623376623,0.011255411255411256,0.0,146
HCI,104,True,0.9034934151743138,,,,0.0,146
HCI,105,True,0.9034934151743138,,,,0.0,146
HCI,106,True,0.9034934151743138,,,,0.0,146
HCI,107,True,0.9034934151743138,,,,0.0,146
HCI,108,True,0.9011059365859697,,,,0.0,146
HCI,109,True,0.7469552567587117,0.5012919896640827,0.45478036175710596,0.14814814814814814,1.0,146
HCI,110,True,0.7469552567587117,0.5021496130696474,0.4488392089423904,0.15133276010318142,0.0,146
HCI,111,True,0.7469552567587117,0.5102564102564102,0.44700854700854703,0.15982905982905982,0.0,146
HCI,112,True,0.7400838583018783,0.5004269854824936,0.44192997438087106,0.14517506404782238,0.0,146
HCI,113,True,0.7400838583018783,0.525149190110827,0.43861892583120204,0.1432225063938619,0.0,146
HCI,114,True,0.7400838583018783,0.5297113752122241,0.4367572156196944,0.14770797962648557,0.0,146
HCI,115,True,0.7400838583018783,0.531063829787234,0.43829787234042555,0.1548936170212766,0.0,146
HCI,116,True,0.7400838583018783,0.5242966751918159,0.4373401534526854,0.16027280477408354,0.0,146
HCI,117,True,0.7314671426469008,0.5242553191489362,0.4280851063829787,0.1548936170212766,0.0,146
HCI,118,True,0.7314671426469008,0.5378723404255319,0.4276595744680851,0.15914893617021278,0.0,146
HCI,119,True,0.7314671426469008,0.5342465753424658,0.4242294520547945,0.15154109589041095,0.0,146
HCI,120,True,0.7433952142611759,0.5595544130248501,0.4254498714652956,0.1268209083119109,0.0,146
HCI,121,True,0.7433952142611759,0.5503412969283277,0.42150170648464164,0.13054607508532423,0.0,146
HCI,122,True,0.7534077153956429,0.530161427357689,0.41716227697536107,0.10535259133389975,0.0,146
HCI,123,True,0.7437877808512174,0.5513146734520781,0.41942324003392706,0.11874469889737066,0.0,146
HCI,124,True,0.7437877808512174,0.5580016934801016,0.4242167654530059,0.12193056731583404,0.0,146
HCI,125,True,0.7437877808512174,0.5551782682512734,0.42232597623089985,0.12393887945670629,0.0,146
HCI,126,True,0.735480537869247,0.5561224489795918,0.42431972789115646,0.12585034013605442,0.0,146
HCI,127,True,0.735480537869247,0.5789473684210527,0.42317487266553483,0.14261460101867574,0.0,146
HCI,128,True,0.735480537869247,0.5859441151566469,0.4297205757832345,0.1388653683319221,0.0,146
HCI,129,True,0.8759030850843008,0.49745762711864405,0.43686440677966104,0.05847457627118644,1.0,146
HCI,130,True,1.0114485770805246,0.7514843087362172,0.5860899067005937,0.24427480916030533,1.0,146
HCI,131,True,1.1493717202860265,0.8779661016949153,0.6211864406779661,0.43389830508474575,1.0,146
HCI,132,True,1.3052071120822,0.9422259983007647,0.6321155480033984,0.6176720475785896,1.0,146
HCI,133,True,1.3052071120822,0.9415254237288135,0.6309322033898305,0.6161016949152542,0.0,146
HCI,134,True,1.4356906811983887,0.9600679694137638,0.6478334749362786,0.6830926083262532,1.0,146
HCI,135,True,1.5744409896987033,0.9712351945854484,0.6611675126903553,0.7766497461928934,1.0,146
HCI,136,True,1.714026891231932,0.9771959459459459,0.6701858108108109,0.8336148648648649,1.0,146
HCI,137,True,1.8519500344374336,0.9856175972927242,0.7060067681895094,0.8959390862944162,1.0,146
HCI,138,True,1.8519500344374336,0.9865206402695872,0.7026116259477675,0.9039595619208087,0.0,146
HCI,139,True,1.989308450485258,0.9882055602358888,0.7224094355518113,0.9258635214827295,1.0,146
HCI,140,True,1.9847098100491314,0.9881856540084388,0.719831223628692,0.9308016877637131,0.0,146
HCI,141,True,1.9847098100491314,0.9915682967959528,0.7306070826306914,0.9342327150084317,0.0,146
HCI,142,True,1.9847098100491314,0.9932432432432432,0.7331081081081081,0.9391891891891891,0.0,146
HCI,143,True,1.9847098100491314,0.9941027801179444,0.7337826453243471,0.9393428812131424,0.0,146
HCI,144,True,1.9847098100491314,0.9932773109243698,0.7382352941176471,0.9361344537815126,0.0,146
HCI,145,True,1.9847098100491314,0.992436974789916,0.7331932773109243,0.9445378151260504,0.0,146
HCI,146,False,1.9847098100491314,0.9940978077571669,0.7344013490725126,0.9435075885328836,0.0,146
HCI,147,False,1.9847098100491314,0.9923986486486487,0.737331081081081,0.9459459459459459,0.0,146
HCI,148,False,1.9847098100491314,0.9924178601516428,0.7392586352148273,0.9477674810446504,0.0,146
HCI,149,False,1.9847098100491314,0.9899413243922883,0.7363788767812238,0.9346186085498742,0.0,146
HCI,150,False,1.9847098100491314,0.9866220735785953,0.7244983277591973,0.9063545150501672,0.0,146
HCI,151,False,2.0121087842372463,0.9698744769874477,0.7133891213389121,0.8284518828451883,0.0,146
HCI,152,False,2.065956378141069,0.9598997493734336,0.706766917293233,0.758563074352548,0.0,146
HCI,153,False,2.0345005572085397,0.959866220735786,0.7102842809364549,0.7633779264214047,0.0,146
HCI,154,False,2.0540564556132326,0.9380753138075314,0.7020920502092051,0.6610878661087866,0.0,146
HCI,155,False,2.0465092499778494,0.8967254408060453,0.6935348446683459,0.5272879932829555,0.0,146
HCI,156,False,2.0465092499778494,0.7971259509721048,0.6830092983939138,0.3609467455621302,0.0,146
HCI,157,False,2.0305453838013907,0.578589634664401,0.6002548853016143,0.12914188615123195,0.0,146
HCI,158,False,2.022224885588561,0.5768903993203058,0.5981308411214953,0.12064570943075616,0.0,146
HCI,159,False,2.0165813912826014,,,,0.0,146
HCI,160,False,2.0165813912826014,,,,0.0,146
HCI,161,False,2.0165813912826014,,,,0.0,146
HCI,162,False,2.0165813912826014,,,,0.0,146
HCI,163,False,2.0165813912826014,,,,0.0,146
HCI,164,False,2.0165813912826014,,,,0.0,146
HCI,165,False,2.0129647508124124,,,,0.0,146
HCI,166,False,2.0129647508124124,,,,0.0,146
HCI,167,False,2.0129647508124124,,,,0.0,146
HCI,168,False,2.0129647508124124,,,,0.0,146
HCI,169,False,2.0129647508124124,,,,0.0,146
HCI,170,False,2.0129647508124124,,,,0.0,146
HCI,171,False,2.0093489029019898,,,,0.0,146
HCI,172,False,2.002009328503161,,,,0.0,146
HCI,173,False,2.002009328503161,,,,0.0,146
HCI,174,False,2.002009328503161,,,,0.0,146
HCI,175,False,2.002009328503161,,,,0.0,146
HCI,176,False,2.002009328503161,,,,0.0,146
HCI,177,False,2.002009328503161,,,,0.0,146
HCI,178,False,2.002009328503161,,,,0.0,146
HCI,179,False,2.002009328503161,,,,0.0,146
HCI,180,False,2.002009328503161,,,,0.0,146
